Drug_Name,Mantel_r,P_Value
 Drospirenone,0.23068889382998922,0.001
Abacavir,-0.040474762599530874,0.703
Abacavir and lamivudine,0.1015528381569028,0.085
Abatacept,-0.11791864721384471,1.0
Abemaciclib,0.01877614142461359,0.314
Abiraterone,-0.014752667208856743,0.501
Abrocitinib,-0.007833694880589045,0.44
Absorbent Cottons,0.10454772680850186,0.063
Acamprosate calcium,0.03564506771802049,0.236
Acarbose,0.11071227017421995,0.079
Acebutolol hydrochloride,0.1682825997836095,0.029
Aceclofenac,-0.08317290774880663,0.936
Acenocoumarol,0.02101262284174761,0.316
Acetazolamide,0.14121663715735336,0.014
Acetazolamide sodium,-0.08161189399639326,0.912
Acetic acid,0.055271138598515214,0.133
Acetohydroxamic acid,-0.022238268616308485,0.561
Acetyl-l-carnitine,0.10230974133773503,0.066
Acetylcholine chloride,-0.06825769771933736,0.878
Acetylcysteine,-0.08015174899597297,0.886
Aciclovir,0.0759687382283473,0.077
Acipimox,-0.009835786880985964,0.504
Acitretin,-0.011245530688127262,0.498
Aclidinium bromide,0.11963666500637578,0.053
Aclidinium bromide/formoterol,0.10205380681012897,0.084
Acne Treatment,-0.07146498728954957,0.859
Acrivastine,0.036232972982590525,0.197
Adalimumab,-0.031090663172681592,0.627
Adapalene,0.15071162545989505,0.023
Adapalene and benzoyl peroxide,0.1820462370531274,0.001
Addaven (Generic),-0.025194607475115597,0.599
Adefovir dipivoxil,-0.0597234224730384,0.803
Adhesive (Pastes/Sprays/Solutions),0.34671742432573993,0.004
Adhesive Discs/Rings/Pads/Plasters,0.5710825303975473,0.001
Adhesive Dressing Remover Ster Silicone,0.22504950200185542,0.006
Adhesive Removers (Sprays/Liquids/Wipes),0.5716732247216706,0.001
Adrenaline,0.0965407117763635,0.061
Afatinib,-0.049577251602917,0.773
Agomelatine,-0.021531389220606965,0.559
Albendazole,0.10907658741606815,0.05
Alclometasone dipropionate,0.04291622989546026,0.25
Alcohol,0.08964315865131971,0.07
Alemtuzumab,0.11941437763814969,0.052
Alendronic acid,0.12249735732408984,0.013
Alendronic acid/colecalciferol,0.05725973994048936,0.158
Alfacalcidol,0.07411688113571734,0.125
Alfentanil hydrochloride,-0.0031147928743214016,0.45
Alfuzosin hydrochloride,-0.017562102366116102,0.544
Alginic acid compound preparations,0.06803718812013844,0.112
Alimemazine tartrate,0.05549713420265867,0.165
Alirocumab,0.06030750610893832,0.151
Aliskiren,-0.009957198296498247,0.515
Alitretinoin,0.07960542970641443,0.103
Alkyl sulfate,0.24292351349626434,0.004
Alkyl sulphate,0.2061049715351701,0.006
Allopurinol,0.17961469203228697,0.001
Almotriptan,0.032381483583284985,0.25
Alogliptin,0.14475105325312576,0.007
Alogliptin/metformin,0.015725207677920707,0.343
Alprazolam,0.13015957223691202,0.035
Alprostadil,0.14240783614525881,0.021
Aluminium acetate,-0.008203068902538406,0.455
Aluminium and magnesium and activated simeticone,0.21415649301517775,0.004
Aluminium and magnesium and oxetacaine,0.01982155879979646,0.292
Aluminium chloride,0.23035574039888754,0.001
Aluminium hydroxide,-0.05664065411547996,0.793
Alverine citrate,0.07792997882814981,0.108
Alverine citrate/simeticone,0.030236261479089983,0.252
Amantadine hydrochloride,-0.052058561781776314,0.816
Ambrisentan,0.05950126093881664,0.166
Amikacin,0.014238269569178149,0.342
Amiloride hydrochloride,0.031243588308156114,0.237
Amiloride hydrochloride with loop diuretics,0.03959757316462231,0.216
Amiloride hydrochloride with thiazides,-0.09265635984444921,0.978
Aminophylline,-0.01791924725420392,0.528
Aminophylline hydrate,0.2615570284182261,0.001
Aminosalicylic acid,0.22853124735819585,0.006
Amiodarone hydrochloride,0.108494674364902,0.022
Amisulpride,0.1771840601580233,0.014
Amitriptyline hydrochloride,0.2084188662634937,0.001
Amlodipine,0.16478385184239844,0.013
Ammonium chloride/diphenhydramine hydrochloride,-0.025615601560153252,0.587
Amobarbital,-0.05177067167926084,0.782
Amobarbital sodium,0.2849697838791393,0.001
Amorolfine hydrochloride,0.24761691770332778,0.001
Amoxapine,0.0505666826389037,0.203
Amoxicillin,0.2266325393944467,0.001
Amoxicillin sodium,0.27412315495762135,0.018
Amphoteracin,0.003996860982051386,0.381
Amphotericin,-0.07679168096709929,0.892
Ampicillin,0.09599034253090623,0.086
Amylmetacresol,0.14120444506919455,0.045
Anagrelide hydrochloride,0.013153947028794716,0.381
Anakinra,-0.023284645892638102,0.549
Anal Irrigation System,0.5349142845149165,0.001
Anal Plugs,0.5576116225388986,0.001
Analgesics with anti-emetics,0.19815673426896313,0.02
Anastrozole,0.07610710037742349,0.059
Androstanalone,-0.005085072283775449,0.436
Antazoline,0.14122377593902352,0.013
Anti-D (Rh-) immunoglobulin,-0.016434963583986835,0.489
Apalutamide,0.015203265809362687,0.3
Apixaban,0.17861737483218595,0.004
Apomorphine hydrochloride,0.0776401024404359,0.074
Apomorphine hydrochloride hemihydrate,-0.03153958599180106,0.649
Apraclonidine,0.19262607955871056,0.011
Apremilast,0.022187698404013707,0.28
Aprepitant,-0.014241313961528963,0.514
Arachis oil,0.10134299122733699,0.06
Aripiprazole,0.23339070443767657,0.001
Arm Sling/Bandages,0.04308130854139773,0.218
Arnica montana,0.05597946684149768,0.154
Artemether with lumefantrine,0.13937155749640023,0.065
Artificial saliva,0.25072134084271785,0.001
Artificial saliva products,0.17902697784864963,0.025
Ascorbic acid,0.04423428833810592,0.202
Ascorbic acid (Eye),0.11941437763814969,0.052
Asenapine,-0.010386436279182622,0.502
Aspirin,0.12973613867857206,0.016
Aspirin and caffeine,-0.03345625970155663,0.616
Aspirin combined preparations,-0.08633617085047865,0.934
Atazanavir,-0.014624760768336784,0.488
Atazanavir and cobicistat,0.07399070263978322,0.101
Atenolol,0.24062424713898262,0.001
Atenolol with calcium channel blocker,0.19675896739887197,0.017
Atogepant,0.14765515842382107,0.045
Atomoxetine hydrochloride,0.041938410684392864,0.207
Atorvastatin,0.2613997875543083,0.001
Atovaquone,0.04499088412112435,0.211
Atropine sulfate,0.16466140205945679,0.005
Avanafil,0.21125366999546227,0.01
Axitinib,0.015192744725416195,0.29
Azathioprine,0.06500552086805814,0.077
Azelaic acid,0.15618615141284303,0.027
Azelastine hydrochloride,0.21065632216402846,0.001
Azilsartan medoxomil,0.051328579047021324,0.146
Azithromycin,0.09271720809909395,0.075
Aztreonam,0.005464128971585569,0.32
Bacillus calmette-guerin (B.C.G.),-0.01673010686379172,0.534
Baclofen,0.07109731751732938,0.121
Bacterial Decolonisation Products,0.03787940834050027,0.221
Bag Closures,0.3631546425815346,0.001
Bag Covers,0.5384508696023506,0.001
Baloxavir marboxil,-0.013446565513685301,0.474
Balsalazide sodium,0.0592275844257766,0.157
Bambuterol hydrochloride,-0.031233019084116288,0.608
Baricitinib,0.12289059408988738,0.056
BeclometDiprop/Formoterol/Glycopyrronium (Corticosteroids),0.3886377344410967,0.001
Beclometasone dipropionate,0.09414753575354554,0.04
Beclometasone dipropionate (Systemic),0.10165304408115067,0.08
Beclometdiprop/formoterol/glycopyrronium,0.020951756912041698,0.346
Bedaquiline,-0.07646151917312131,0.913
Belladonna alkaloids,0.1602958780051232,0.041
Belts,0.5314493347557661,0.001
Belumosudil,0.020618824748354702,0.25
Bempedoic acid,0.1538607641307378,0.043
Bempedoic acid/Ezetimibe,0.18037127673574632,0.013
Bendroflumethiazide,0.25391567340629984,0.001
Benperidol,0.1137229294470486,0.052
Benralizumab,0.03287789363902031,0.209
Benzalkonium chloride,0.06768262033409742,0.14
Benzatropine mesilate,0.1066076175654055,0.083
Benzbromarone,-0.05993063607344791,0.829
Benznidazole,-0.006880041287509897,0.431
Benzocaine,0.1772245683383312,0.03
Benzoic acid,-0.03854659362681069,0.667
Benzoin,0.057890811338706195,0.159
Benzoyl peroxide,0.21710340771742334,0.008
Benzoyl peroxide and clindamycin phosphate,0.22698671589127856,0.001
Benzydamine hydrochloride,0.23573078618420268,0.006
Benzyl benzoate,0.04555551062190221,0.168
Benzylpenicillin sodium (Penicillin G),0.11493642955190832,0.095
Betacarotene,-0.12479173484201526,0.987
Betahistine hydrochloride,0.08477261580000274,0.023
Betaine anhydrous,0.0005464178583274722,0.398
Betamethasone,0.0023643262315717448,0.382
Betamethasone esters,0.2042630334995794,0.001
Betamethasone sodium phosphate,0.04252076276402564,0.193
Betamethasone valerate,0.12697050126226966,0.036
Betamethasone/Doxycycline/Nystatin,-0.01917949685518767,0.54
Betaxolol,-0.06189097471148757,0.857
Bethanechol chloride,-0.054578080590984214,0.786
Bexarotene,-0.0006521385640116216,0.395
Bezafibrate,0.03588919673826627,0.243
Bicalutamide,0.011710311185335522,0.352
Bictegravir/emtricitabine/tenofovir alafenamide,0.05348029932096368,0.189
Bifonazole,-0.09508873371418215,0.974
Bilastine,0.1627411364119989,0.03
Bimatoprost,0.13556448089855475,0.009
Biperiden hydrochloride,0.11740481337300826,0.086
Biphasic insulin aspart,0.14137195262422805,0.016
Biphasic insulin lispro,0.1479844553353863,0.043
Biphasic isophane insulin,0.07723718695648006,0.113
Bisacodyl,0.16063270726779613,0.021
Bisoprolol fumarate,0.12826031672965874,0.035
Boric acid,0.09621518576502944,0.103
Bosentan,-0.07653849849372367,0.884
Bosutinib,0.003553390508110668,0.382
Botulinum toxin type A,-0.06259493442442203,0.806
Bowel cleansing solutions,-0.0718443632030021,0.9
Brimonidine tart (Rosacea),0.16350918551126473,0.001
Brimonidine tartrate,-0.03902334422648595,0.725
Brinzolamide,0.19904875382236772,0.001
Brinzolamide and timolol,0.022804819753937337,0.312
Brinzolamide/brimonidine,0.0895824447003445,0.088
Brivaracetam,0.17109356354657146,0.016
Brodalumab (Psoriasis),-0.013561762562380527,0.485
Bromazepam,0.05697268981447573,0.153
Bromfenac,0.045523798249834595,0.153
Bromocriptine,0.03308230538199346,0.245
Budesonide,0.1406099187191144,0.027
Bumetanide,-0.0032070584761360005,0.455
Bupivacaine hydrochloride,0.01920916898049483,0.331
Buprenorph hydrochloride/naloxone hydrochloride,-0.02088011989160097,0.589
Buprenorphine,0.03368180854498496,0.249
Buprenorphine hydrochloride,0.05279893174340457,0.161
Bupropion hydrochloride,0.06541220210546783,0.136
Buserelin,-0.03414308517212945,0.637
Buspirone hydrochloride,-0.04049752621713622,0.693
Busulfan,0.3606477494357695,0.001
Butobarbital,0.22758634070677766,0.013
C1-Esterase inhibitor,0.04021344379629765,0.219
Cabergoline,0.09918549941687055,0.08
Cabotegravir,0.00045571891768527573,0.383
Cabozantinib,0.006023317872466845,0.361
Caffeine,-0.08456507476068476,0.907
Caffeine citrate,-0.04000252498237799,0.699
Calamine,0.2584133193460167,0.002
Calcifediol,-0.014607729723176812,0.484
Calcipotriol,0.2588968970337959,0.001
Calcitonin (Salmon),-0.014210179508985656,0.498
Calcitriol,-0.04368317523993405,0.712
Calcium acetate,0.04213713400370889,0.17
Calcium acetate/magnesium carbonate,0.04476237181512949,0.175
Calcium carbonate,0.1720610486915584,0.003
Calcium chloride,0.02617302770666896,0.311
Calcium folinate,0.02957768447203754,0.25
Calcium gluconate,0.07476966311860492,0.101
Calcium lactate,-0.016388363152806614,0.542
Calcium polystyrene sulfonate,0.027360580468581468,0.227
Camellia sinensis extract,0.026502370741078318,0.248
Canagliflozin,0.05271456634686506,0.166
Canagliflozin/metformin,0.08468705235949045,0.12
Candesartan cilexetil,0.07352295932326382,0.103
Cannabidiol,-0.008760191333961461,0.451
Capecitabine,-0.0506510800037632,0.757
Capsaicin,0.24297194247679738,0.001
Capsules delisted probiotic (0913531),0.1335349831221817,0.049
Captopril,0.0576959682294667,0.159
Carbamazepine,0.2628277132182616,0.001
Carbidopa,-0.06686274705746517,0.869
Carbimazole,0.14625120971933897,0.015
Carbocisteine,0.04221803552883766,0.201
Carbomer,0.12093125309269954,0.043
Carbomer 940/980,0.17997793710704002,0.023
Carbomer 974P,0.2074901998362551,0.001
Carglumic acid,0.01077076737372266,0.346
Cariprazine,-0.03973937868861668,0.679
Carmellose sodium,0.03039924297581035,0.263
Carteolol hydrochloride,0.020618824748354702,0.25
Carvedilol,-0.0274875524912593,0.597
Caspofungin,-0.05319845558021869,0.76
Castor oil,0.016380187854156805,0.294
Catheter Maintenance Products,0.5503787018620104,0.001
Catheter Valves,0.5614488861682212,0.001
Catheters,0.6079097517155926,0.001
Cefaclor,-0.06983813345992637,0.89
Cefadroxil,-0.00853703199664508,0.471
Cefalexin,0.00735473427389774,0.432
Cefixime,0.1218823904196187,0.038
Cefotaxime sodium,0.09332112147019994,0.116
Cefradine,-0.015065298136393847,0.549
Ceftazidime pentahydrate,-0.05660199799316635,0.751
Ceftriaxone sodium,0.013065537991305597,0.339
Cefuroxime axetil,-0.010730108540897834,0.486
Cefuroxime sodium,0.10826665873472947,0.093
Celecoxib,0.0003453665821759517,0.423
Celiprolol hydrochloride,0.04986827985733083,0.21
Cellulose Wadding BP 1988,-0.026212039238446484,0.58
Cenobamate,0.18487810716492875,0.012
Certolizumab pegol,-0.034311374202813376,0.651
Cervical Collar,0.11895810558385185,0.046
Cetirizine hydrochloride,0.11013468118314652,0.011
Cetomacrogol,-0.02121271547205095,0.544
Cetrimide,0.14440283919972716,0.026
Cetrorelix,-0.012998015623304271,0.437
Cetylpyridinium chloride,0.17187578176846105,0.024
Charcoal,0.03770936383522186,0.236
Chenodeoxycholic acid,0.048383900196647074,0.174
Chiropody Appliances,0.03264436899085702,0.202
Chlohexidine gluconate (Emollient),0.06450229557551207,0.14
Chloral hydrate,0.1616708792163704,0.03
Chlorambucil,0.034183747982052835,0.237
Chloramphenicol,0.18260193929170354,0.006
Chlordiazepoxide hydrochloride,0.09092556334324883,0.087
Chlorhex hydrochloride,-0.08266623139306545,0.937
Chlorhexidine acetate,0.010195201628151514,0.355
Chlorhexidine gluconate,0.2790423966633295,0.002
Chlorhexidine hydrochloride / Lidocaine hydrochloride,-0.052932414673336946,0.797
Chloroprocaine hydrochloride,-0.026207922689589866,0.574
Chloroquine phosphate,0.008100363463705353,0.348
Chloroquine phosphate with proguanil hydrochloride,-0.024578034902132766,0.578
Chlorothiazide,0.006240706179875053,0.416
Chloroxylenol,0.07504278661232826,0.114
Chlorphenamine maleate,0.22265801411844202,0.008
Chlorpromazine hydrochloride,0.06460163756322501,0.122
Chlorpropamide,0.06142506426268939,0.105
Chlorprothixene,0.027787965837206746,0.199
Chlortalidone,0.516937652232153,0.001
Cholera,0.269485092673068,0.001
Cholesterol,0.05512768499586524,0.143
Cholesterol/simvastatin,-0.011440247768524198,0.471
Cholic acid,0.01355183136244036,0.315
Choline salicylate,0.2449854752789147,0.005
Choriogonadotropin alfa,-0.004240119723693428,0.464
Chorionic gonadotrophin,-0.008011463515982982,0.446
Ciclesonide,-0.011684157067512498,0.511
Ciclosporin,0.14233632075627722,0.004
Ciclosporin (Eye Anti Inflammatory),0.01516501115046826,0.333
Cilostazol,0.05670072103362243,0.166
Cimetidine,0.036048811459933106,0.208
Cinacalcet hydrochloride,0.27301060125881405,0.001
Cinnarizine,0.1857274068465742,0.003
Ciprofibrate,-0.024208633762459845,0.614
Ciprofloxacin,-0.008257907353466444,0.536
Ciprofloxacin/fluocinolone,-0.08524825072381682,0.916
Ciprofloxain/dexameth,0.11180852260128779,0.04
Citalopram hydrobromide,0.19217653776971122,0.001
Citalopram hydrochloride,0.026786608179663204,0.274
Cladribine (Immunomodulating),0.4876027516450744,0.001
Clarithromycin,0.023667615291140687,0.305
Clascoterone,0.23119581163730088,0.013
Clemastine fumarate,0.24216415166138916,0.001
Clindamycin hydrochloride,0.010414615146658998,0.356
Clindamycin phosphate,0.15050797415996253,0.02
Clindamycin/tretinoin,0.19477208924099407,0.015
Clobazam,0.12799153506498315,0.026
Clobetasol propionate,0.20311124883840576,0.001
Clobetasone butyrate,0.10654801742206704,0.032
Clofazimine,-0.06049522433429071,0.808
Clomethiazole,0.10621535240039491,0.074
Clomethiazole edisilate,-0.09435992665474255,0.956
Clomifene citrate,-0.06686365051500681,0.901
Clomipramine hydrochloride,0.04296758489067366,0.24
Clonazepam,-0.050262371816267415,0.796
Clonidine hydrochloride,0.08351567547777615,0.043
Clopidogrel,0.2793543186177298,0.001
Cloral betaine,-0.02820474396865778,0.6
Clotrimazole,0.18579612331548473,0.017
Clozapine,0.009262910165621238,0.323
Co-amilofruse (Amiloride hydrochloride/frusemide),0.04950716465295661,0.158
Co-amilozide (Amiloride hydrochloride/hydrochlorothiazide),0.04264829580818726,0.187
Co-amoxiclav (Amoxicillin/clavulanic acid),0.03541071060969373,0.246
Co-beneldopa (Benserazide/levodopa),0.12529656263556027,0.017
Co-careldopa (Carbidopa/levodopa),0.02810316288869274,0.272
Co-codamol (Codeine phosphate/paracetamol),0.23341443153463862,0.001
Co-codaprin (Codeine phosphate/aspirin),-0.07295177868849437,0.869
Co-cyprindiol (Cyprote acetate/ethinylestradiol),0.042454626495309254,0.194
Co-danthramer (Dantron/poloxamer 188),-0.02735229124897615,0.624
Co-danthrusate (Dantron/docusate sodium),0.2816159349600555,0.003
Co-dydramol (Dihydrocodeine/paracetamol),0.16341967608737815,0.002
Co-fluampicil(Flucloxacillin/ampicillin),0.026411595753622234,0.281
Co-flumactone (Hydroflumethiazide/spironolactone),-0.06374621502685594,0.849
Co-magaldrox (Magnesium/aluminium hydroxide),0.21828127620411747,0.017
Co-phenotrope (Diphenox hydrochloride/atropine sulfate),-0.025446633173418033,0.56
Co-proxamol (Dextropropoxyphene hydrochloride/paracetamol),0.016745101842631067,0.334
Co-simalcite (Simeticone/hydrotalcite),0.125365934278555,0.074
Co-tenidone (Atenolol/chlortalidone),0.1462612162080033,0.038
Co-triamterzide(Triamterene/hydrochlorothiazide),0.06467527544394552,0.138
Co-trimoxazole(Trimethoprim/sulfamethoxazole),0.1605811250460616,0.016
Co-zidocapt (Hydrochlorothiazide/captopril),-0.049577251602917,0.773
Coal tar,0.23103437221574288,0.002
Coal tar and corticosteroid preparations,-0.12553284999027897,0.996
Coal tar bath preparations,0.05174644835963778,0.181
Cobicistat,0.02335321952776886,0.206
Cocaine,-0.05978872239951177,0.819
Cocois,0.22389111327989938,0.002
Cod liver oil,0.1414783732462477,0.058
Codeine phosphate,0.22183995957588526,0.008
Colchicine,0.14384261849475996,0.001
Colecalciferol,0.13964678380233772,0.003
Colesevelam hydrochloride,0.10377672228042281,0.04
Colestipol hydrochloride,0.35811386116237653,0.001
Colestyramine,0.13824732864888292,0.007
Colistimethate sodium,0.13826021111641365,0.017
Colostomy Bags,0.5670558127608136,0.001
Colostomy Sets,-0.035662037048790715,0.659
Combined ethinylestradiol 20mcg,0.11207250592992608,0.029
Combined ethinylestradiol 30mcg,0.0798090607889511,0.072
Combined ethinylestradiol 35mcg,0.10835351021458892,0.052
Combined mestranol,-0.03399062329852163,0.692
Compound alginates and proprietary indigestion preparations,0.14846426932314474,0.037
Compound antispasmodic preparations,0.10224241448451114,0.069
Compound iron preparations,0.07811439095953457,0.138
Contraceptive Devices,-0.0082015630280299,0.533
Coronavirus vaccine,0.09468760762124638,0.102
Cortisone acetate,0.01242221758070572,0.393
Crotamiton,0.07058352708689129,0.149
Cyanocobalamin,0.04567110921362479,0.199
Cyclizine hydrochloride,0.08416429077162207,0.055
Cyclizine lactate,-0.08872113408999711,0.956
Cycloidal Vibration Accessories,-0.025813236960532716,0.575
Cyclopentolate hydrochloride,0.087824705019915,0.085
Cyclophosphamide,0.061060793212371026,0.153
Cycloserine,-0.07774037085423224,0.936
Cyproheptadine hydrochloride,0.07072538668798718,0.117
Cyproterone acetate,0.06339020072699082,0.137
Cytisinicline,-0.010491261464150445,0.509
Dabigatran etexilate,0.05550000628113998,0.165
Dabrafenib,-0.05254444640820977,0.808
Dalteparin sodium,0.1811593370141124,0.003
Danazol,0.15528359863227972,0.037
Dantrolene sodium,0.04792186655547912,0.178
Dapagliflozin,0.40493762845704734,0.001
Dapagliflozin/metformin,0.08794201306580389,0.099
Dapoxetine hydrochloride,0.2774461278847295,0.003
Dapsone,0.07088725028027577,0.101
Daptomycin,-0.09588442989957102,0.97
Darbepoetin alfa,-0.001155033026922943,0.405
Daridorexant,0.2714266861840281,0.001
Darifenacin hydrobromide,0.047753841828332116,0.2
Darunavir,0.07936502879352478,0.117
Darunavir/cobicistat,0.05806110663582985,0.152
Dasatinib,-0.07908894352656813,0.891
Debridement Device,0.06680589390691649,0.136
Deferasirox,0.34186408924094414,0.002
Deferiprone,-0.06331250898029858,0.818
Deflazacort,0.03327189320480804,0.187
Degarelix,0.04796018482169496,0.192
Delgocitinib,-0.0841918584504166,0.9
Demeclocycline hydrochloride,0.018056582468352612,0.307
Dengue fever,0.004717019007034554,0.36
Denosumab,0.09176296270334874,0.094
Deodorants,0.5646775940778832,0.001
Depigmenting agents,0.16230820875928365,0.014
Dequalinium chloride,0.04386979776787242,0.184
Desferrioxamine mesilate,-0.02793962812128263,0.617
Desloratadine,0.17665714976233543,0.005
Desmopressin acetate,0.03478317038727932,0.216
Desogestrel,0.17233419519404064,0.001
Detection Sensor Interstitial Fluid/Gluc,0.3845854351653106,0.001
Dev For Fungal Nail Infections,0.1816085111998025,0.023
Dexamethasone,0.08710652295344053,0.03
Dexamethasone phosphate,0.07867308793350332,0.081
Dexamethasone sodium metasulphobenzoate,0.09398401052183475,0.027
Dexamethasone sodium phosphate,-0.021423091330267555,0.552
Dexamfetamine sulfate,0.1344119905111393,0.036
Dexibuprofen,-0.007305652280527571,0.453
Dexketoprofen,0.018759679599796585,0.326
Dexpanthenol,0.19098140976477196,0.001
Dextromethorphan hydrobrom compound prepartions,0.0923926044304378,0.094
Dextromethorphan hydrobromide,0.010768894122013796,0.359
Diamorphine hydrochloride,-0.0283524546930099,0.61
Diamorphine hydrochloride (Systemic),0.08614773102487693,0.13
Diazepam,0.18196603745530382,0.003
Diazoxide,-0.03304512983374387,0.665
Dibasic potassium phosphate,-0.10630480712002043,1.0
Dibrompropamidine isetionate,0.013285875994130504,0.306
Diclofenac diethyl,0.20333949174567711,0.004
Diclofenac potassium,0.12299253059613463,0.034
Diclofenac sod,-0.039291326817927665,0.678
Diclofenac sodium,0.15115130823309153,0.007
Dicycloverine hydrochloride,0.041012996464022344,0.186
Dicycloverine hydrochloride compound preparations,0.1506423364277164,0.034
Dienogest,0.23817164454419584,0.004
Diethylamine salicylate,0.08276114208876452,0.096
Diethylstilbestrol,-0.007804352386660859,0.509
Diflucortolone valerate,0.15808435371366875,0.034
Digoxin,0.15145392104974692,0.027
Dihydrocodeine tartrate,-0.04770387238890646,0.787
Diloxanide furoate,-0.035343636123367946,0.644
Diltiazem hydrochloride,0.11658403573717747,0.012
Dimenhydrinate/cinnarizine,0.062429942577137264,0.13
Dimethyl fumar,-0.03987456726966875,0.68
Dimethyl sulfoxide,-0.07053533828292266,0.891
Dimeticone (Barrier),-0.01876261075873116,0.572
Dimeticone (Parasiticidal),0.21142194796010635,0.008
Dinoprostone,-0.006607003355641771,0.397
Diosmin/hesperidin,-0.007253519622081682,0.437
Diphenhydramine hydrochloride,0.07541347124571464,0.124
Diphenhydramine hydrochloride/pholcodine,-0.10630480712002043,1.0
Diphtheria,0.20936128452600947,0.004
Dipipanone hydrochloride,0.07461121669818933,0.095
Dipyridamole,0.10587825687738965,0.068
Dipyridamole and aspirin,0.0027363585719203214,0.391
Discharge Solidifying Agents,0.5261667671151706,0.001
Disodium edetate,-0.09966834508316501,0.97
Disopyramide,0.07965558645547871,0.089
Disopyramide phosphate,0.09200643930781402,0.109
Distigmine bromide,0.006851390795387149,0.378
Disulfiram,0.16532913919176612,0.038
Dithranol,0.28431027537203307,0.001
Docusate sodium,0.13328025828891757,0.049
Dolutegravir,-0.04293350474609778,0.683
Dolutegravir/lamivudine,-0.037464091807715656,0.693
Dolutegravir/rilpivirine,-0.010755204483742323,0.458
Domperidone,0.10725008098918606,0.042
Donepezil hydrochloride,0.1282680888467641,0.02
Doravirine,-0.01296493017591221,0.479
Doravirine/lamivudine/tenofovir disoproxil,-0.06686274705746509,0.869
Dornase alfa,-0.03474626032752046,0.693
Dorzolamide,0.0772368719146328,0.073
Dorzolamide and timolol,0.04606857828510247,0.186
Dosulepin hydrochloride,0.12764949854327978,0.019
Douches,-0.0037353475735582104,0.421
Doxazosin mesilate,0.10574069809088138,0.032
Doxepin,-0.015722575990306388,0.571
Doxepin hydrochloride,-0.010271015108146611,0.505
Doxycycline hyclate,0.18824335739975315,0.001
Doxycycline monohydrate,0.2190596592384589,0.001
Doxylamine succinate/pyridoxine hydrochloride,0.14950433733245888,0.025
Drainable Dribbling Appliances,-0.016947072887273113,0.497
Dronabinol/cannabidiol,-0.044453378497738116,0.723
Dronedarone hydrochloride,0.01829164357638751,0.31
Drospirenone,0.3098418165007072,0.001
Drospirenone and Estetrol,0.126448550384957,0.058
Dry Mouth Products,0.06225387143276742,0.137
Dulaglutide,0.0011122574422069086,0.441
Duloxetine hydrochloride,0.16220981612733879,0.016
Dutasteride,0.04224837618061233,0.178
Dydrogesterone,0.24310459401322135,0.001
Econazole nitrate,0.047318994873674095,0.206
Edoxaban,0.1584207794780355,0.005
Efavirenz,-0.06415708530908881,0.828
Efavirenz/emtricitabine/tenofovir disoproxil,0.046294848395514905,0.21
Eflornithine monohydrate chloride,0.18653562317195388,0.001
Elafibranor,0.06237279975810964,0.089
Elastic Hosiery,0.03532698132790186,0.25
Elbasvir/grazoprevir,-0.10616940550784663,0.991
Eletriptan,-0.043576186002410824,0.721
Eltrombopag,0.10235497653348041,0.089
Eluxadoline,-0.01574834881425658,0.528
Emedastine,0.07622769792325344,0.097
Emollient bath and shower preparations,0.1136418737657487,0.071
Emollients,0.30196763191489406,0.001
Empagliflozin,0.2007430441458164,0.004
Empagliflozin/linagliptin,0.10717345361097012,0.078
Empagliflozin/metformin,0.10865716852503339,0.089
Emtricitabine,0.04263205350074306,0.178
Emtricitabine and tenofovir alafenamide,-0.004978693817898825,0.45
Emtricitabine and tenofovir disoproxil,0.01041370299860255,0.356
Emulsifying wax,0.12381808183219453,0.082
Enalapril maleate,-0.015771364523719463,0.567
Enalapril maleate with diuretic,0.14072975661891815,0.034
Enoxaparin,0.09253167964561362,0.081
Enoximone,-0.046215241935146596,0.739
Entacapone,0.0572582320754316,0.149
Entecavir,0.03364583155840032,0.271
Enteral nutrition,0.19180864011830656,0.024
Enzalutamide,-0.002805082060388266,0.435
Ephedrine hydrochloride,0.04077813301746665,0.208
Epinastine hydrochloride,-0.06345976630925164,0.856
Eplerenone,0.1371204552174919,0.026
Epoetin alfa,-0.07163357159236067,0.85
Epoetin beta,0.06415550450508996,0.136
Epoetin zeta,-0.09250543350719831,0.931
Eprosartan,-0.0822127604290382,0.907
Erdosteine,-0.034388546993502835,0.612
Erectile Dysfunction Devices,0.2635832301392239,0.01
Erenumab,-0.07217962372544941,0.89
Erenumab (old),-0.0548455081013151,0.795
Ergocalciferol,0.07021542443777676,0.144
Ergometrine maleate,0.061425064262692536,0.105
Ergotamine tartrate,0.15098830198875807,0.02
Erlotinib,-0.02319965717063032,0.563
Ertapenem sodium,-0.01498997204315794,0.49
Ertugliflozin,0.026436524577750448,0.267
Erythromycin,0.07718777556255024,0.076
Erythromycin ethylsuccinate,0.06082651893247503,0.138
Erythromycin lactobionate,0.0222364632111357,0.286
Erythromycin stearate,0.1585831556479505,0.027
Escitalopram,0.03842686109186897,0.268
Eslicarbazepine acetate,0.08976570163608102,0.067
Esomeprazole,0.10506453519087153,0.025
Estradiol,0.2632047034877586,0.001
Estradiol and estriol with progestogen,0.1694534308150595,0.003
Estradiol and nomegestrol,0.12441706395059397,0.06
Estradiol valandestradiol valerate with dienogest,0.14449521654190806,0.047
Estradiol valerate,0.04835610249932074,0.181
Estradiol with progestogen,0.2543157976666392,0.001
"Estradiol, estriol and estrone",-0.08880076756736992,0.965
Estriol,0.22572089827788577,0.001
Eszopiclone,0.016855186783996598,0.311
Etamsylate,-0.10279040114952724,0.951
Etanercept,-0.021320919572095455,0.548
Ethambutol hydrochloride,0.06503437049641284,0.125
Ethinylestradiol,0.022601363469961753,0.307
Ethosuximide,-0.015843151776710973,0.584
Etidronate disodium,-0.12559477357413681,1.0
Etilefrine hydrochloride,0.0660382040509534,0.162
Etodolac,0.2641529574936543,0.002
Etomidate,-0.022477173287627755,0.551
Etonogestrel,0.09067307649010223,0.062
Etonogestrel/ethinylestradiol,0.11619541544726385,0.069
Etoposide,-0.04025604346681705,0.689
Etoricoxib,0.013435069159215891,0.378
Etravirine,-0.04102908727254353,0.691
Etynodiol diacetate,-0.12414484768616348,0.998
Everolimus,-0.020654276397219014,0.544
Evolocumab,0.0625839578005511,0.135
Exemestane,0.078620411639645,0.13
Exenatide,0.10705362611227928,0.044
Eye Products,0.17101166955848396,0.024
Ezetimibe,0.2796917812222985,0.001
Faecal Collectors,0.5795166876067368,0.001
Famciclovir,0.02219419098367438,0.292
Famotidine,0.30826696968947326,0.001
Fampridine,-0.11723472506404158,0.991
Febuxostat,-0.012133246061312282,0.526
Felbamate,-0.0585312532383476,0.777
Felbinac,0.07163821599150968,0.128
Felodipine,0.058404807051996535,0.142
Fenofibrate,-0.008204044894045488,0.529
Fenofibrate/simvastatin,0.09304022169783879,0.083
Fenoterol hydrobromide,-0.038552642973036184,0.664
Fentanyl,0.1427050887490085,0.012
Fentanyl citrate,0.02142865304600338,0.291
Fenticonazole nitrate,-0.07418296845746893,0.874
Ferric maltol,0.10182858637793629,0.079
Ferrous calcium citrate,-0.03420014128971704,0.682
Ferrous fumarate,0.15611507980712339,0.028
Ferrous gluconate,0.05190074424724527,0.173
Ferrous sulfate,0.06687632328329375,0.108
Fesoterodine fumarate,0.1920616024713605,0.001
Fexofenadine hydrochloride,0.1516892701087213,0.008
Fezolinetant,0.1872928450779573,0.007
Fidaxomicin,0.10692840091563328,0.066
Filgotinib,-0.014526102406806794,0.492
Filgrastim,-0.0846791957958052,0.915
Filters/Bridges,0.5360272455269633,0.001
Finasteride,0.1589457682892516,0.009
Finerenone,0.22670955596318831,0.006
Fingolimod,-0.0577450391734448,0.781
Flanges,0.09385555093073739,0.085
Flavoxate hydrochloride,0.1421655052693345,0.055
Flecainide acetate,0.07248926061583452,0.088
Flubiprofen,0.04705943614399859,0.202
Flucloxacillin magnesium,-0.06575421264901377,0.865
Flucloxacillin sodium,0.04648998926331456,0.194
Fluconazole,0.1438114499450523,0.014
Fludarabine phosphate,-0.016307298980614872,0.485
Fludrocortisone acetate,0.08300504128388672,0.096
Fludroxycortide,0.09735604819857167,0.048
Flumazenil,-0.04676966015107556,0.731
Flumetasone pivalate,-0.001103338926328327,0.39
Flunarizine dihydrochloride,-0.11194305757972858,0.986
Flunisolide,-0.07545284429970694,0.911
Fluocinolone acetonide,0.07664914428973772,0.096
Fluocinonide,0.00346036191353237,0.407
Fluocortolone,0.10823802338828888,0.069
Fluorescein sodium,0.11014285402948268,0.084
Fluorometholone,0.08558219861377632,0.086
Fluorouracil (Antimetabolites),0.3070619583202781,0.001
Fluorouracil (Sunscreen),0.1384906665437103,0.022
Fluoxetine hydrochloride,0.24922031901898478,0.001
Flupentixol decanoate,0.20149731355110553,0.002
Flupentixol hydrochloride,-0.06282938904944674,0.847
Fluphenazine decanoate,0.11454472649537224,0.088
Fluphenazine hydrochloride,-0.0402162085434667,0.685
Flurazepam hydrochloride,-0.05944858572533403,0.802
Flurbiprofen,0.0734530075056422,0.114
Flurbiprofen sodium,-0.09071829391076631,0.944
Flutamide,0.017089902313001306,0.302
Fluticasone furoate,0.1094682430852145,0.055
Fluticasone furoate (Inhalation),0.12720192125817348,0.034
Fluticasone furoate/vilanterol,0.23520813209343766,0.001
Fluticasone propionate (Inhalation),0.08325711280889063,0.094
Fluticasone propionate (Nasal),-0.009670519522089567,0.517
Fluticasone propionate (Topical),0.011530833808228691,0.362
Fluticasone propionate/azelastine hydrochloride (Nasal),0.16474987486872095,0.001
Fluticasone/umeclidinium/vilanterol,0.30900955591557067,0.001
Fluvastatin sodium,0.024782571834662183,0.289
Fluvoxamine maleate,-0.006112479864969011,0.522
Foam,-0.0575843360396471,0.775
Folic acid,0.09977969343605046,0.078
Follitropin alfa,-0.015556553848937532,0.523
Follitropin alfa and lutropin alfa,0.054272103194675354,0.155
Fondaparinux sodium,0.12348824797926382,0.058
Food replacer discontinued or OTC cakes (0913451),0.005493323482440027,0.324
Food replacer discontinued or OTC egg replacer (0913451),0.0916812389143205,0.114
Food replacer discontinued or OTC meat/fish (0913451),-0.057254027864802035,0.81
Food replacer discontinued or OTC milk (0913451),-0.015759503833741407,0.514
Food replacer discontinued or OTC pasta (0913451),-0.10000984406059626,0.988
Food replacer discontinued or OTC pizza bases (0913451),0.025930498598663167,0.247
Food replacer discontinued or OTC rolls/baguettes (0913451),-0.0825683471983035,0.914
Food replacer discontinued or OTC savoury biscuits (0913451),-0.09936991367137256,0.989
Food replacer discontinued or OTC spreads (0913451),-0.09459183966944029,0.979
Formaldehyde,-0.014803021745753759,0.538
Formoterol fumarate,0.11838090212906163,0.078
Formoterol/glycopyrronium/budesonide,0.14481893118523734,0.03
Fosamprenavir calcium,-0.0022780249157663746,0.416
Fosfomycin calcium,0.11984316489043714,0.062
Fosfomycin trometamol,-0.032562775416266294,0.635
Fosinopril sodium,0.06734651103785866,0.145
Fosphenytoin sodium,0.023828324726632655,0.293
Freeze sprays and gels,0.04732512797578579,0.245
Fremanezumab,-0.1412659218080715,1.0
Frovatriptan,-0.09914111827183034,0.968
Fructose,-0.0535800865146794,0.779
Fulvestrant,0.01191996762463854,0.335
Fumaric acid,-0.10630480712002043,1.0
Furosemide,0.10383658379279288,0.071
Fusidic acid,0.23044750258856567,0.001
Gabapentin,0.10529176806149837,0.042
Gabapentin (Neuropathic Pain),-0.030626504852916844,0.625
Galantamine,-0.02896295130269401,0.644
Galcanezumab,-0.019197660817881976,0.505
Gamolenic acid,0.16499036304429113,0.048
Ganciclovir,0.04969075911551141,0.179
Gauzes & Gauze Tissue,0.013839059792812077,0.348
Gel OTC glucose for diabetic hypo treatment (0913541),0.09483169717774446,0.099
Gelatin,-0.02261755205066468,0.563
Gemfibrozil,0.02608854712443533,0.281
Generic Orgran GF pasta rice & corn veg animal shapes,-0.011696887597386685,0.482
Gentamicin sulfate,0.12256376719415,0.04
Glatiramer acetate,-0.12249436459027213,0.999
Glecaprevir/pibrentasvir,0.05452804798923479,0.154
Glibenclamide,0.08630655491537861,0.107
Gliclazide,0.1272060576926539,0.048
Glimepiride,-0.0015120496391803863,0.431
Glipizide,0.18246825050854212,0.033
Glten free /wheat/free /low/protein cooking aids,0.14207426855890376,0.068
Glucagon,0.052835672720605416,0.15
Glucosamine hydrochloride (Rheumatic),0.2222491987632673,0.042
Glucosamine sulfate (Rheumatic),0.03017147341450826,0.232
Glucose,0.12362412498005396,0.051
Glucose and ketone blood testing reagents,-0.010158708195004229,0.485
Glucose blood testing reagents,0.21021294368125126,0.001
Glucose/glycerol,-0.06616321898741453,0.857
Glutaraldehyde,0.17625750646940486,0.008
Gluten free bread,0.07875841181793067,0.095
Gluten free breads,0.061068122111269586,0.137
Gluten free mixes,0.04412996406990698,0.209
Gluten free pasta,-0.021061594181423005,0.566
Gluten free pastas,-0.007670380925201824,0.486
Gluten free/low protein biscuits,-0.0676827057648418,0.876
Gluten free/low protein bread,-0.06216378790343883,0.841
Gluten free/low protein cereals,-0.06409848813451931,0.857
Gluten free/low protein cooking aids,-0.09265635984445532,0.978
Gluten free/low protein drink,-0.07846801578882,0.937
Gluten free/low protein grains/flours,-0.06496935641887114,0.859
Gluten free/low protein mixes,-0.07187128331502309,0.901
Gluten free/low protein pasta,-0.06078752448683244,0.829
Gluten free/wheat free biscuits,-0.06436816139294707,0.833
Gluten free/wheat free cereals,0.03144395813858181,0.251
Gluten free/wheat free grains/flours,0.0541760377701092,0.152
Glyc Pdr disc or non-ACBS carbohyd SfI metabol cond (091344),0.01961371938725615,0.266
Glycerol,0.14379087420870998,0.009
Glycerol phenylbutyrate,0.01049892108734242,0.336
Glyceryl trinitrate,0.05458034484074308,0.135
Glycopyrronium bromide,0.12829903069103996,0.051
Glycopyrronium/formoterol,0.22635411733918154,0.001
Golimumab,-0.0063389642364091135,0.461
Gonadorelin,-0.03939728195923989,0.647
Goserelin acetate,0.026123038785854872,0.259
Granisetron,0.040551818679483986,0.222
Granisetron hydrochloride,-0.04079472507765083,0.688
Gripe mixtures,-0.034544880204616935,0.631
Griseofulvin,0.13897184506583743,0.063
Guaifenesin,0.10576340465571077,0.064
Guanfacine,0.023261824614678676,0.291
Guanfacine hydrochloride,0.01567308289243692,0.307
Guselkumab,0.11941437763814969,0.052
Haem arginate,-0.0030305264894472245,0.405
Haemophilus influenzae B/meningococcal C,0.4276823766174145,0.001
Halogenated phenols with phenol,-0.06338147007039764,0.819
Haloperidol,0.138500750256828,0.012
Haloperidol decanoate,0.08808473273300067,0.107
Hamamalis,0.042266610008927584,0.221
Hamamelis,0.11513073295705543,0.039
Helicobacter pylori eradication therapy,0.08522780765065714,0.12
Heparin calcium,0.0006472639682278306,0.393
Heparin flushes,-0.044666655774013374,0.779
Heparin sodium,-0.06633636869752009,0.871
Heparinoid,0.18720439477972156,0.009
Hepatitis A,0.3256523392408965,0.001
Hepatitis A/hepatitis B,0.1330081403760812,0.045
Hepatitis A/typhoid vaccine,0.0838879239853985,0.1
Hepatitis B,0.1648565510625818,0.007
Hepatitis B immunoglobulin,-0.022477173287627755,0.551
Hernia Support Garments,0.05389282901341008,0.146
Hexetidine,0.14469509358818902,0.015
Hexylresorcinol,0.05707833803084528,0.152
Hexylresorcinol and benzalkonium chloride,-0.020764312339396195,0.563
Homatropine hydrobromide,-0.04209610365711687,0.694
House dust mites allergen extract,0.16473234800674538,0.033
"Human papillomavirus (Type 16,18)",-0.04905837680858376,0.76
"Human papillomavirus (Type 6,11,16,18)",0.05558693361020616,0.172
"Humpapvirus(Type 6,11,16,18,31,33,45,52,58)",0.12612368155321133,0.027
Hyaluronic acid sodium,-0.005955608353832612,0.429
Hyaluronidase,-0.04124785863754903,0.711
Hydralazine hydrochloride,0.006220157555291335,0.39
Hydrochlorothiazide,0.18374972682795015,0.002
Hydrocort sodiumphos,0.03858876079804458,0.212
Hydrocortisone,0.19679081615969823,0.012
Hydrocortisone (Sodium succinate),0.35614772771023706,0.001
Hydrocortisone acetate,0.20641710879974678,0.001
Hydrocortisone butyrate,0.47655360421213366,0.001
Hydrocortisone sodium phosphate,0.11595372202973017,0.017
Hydrocortisone sodium succinate,0.14624939676975968,0.014
Hydrogen peroxide,0.2194688339593982,0.025
Hydromorphone hydrochloride,0.03040088451994217,0.258
Hydroxocobalamin,0.13320705920931672,0.019
Hydroxycarbamide,0.15280665180240663,0.009
Hydroxychloroquine sulfate,0.10065166507587021,0.061
Hydroxyzine hydrochloride,0.013124540520540389,0.375
Hyetellose,0.09636244159376345,0.076
Hyoscine,0.33704814198679184,0.001
Hyoscine butylbromide,0.21274166254805738,0.001
Hyoscine hydrobromide,0.060016796537039986,0.139
Hypromellose,0.4234457475493497,0.001
INR blood testing reagents,0.0803185919938359,0.111
Ibandronic acid,0.10798097908671868,0.046
Ibrutinib,-0.0787119393236176,0.89
Ibuprofen,0.2156210916088302,0.001
Ibuprofen lysine,-0.030234445081752204,0.621
Ibuprofen sodium dihydrate,0.07031350586141652,0.153
Ichthammol,0.0035674392422580963,0.414
Icosapent,-0.029195092302530035,0.605
Idebenone,-0.06232819189045166,0.803
Ileostomy Bags,0.5708582997477962,0.001
Iloprost,-0.02042770372187398,0.54
Imatinib mesilate,-0.08737395358528655,0.949
Imidapril hydrochloride,0.0360409927161143,0.248
Imipramine hydrochloride,0.10424731673559998,0.074
Imiquimod,0.012447858422627666,0.362
Inclisiran,0.13517228559210442,0.052
Incontinence Belts,-0.015553623777062948,0.495
Incontinence Sheath Fixing Strips & Adh,0.3422854876768638,0.001
Incontinence Sheaths,0.5634135313876926,0.001
Indacaterol maleate,0.07586206533264064,0.116
Indacaterol/glycopyrronium,0.10421906704556046,0.075
Indacaterol/mometasone,0.167459822167343,0.036
Indapamide,0.13336499834869436,0.041
Indometacin,0.022434929513647194,0.34
Indoramin,0.14272960106108598,0.043
Indwelling Pleural Cath Drain System,0.10676665669261148,0.068
Infliximab,0.006538162755684264,0.348
Influenza,0.17671041208237942,0.001
Ingenol mebutate,0.00022573722615422756,0.409
Inhalation Solutions,0.03649685206345657,0.213
Inosine pranobex,0.030899065707659473,0.274
Ins degludec/liraglutide,0.05071880790329455,0.189
Insert For Female Stress Incont,0.10361595502790187,0.057
Insulin Lispro,-0.004862794766021094,0.514
Insulin aspart,0.08948221764472394,0.05
Insulin degludec,-0.05449269838384523,0.838
Insulin detemir,0.012062989945513232,0.407
Insulin glargine,0.11421792412346765,0.03
Insulin glargine/lixisenatide,-0.03712198674105892,0.668
Insulin glulisine,0.06533777497563734,0.161
Insulin human,0.07147877081243473,0.128
Interferon alpha,0.033866835078673295,0.229
Interferon beta,-0.1160334698030936,0.993
Intravenous nutrition supplements,-0.027567634739803275,0.61
Iodine,-0.02430743011794505,0.575
Iodine compounds,0.04781268677344761,0.19
Ipratropium bromide,0.23209211478748878,0.004
Irbesartan,0.0669366091886531,0.117
Irbesartan with diuretic,0.14413486433240094,0.036
Iron and folic acid,0.06246862397818968,0.152
Iron carboxymaltose,0.019896237003233893,0.309
Iron dextran,0.017162790352728285,0.342
Iron sucrose,-0.08983806657458246,0.969
Irrigation Solutions,0.06414662637208754,0.155
Irrigation Washout Appliances,0.5773401930560683,0.001
Isavuconazole,0.03709056423178165,0.226
Isocarboxazid,0.03799607858418492,0.216
Isometheptene mucate,0.0897243185657726,0.076
Isoniazid,0.06137714653730087,0.147
Isophane insulin,-0.03655189512525662,0.696
Isoprenaline hydrochloride,0.017238131160387044,0.297
Isopropyl alcohol,-0.014005065518800243,0.486
Isosorbide dinitrate,0.1280029257704166,0.061
Isosorbide mononitrate,0.034401173007854086,0.258
Isotretinoin,0.009182637412060329,0.373
Ispaghula husk,0.05758176269637276,0.135
Isradipine,-0.022477173287627755,0.551
Itraconazole,0.05553501684877333,0.159
Ivabradine,0.1844484310214643,0.019
Ivacaftor,-0.08562872112895223,0.922
Ivermectin,0.2400325914463588,0.001
Ixekizumab,0.0072490677332581735,0.36
"Japanese encephalitis vaccine (Inactivated,adsorbed)",0.011311873247062915,0.354
Jaw Rehabilitation Device,0.07719138766448846,0.106
Kaolin heavy,0.0015063160786471146,0.367
Kaolin light,0.022759983623861953,0.291
Ketamine,0.038736467837767394,0.212
Ketamine hydrochloride,0.02927967552019783,0.266
Ketoconazole,0.2260262594038354,0.001
Ketone blood testing reagents,0.18114799034717585,0.004
Ketoprofen,0.4515509052248111,0.001
Ketorolac trometamol,0.04290754777121728,0.199
Ketotifen fumarate,0.1613922435508739,0.018
L-Alanyl-l-gutamine,0.04387183613509894,0.205
L-Ornithine-L-Aspartate,-0.03924590616150321,0.65
Labetalol hydrochloride,0.211778846240018,0.008
Lacidipine,0.046723330090595316,0.175
Lacosamide,0.15487572805291056,0.009
Lactic acid,-0.023275538228242153,0.558
Lactulose,0.23095697551038516,0.001
Lamivudine,0.04417311936253364,0.208
Lamivudine and zidovudine,-0.07584221531955568,0.942
Lamivudine/tenofovir disoproxil/doravirine,-0.061951732154615365,0.812
Lamotrigine,0.09070833584289688,0.071
Lanreotide,0.12957083574752182,0.03
Lansoprazole,0.2103868818170498,0.001
Lanthanum carbonate,0.28393768211228654,0.001
Latanoprost,0.016500107233708938,0.323
Latanoprost and Netarsudil,0.15609595247218547,0.022
Latanoprost and timolol,-0.007042065307354783,0.492
Leakage Notification System,0.3911678875530931,0.001
Ledipasvir/sofosbuvir,0.012352851201041225,0.323
Leflunomide,0.09219120037014417,0.024
Leg Bags,0.5738683735082839,0.001
Leg Ulcer Wrap,-0.04346446380366699,0.681
Lenalidomide,-0.06547152161515785,0.813
Lenograstim,-0.04494645560090722,0.715
Lenvatinib,0.06237279975810964,0.089
Lercanidipine hydrochloride,0.038850067394951025,0.236
Letermovir,0.24245796423528782,0.02
Letrozole,0.06786162945848322,0.053
Leuprorelin acetate,-0.02994610978009459,0.708
Levamisole hydrochloride,0.01117356946386503,0.366
Levetiracetam,0.09146953201789751,0.059
Levobunolol hydrochloride,-0.0340395386417808,0.68
Levobupivacaine hydrochloride,-0.02041531198421189,0.534
Levocarnitine,-0.010237070760081839,0.525
Levocetirizine,0.05247239177578553,0.171
Levodopa,-0.002301607825875214,0.4
Levodopa/carbidopa/entacapone,-0.012107511719902361,0.55
Levofloxacin,0.053487280594636075,0.178
Levomepromazine hydrochloride,0.11366378586383238,0.039
Levomepromazine maleate,-0.0007263110440738233,0.449
Levonorgestrel,0.029216524877113008,0.275
Levothyroxine sodium,0.07193870080846701,0.114
Levothyroxine sodium and liothyronine,-0.021481218508250237,0.598
Lidocaine,0.09546617183147557,0.057
Lidocaine hydrochloride,0.19453099975531837,0.001
Lidocaine/cetylpyridinium,0.10250237142823815,0.065
Lidocaine/prilocaine (Premature Ejaculation),0.02796575791630897,0.25
Light liquid paraffin,0.19869698595015456,0.01
Linaclotide,-0.015271398361299204,0.546
Linagliptin,0.22376315541685643,0.017
Linagliptin/metformin,0.2236206266103281,0.028
Linezolid,-0.025695296117606778,0.629
Lints,0.04567488419698836,0.168
Linzagolix,-0.04725109885189263,0.731
Liothyronine sodium,0.08247441763082447,0.078
Liquefied phenol,-0.013150921522272131,0.485
Liquid OTC cond specific vitamin & mineral supp (0913473),0.10538549581713053,0.068
Liquid OTC glucose for diabetic hypo treatment (0913541),0.31210621446742415,0.001
Liquid OTC probiotic (0913531),-0.030663097747483447,0.618
Liquid additive lactase (0913121),0.14295630656204125,0.045
Liquid disc or non ACBS thickener - gum based (0913411),0.061425064262686874,0.105
Liquid micronutrient supplement (0913282),0.30403052511024314,0.001
Liquid paraffin,0.15413659284914683,0.028
Liraglutide,0.2856177493762404,0.001
Lisdexamfetamine dimesylate,0.13719702514235363,0.015
Lisinopril,0.33429250890475964,0.001
Lisinopril with diuretic,0.09685189116048891,0.08
Lithium carbonate,0.020946459422356237,0.306
Lithium citrate,0.1454713682330157,0.002
Lixisenatide,0.0964279528170615,0.082
Lodoxamide trometamol,-0.012670654440622636,0.548
Lofepramine hydrochloride,0.15313516393151963,0.037
Loperamide hydrochloride,0.2759085639743856,0.001
Loperamide hydrochloride and simeticone,0.014966636825782838,0.325
Lopinavir and ritonavir,-0.010675270699229463,0.468
Loprazolam mesilate,0.08908350601381024,0.093
Loratadine,0.16209375827494754,0.017
Lorazepam,0.06161692220935402,0.123
Lormetazepam,-0.051077080866445725,0.793
Losartan potassium,0.019695408596374465,0.351
Losartan potassium with diuretic,0.15137017015693302,0.01
Loteprednol etabonate,0.020812632770262574,0.273
Low Friction Products,0.022143191001648375,0.286
Low protein biscuits,0.017525763658531895,0.287
Low protein bread,0.01942625136906166,0.281
Low protein breads,-0.051660646139847596,0.759
Low protein cakes,-0.06980383801492934,0.882
Low protein cereals,0.06623768617478926,0.102
Low protein cooking aids,0.04772393725406951,0.178
Low protein desserts,-0.0509226735748587,0.776
Low protein grains/flours,0.05912804024326279,0.125
Low protein meals,-0.06192510821079368,0.839
Low protein miscellaneous,-0.08436440341563664,0.963
Low protein mixes,-0.013882832760803057,0.466
Low protein pasta,0.06028145912332132,0.118
Low protein pastas,0.07390528537575879,0.106
Low protein risotto,-0.07859308094204615,0.937
Low protein snacks,-0.0735409338812395,0.915
Lubiprostone,-0.06447502385188368,0.831
Lubricant Gels,0.5543590195537909,0.001
Lumacaftor/ivacaftor,-0.0038721182212763717,0.427
Lurasidone,0.007829556728562349,0.383
Lymecycline,0.05367865781865274,0.154
Lymphoedema Garments,0.036204115154487765,0.218
Macitentan,0.02300317120411249,0.298
Macrogol 3350,0.05800532975492374,0.127
Macrogol 4000,-0.07010899880832495,0.886
Magnesium aspartate,0.032549527371128255,0.237
Magnesium carbonate,-0.00591675485187625,0.456
Magnesium citrate,0.06871697975652863,0.12
Magnesium glycerophosphate,0.06874356130264854,0.095
Magnesium hydroxide,-0.06499349643635116,0.831
Magnesium lactate,0.42571434370131583,0.001
Magnesium oxide,0.02176139350778234,0.287
Magnesium sulfate,0.15053154409402214,0.005
Magnesium sulphate,0.0465016098519877,0.184
Magnesium trisilicate,0.21469926293439037,0.013
Malathion,0.2333785753291863,0.001
Maltodextrin,0.06552575897271024,0.116
Mannitol,-0.07803815091072606,0.889
Maraviroc,0.04991750865345959,0.195
"Measles, mumps and rubella vaccine",0.12354673655445922,0.074
"Measles, mumps, rubella and varicella vaccine",0.06142506426269385,0.105
Mebendazole,0.21530435632490236,0.003
Mebeverine hydrochloride,0.16427722171377687,0.004
Mebeverine hydrochloride compound preparations,0.015360940539485375,0.355
Mecasermin,-0.016076000260564056,0.495
Meclozine hydrochloride,-0.042451904490594085,0.726
Mecysteine hydrochloride,-0.09408137707419696,0.957
Medicated stockings,0.00734022401690087,0.358
Medroxyprogesterone acetate,0.13811701806788262,0.024
Mefenamic acid,0.2545883823269143,0.001
Mefloquine hydrochloride,0.10532219445837443,0.083
Megestrol acetate,0.052868545128581156,0.171
Melatonin,0.08616828395468977,0.054
Meloxicam,0.1444507400104724,0.056
Melperone hydrochloride,-0.011696887597386397,0.482
Melphalan,0.029361235590516056,0.281
Memantine hydrochloride,0.12043070265664864,0.065
Menadiol sodium phosphate,0.04104975546199016,0.243
Meningococcal A + C + W135 + Y vaccine,0.14066062671971677,0.054
Meningococcal B vaccine,0.10715851026359069,0.061
Meningococcal C vaccine,0.05022899305820768,0.173
Menotrophin,-0.02589584620816335,0.537
Menthol,0.044277409276318465,0.173
Mepacrine hydrochloride,0.07713797435809124,0.112
Mepivacaine hydrochloride,0.009544898145146165,0.358
Mepolizumab,0.15889593472603764,0.038
Meprobamate,-0.07260738514790531,0.895
Meptazinol hydrochloride,0.20216129060845325,0.024
Mepyramine maleate,0.1616068925527521,0.027
Mercaptamine,-0.05124486961323246,0.756
Mercaptamine hydrochloride,-0.10008735685673405,0.959
Mercaptopurine,0.08307582494394491,0.085
Meropenem,0.09049844552882728,0.1
Mesalazine (Systemic),0.029168533205276848,0.291
Mesna,-0.02102542812369252,0.516
Mesuximide,0.0029394187705402146,0.377
Metformin hydrochloride,0.24143442610723398,0.006
Metformin hydrochloride/pioglitazone,0.11610729810642752,0.048
Metformin hydrochloride/rosiglitazone,-0.12634141674509317,0.999
Metformin hydrochloride/sitagliptin,0.20206619905140058,0.025
Metformin hydrochloride/vildagliptin,0.21918275730589806,0.027
Methadone hydrochloride,0.10460370446639762,0.052
Methenamine hippurate,0.2698429255569914,0.001
Methocarbamol,0.08569666991066381,0.109
Methotrexate,0.18909295992257522,0.001
Methoxsalen,-0.037093761159225476,0.652
Methoxy polyethylene glycol-epoetin beta,-0.07586271747878873,0.892
Methoxyflurane,-0.04330569035568855,0.686
Methyl salicylate,0.19825640561956565,0.025
Methyl salicylate/levomenthol,-0.06523842678956428,0.852
Methylcellulose,0.19264378264325166,0.031
Methyldopa,0.10014713364077951,0.092
Methylnaltrexone bromide,0.0059263254194208675,0.345
Methylphenidate hydrochloride,0.017021992716242842,0.324
Methylprednisolone,0.018836215951048087,0.326
Methylprednisolone aceponate,0.010539781104200783,0.33
Methylprednisolone acetate,0.08809225592201453,0.048
Methylprednisolone sodium succinate,0.29035674762244085,0.002
Methyltestosterone,-0.049577251602917,0.773
Metoclopramide hydrochloride,0.07651136210008432,0.081
Metolazone,0.10987822028666291,0.036
Metoprolol tartrate,0.17628057002359093,0.005
Metronidazole,0.16233157738176332,0.01
Metyrapone,0.07712700380483514,0.138
Mexiletine hydrochloride,0.06618734021013419,0.107
Mianserin hydrochloride,-0.0036584619340814723,0.49
Micafungin,0.01355183136244036,0.315
Miconazole,0.353973374016843,0.001
Miconazole nitrate,0.2793044062060974,0.001
Micro-Enema - Sodium Citrate,0.17594707413059432,0.022
Midazolam hydrochloride,0.12777576000356206,0.021
Midazolam maleate,-0.07977133283437592,0.913
Midodrine hydrochloride,0.01777941802601067,0.322
Mifepristone/misoprostol,-0.03886498937631684,0.669
Miglustat,0.06142506426269385,0.105
Milrinone lactate,0.10429633862532924,0.065
Minocycline hydrochloride,0.12531900496235462,0.032
Minoxidil,0.06867965698534645,0.131
Mirabegron,0.21912498249216555,0.001
Mirtazapine,0.05863546887879589,0.145
Misoprostol,0.08856903962976709,0.071
Misoprostol (Gynaecology),-0.04660649887209066,0.751
Mitomycin,0.11394040229818952,0.05
Mitotane,-0.025184672729141596,0.545
Mizolastine,0.0955824965150118,0.049
Moclobemide,0.15584585913530852,0.01
Modafinil,0.07907040966005324,0.07
Molnupiravir,0.035231700696901555,0.258
Mometasone furoate,0.16350071956678117,0.007
Mometasone furoate/olopatadine hydrochloride,0.2022269179379048,0.002
Mometasone/glycopyrronium/indacaterol,0.07691780480034817,0.153
Mometasone/glycoyrronium/indacaterol,-0.0105181567153073,0.464
Monobasic potassium phosphate,-0.054261620650040136,0.77
Montelukast,0.023252659813268666,0.339
Morphine (Opium Tincture),-0.07876193565988274,0.901
Morphine hydrochloride,-0.07400576502568555,0.878
Morphine sulfate,0.2110389113230542,0.003
Morphine tartrate and cyclizine tartrate,0.16839566363346958,0.039
Moxifloxacin,-0.06556270961154476,0.834
Moxifloxacin hydrochloride,0.07015724870460009,0.149
Moxisylyte hydorchloride,-0.01601616257233431,0.52
Moxisylyte hydrochloride,0.10678257717923871,0.06
Moxonidine,0.10883735403350989,0.073
Mupirocin,0.09637612448809073,0.037
Mycophenolate mofetil,0.24971414236458286,0.001
Mycophenolic sodium,0.08752344454411995,0.129
Nabilone,0.15319056707241555,0.019
Nabumetone,0.07831424095490819,0.102
Nadolol,-0.05218633665897094,0.828
Nafarelin acetate,0.004385155529822388,0.389
Naftidrofuryl oxalate,-0.101602104038378,0.978
Naldemedine,0.0784540044550659,0.103
Nalmefene,-0.05729350557397838,0.814
Naloxegol,0.07864194600622904,0.092
Naloxone hydrochloride,0.18344262271632708,0.033
Naltrexone hydrochloride,0.07045108051262386,0.123
Naltrexone/bupropion,0.031046604849930937,0.265
Nandrolone decanoate,0.04248589082910403,0.242
Naphazoline hydrochloride,0.09890234865990569,0.011
Naproxen,0.042916161477712,0.192
Naratriptan hydrochloride,0.07703962611446467,0.073
Nasal Products,0.18104319656203813,0.026
Natalizumab,-0.052962976451807794,0.768
Natamycin,-0.05292343947916647,0.759
Nateglinide,0.12672187209596666,0.061
Nebivolol,0.07742269679448258,0.125
Nedocromil sodium,-0.0021510041439869614,0.467
Nefazodone hydrochloride,-0.02197692377433323,0.541
Nefopam hydrochloride,0.005045780167762739,0.37
Nelarabine,0.06142506426268939,0.105
Neomycin sulfate,0.18797187249665642,0.001
Neostigmine bromide,-0.08604533756508555,0.931
Neostigmine metilsulfate,-0.032351141510252056,0.65
Nepafenac,0.05165248315208417,0.196
Netilmicin (Eye),-0.09107084514522344,0.939
Netilmicin/Dexamethasone,-0.019751172506976198,0.533
Netupitant/palonosetron hydrochloride,0.10930804895131277,0.067
Nevirapine,0.08544758342132297,0.093
Nicardipine hydrochloride,0.14210474027332357,0.034
Nicorandil,-0.0075325472345404995,0.512
Nicotinamide,0.039686440443127365,0.229
Nicotinates,0.17454750290650659,0.025
Nicotine,0.10563329326447682,0.052
Nicotine bitartrate,0.03740217166581495,0.235
Nicotinic acid,-0.06999871749893471,0.869
Nicotinic acid derivatives,0.05779423348950357,0.159
Nifedipine,0.03494376699531249,0.237
Night Drainage Bags,0.58829919875427,0.001
Nilotinib,-0.07089969118007793,0.861
Nimodipine,0.07742595766784176,0.119
Nintedanib,-0.1153802726851905,0.986
Niraparib,-0.06686274705746509,0.869
Nirmatrelvir with Ritonavir,0.2833881434745798,0.001
Nitazoxanide,-0.0727728982796075,0.854
Nitisinone,0.07974244336557004,0.094
Nitrazepam,0.0924477658667813,0.087
Nitrofurantoin,0.03131800781887177,0.254
Nitrous oxide,-0.07558426269090801,0.895
Nizatidine,-0.03924858520719089,0.736
Nonoxinol 9,0.11761825818158574,0.045
Norethisterone,0.12825502360471544,0.026
Norethisterone enantate,-0.04870348757117503,0.735
Norfloxacin,-0.08479165547813332,0.925
Normal immunoglobulin (Gamma globulin),-0.07790711935856218,0.901
Nortriptyline,0.047222903640621046,0.177
Nystatin,0.11731909965357112,0.044
Obeticholic acid,-0.057101082096984224,0.789
Octreotide acetate,0.028636133735664697,0.271
Oestrogens conjugated,0.01582614826093678,0.311
Oestrogens conjugated with bazedoxifene,-0.0704931811513837,0.871
Oestrogens conjugated with progestogen,0.051272372571942774,0.164
Ofatumumab,0.01355183136244036,0.315
Ofloxacin,-0.02077371696207211,0.585
Oils for the ear,0.012905788887298581,0.338
Olanzapine,0.15832361521852012,0.014
Olanzapine embonate,-0.030002196862947098,0.615
Olaparib,-0.06179600853850352,0.825
Olmesartan medoxomil,-0.025257885827570735,0.619
Olmesartan medoxomil/amlodipine,0.05346154611022071,0.177
Olmesartan medoxomil/amlodipine/hydrochlorothiazide,0.17489921235552286,0.049
Olmesartan medoxomil/hydrochlorothiazide,0.004138019172936741,0.401
Olodaterol,-0.01097970895148047,0.524
Olopatadine,0.20208885151251954,0.013
Olsalazine sodium,-0.0431328682547759,0.766
Omalizumab,-0.10282441868743471,0.965
Omega-3-acid ethyl esters,0.13939236724955015,0.01
Omeprazole,0.2226899505127503,0.001
Ondansetron hydrochloride,0.004191556454955887,0.439
Opicapone,0.046031941348034074,0.214
Opium and morphine,-0.014627078427487986,0.523
Oral Film Forming Agents,0.020779043942646368,0.311
Oral rehydration salts,0.2612032138669248,0.001
Orlistat,0.24479879936889626,0.001
Orphenadrine hydrochloride,0.1374359705353227,0.045
Oseltamivir phosphate,0.24021769951007896,0.005
Osimertinib,-0.02188371051740386,0.546
Ospemifene,0.11745686701223208,0.066
Other Appliances,0.17777816888074902,0.006
Other HIV infection preparations,0.01973795947132587,0.327
Other acid preparations,-0.03342167644725919,0.637
Other alcohol and saline preparations,0.01117451073393262,0.296
"Other alcohol, wine and spirit preparations",0.002732828013131307,0.359
Other amino acidandnutritional agent preparations,0.0551464183392891,0.159
Other anti-inflammatory preparations,-0.08701973718627302,0.958
Other antiperspirant preparations,0.09107666489048645,0.076
Other antiviral preparations,0.06138129923209987,0.169
Other aromatic inhalation preparations,0.030396219982977094,0.236
Other aural preparations,-0.04375041871209224,0.719
Other barrier preparations,0.1331785665042332,0.037
Other base/diluent/suspending agent/stabiliser preparations,0.3671996947763058,0.001
Other bisphosphonate and other preparations,0.003849695779899178,0.395
Other bitter and tonic preparations,-0.06825769771933736,0.878
Other calcium supplement preparations,0.2734585444512245,0.001
Other camouflage preparations,0.2009105007185857,0.003
Other chromium preparations,-0.06314661924406426,0.83
"Other colour, flavour and sweetening preparations",-0.06146472105633046,0.804
Other compound vitamin/mineral formulation preparations,-0.0026596232284927606,0.421
Other concentrated water preparations,0.0352268433582922,0.217
Other cordial/soft drink preparations,0.061508778990413994,0.174
Other digestive aid preparations,0.1172588217889708,0.048
"Other disinfectant,preservative and sterilising preparations",0.003641492869598708,0.344
Other dusting powder preparations,0.06640700438144857,0.106
Other eczema preparations,-0.02633529247665135,0.609
Other emollient preparations,0.22081379787308705,0.01
Other enzyme preparations 0911020,0.1695866035975406,0.017
Other expectorantand demulcent cough preparations,0.06472923276891564,0.106
Other eye tear/lubricant/astringent preparations,0.08498863006607593,0.107
Other food for special diet preparations,0.17077988270338731,0.03
Other food preparations,0.14097177105703562,0.036
Other health supplement preparations,-0.0587409954145323,0.784
Other homeopathic preparations,-0.013222977387708059,0.498
Other household and over the counter preparations,0.0006986348328851782,0.405
Other individually formulated bought in preparations,0.3074441348064689,0.001
Other intravenous nutrition preparations,-0.05500063602933716,0.762
Other lozenge and spray preparations,0.08101229432833515,0.128
Other magnesium preparations,0.08925259781972188,0.106
Other mineral formulation preparations,-0.10454670139084676,0.966
Other minor cut and abrasion preparations,0.026720589109599523,0.212
Other miscellaneous topical preparations,0.04259287920200406,0.203
"Other mouth wash, gargle and dentifrice preparations",0.06209714983802627,0.108
Other multivitamin preparations,0.1462364711579081,0.004
Other nasal infection preparations,0.09908082883380324,0.081
Other neuromuscularar transmisson preparations,-0.1418260045917014,0.998
Other non-opioid analgesic preparations,0.004043695347733916,0.393
Other oil preparations,0.11197060451892167,0.084
Other oral iron preparations,-0.045775415726393764,0.785
Other oral ulceration and inflammation preparations,0.02184566565681327,0.287
Other osmotic laxative preparations,-0.03732500341840428,0.643
Other otitis external preparations,0.19496888856522918,0.022
Other pancreatin preparations,0.06295248710360841,0.073
Other pantothenic acid preparations,-0.011696887597386397,0.482
Other phosphate supplement preparations,0.087499372360863,0.084
Other preparations,0.06106702017694767,0.117
Other preparations for biliary disorders,-0.07652118540059587,0.938
Other psoriasis preparations,0.30532171122418317,0.001
Other purified water preparations,0.16889712606164983,0.056
Other rubefacient and topical antirheumatic preparations,-0.010060403520595127,0.482
Other screening and monitoring agent preparations,-0.0024351513605220705,0.408
Other selenium preparations,0.05458161359878976,0.154
Other shampoo and scalp preparations,-0.0633327612177599,0.83
Other single substance preparations,0.13264250861463234,0.058
Other soothing haemorrhoidal preparations,0.12605210989681992,0.047
Other stimulant laxative preparations,0.19611515346078637,0.03
Other sunscreening preparations,0.25703606343207097,0.002
Other test for helicobacter pylori preparations,-0.010080159270639088,0.44
Other tincture preparations,0.01663566608645179,0.332
Other toiletry preparations,0.13684563058448934,0.035
Other topical anaesthetic and antipruritic preparations,0.03429315304953071,0.232
Other topical circulatory preparations,0.037596034417273085,0.222
Other topical corticosteroid preparations,0.02944277736931475,0.271
Other topical nasal decongestant preparations,-0.046934834208416626,0.745
Other treatment of dry mouth preparations,-0.006976504365099934,0.413
Other urological pain preparations,-0.060373412444390234,0.806
Other vaginal/vulva changes preparations,-0.09156945556953355,0.942
Other vehicle and emulsifying agent preparations,0.0041697689714254174,0.375
Other vitamin A preparations 0906011,0.17859619672872207,0.029
Other vitamin B compound preparations,0.06561373710000566,0.156
Other vitamin B preparations,0.013137284450896663,0.367
Other vitamin C (Ascorbic acid) preparations,0.03934351643304511,0.201
Other vitamin C preparations,-0.05479554772056125,0.827
Other vitamin D preparations,0.07270570224648545,0.145
Other x-ray contrast media preparations,-0.055390282464260795,0.789
Other zinc preparations,-0.062482359227994826,0.84
Oxandrolone,0.05037244682696562,0.173
Oxazepam,-0.07756299648655919,0.888
Oxcarbazepine,0.16762193483699048,0.009
Oxitriptan,0.04777855960133237,0.184
Oxprenolol hydrochloride,-0.09265635984444921,0.978
Oxybuprocaine hydrochloride,-0.04418601929168513,0.726
Oxybutynin,0.16605468897350734,0.008
Oxybutynin hydrochloride,-0.10576235331233863,0.969
Oxycodone hydrochloride,0.0843206246700261,0.06
Oxycodone hydrochloride/naloxone hydrochloride,0.03614942384682269,0.233
Oxymetazoline hydrochloride,0.008870667929421266,0.336
Oxymetholone,-0.06641611270681196,0.856
Oxytetracycline,0.2764784122923744,0.001
Oxytocin,0.061425064262691335,0.105
Ozanimod,-0.10630480712002043,1.0
Padimate O,0.3863195215902185,0.01
Palbociclib,-0.09059981683905091,0.957
Paliperidone,0.012476130745347296,0.375
Pamidronate disodium,-0.028295199755079475,0.555
Pancreatin,0.0853003222385279,0.065
Pantoprazole,-0.05092130561770706,0.772
Pantothenic acid (Calcium pantothenate),-0.03289557494130559,0.636
Papaveretum,-0.07131112302725051,0.911
Papaverine hydrochloride,-0.08738566758876157,0.947
Paracetamol,0.18296036722903847,0.01
Paracetamol and caffeine,-0.09371691545542545,0.962
Paracetamol and ibuprofen,-0.01807382125669491,0.548
Paracetamol and phenylephrine hydrochloride,-0.0251821697601826,0.604
Paracetamol combined preparations,0.011833971509365947,0.376
Paraffin hard,-0.03020853006920133,0.591
Paraffin soft white,0.2033320017798572,0.016
Paraffin soft yellow,0.13821258467021336,0.035
Paraldehyde,-0.02641156270642093,0.603
Parecoxib sodium,-0.033230628389914564,0.647
Paricalcitol,0.34642802435430015,0.003
Paromomycin sulfate,0.003930302565453359,0.377
Paroxetine hydrochloride,-0.019690266589917745,0.61
Patiromer calcium,0.020991557982965613,0.258
"Pdr 2.4 kcal/ml m/sk lower volume, higher protein (0913011)",0.22087031545707295,0.007
Pdr 3.7 kcal/g energy and higher protein fortifier (0913141),0.07453221229974319,0.057
Pdr 3.8 - 4.9 kcal/g energy (carbohyd) fortifier (0913142),0.0926987334330891,0.052
Pdr disc or non ACBS energy and protein fortifier (0913391),0.06483462654280746,0.065
Pdr disc/non ACBS Protein SfI metabolic cond (inf) (091357),0.03409541021608765,0.202
Pdr disc/non ACBS protein SfI metabolic condition (0913442),0.01355183136244075,0.315
Pdr disc/non ACBS protein SfI metabolic condition (0913445),0.0617445361843287,0.088
Pdr disc/non ACBS protein SfI metabolic condition (0913447),0.0631646202506564,0.067
Pdr disc/non ACBS single L-amino acid supplement (0913445),0.16237124834157285,0.031
Peak Flow Meters,0.08761007992120111,0.073
Pegfilgrastim,-0.00775647567400345,0.439
Peginterferon alpha,0.019052794694866967,0.31
Peginterferon beta,-0.1074452248864571,0.989
Pelvic Toning Devices,-0.00373703158713906,0.411
Penciclovir,-0.014509896934272775,0.542
Penicillamine,0.0034028844341229205,0.435
Pentamidine isetionate,-0.03842006719131191,0.658
Pentazocine hydrochloride,0.0906738115157691,0.07
Pentosan polysulfate sodium,-0.03776073007447855,0.678
Pentoxifylline,0.0006583953883087159,0.448
Peppermint oil,0.23564931742289405,0.001
Perampanel,0.059156393010843154,0.151
Pergolide mesilate,-0.06779388252477189,0.864
Pericyazine,0.03691743621082671,0.227
Perindopril arginine,0.007372814310947723,0.342
Perindopril arginine with diuretic,0.028831091546834324,0.273
Perindopril erbumine,0.07122234265064026,0.131
Perindopril erbumine with diuretic,-0.09547977130227434,0.947
Perindopril tosilate,-0.053277935872463995,0.76
Perindopril tosilate/indapamide,0.07862943962152784,0.101
Perindopril with calcium channel blocker,0.12922336568970144,0.046
Permethrin,0.22483103346676953,0.001
Perphenazine,-0.017500009948405695,0.55
Pethidine hydrochloride,0.11812755786733029,0.035
Phased formulations of ethinylestradiol,0.16167063051032132,0.029
Phenazone/lidocaine,0.3571640385557421,0.001
Phenelzine sulfate,0.24741881710519725,0.001
Phenindione,-0.022480576381612542,0.6
Phenobarbital,0.10368228932292443,0.058
Phenobarbital sodium,0.008642881504303788,0.387
Phenol,0.01399101594901877,0.374
Phenothrin,-0.04102908727254406,0.691
Phenoxybenzamine hydrochloride,0.06647466724218276,0.148
Phenoxymethylpenicillin (Penicillin V),0.21956543324795214,0.001
Phenprocoumon,-0.007426979636048573,0.463
Phentolamine/aviptadil,0.13123362150426182,0.028
Phenylbutazone,0.06330251673721948,0.154
Phenylephrine hydrochloride,0.05761355938656457,0.157
Phenylephrine hydrochloride and tropicamide,-0.05951806044766774,0.808
Phenytoin,0.06288132033955053,0.134
Phenytoin sodium,0.11397220236352716,0.035
Pholcodine,0.18516438493101328,0.023
Phosphates,-0.07232666292465981,0.907
Phosphates (Rectal),0.14615596959009255,0.001
Physical Debridement Device,0.0947270823182814,0.113
Phytomenadione,-0.010166703406674627,0.505
Pilocarpine hydrochloride,0.07929045223367492,0.133
Pilocarpine nitrate,0.016547104129459627,0.342
Pimecrolimus,0.07666078788659064,0.111
Pimozide,0.04905547466105545,0.18
Pindolol,-0.03832538431286873,0.693
Pioglitazone hydrochloride,0.0747446583824823,0.101
Piperacillin sodium/tazobactam sodium,-0.0910196006301381,0.941
Pipotiazine palmitate,0.001259631286752713,0.366
Piracetam,0.01763324247548271,0.329
Pirenzepine,0.09795890381195971,0.067
Pirfenidone,0.12793535206487533,0.062
Piroxicam,0.08053109300226838,0.113
Pitolisant hydrochloride,0.01601971398845076,0.333
Pivmecillinam hydrochloride,0.23174924060582017,0.012
Pizotifen malate,0.1433117111359948,0.003
Pneumococcal,0.35297668234450325,0.001
Podophyllotoxin,0.0853291161931994,0.108
Podophyllum resin,-0.0771599742614578,0.896
Policosanol,-0.024642611154270133,0.6
Polihexanide,-0.011732927081486778,0.477
Pollen allergy preparations,0.0324205356369112,0.238
Polymyxins,-0.11237163962229728,0.989
Polyvinyl alcohol,0.0848936968351486,0.131
Ponatinib,0.019624266976922117,0.271
Posaconazole,0.038758010783092905,0.21
Potassium bicarbonate,-0.0651603464315599,0.848
Potassium chloride,0.04435184866942572,0.172
Potassium citrate,0.09133444103080032,0.091
Potassium iodide,0.017238131160387044,0.297
Potassium permanganate,0.08419593961420747,0.067
Povidone iodine,0.003265061228853753,0.389
Powder 1 - 2.2 kcal/ml soup (0913011),0.23564739685942235,0.001
Powder 1 kcal/g peptide based formula (0913091),0.07500141142708022,0.069
Powder 1.3 kcal/ml milkshake pre-thickened (0913051),0.016210573337601696,0.316
Powder 1.3 kcal/ml milkshake pre-thickened (0913671),0.03527056862902406,0.259
Powder 1.4 - 1.6 kcal/ml milkshake with fibre (0913011),0.15274882671273432,0.019
Powder 1.4 kcal/ml milkshake (0913021),0.24853928470139672,0.005
Powder 1.5 kcal/ml smoothie (0913011),0.30142561927128436,0.001
Powder 1.5 kcal/ml smoothie plant based (0913011),0.31612956368711803,0.001
Powder 1.6 kcal/ml milkshake (0913011),0.31292150361408827,0.001
Powder 1.6 kcal/ml milkshake with fibre (0913011),0.10324832534860569,0.072
Powder 1.7 kcal/ml milkshake pre-thickened (0913051),-0.01937171080785496,0.538
Powder 1.7 kcal/ml milkshake pre-thickened (0913671),0.03184860325156026,0.257
Powder 10g GMP protein equivalent (0913205),0.04953372746580822,0.145
Powder 10g GMP protein equivalent (0913206),0.062279798435690745,0.077
Powder 10g protein equivalent (0913205),0.056997761769083215,0.123
Powder 10g protein equivalent (0913221),0.05671955897702259,0.114
Powder 10g protein equivalent (0913222),0.05763258139716759,0.109
Powder 10g protein equivalent (0913225),0.059666205695972946,0.104
Powder 10g protein equivalent (0913226),0.05906452634486508,0.096
Powder 10g protein equivalent (0913227),0.06416959460899084,0.078
Powder 15g GMP protein equivalent (0913205),-0.05112223751022084,0.757
Powder 15g protein equivalent (0913201),-0.04533699215383248,0.711
Powder 15g protein equivalent (0913204),-0.04616199806084426,0.701
Powder 15g protein equivalent (0913205),-0.02532893459397448,0.548
Powder 15g protein equivalent (0913206),-0.07625354111613908,0.897
"Powder 2 kcal/ml m/sk higher volume, higher energy (0913011)",0.32602571756968257,0.001
Powder 2.3 - 2.4 kcal/ml milkshake lower volume (0913011),0.20076508754861896,0.008
Powder 2.6 kcal/g dessert style (milk based) (0913011),0.1419381306436137,0.028
Powder 2.6 kcal/ml dessert style (milk based) (0913011),0.12644928261563745,0.052
Powder 2.7 kcal/ml milkshake pre-thickened (0913051),-0.049411559595395685,0.759
Powder 2.7 kcal/ml milkshake pre-thickened (0913671),-0.10630480712002043,1.0
Powder 20g GMP protein equivalent (0913205),-0.03690240210798579,0.646
Powder 20g protein equivalent (0913201),0.052329542239232314,0.132
Powder 20g protein equivalent (0913204),0.03928523721866396,0.165
Powder 20g protein equivalent (0913205),0.05662765209003458,0.112
Powder 20g protein equivalent (0913206),0.05621933026429141,0.111
Powder 25g protein equivalent per 100g (0913207),0.05939297498290476,0.119
Powder 28g protein equivalent per 100g (0913223),0.06352997565093998,0.064
Powder 3.7 kcal/g energy and protein fortifier (0913081),0.05884967362368524,0.159
Powder 39g protein equivalent per 100g (0913201),0.06424971919658927,0.082
Powder 39g protein equivalent per 100g (0913204),0.06007533482250361,0.095
Powder 39g protein equivalent per 100g (0913205),0.07847209089711954,0.057
Powder 3:1 formula (0913181),0.06777553211286137,0.061
Powder 4.4 kcal/g amino acid based ONS with MCT (0913061),0.04663125833752374,0.163
Powder 4.4 kcal/g juice style (0913061),0.08213175645766987,0.06
Powder 4.6 kcal/g peptide based formula (0913091),0.06783468346344937,0.086
Powder 4.7 kcal/g formula (0913093),0.13098535808643397,0.053
Powder 4.8 kcal/g milk replacer (0913081),0.06215513915707956,0.114
Powder 4:1 formula (0913181),0.06618168554504136,0.061
Powder 5 kcal/g formula (0913092),0.05047274176435931,0.134
Powder 5 kcal/g formula (0913093),0.058561577731849064,0.178
"Powder 5 kcal/g high energy, low protein formula (0913094)",0.06422392413994807,0.084
Powder 5 kcal/g milkshake (0913062),0.20716897527398637,0.002
Powder 5g protein equivalent (0913203),-0.029423594521743573,0.595
Powder 5g protein equivalent (0913204),-0.04894215633654506,0.74
Powder 5g protein equivalent (0913207),-0.05223403179024639,0.757
Powder 5g protein equivalent (0913209),-0.019527451487394196,0.486
Powder 5g protein equivalent (0913221),-0.025530822506427832,0.563
Powder 5g protein equivalent (0913222),-0.044350140631001775,0.711
Powder 5g protein equivalent (0913224),0.06021648497918734,0.103
Powder 5g protein equivalent (0913225),-0.04365895419300697,0.694
Powder 5g protein equivalent (0913226),0.046580223107069677,0.14
Powder 5g protein equivalent (0913227),-0.038844660545412656,0.653
Powder 6.7 kcal/g energy and protein fortifier (0913141),0.14936768843715081,0.03
Powder 77g protein equivalent per 100g (0913202),0.06267597185029022,0.072
Powder 77g protein equivalent per 100g (0913203),0.06142506426268943,0.105
Powder 77g protein equivalent per 100g (0913204),0.04904209357790808,0.15
Powder 77g protein equivalent per 100g (0913206),0.06245506775079008,0.109
Powder 79g protein equivalent per 100g (0913205),0.07483946633643683,0.057
Powder OTC ONS (0913311),0.08392172618207179,0.075
Powder OTC follow on formula (0913511),0.10677913100444734,0.078
Powder OTC infant formulae (0913501),0.04755268104834162,0.229
Powder OTC milkshake meal replacer (0913521),-0.011696887597386685,0.482
Powder OTC or discontinued soup (0913311),0.07706098585007261,0.068
Powder amino acid formula (0913107),0.3214910083591313,0.001
Powder amino acid formula (0913131),0.09701481113510668,0.053
Powder amino acid semi solid  (0913131),0.13659839021954898,0.034
Powder carbohydrate supplement (0913191),-0.03125395060567076,0.638
Powder carbohydrate supplement (0913193),0.14160108002006333,0.023
Powder delisted probiotic (0913531),0.3042618379561406,0.001
Powder disc or non ACBS carbohydrate supplement (091344),0.0412198972359709,0.204
Powder disc or non ACBS infant formula (0913444),0.04952984229160957,0.139
Powder disc or non ACBS lactose free formula (0913352),0.14386823686018108,0.038
Powder disc or non ACBS pre-thickened formula (0913356),0.11598446049169446,0.059
Powder disc or non ACBS thickener - gum based (0913411),-0.01647850000427694,0.512
Powder disc or non ACBS thickener - starch based (0913411),0.13004664301313762,0.049
Powder discontinued amino acid formula (0913355),0.0033629889507869647,0.405
Powder discontinued amino acid formula (0913361),0.0659783451043358,0.07
Powder discontinued extensively hydrolysed formula (0913351),0.0012919014565112858,0.404
Powder energy (carbohydrate and fat) fortifier (0913211),0.029538747517805553,0.214
Powder energy (carbohydrate) fortifier (0913211),0.18788272743666332,0.02
Powder essential fatty acid supplement (0913212),0.062200719277558415,0.109
Powder extensively hydrolysed formula (0913101),0.3772081299064675,0.001
Powder extensively hydrolysed formula (0913132),0.2654666451602554,0.001
Powder extensively hydrolysed formula rice based (0913101),0.16558321375609525,0.027
Powder extensively hydrolysed formula with MCT (0913102),0.15963930983336602,0.025
Powder fibre fortifier (0913151),0.0953444600217822,0.058
Powder flavour additive (0913301),0.07137581476764081,0.061
Powder flavour additive (0913302),-0.018269986826703024,0.497
Powder infant formula (0913231),0.06248163823917921,0.078
Powder infant formula (0913232),0.060809113626257155,0.094
Powder infant formula (0913233),0.06101810590509954,0.086
Powder infant formula (0913234),0.07285105147470682,0.064
Powder infant formula (0913235),0.06295248710360582,0.073
Powder infant formula (0913236),0.063876973728653,0.073
Powder infant formula (0913237),0.05688037334065257,0.109
Powder infant formula (0913238),0.06286301583940813,0.068
Powder infant formula (0913242),0.09168764608362204,0.072
Powder infant formula (0913251),0.0740749353469297,0.058
Powder lactose free formula (0913105),0.22820764250480813,0.003
Powder low calcium infant formula (0913109),0.1071292281149888,0.041
Powder micronutrient supplement (0913284),0.07056303370932407,0.066
Powder micronutrient supplement (0913291),0.08427502568393333,0.055
Powder pre-thickened drink (0913171),-0.08293604085922687,0.911
Powder pre-thickened formula (0913108),0.16275992910575007,0.029
Powder preterm human milk fortifier (0913651),0.07396403829345079,0.13
Powder preterm infant formula (0913111),0.3269342214433177,0.001
Powder single L-amino acid supplement (0913213),-0.04424081705063847,0.697
Powder slow release carbohydrate supplement (0913192),0.04719618870668718,0.14
Powder soya based formula,0.06469407822549995,0.145
Powder soya based formula (0913106),0.23818366805793525,0.003
Powder thickener - gum based (0913161),0.35020036352806605,0.001
Powder thickener - starch based (0913161),0.28490355184986915,0.001
Powder: 5g protein equivalent (0913691),-0.0056410309523904825,0.406
Pramipexole,0.18546355777712173,0.001
Prasterone,0.08815559411001964,0.111
Prasugrel,0.12823896128713658,0.008
Pravastatin sodium,0.04496418007543037,0.204
Praziquantel,0.022901931791107638,0.285
Prazosin hydrochloride,0.03038825112287043,0.27
Prednisolone,0.18087789188703673,0.001
Prednisolone acetate,0.07576946779352597,0.083
Prednisolone sodium metasulphobenzoate,0.09429775044322236,0.061
Prednisolone sodium phosphate,0.11442729709465753,0.023
Prednisone,-0.06360502439192096,0.832
Pregabalin,0.07626017554121343,0.078
Pressure Offloading Device,0.05427461289120782,0.18
Pressure Plates/Shields,0.5744707324326888,0.001
Pridinol mesilate,-0.02661247515291218,0.604
Prilocaine hydrochloride,0.0508132192980766,0.169
Primaquine,0.09729456641909272,0.109
Primidone,0.022551402926437498,0.338
Pristinamycin,-0.018941919104430778,0.519
Probenecid,-0.019243617754362504,0.581
Procarbazine hydrochloride,-0.0699290564493245,0.88
Prochlorperazine maleate,0.12953562779355604,0.015
Prochlorperazine mesilate,0.28426088097426455,0.001
Procyclidine hydrochloride,0.2775638975449989,0.001
Progesterone,0.3030163672885098,0.001
Proguanil hydrochloride,0.053114995838423315,0.214
Proguanil hydrochloride with atovaquone,0.13317791810244353,0.057
Promazine hydrochloride,0.05578289129248732,0.158
Promethazine hydrochloride,0.0655850590508598,0.114
Promethazine teoclate,0.003817013926031902,0.425
Propafenone hydrochloride,0.02882033980348061,0.262
Propamidine isetionate,0.04482492145659512,0.224
Propantheline bromide,0.2777404654150752,0.001
Propiverine hydrochloride,0.04482869283453533,0.183
Propranolol hydrochloride,0.06128021124548717,0.161
Propylthiouracil,0.17192262831916436,0.003
Prosthetic Adhesives,0.1813638205308255,0.029
Proxymetacaine hydrochloride,-0.010530803926222512,0.519
Prucalopride,0.045364653353624794,0.212
Pseudoephedrine hydrochloride,0.10270250712963544,0.064
Pseudoephedrine hydrochloride combinations,-0.02138470587897427,0.543
Pulsed Electromagnetic Stimulator,-0.1083475137187676,0.988
Pyrazinamide,0.04073194087983734,0.197
Pyridostigmine bromide,0.07524706848414364,0.075
Pyridoxine hydrochloride,0.07777430147806513,0.106
Pyrimethamine,-0.06873488296837446,0.848
Quetiapine,-0.011525989390624592,0.544
Quinagolide hydrochloride,-0.09368652600735994,0.963
Quinapril hydrochloride,0.18058000779185962,0.023
Quinapril hydrochloride with diuretic,-0.014152579651020791,0.499
Quinidine sulfate,-0.019789051752366435,0.527
Quinine bisulfate,0.14458353196061216,0.033
Quinine sulfate,0.02993722326895774,0.319
Rabeprazole sodium,0.1785437752891,0.012
Rabies,0.19978193832174157,0.005
Rabies immunoglobulin,-0.02343605457827871,0.577
Racecadotril,-0.06980949989925458,0.9
Raloxifene hydrochloride,0.057112438456897716,0.133
Raltegravir,0.02448158967924719,0.283
Ramipril,0.22992163929307044,0.001
Ramipril with calcium channel blocker,0.1519909696015017,0.02
Ranibizumab,-0.0494026073800886,0.723
Ranitidine hydrochloride,0.2184749586235185,0.006
Ranolazine,0.01894792918367332,0.317
Rasagiline mesilate,0.06668757753573262,0.129
Ready to serve 0.9 kcal/ml juice style liquid (0913061),0.11416372054256342,0.044
Ready to serve 1 - 1.3 kcal/ml m/sk lower energy (0913011),0.18428389571993706,0.013
Ready to serve 1 kcal/ml milkshake (0913061),0.04938215229962469,0.14
Ready to serve 1 kcal/ml milkshake lower energy (0913021),0.08079435404784814,0.08
Ready to serve 1 kcal/ml milkshake style (0913091),0.013694977379146149,0.298
Ready to serve 1.3 - 1.5 kcal/ml milkshake (0913031),0.005631899590460332,0.399
Ready to serve 1.3 - 1.5 kcal/ml milkshake (0913631),-0.08255018044325788,0.921
Ready to serve 1.5 kcal/ml juice style (0913011),0.32973263539223174,0.001
Ready to serve 1.5 kcal/ml juice style (0913021),0.21897074608085965,0.009
Ready to serve 1.5 kcal/ml milkshake (0913011),0.28477265121744244,0.001
Ready to serve 1.5 kcal/ml milkshake (0913021),0.1520902715645387,0.05
Ready to serve 1.5 kcal/ml milkshake (0913091),0.038919570961740355,0.176
Ready to serve 1.5 kcal/ml milkshake (0913311),0.1162293437773027,0.086
Ready to serve 1.5 kcal/ml milkshake lower volume (0913041),0.003266283784374196,0.359
Ready to serve 1.5 kcal/ml milkshake lower volume (0913641),0.003020026114362998,0.343
Ready to serve 1.5 kcal/ml milkshake plant based (0913011),0.16437730377025764,0.029
Ready to serve 1.5 kcal/ml milkshake with fibre (0913021),0.14722513604738377,0.036
Ready to serve 1.5 kcal/ml smoothie (0913021),0.18551798969117494,0.024
Ready to serve 1.5 kcal/ml yoghurt style drink (0913011),0.25799676853677195,0.001
Ready to serve 1.5 kcal/ml yoghurt style drink (0913311),0.10815417071512096,0.067
Ready to serve 1.6 kcal/ml milkshake lower volume (0913031),0.03409499115177534,0.248
Ready to serve 1.6 kcal/ml milkshake lower volume (0913631),0.01874789620888124,0.294
Ready to serve 1.8 kcal/ml milkshake (0913081),0.033908064935299506,0.251
Ready to serve 100% MCT liquid (0913181),0.08009714306897396,0.054
Ready to serve 10g GMP protein equivalent (0913205),0.06668481993792943,0.062
Ready to serve 10g protein equivalent (0913201),-0.0500636161275239,0.748
Ready to serve 10g protein equivalent (0913204),0.005796681598137639,0.297
Ready to serve 10g protein equivalent (0913205),0.0471311875311529,0.15
Ready to serve 10g protein equivalent (0913206),-0.021735112578226603,0.505
Ready to serve 10g protein equivalent (0913222),0.06320536608223246,0.067
Ready to serve 10g protein equivalent (0913225),-0.04112979925864445,0.677
Ready to serve 10g protein equivalent (0913226),0.05571812242191136,0.117
Ready to serve 10g protein equivalent (0913227),0.061417847672704626,0.091
Ready to serve 15g GMP protein equivalent (0913205),-0.0939459764207094,0.981
Ready to serve 15g protein equivalent (0913201),-0.04514014246108653,0.706
Ready to serve 15g protein equivalent (0913204),-0.03365059824167724,0.611
Ready to serve 15g protein equivalent (0913205),-0.044083136062880904,0.688
Ready to serve 15g protein equivalent (0913206),-0.0398388205093868,0.666
Ready to serve 15g protein equivalent (0913226),-0.07345068772302416,0.873
"Ready to serve 2 kcal/ml milkshake, lower volume (0913081)",0.08059471936023496,0.063
Ready to serve 2.4 kcal/ml milkshake higher volume (0913011),0.11907536662085977,0.056
Ready to serve 2.4 kcal/ml milkshake lower volume (0913011),0.3017639307018868,0.001
Ready to serve 2.4 kcal/ml milkshake lower volume (0913021),0.06750834210506002,0.11
Ready to serve 2.4 kcal/ml milkshake lower volume (0913051),0.20617572352956248,0.005
Ready to serve 2.5:1 milkshake with fibre (0913181),0.06435231040992569,0.062
Ready to serve 20% MCT liquid (0913181),-0.006491426091068545,0.409
Ready to serve 20g GMP protein equivalent,-0.04070589410690402,0.666
Ready to serve 20g GMP protein equivalent (0913206),-0.0450375948911999,0.713
Ready to serve 20g protein equivalent (0913201),0.02450150487201602,0.219
Ready to serve 20g protein equivalent (0913204),0.04585620159198364,0.156
Ready to serve 20g protein equivalent (0913205),0.0475473104166233,0.137
Ready to serve 20g protein equivalent (0913206),0.008914230255853507,0.288
Ready to serve 3.3 kcal/ml higher protein dessert (0913141),0.27844980369293487,0.001
Ready to serve 33.5% MCT liquid (0913181),-0.037537864608127684,0.645
Ready to serve 3:1 dessert (0913181),0.0341752880655656,0.187
Ready to serve 4.5 - 5 kcal/ml energy (fat) liquid (0913142),0.09472555178765366,0.053
Ready to serve 4:1 milkshake with fibre (0913181),0.06069734273001777,0.093
Ready to serve 50% MCT liquid (0913181),0.0683636663583262,0.063
Ready to serve disc or non ACBS m/sk higher protein (091334),-0.04375041871209224,0.719
Ready to serve discontinued  pre-thickened drinks (0913421),0.01794678945339856,0.312
Ready to serve discontinued dessert (0913311),-0.021678459228557663,0.563
Ready to serve discontinued juice (0913311),0.003020026114362998,0.343
"Ready to serve infant formula, high energy (0913104)",0.23813371278618664,0.016
Ready to serve non ACBS oil (0913481),0.057752233345374715,0.11
Ready to serve non ACBS preparation for surgery ONS(0913341),0.2719662925130527,0.004
Ready to serve pre-thickened drink (0913171),0.09426164302319696,0.102
Ready to serve preterm infant formula (0913111),0.27702569387758474,0.001
Reboxetine,0.17366702668865588,0.007
Relugolix,0.17167098660884014,0.032
Repaglinide,0.19334669565588325,0.053
Respiratory Syncytial Virus (RSV),-0.04479160735868173,0.706
Ribavirin,0.021316261196574766,0.259
Ribociclib,-0.04156993427698986,0.676
Riboflavin,0.06699075623061161,0.128
Rifabutin,0.030165047946819075,0.27
Rifampicin,0.09296299286018474,0.081
Rifampicin combined preparations,0.16438619613104927,0.05
Rifaximin,0.16175606055005834,0.027
Rilpivirine,-0.031068121298335128,0.601
Riluzole,0.11496536937382114,0.035
Rimegepant,0.2597097254276388,0.001
Rimexolone,-0.037229394292148735,0.66
Riociguat,0.0021158671344013,0.376
Risankizumab (Crohn's),-0.011696887597386685,0.482
Risedronate sodium,0.026274699147235077,0.253
Risperidone,0.2124871351328308,0.001
Ritlecitinib,-0.015935689561275803,0.504
Ritonavir,0.0577226484819469,0.182
Rituximab,0.013904092327913693,0.33
Rivaroxaban,0.11956103807118733,0.064
Rivastigmine,0.05428143087125361,0.162
Rizatriptan,0.013581538985918537,0.344
Roflumilast,-0.021105775328333725,0.568
Romiplostim,0.04573521747884683,0.178
Romosozumab,0.019753433985453206,0.255
Ropinirole hydrochloride,0.17729572239866692,0.005
Ropivacaine hydrochloride,0.0005989656181114893,0.378
Rosiglitazone,-0.09265635984444921,0.978
Rosuvastatin calcium,0.30608388415205123,0.001
Rotavirus,-0.09506667695949728,0.951
Rotigotine,0.002352687298505832,0.43
Roxadustat,0.06699627206318463,0.12
"RtS  2.4 kcal/ml m/sk high volume, higher protein (0913011)",-0.05694029234498872,0.786
"RtS  2.4 kcal/ml m/sk lower volume, higher protein (0913011)",0.25736225558697556,0.001
RtS 1 kcal/ml milkshake lower energy with fibre (0913021),0.08113626454480874,0.081
RtS 1.3 kcal/g dessert style (fruit based) (0913051),0.08227192692416102,0.108
RtS 1.3 kcal/ml dessert style (fruit based) (0913051),0.09148588402688947,0.075
RtS 1.4 - 2 kcal/g dessert style (milk based) (0913011),0.17952293251119786,0.025
RtS 1.4 - 2 kcal/ml dessert style (milk based) (0913011),0.1945083416707951,0.015
RtS 1.4 - 2 kcal/ml dessert style (milk based) (0913311),-0.013784883506494233,0.508
RtS 1.4 kcal/ml energy and higher protein liquid (0913141),0.09638872962921292,0.094
RtS 1.4-1.5kcal/ml energy & higher protein liquid (0913141),0.11898537627781225,0.063
RtS 1.5 - 1.6 kcal/ml milkshake higher protein (0913011),0.09124615439158382,0.129
RtS 1.5 - 1.6 kcal/ml milkshake with fibre (0913011),0.011901189057942622,0.323
RtS 1.5 kcal/g dessert style (milk based) (0913021),0.1658504071411773,0.028
"RtS 1.5 kcal/ml m/sk higher protein, higher energy (0913061)",0.08840851454894064,0.068
"RtS 1.5kcal/ml m/sk, higher protein, pre-thickened (0913051)",0.06155326751017288,0.166
RtS 1.6 kcal/g dessert style (fruit based) (0913011),-0.0264910457750411,0.601
RtS 1.6 kcal/ml dessert style (fruit based) (0913011),-0.026669478281054405,0.584
RtS 2 - 2.4 kcal/ml m/sk lower volume with fibre (0913011),0.08820727472684421,0.051
"RtS 2 kcal/ml m/sk high protein, high energy+fibre (0913011)",0.012637261611395731,0.346
RtS 2-2.4 kcal/ml m/sk hi prot hi eng plant based (0913011),0.10875335609226251,0.037
"RtS 2-2.4 kcal/ml m/sk higher protein,higher energy(0913011)",0.10294492355631181,0.084
RtS 2.4 kcal/ml dessert style (milk based) (0913051),0.11016405609629418,0.054
RtS 2.4 kcal/ml milkshake lower volume with fibre (0913021),0.10881554307758354,0.043
RtS 2.5 kcal/ml energy (carbohydrate) liquid (0913142),0.08499031757551608,0.056
RtS 3.3 - 4 kcal/ml energy with protein liquid (0913141),0.18156220993760713,0.018
RtS 3.3 kcal/ml energy and higher protein liquid (0913141),0.08334923910121177,0.08
RtS OTC dietary supp for early alzheimers disease (0913551),-0.05804072398548578,0.783
RtS disc condition specific complete infant formula(0913381),-0.0547955477205612,0.827
RtS disc or non ACBS energy and protein fortifier (0913391),0.07149001849226526,0.111
"RtS extensively hydrolysed formula, high energy (0913103)",0.10366063262373461,0.048
Rufinamide,0.07859425284378722,0.072
Rupatadine fumarate,0.007611830428932182,0.384
Rutosides,-0.05987923551635047,0.846
Ruxolitinib,-0.05823904982849895,0.791
Ryeqo,0.18345117305861824,0.011
Sacrosidase,-0.02039907311771744,0.503
Sacubitril/valsartan,0.2394496609507266,0.001
Safinamide,0.10978024666716335,0.092
Salbutamol,0.29541382504236674,0.001
Salicylic acid,0.2802195304790693,0.001
Salmeterol,0.15321857831628222,0.03
Sapropterin,0.05697268981447503,0.153
Sarilumab,-0.059383109918072385,0.83
Saxagliptin,0.0056492673522715395,0.392
Saxagliptin/dapagliflozin,-0.05835341352029564,0.82
Saxagliptin/metformin,0.07271645556271607,0.12
Secnidazole,0.023353219527768674,0.206
Secobarbital sodium,-0.06702637051892738,0.843
Secukinumab,-0.02187799488081114,0.559
Selegiline hydrochloride,0.11868289958291117,0.05
Selenium,-0.012365994267349432,0.48
Selenium sulfide,0.31135654905502586,0.001
Semaglutide,0.12806189274954924,0.017
Senna,0.24437600814447777,0.001
Sennosides,0.3116362339339423,0.001
Sertraline hydrochloride,0.10472007358554347,0.06
Sevelamer,0.23552298449942285,0.012
Shingles (H/Z),-0.11726563236655159,0.995
Sildenafil (Erectile Dysfunction),0.11271103478582867,0.026
Sildenafil(Vasodilator Antihypertensive),0.07304882352446378,0.103
Silk Garments,0.09461741997420091,0.085
Silver nitrate,0.20852538366147982,0.001
Silver sulfadiazine,0.2269134583980895,0.015
Simeticone,0.25523300177847363,0.007
Simple,0.18193202276138196,0.038
Simvastatin,0.30365635354366544,0.001
Simvastatin and ezetimibe,0.11408223617709172,0.052
Siponimod,-0.11006110596572406,0.993
Sirolimus,0.22243066473522924,0.006
Sitagliptin,0.17136152939923405,0.016
"Skin Adhesive, Sterile",0.14367672160393694,0.033
"Skin Closure Strips, Sterile",0.09084151839260203,0.092
Skin Fillers And Protectives,0.594383853073677,0.001
Skin Protectors,0.5656565407114686,0.001
"Skin protectives,fillers and cleansers",-0.02331719656761853,0.562
Sodium aurothiomalate,0.02906102908497145,0.248
Sodium benzoate,0.0010197858577624232,0.403
Sodium bicarbonate,0.12156906233470638,0.051
Sodium chloride,0.0074988090773217666,0.395
Sodium citrate,0.06132870640907753,0.132
Sodium citrate (Rectal),0.05540296609245801,0.121
Sodium clodronate,-0.019768098141532457,0.544
Sodium cromoglicate,0.24380852165476014,0.002
Sodium dihydrogen phosphate dihydrate,-0.05626220875671367,0.785
Sodium feredetate,0.1951168255727471,0.002
Sodium fluoride,0.20251077818631005,0.003
Sodium fusidate,0.06187942354003727,0.167
Sodium hypochlorite,-0.06009481569477207,0.808
Sodium lactate,0.02162235113565189,0.275
Sodium oxybate,0.11957164348645188,0.068
Sodium phenylbutyrate,-0.09671122495895237,0.946
Sodium picosulfate,0.06870207251380811,0.149
Sodium polystyrene sulfonate,0.13724771554486798,0.042
Sodium tetradecyl sulphate,-0.02388022170451913,0.544
Sodium valproate,0.20939037942119168,0.001
Sodium zirconium cyclosilicate,0.1542666547547234,0.04
Sofosbuvir/ledipasvir,-0.07076396801275246,0.861
Sofosbuvir/velpatasvir,-0.06966641333105729,0.888
Sofosbuvir/velpatasvir/voxilaprevir,-0.09383136437342841,0.989
Soft soap,-0.010577355879898234,0.441
Solifenacin,0.12364263003782082,0.024
Solifenacin/tamsulosin,0.031713709385783904,0.248
Soluble insulin (Neutral insulin),0.09973590724078989,0.082
Somapacitan,-0.047785857995073906,0.744
Somatrogon,-0.016579032235325936,0.527
Somatropin,0.06637926419364669,0.122
Sorafenib,0.0038061741289361277,0.343
Sotalol hydrochloride,0.0324941152806375,0.251
Specialist food replacer 3:1 bread (0913181),0.10181871891396581,0.082
Specialist food replacer 3:1 breakfast cereal (0913181),0.0975266396551929,0.08
Specialist food replacer 3:1 confectionery (0913181),0.12308563944021324,0.048
Specialist food replacer 3:1 ready meal (0913181),0.12892503550703352,0.064
Specialist food replacer 3:1 savoury biscuit (0913181),0.17050358834629223,0.017
Specialist food replacer 4.3:1 flour type mixes (0913181),-0.08426241225079342,0.935
Specialist food replacer 4.5:1 flour type mixes (0913181),-0.07909683656831218,0.914
Specialist food replacer 4.8:1 confectionary (0913181),0.12293416130161754,0.057
Specialist food replacer OTC or disc bread (0913461),-0.0018200941853954385,0.429
Specialist food replacer OTC or disc pasta (0913461),-0.011250059031405095,0.486
Specialist food replacer OTC pasta (0913461),-0.08012728793508307,0.894
Specialist food replacer OTC pizza bases (0913461),0.056378800128662705,0.149
Specialist food replacer OTC/disc breakfast cereal (0913461),-0.012667719646569943,0.474
Specialist food replacer OTC/disc flour additives (0913461),0.07500886828856541,0.119
Specialist food replacer OTC/disc flour type mixes (0913461),-0.03296943249234569,0.624
Specialist food replacer OTC/disc rolls/baguettes (0913461),0.04045160308558181,0.198
Specialist food replacer OTC/disc savoury biscuits (0913461),-0.08628815513525342,0.958
Specialist food replacer OTC/disc sweet biscuits (0913461),0.04408648314439302,0.196
Specialist food replacer bread (0913261),-0.07244927044109925,0.928
Specialist food replacer bread (0913271),0.09407170259517096,0.075
Specialist food replacer breakfast cereal (0913261),0.029723123581683306,0.216
Specialist food replacer cake mix (0913261),-0.018062391198439515,0.475
Specialist food replacer cakes (0913261),-0.08787173241159359,0.97
Specialist food replacer confectionery (0913261),-0.08333369051927118,0.933
Specialist food replacer desserts (0913261),-0.08511465592137063,0.969
Specialist food replacer egg (0913261),0.033429697008097274,0.204
Specialist food replacer flour type mixes (0913261),0.003403366601955868,0.342
Specialist food replacer flour type mixes (0913271),0.085486110077241,0.104
Specialist food replacer meat/fish (0913261),-0.08318377530155269,0.967
Specialist food replacer milk (0913261),0.029394812508349986,0.185
Specialist food replacer pasta (0913261),0.030931150572812944,0.207
Specialist food replacer pizza bases (0913261),-0.07654859461362165,0.951
Specialist food replacer ready meals (0913261),-0.07059199349786847,0.893
Specialist food replacer rice/cous cous (0913261),0.010190569639726824,0.304
Specialist food replacer rolls/baguettes (0913261),-0.07655388808766982,0.949
Specialist food replacer rolls/baguettes (0913271),0.07218941469271178,0.153
Specialist food replacer sauces (0913261),-0.08724231247146805,0.968
Specialist food replacer savoury biscuits (0913261),0.06542834229998008,0.068
Specialist food replacer savoury snacks (0913261),-0.08085349698574826,0.917
Specialist food replacer soup (0913261),-0.08857319440041705,0.971
Specialist food replacer spreads (0913261),-0.09058832837197947,0.974
Specialist food replacer sweet biscuits (0913261),-0.08130575959070778,0.965
Spironolactone,0.0777916146261985,0.109
Spironolactone with loop diuretics,-0.008466075231397275,0.496
Squill,0.08965147157617157,0.099
Ster larvae,0.05813253438071923,0.171
Sterculia,0.2261604987718834,0.011
Sterile water,0.10971488891348692,0.061
Stiripentol,0.1105494963123557,0.035
Stockinette,0.09112423818298465,0.108
Stoma Caps/Dressings,0.5645456120291397,0.001
Strontium ranelate,0.012058158195527175,0.332
Sucralfate,0.08041923933066393,0.078
Sucrase,0.3743574714939302,0.002
Sucroferric oxyhydroxide,0.10488661097374127,0.087
Sulfadiazine,-0.08330682377382874,0.903
Sulfapyridine,-0.02375908288086413,0.593
Sulfasalazine,0.1655099962039379,0.001
Sulfinpyrazone,0.02557634195014493,0.25
Sulfur,-0.09341114537222465,0.944
Sulindac,0.07494397094375324,0.119
Sulpiride,0.08202963498264325,0.09
Sultiame,0.01725498255536189,0.314
Sumatriptan succinate,0.13718750488987402,0.013
Sumatriptan succinate/Naproxen sodium,-0.050526915245496386,0.742
Surgical Adhesive Tape,0.1054706329736105,0.086
Surgical Sutures,0.12286209578427038,0.046
Suspensory Systems,0.3824656823226385,0.001
Swabs,0.09284959696993786,0.066
T/F fortifier non ACBS 0.9kcal/ml h/prot plant based liquid ,0.06757011877384204,0.069
Tablet 73g protein equivalent per 100g (0913206),-0.06855188245534034,0.839
Tablet OTC probiotic (0913531),-0.07144791713673884,0.845
Tablets 56g protein equivalent per 100g (0913205),0.06270606392393187,0.079
Tablets 62g protein equivalent per 100g (0913205),-0.08307201786507637,0.954
Tablets 71g protein equivalent per 100g (0913205),-0.07840951255596434,0.923
Tablets OTC glucose for diabetic hypo treatment (0913541),0.18956969548771482,0.01
Tablets/capsules micronutrient supplement (0913282),0.3978944310001652,0.001
Tablets/capsules micronutrient supplement (0913284),0.07506984992909878,0.061
Tabs/Caps OTC cond specific vitamin & mineral supp (0913471),-0.11701619424928209,0.991
Tabs/Caps OTC cond specific vitamin & mineral supp (0913472),0.011350228238851607,0.33
Tabs/Caps OTC cond specific vitamin & mineral supp (0913473),0.11521965677705225,0.05
Tacalcitol,-0.08118068731959908,0.923
Tacrolimus,0.19271051149546292,0.001
Tadalafil,0.2643074956756201,0.001
Tadalafil (Vasodilator Antihypertensive),-0.0012153548850550144,0.379
Tafamidis,0.01355183136244036,0.315
Tafluprost,0.05037149885737654,0.187
Tafluprost and timolol,-0.034042431237296486,0.656
Tamoxifen citrate,0.07267478603219457,0.087
Tamsulosin and dutasteride hydrochloride,0.062179274360411416,0.129
Tamsulosin hydrochloride,0.161433374493366,0.005
Tapentadol,0.10191801669822362,0.082
Tapentadol hydrochloride,-0.014832623996755712,0.502
Tapentadol phosphate,0.07933536101250374,0.117
Tapentadol phosphate (old),0.10550239511071538,0.082
Tars,0.17361935603474207,0.007
Taurine,-0.09979729272952045,0.956
Tazarotene,0.03205057278265337,0.239
Teicoplanin,0.011700387156084027,0.34
Telmisartan,-0.015205095990559839,0.534
Telmisartan with diuretic,0.08204661052593168,0.087
Telotristat ethyl,0.05273057233532957,0.141
Temazepam,0.2474986252594297,0.001
Temocillin sodium,-0.06950855297538375,0.869
Temoporfin,0.00045571891768527573,0.383
Temozolomide,-0.04059959178536008,0.684
Tenofovir alafenamide,-0.040907941768290004,0.69
Tenofovir disoproxil,0.07045235315237786,0.146
Tenoxicam,0.006066645156791437,0.384
Terazosin hydrochloride,0.09141327353624158,0.1
Terbinafine hydrochloride,0.2009128079529869,0.001
Terbutaline sulphate,0.010932804941235712,0.363
Teriflunomide,-0.03335831468012764,0.645
Teriparatide,-0.0885827950042395,0.938
Testosterone,0.16865345523186448,0.004
Testosterone enantate,0.22796440957685463,0.002
Testosterone esters,0.14555151034774927,0.005
Testosterone propionate,0.013151715919641935,0.353
Testosterone undecanoate,-0.059545859348083645,0.831
Tetanus immunoglobulin,0.0052521640713630345,0.388
Tetrabenazine,0.06435400536759502,0.133
Tetracaine,-0.10233934486843102,0.977
Tetracaine hydrochloride,-0.041425078266779304,0.724
Tetracosactide,0.15452437230357055,0.038
Tetracycline,0.1917054570541521,0.008
Tezacaftor/ivacaftor,0.004219204409151132,0.371
Thalidomide (Antileprotic),-0.022477173287627755,0.551
Thalidomide (Immunomodulating),-0.029923777863635568,0.6
Theophylline,0.07426457501101073,0.115
Thiamine hydrochloride,0.11276817833855611,0.035
Thioridazine,-0.10382577034022773,0.973
Thyrotropin alfa,0.5175368120520489,0.001
Tiagabine,-0.06096963635377479,0.825
Tiaprofenic acid,-0.047724377510574754,0.743
Tibolone,0.09264434948102199,0.082
Ticagrelor,-0.016337197855644293,0.561
Tick-borne encephalitis vaccine,-0.05154947005129483,0.752
Ticlopidine hydrochloride,0.15564025367977394,0.053
Tigecycline,-0.09472718997684261,0.977
Tildrakizumab,-0.022345566750940925,0.548
Timolol,0.07266393965874686,0.113
Timolol and bimatoprost,0.20336459224162884,0.001
Timolol and brimonidine,0.018294185065717693,0.301
Timolol and travoprost,0.025401095178839376,0.289
Timolol with diuretic,-0.11435576127543981,0.977
Timothy grass pollen allergen extract,0.18364040068338996,0.032
Tinidazole,0.1757738267500494,0.027
Tinzaparin sodium,-0.014315797168565458,0.483
Tioconazole,0.06394465944625609,0.133
Tioguanine,0.1813185752477667,0.041
Tiopronin,-0.09864519366643097,0.958
Tiotropium bromide,0.14647236706871816,0.013
Tiotropium bromide/olodaterol,0.11643800078543876,0.019
Tirbanibulin,0.09343031232233605,0.107
Tirzepatide,0.35257012846909713,0.001
Titanium dioxide,0.043563481653258414,0.22
Tivozanib,0.06142506426268939,0.105
Tizanidine hydrochloride,-0.006287157014557028,0.473
Tobramycin,0.004359860338779553,0.396
Tocilizumab,0.07979119626836911,0.107
Tocofersolan,0.0507508912442736,0.208
Tocopheryl acetate,0.006400680351267851,0.412
Tofacitinib,0.011811783830852268,0.358
Tolbutamide,0.1745843694652719,0.033
Tolcapone,0.08651477911086689,0.103
Tolfenamic acid,0.008815368409932581,0.399
Tolnaftate,0.09664713709681046,0.054
Tolterodine,0.04353246704884146,0.187
Tolvaptan,-0.09263969897654831,0.946
Topiramate,0.0979987003417284,0.043
Topotecan,-0.06686274705746517,0.869
Torasemide,0.038057182744007795,0.207
Toremifene citrate,0.04999793097575841,0.188
Tracheostomy & Laryngectomy Appliances,0.08630712819386417,0.104
Tramadol hydrochloride,0.2862384025476459,0.001
Trametinib,-0.008386544245525889,0.457
Trandolapril,-0.0005759021598226851,0.433
Tranexamic acid,0.21530897936472057,0.001
Tranylcypromine sulfate,0.016218186279724253,0.32
Travoprost,0.03784406441088009,0.223
Trazodone hydrochloride,0.1288021800144107,0.042
Tretinoin,-0.02167574164941051,0.555
Triamcinolone acetonide,0.11441837790340596,0.073
Triamcinolone hexacetonide,0.05481783299706836,0.163
Triamterene,0.21582937215566578,0.037
Triamterene with loop diuretics,0.18282381654080881,0.019
Triamterene with thiazides,-0.05101537663657976,0.767
Trichloroacetic acid,-0.052029928491382035,0.735
Triclosan,-0.09184098868660649,0.953
Trientine dihydrochloride,-0.03184330204146819,0.586
Trifarotene,0.18485107188187566,0.021
Trifluoperazine,0.11380529648279208,0.041
Trifluridine (Antivirals),0.06295248710360841,0.073
Trihexyphenidyl hydrochloride,0.1219831378587313,0.069
Trimetazidine hydrochloride,0.05804494728791853,0.14
Trimethoprim,0.1298041535311847,0.014
Trimipramine maleate,0.00027146388426503576,0.416
Tripotassium dicitratobismuthate,-0.06686274705746517,0.869
Triptorelin,0.09992695958649515,0.079
Triptorelin acetate,0.06170075580715015,0.188
Triptorelin embonate,-0.05423963913224061,0.799
Tropicamide,0.03597689886650276,0.228
Trospium chloride,-0.01318285587549357,0.525
Trusses,0.04558969698283187,0.197
Tryptophan,0.11442787922797679,0.057
Tube feed 0.6 kcal/ml peptide based (0914041),0.048880005503793546,0.14
Tube feed 0.75 kcal/ml with fibre (0914021),0.05908140068390777,0.098
Tube feed 0.8 kcal/ml (0914011),0.06057625084937238,0.091
"Tube feed 0.8 kcal/ml with fibre, higher protein (0914011)",0.05840724188416239,0.103
Tube feed 1 kcal/ml (0914011) ,0.05638289950156218,0.11
Tube feed 1 kcal/ml (0914021),0.06361612886920208,0.074
Tube feed 1 kcal/ml MCT based (0914031),0.0647617649057102,0.063
Tube feed 1 kcal/ml peptide based (0914032),0.058132265987550606,0.101
Tube feed 1 kcal/ml peptide based (0914041),0.055460314388521156,0.114
Tube feed 1 kcal/ml soya based (0914033),0.056951443929728965,0.107
Tube feed 1 kcal/ml soya based with fibre (0914033),0.057382991731219087,0.108
Tube feed 1 kcal/ml with fibre (0914011),0.059981756688251966,0.096
Tube feed 1 kcal/ml with fibre (0914021),0.0628409842095701,0.078
"Tube feed 1 kcal/ml with fibre, higher protein (0914011)",0.003712613033896395,0.356
Tube feed 1.2 - 1.25 kcal/ml (0914011) ,0.05223877849343666,0.123
Tube feed 1.2 kcal/ml higher protein (0914011) ,-0.013347248493806986,0.452
Tube feed 1.2 kcal/ml peptide based,0.05902323196844093,0.101
Tube feed 1.2 kcal/ml with fibre (0914011),0.04539002406392707,0.156
Tube feed 1.2 kcal/ml with fibre (0914021),0.05815931164891777,0.103
"Tube feed 1.2 kcal/ml with fibre, higher protein (0914011)",0.04263828934961914,0.162
Tube feed 1.22 - 1.25 kcal/ml with fibre (0914011),0.05782813706533035,0.104
Tube feed 1.3 kcal/ml peptide based (0914032),0.03969459258252531,0.167
Tube feed 1.3kcal/ml higher protein (0914011),0.06367065781609597,0.062
"Tube feed 1.3kcal/ml with fibre, higher protein (0914011)",0.05879495881714871,0.101
Tube feed 1.5 kcal/ml (0914011),0.05673895038434936,0.108
Tube feed 1.5 kcal/ml (0914021),0.0627629509757353,0.075
Tube feed 1.5 kcal/ml higher protein (0914011),0.05864389911805007,0.099
Tube feed 1.5 kcal/ml peptide based (0914032),0.05237067758095672,0.122
Tube feed 1.5 kcal/ml peptide based (0914041),0.05777148881704504,0.103
Tube feed 1.5 kcal/ml with fibre (0914011),0.06134404038351991,0.085
Tube feed 1.5 kcal/ml with fibre (0914021),0.05990964147197413,0.096
"Tube feed 1.5 kcal/ml with fibre, higher protein (0914011)",0.0019741260741008974,0.333
Tube feed 1.54 kcal/ml with fibre (0914011),0.014422273437649217,0.275
"Tube feed 1.5kcal/ml peptide  based, higher protein(0914034)",0.05659401902831166,0.107
Tube feed 1.6kcal/ml higher protein (0914011),0.06295248710360841,0.073
Tube feed 1.8 kcal/ml (0914035),0.039113330116961,0.176
Tube feed 2 kcal/ml (0914011),-0.034577343384350395,0.629
Tube feed 2 kcal/ml higher protein (0914011),-0.012175079367708974,0.417
Tube feed 2 kcal/ml with fibre (0914011),-0.029539782735571212,0.584
Tube feed 2kcal/ml w fibre higher prot plant based (0914011),0.06377931846187476,0.063
"Tube feed 2kcal/ml with fibre, higher protein (0914011) ",-0.0035709977716393546,0.35
"Tube feed 2kcal/ml, higher protein, plant based (0914011)",0.06295248710360749,0.073
Tube feed additive 0.5 kcal/ml high fibre liquid (0914052),0.07521731083570392,0.063
Tube feed additive 1 kcal/ml higher protein liquid (0914051),0.056075609468043054,0.11
Tube feed additive 2kcal/ml h/prot plant based liq (0914051),0.07075003014231437,0.063
Tube feed non ACBS 1.3kcal/ml h/prot for use in IC (0914071),0.06312352113405872,0.067
Tube feed non ACBS 1.5kcal/ml for use in diabetes (0914071),0.06297101585434417,0.072
Tube feed non ACBS 1kcal/ml for low sodium needs (0914071),0.06518567065979584,0.085
Tube feed non ACBS 1kcal/ml higher protein (0914061),0.06198403029599129,0.08
Tubing & Accessories,0.32830896693704514,0.001
Tubing And Accessories,0.5027342951395548,0.001
Turpentine oil,-0.05254444640821433,0.808
Two Piece Ostomy Systems,0.5776440836494167,0.001
Typhoid,0.30804279898804204,0.001
Ulipristal acetate (Emergency Contraceptive),0.09270323398918881,0.091
Umeclidinium bromide,0.12867494994569867,0.029
Umeclidinium bromide/vilanterol,0.14451259312109954,0.005
Undecenoates,-0.003578830969065266,0.461
Upadacitinib,-0.011230170823887876,0.463
Urea,0.15078489582760182,0.005
Urea hydrogen peroxide,0.20652452759467216,0.006
Urinal Systems,0.30206736465841316,0.001
Urine testing reagents,-0.006617935684652934,0.483
Urofollitropin,-0.0664705599355705,0.845
Urostomy Bags,0.5550460188885189,0.001
Ursodeoxycholic acid,0.15295751732564822,0.035
Ustekinumab,-0.0547955477205612,0.827
Ustekinumab (Crohn's),0.04387183613509894,0.205
Ustekinumab (Psoriasis),-0.10451215858373475,0.986
Vacuum Pumps for Erectile Dysfunction,0.14932710928370815,0.037
Vaginal Dilators,0.02163550657902644,0.275
Vaginal Moisturisers,0.02058771978976062,0.326
Vaginal PH Correction Products,0.15068985161607976,0.034
Valaciclovir,0.08006569472225132,0.07
Valganciclovir hydrochloride,-0.013886491091808251,0.518
Valproic acid,0.028712324681301353,0.263
Valsartan,0.0833396004827806,0.095
Valsartan with diuretic,0.17678730158133188,0.012
Valsartan/amlodipine,0.25891295213581245,0.001
Vancomycin hydrochloride,0.1434128337829301,0.027
Vandetanib,-0.05823705357176103,0.781
Vardenafil,0.020200687396093046,0.314
Varenicline tartrate,0.12139185969090342,0.009
Varicella vaccine live,0.1440181198303532,0.009
Varicella-zoster immunoglobulin,0.018389445612191718,0.231
Vedolizumab,-0.01827632047155551,0.521
Vehicles,0.05703187873254307,0.147
Venlafaxine,0.03207607940908511,0.279
Venous Ulcer Compression System,0.08879361348624473,0.114
Verapamil hydrochloride,0.02205186114219362,0.299
Vericiguat,0.015552404993545555,0.349
Vibegron,0.343592828040853,0.001
Vigabatrin,0.0032420953078854124,0.42
Vildagliptin,0.21958198551805014,0.027
Vitamin A,0.10922570844156465,0.038
Vitamin B and C injection,0.03169721156998428,0.236
Vitamin B compound,0.14548898298100377,0.032
Vitamin E,0.08226672277683275,0.108
Vitamins caps,0.08754597718474615,0.089
Voriconazole,-0.0027277115658362215,0.452
Vortioxetine,-0.03760169211083195,0.724
Warfarin sodium,0.13241394025770875,0.017
Water for injection,0.13776354870409366,0.01
White Birch pollen allergen extract,-0.008018808944213321,0.461
Wool alcohols,0.17328309813287407,0.036
Wool fat,-0.044918952259156174,0.715
Wool fat hydrous,0.020840355393873192,0.319
Wound Management & Other Dressings,0.04165926727725098,0.221
Xipamide,-0.003142879492904273,0.439
Xylometazoline hydrochloride,0.28450536564944684,0.001
Xylometazoline hydrochloride/dexpanthenol,0.05430025418022112,0.172
Xylometazoline hydrochloride/ipratropium bromide,-0.014455573374657553,0.515
Yellow fever,-0.042350406439010516,0.704
Yohimbine hydrochloride,0.0037159365572573878,0.36
Zafirlukast,0.06853175375305001,0.149
Zanamivir,0.03311005973102667,0.213
Zanubrutinib,-0.011696887597386685,0.482
Zidovudine,0.03618644378207613,0.206
Zinc acetate,-0.05953139365470251,0.908
Zinc oxide,0.2233548003941429,0.003
Zinc paste,-0.046391972671273325,0.715
Zinc paste and ichthammol,0.003067894040486171,0.368
Zinc sulfate,-0.047970451678853644,0.726
Zinc sulfate monohydrate,-0.027842203575405955,0.59
Ziprasidone hydrochloride,-0.029322617782042495,0.596
Zoledronic acid,0.12038889205287404,0.055
Zolmitriptan,0.17349224461919477,0.001
Zolpidem tartrate,0.03772033354781905,0.219
Zonisamide,0.10164305460715274,0.088
Zopiclone,0.08657131121285008,0.067
Zuclopenthixol acetate,0.06048375891998784,0.145
Zuclopenthixol decanoate,-0.01052132574738433,0.513
Zuclopenthixol hydrochloride,0.11699702806106238,0.042
