Drug,Mantel_r,P_Value,items,top_share,p_refined,q_BH,appliance
Abacavir,-0.0869662264916994,0.745,4.0,0.25,0.745,0.8764705882352941,False
Abacavir and lamivudine,0.1020569385751363,0.157,57.0,0.2280701754385964,0.157,0.4891603053435114,False
Abatacept,-0.2088559347513518,1.0,24.0,0.5416666666666666,1.0,1.0,False
Abemaciclib,0.0138675448440857,0.355,13.0,0.5384615384615384,0.355,0.6259591836734694,False
Abiraterone,-0.0417021295075902,0.597,83.0,0.3253012048192771,0.597,0.7930627306273063,False
Abrocitinib,-0.025853522544951,0.435,1.0,1.0,0.435,0.6798842257597685,False
Absorbent Cottons,0.0833989551035184,0.173,5546.0,0.0973674720519293,0.173,0.4891603053435114,False
Acamprosate calcium,-0.0003651700726604,0.418,759919.0,0.1199641014371268,0.418,0.6689135254988913,False
Acarbose,0.141885044159045,0.092,107435.0,0.0937124773118629,0.092,0.48404819277108435,False
Acebutolol hydrochloride,0.0267577370381341,0.316,14069.0,0.0965242732248205,0.316,0.5982120946538125,False
Aceclofenac,-0.1304278166797809,0.936,21540.0,0.1162488393686165,0.936,0.9828682547399126,False
Acenocoumarol,0.0043625460057824,0.424,77504.0,0.1525985755573906,0.424,0.6724229074889867,False
Acetazolamide,0.1503044237983471,0.066,613070.0,0.0792242321431484,0.066,0.4689473684210526,False
Acetazolamide sodium,-0.0934575078195277,0.77,4.0,0.5,0.77,0.8898876404494382,False
Acetic acid,0.0414193766639292,0.272,355992.0,0.0901705656306883,0.272,0.5588668555240793,False
Acetohydroxamic acid,-0.0492108365008348,0.604,4.0,0.5,0.604,0.796343692870201,False
Acetyl-l-carnitine,0.1363526623372754,0.097,21.0,0.7142857142857143,0.097,0.4891603053435114,False
Acetylcholine chloride,-0.1397462835310202,0.96,1.0,1.0,0.96,0.9879866730128509,False
Acetylcysteine,-0.1208135013267468,0.885,1233092.0,0.1675308898281717,0.885,0.9620349127182045,False
Aciclovir,0.0540159004644484,0.242,6030145.0,0.0632046161410712,0.242,0.54,False
Acipimox,-0.0365938131357271,0.576,6099.0,0.1300213149696671,0.576,0.7755569383945239,False
Acitretin,-0.0460572088752709,0.648,72692.0,0.0884691575414075,0.648,0.8277232406859847,False
Aclidinium bromide,0.1241567886834432,0.128,682815.0,0.0959264222373556,0.128,0.4891603053435114,False
Aclidinium bromide/formoterol,0.1202107410639181,0.128,827039.0,0.0708576016366821,0.128,0.4891603053435114,False
Acne Treatment,-0.1003495074747553,0.825,263.0,0.2205323193916349,0.825,0.9199793495095508,False
Acrivastine,-0.0113692615268057,0.51,221454.0,0.0746475566031771,0.51,0.7343999999999999,False
Adalimumab,-0.0695361199860127,0.698,329.0,0.3617021276595745,0.698,0.8566985915492957,False
Adapalene,0.1638661893250579,0.062,776390.0,0.0813173791522302,0.062,0.46499999999999997,False
Adapalene and benzoyl peroxide,0.1374372869799343,0.053,1608679.0,0.0816645210138256,0.053,0.46499999999999997,False
Addaven (Generic),-0.0416309813992551,0.655,20.0,0.95,0.655,0.8302816901408451,False
Adefovir dipivoxil,-0.0814223972189797,0.756,98.0,0.4591836734693877,0.756,0.8836363636363637,False
Adhesive (Pastes/Sprays/Solutions),0.3107816617876803,0.029,4937.0,0.1502937006279117,0.03054,0.46499999999999997,True
Adhesive Discs/Rings/Pads/Plasters,0.6586137928514426,0.004,1499033.0,0.3527794251360711,0.0018,0.14953846153846154,True
Adhesive Dressing Remover Ster Silicone,0.3000175247909282,0.019,68487.0,0.1523500810372771,0.01927,0.46499999999999997,True
Adhesive Removers (Sprays/Liquids/Wipes),0.6595445864628421,0.003,6039722.0,0.2932628356073342,0.00131,0.1386,True
Adrenaline,0.0772471974228693,0.187,2059953.0,0.0569255706319513,0.187,0.49198538367844097,False
Afatinib,-0.0910208391982724,0.79,2.0,1.0,0.79,0.899242105263158,False
Agomelatine,-0.0515012940777102,0.649,143818.0,0.1341556689705043,0.649,0.8280212640283521,False
Albendazole,0.0237232824700289,0.317,2284.0,0.0556042031523642,0.317,0.5990551181102363,False
Alclometasone dipropionate,0.0679359228353026,0.176,2335.0,0.0835117773019272,0.176,0.4891603053435114,False
Alcohol,0.0965600702626978,0.114,5115.0,0.0778103616813294,0.114,0.4891603053435114,False
Alemtuzumab,0.1974765846810386,0.069,1.0,1.0,0.069,0.4746496815286625,False
Alendronic acid,0.1293329052244386,0.093,26086724.0,0.0701399685142526,0.093,0.48404819277108435,False
Alendronic acid/colecalciferol,0.02169310231708,0.34,12789.0,0.0828055360075064,0.34,0.6145757071547421,False
Alfacalcidol,0.0803097502910931,0.182,3856214.0,0.0788612872625845,0.182,0.49127317676143384,False
Alfentanil hydrochloride,-0.0288810931223758,0.55,28305.0,0.2036742624977919,0.55,0.7586206896551724,False
Alfuzosin hydrochloride,-0.0616394695216035,0.686,2233995.0,0.0744598801698302,0.686,0.8486597938144331,False
Alginic acid compound preparations,0.0443544060004905,0.26,21316066.0,0.0826569030139051,0.26,0.552069970845481,False
Alimemazine tartrate,0.0561387275178586,0.239,130292.0,0.119454763147392,0.239,0.539435736677116,False
Alirocumab,0.0800023338618956,0.188,4582.0,0.6047577477084243,0.188,0.4922181818181818,False
Aliskiren,-0.1080393693824497,0.893,45380.0,0.0880343763772587,0.893,0.9620349127182045,False
Alitretinoin,0.1697453368648793,0.077,2417.0,0.1903185767480347,0.077,0.47758793969849245,False
Alkyl sulfate,0.2903571317653537,0.044,9954.0,0.1466747036367289,0.04154,0.46499999999999997,False
Alkyl sulphate,0.2297539050578617,0.038,108183.0,0.1184104711461135,0.04329,0.46499999999999997,False
Allopurinol,0.1884484117951129,0.051,34224976.0,0.0874534725751159,0.051,0.46499999999999997,False
Almotriptan,0.0156479210769095,0.357,203021.0,0.0896360475024751,0.357,0.6269268292682927,False
Alogliptin,0.1201111682881759,0.089,7574138.0,0.0863531929309975,0.089,0.47820895522388057,False
Alogliptin/metformin,0.0032279703754327,0.406,327339.0,0.2141969029049395,0.406,0.6613574660633484,False
Alprazolam,0.0373865290963262,0.273,102.0,0.1176470588235294,0.273,0.5588668555240793,False
Alprostadil,0.1589618805301543,0.09,487714.0,0.0621470780006315,0.09,0.48000000000000004,False
Aluminium acetate,-0.0495834680925738,0.615,8.0,0.25,0.615,0.8055791388720437,False
Aluminium and magnesium and activated simeticone,0.2293887570381175,0.034,53955.0,0.0717079047354276,0.02774,0.46499999999999997,False
Aluminium and magnesium and oxetacaine,0.0243825365744595,0.324,12845.0,0.2084079408330089,0.324,0.6036113499570077,False
Aluminium chloride,0.26548607166748,0.026,226609.0,0.0897890198535804,0.02227,0.46499999999999997,False
Aluminium hydroxide,-0.0812745351452507,0.755,31.0,0.6451612903225806,0.755,0.8836363636363637,False
Alverine citrate,0.0579230677180328,0.256,1099357.0,0.1347651399863738,0.256,0.5485714285714286,False
Alverine citrate/simeticone,0.0443851757016402,0.269,43808.0,0.193594777209642,0.269,0.5581556195965418,False
Amantadine hydrochloride,-0.080788423843433,0.781,655823.0,0.0575719363303818,0.781,0.8958895379713224,False
Ambrisentan,0.1631773703362906,0.095,138.0,0.2898550724637681,0.095,0.4862559241706161,False
Amikacin,0.0380570155635241,0.274,60.0,0.2833333333333333,0.274,0.5588668555240793,False
Amiloride hydrochloride,0.0162007261011792,0.388,620522.0,0.0628696484572666,0.388,0.6456702619414484,False
Amiloride hydrochloride with loop diuretics,0.0270493660087504,0.35,17861.0,0.0952914170539163,0.35,0.6206896551724138,False
Amiloride hydrochloride with thiazides,-0.1675989577180827,1.0,1.0,1.0,1.0,1.0,False
Aminophylline,0.0094979907673735,0.386,131.0,0.2290076335877862,0.386,0.6443276661514683,False
Aminophylline hydrate,0.0845159134785694,0.152,98709.0,0.0838727978198543,0.152,0.4891603053435114,False
Aminosalicylic acid,0.2656057651691874,0.035,123.0,0.1626016260162601,0.03917,0.46499999999999997,False
Amiodarone hydrochloride,0.106946775688085,0.105,2081117.0,0.0577175622514255,0.105,0.4891603053435114,False
Amisulpride,0.2038482898107181,0.049,1950746.0,0.0792691616438019,0.06484,0.4664451827242525,False
Amitriptyline hydrochloride,0.1935042178006112,0.015,78453016.0,0.0763390281898149,0.01192,0.36781714285714284,False
Amlodipine,0.1410007839407593,0.069,184127970.0,0.0675041657169196,0.069,0.4746496815286625,False
Ammonium chloride/diphenhydramine hydrochloride,-0.0536894538229696,0.586,6.0,0.3333333333333333,0.586,0.7832673267326733,False
Amobarbital,-0.0838262042173644,0.765,1.0,1.0,0.765,0.88859291084855,False
Amobarbital sodium,0.4287584237235814,0.011,1419.0,0.1663143058491895,0.01313,0.3882162162162162,False
Amorolfine hydrochloride,0.2656247648053825,0.019,721578.0,0.0951248513674197,0.01515,0.4149333333333333,False
Amoxapine,0.0842211470407205,0.169,1.0,1.0,0.169,0.4891603053435114,False
Amoxicillin,0.2393687274853882,0.005,46403317.0,0.0589302269059774,0.0051,0.25008,False
Amoxicillin sodium,0.3128536560141161,0.029,321.0,0.308411214953271,0.02685,0.46499999999999997,False
Amphoteracin,-0.010177354619524,0.454,8.0,0.5,0.454,0.6979644128113879,False
Amphotericin,-0.1470956850911854,0.961,320.0,0.225,0.961,0.9879866730128509,False
Ampicillin,0.1354449815985814,0.104,1647.0,0.0837887067395264,0.104,0.4891603053435114,False
Amylmetacresol,0.1695385111768661,0.066,2307.0,0.11790203727785,0.066,0.4689473684210526,False
Anagrelide hydrochloride,-0.0097936036234699,0.455,4055.0,0.2187422934648582,0.455,0.6990042674253201,False
Anakinra,-0.0354616846139418,0.531,21.0,0.5714285714285714,0.531,0.7478529980657641,False
Anal Irrigation System,0.608871193683661,0.001,1000235.0,0.3573820152264217,0.00415,0.22842,True
Anal Plugs,0.6512417653950009,0.001,48978.0,0.1913308015843848,0.00088,0.1386,True
Analgesics with anti-emetics,0.1961968986656927,0.052,400789.0,0.0884031248362604,0.052,0.46499999999999997,False
Anastrozole,0.0475946030822157,0.227,2650023.0,0.0998885670048901,0.227,0.5255305466237942,False
Androstanalone,-0.0428690556964898,0.565,3.0,0.3333333333333333,0.565,0.7719165085388994,False
Antazoline,0.0825345225000901,0.163,45406.0,0.0631634585737567,0.163,0.4891603053435114,False
Anti-D (Rh-) immunoglobulin,-0.0226094674568716,0.481,3.0,0.3333333333333333,0.481,0.7150549450549449,False
Apalutamide,0.0239669451190638,0.303,32.0,0.3125,0.303,0.5869775784753364,False
Apixaban,0.2066509570717918,0.037,44299042.0,0.0864705381213435,0.0402,0.46499999999999997,False
Apomorphine hydrochloride,0.0613751365830321,0.241,42294.0,0.1382938478271149,0.241,0.5399999999999999,False
Apomorphine hydrochloride hemihydrate,-0.0007517494911693,0.402,7500.0,0.2221333333333333,0.402,0.6583169067475361,False
Apraclonidine,0.2239427537412523,0.051,223553.0,0.1067845208966106,0.051,0.46499999999999997,False
Apremilast,0.0182329443277273,0.33,1440.0,0.1736111111111111,0.33,0.6081911262798635,False
Aprepitant,-0.0317931734683039,0.527,1615.0,0.188235294117647,0.527,0.7469291338582679,False
Arachis oil,0.0906991832576172,0.151,4205.0,0.0989298454221165,0.151,0.4891603053435114,False
Aripiprazole,0.2639282308617595,0.015,8553354.0,0.0689216183499478,0.01515,0.4149333333333333,False
Arm Sling/Bandages,0.0141855700563435,0.365,2521545.0,0.2900979359876584,0.365,0.6314376996805111,False
Arnica montana,0.0740334383351419,0.18,1769.0,0.2984737139626908,0.18,0.4911557788944723,False
Artemether with lumefantrine,0.1377436781358822,0.101,96.0,0.1770833333333333,0.101,0.4891603053435114,False
Artificial saliva,0.1934930769316265,0.021,11649.0,0.0764872521246459,0.02289,0.46499999999999997,False
Artificial saliva products,0.1218840581405734,0.117,2021.0,0.0999505195447798,0.117,0.4891603053435114,False
Ascorbic acid,0.0527787665317018,0.252,352825.0,0.0823297668815985,0.252,0.544864864864865,False
Ascorbic acid (Eye),0.1974765846810386,0.069,1.0,1.0,0.069,0.4746496815286625,False
Asenapine,-0.0678714531958809,0.806,4743.0,0.147796753109846,0.806,0.9090000000000001,False
Aspirin,0.0211967647067679,0.369,102443759.0,0.0743335960563493,0.369,0.6320697858842188,False
Aspirin and caffeine,-0.0434352994655866,0.584,125.0,0.296,0.584,0.7815613382899628,False
Aspirin combined preparations,-0.0752425847436693,0.742,582.0,0.1546391752577319,0.742,0.8758032786885246,False
Atazanavir,-0.0605731685569566,0.632,3.0,0.6666666666666666,0.632,0.8179269023367286,False
Atazanavir and cobicistat,0.1046499832600976,0.153,2.0,1.0,0.153,0.4891603053435114,False
Atenolol,0.1833720082058656,0.06,23010237.0,0.0969335952515395,0.06,0.46499999999999997,False
Atenolol with calcium channel blocker,-0.0886214601638069,0.792,6736.0,0.0973871733966745,0.792,0.8994321766561514,False
Atogepant,0.0961195244690535,0.155,47651.0,0.1047826908144635,0.155,0.4891603053435114,False
Atomoxetine hydrochloride,0.0338760524397855,0.298,934414.0,0.0706571177229793,0.298,0.5814634146341463,False
Atorvastatin,0.1126308817735836,0.124,321463615.0,0.0785778228742932,0.124,0.4891603053435114,False
Atovaquone,0.0343619946745367,0.323,3240.0,0.1780864197530864,0.323,0.6036113499570077,False
Atropine sulfate,0.1669704971577732,0.064,294882.0,0.067423579601332,0.064,0.4664451827242525,False
Avanafil,0.2429352428215405,0.058,47413.0,0.1667686077658026,0.058,0.46499999999999997,False
Axitinib,0.0312184256557386,0.28,2.0,0.5,0.28,0.5662921348314608,False
Azathioprine,0.0613672187661945,0.19,3716272.0,0.0866416667025449,0.19,0.4926770708283313,False
Azelaic acid,0.1621122425514122,0.067,673934.0,0.0617553054156638,0.067,0.47294117647058825,False
Azelastine hydrochloride,0.2281389852400725,0.015,601201.0,0.0733681414368905,0.01135,0.36781714285714284,False
Azilsartan medoxomil,0.0168408733554058,0.336,4914.0,0.0964590964590964,0.336,0.6114237573715249,False
Azithromycin,0.0728356268912609,0.181,4236907.0,0.1322658250464312,0.181,0.4911557788944723,False
Aztreonam,0.0113592036281692,0.37,36.0,0.6111111111111112,0.37,0.6322784810126583,False
Bacillus calmette-guerin (B.C.G.),-0.053816331479016,0.678,1.0,1.0,0.678,0.8416551724137931,False
Baclofen,0.0592532800009135,0.22,6527758.0,0.0930501712839232,0.22,0.5170837867247008,False
Bacterial Decolonisation Products,0.046072436834836,0.267,11974.0,0.2314180724903958,0.267,0.5561427193828351,False
Bag Closures,0.4149664947823522,0.011,19641.0,0.131001476503233,0.00853,0.34119999999999995,True
Bag Covers,0.6335485987909686,0.005,21733.0,0.2808171904477062,0.00354,0.21970285714285712,True
Baloxavir marboxil,-0.0346768546837539,0.605,7.0,1.0,0.605,0.796343692870201,False
Balsalazide sodium,0.0366747995603201,0.266,197644.0,0.2454463580983991,0.266,0.5551304347826087,False
Bambuterol hydrochloride,-0.0759812299095332,0.711,6448.0,0.1705955334987593,0.711,0.8603697478991597,False
Baricitinib,0.2408110673140961,0.06,507.0,0.1183431952662721,0.06,0.46499999999999997,False
BeclometDiprop/Formoterol/Glycopyrronium (Corticosteroids),0.0459947275341706,0.253,3603948.0,0.0783554590687767,0.253,0.5464541832669323,False
Beclometasone dipropionate,0.0562370255961156,0.237,72808024.0,0.0662468741082713,0.237,0.5382965299684542,False
Beclometasone dipropionate (Systemic),0.1024422343306881,0.157,21241.0,0.1191563485711595,0.157,0.4891603053435114,False
Beclometdiprop/formoterol/glycopyrronium,0.0154029257718946,0.357,9132286.0,0.0772449526876403,0.357,0.6269268292682927,False
Bedaquiline,-0.1169422476278353,0.865,3.0,0.6666666666666666,0.865,0.9503560528992879,False
Belladonna alkaloids,0.1860331145775903,0.072,10730.0,0.2595526561043802,0.072,0.47758793969849245,False
Belts,0.6160106860401087,0.011,563201.0,0.3089642951628282,0.00748,0.31236923076923073,True
Belumosudil,0.029118154001614,0.325,1.0,1.0,0.325,0.6036113499570077,False
Bempedoic acid,-0.0297133883953885,0.525,439740.0,0.0719243189157229,0.525,0.7445830597504924,False
Bempedoic acid/Ezetimibe,0.024036511740942,0.325,857528.0,0.0725387392598259,0.325,0.6036113499570077,False
Bendroflumethiazide,0.0942334257896595,0.13,30614300.0,0.0796987355582195,0.13,0.4891603053435114,False
Benperidol,0.0119502711176101,0.362,6239.0,0.0811027408238499,0.362,0.6292776886035313,False
Benralizumab,0.0572200834354238,0.204,30.0,0.3666666666666666,0.204,0.5041647597254004,False
Benzalkonium chloride,0.0633830157752501,0.211,390490.0,0.0810161591846142,0.211,0.5097986577181208,False
Benzatropine mesilate,0.1208202249162024,0.118,556.0,0.2697841726618705,0.118,0.4891603053435114,False
Benzbromarone,-0.0996146461223795,0.878,1075.0,0.0902325581395348,0.878,0.9578181818181818,False
Benznidazole,-0.029804959113123,0.49,2.0,0.5,0.49,0.7204901293396869,False
Benzocaine,0.195107917692012,0.047,18648.0,0.083011583011583,0.05325,0.46499999999999997,False
Benzoic acid,-0.0424906478056779,0.583,43.0,0.4883720930232558,0.583,0.7807067575945443,False
Benzoin,0.0910624357935267,0.184,50.0,0.4,0.184,0.49127317676143384,False
Benzoyl peroxide,0.1844631899642171,0.048,495821.0,0.0864586211556186,0.04912,0.46499999999999997,False
Benzoyl peroxide and clindamycin phosphate,0.2993059731965941,0.005,2403153.0,0.0653320866378461,0.00264,0.19008,False
Benzydamine hydrochloride,0.2741901152566752,0.034,2936747.0,0.0989390642094807,0.03009,0.46499999999999997,False
Benzyl benzoate,-0.0581862982946146,0.69,885.0,0.0903954802259887,0.69,0.8501996577296063,False
Benzylpenicillin sodium (Penicillin G),0.165876195484483,0.091,1067.0,0.063730084348641,0.091,0.48176470588235293,False
Betacarotene,-0.1689316592720801,0.972,173.0,0.2427745664739884,0.972,0.9894915254237288,False
Betahistine hydrochloride,0.0486243773333176,0.226,8381897.0,0.077029460037507,0.226,0.5249032258064517,False
Betaine anhydrous,-0.0356444156218122,0.571,807.0,0.1499380421313506,0.571,0.7755569383945239,False
Betamethasone,0.0535510896882141,0.247,82.0,0.1951219512195122,0.247,0.5427466937945066,False
Betamethasone esters,0.2127205748695121,0.023,2003111.0,0.0659828636555837,0.0295,0.46499999999999997,False
Betamethasone sodium phosphate,0.0013013810112163,0.462,1334224.0,0.0681482269843744,0.462,0.7047457627118645,False
Betamethasone valerate,0.1198486571791247,0.099,15036493.0,0.0719683106958517,0.099,0.4891603053435114,False
Betamethasone/Doxycycline/Nystatin,-0.0518548312940763,0.611,28.0,0.5357142857142857,0.611,0.8008252427184466,False
Betaxolol,-0.1119540431565805,0.856,63577.0,0.0642527958223886,0.856,0.945276073619632,False
Bethanechol chloride,-0.0836399420089858,0.784,2381.0,0.1495170096598068,0.784,0.8974244833068363,False
Bexarotene,0.0309366866782784,0.28,1.0,1.0,0.28,0.5662921348314608,False
Bezafibrate,-0.0453119220297541,0.657,1607191.0,0.058583578429695,0.657,0.8306721215663354,False
Bicalutamide,0.0043236949934768,0.451,991783.0,0.0699376778992985,0.451,0.6958285714285715,False
Bictegravir/emtricitabine/tenofovir alafenamide,0.1154605579296713,0.127,211.0,0.1753554502369668,0.127,0.4891603053435114,False
Bifonazole,-0.1503319600912964,0.966,778.0,0.2223650385604113,0.966,0.9894915254237288,False
Bilastine,0.1839100200987722,0.053,16504.0,0.0948254968492486,0.053,0.46499999999999997,False
Bimatoprost,0.1478935023426054,0.05,5052597.0,0.0744250926800613,0.05,0.46499999999999997,False
Biperiden hydrochloride,0.1974655816945801,0.076,6.0,0.5,0.076,0.47758793969849245,False
Biphasic insulin aspart,0.1380176855148942,0.085,3458105.0,0.0685063061994936,0.085,0.47758793969849245,False
Biphasic insulin lispro,0.153332076399992,0.078,1263598.0,0.1271432844939609,0.078,0.47758793969849245,False
Biphasic isophane insulin,0.063587076810764,0.199,3498337.0,0.1575457138634728,0.199,0.500395809080326,False
Bisacodyl,0.1773757826876699,0.064,4744697.0,0.1215283083408698,0.064,0.4664451827242525,False
Bisoprolol fumarate,0.1033580268613578,0.117,143169729.0,0.0761500149238949,0.117,0.4891603053435114,False
Boric acid,0.1095201887972407,0.129,322.0,0.2236024844720497,0.129,0.4891603053435114,False
Bosentan,-0.1307266216654325,0.906,249.0,0.2329317269076305,0.906,0.9678338278931751,False
Bosutinib,-0.0242089731734301,0.505,6.0,0.8333333333333334,0.505,0.7301204819277108,False
Botulinum toxin type A,-0.0939895029133299,0.807,1079.0,0.3549582947173308,0.807,0.9090000000000001,False
Bowel cleansing solutions,-0.1318489634267212,0.931,23044.0,0.3071081409477521,0.931,0.98,False
Brimonidine tart (Rosacea),0.0760856581357061,0.176,80769.0,0.0844135745149748,0.176,0.4891603053435114,False
Brimonidine tartrate,-0.0952710223290031,0.846,1238636.0,0.0570579250078311,0.846,0.9361475409836065,False
Brinzolamide,0.2190398095473019,0.037,4386190.0,0.0601553968250349,0.02841,0.46499999999999997,False
Brinzolamide and timolol,-0.0245482860957962,0.561,1014406.0,0.0676809876913188,0.561,0.7674224192526917,False
Brinzolamide/brimonidine,0.0915814989623642,0.169,951554.0,0.062555566998825,0.169,0.4891603053435114,False
Brivaracetam,0.1087331639614949,0.142,546513.0,0.1325951990163088,0.142,0.4891603053435114,False
Brodalumab (Psoriasis),-0.0287866620060516,0.47,1.0,1.0,0.47,0.70844382414515,False
Bromazepam,0.1046499832600976,0.153,4.0,1.0,0.153,0.4891603053435114,False
Bromfenac,0.0035069592171118,0.412,49036.0,0.1247450852434945,0.412,0.6656095736724008,False
Bromocriptine,0.0123457352194771,0.381,45700.0,0.1112472647702407,0.381,0.6394405594405594,False
Budesonide,0.1924955674052829,0.052,19317811.0,0.0842045198599365,0.052,0.46499999999999997,False
Bumetanide,-0.0297349672286548,0.554,9425822.0,0.0613271712536052,0.554,0.7617059197963082,False
Bupivacaine hydrochloride,-0.0173130574658248,0.479,107082.0,0.0854672120431071,0.479,0.7150241879751209,False
Buprenorph hydrochloride/naloxone hydrochloride,-0.0559606186902408,0.719,25115.0,0.1608600437985267,0.719,0.8652,False
Buprenorphine,0.0079297644135688,0.385,12957896.0,0.0643939417325158,0.385,0.6431554524361949,False
Buprenorphine hydrochloride,0.040954174840556,0.273,4683655.0,0.1082502874357739,0.273,0.5588668555240793,False
Bupropion hydrochloride,0.0862274176827064,0.173,192292.0,0.0870967070912986,0.173,0.4891603053435114,False
Buserelin,-0.0405540931570599,0.576,155.0,0.1806451612903225,0.576,0.7755569383945239,False
Buspirone hydrochloride,-0.0731155421670592,0.743,1108526.0,0.2081286320753866,0.743,0.8762486368593239,False
Busulfan,0.5555316141369318,0.017,42.0,0.2142857142857142,0.01399,0.40291200000000005,False
Butobarbital,0.4650190112984269,0.008,282.0,0.1595744680851064,0.00775,0.31584905660377355,False
C1-Esterase inhibitor,0.0314672550011004,0.279,50.0,0.94,0.279,0.5653283302063791,False
Cabergoline,0.1075783266703271,0.135,431995.0,0.0585076216159909,0.135,0.4891603053435114,False
Cabotegravir,0.0209318437324042,0.342,1.0,1.0,0.342,0.6145757071547421,False
Cabozantinib,0.0319602618310216,0.264,3.0,0.3333333333333333,0.264,0.553094083414161,False
Caffeine,-0.1091338045461969,0.839,445.0,0.2853932584269663,0.839,0.9307858243451463,False
Caffeine citrate,-0.0512788198425248,0.633,32.0,0.59375,0.633,0.8187305389221556,False
Calamine,0.291919734856112,0.044,174551.0,0.1098876546109733,0.03926,0.46499999999999997,False
Calcifediol,-0.0387281695362,0.561,1471.0,0.2753229095853161,0.561,0.7674224192526917,False
Calcipotriol,0.2962824183920194,0.005,5932381.0,0.0688007058211534,0.00263,0.19008,False
Calcitonin (Salmon),-0.0352608959850913,0.54,261.0,0.7931034482758621,0.54,0.7491329479768787,False
Calcitriol,-0.0845134787461207,0.776,272642.0,0.1160276112997997,0.776,0.8939520000000001,False
Calcium acetate,0.0228497751269237,0.328,371407.0,0.1139477715821188,0.328,0.6055384615384616,False
Calcium acetate/magnesium carbonate,0.0441571661386755,0.227,41790.0,0.4454175640105288,0.227,0.5255305466237942,False
Calcium carbonate,0.1969652882088329,0.049,2085946.0,0.0820347218959647,0.04093,0.46499999999999997,False
Calcium chloride,0.0170150085203922,0.344,67.0,0.1343283582089552,0.344,0.6161194029850746,False
Calcium folinate,0.0208346726686868,0.302,14215.0,0.0959549771368273,0.302,0.5860916442048517,False
Calcium gluconate,0.0200415171435487,0.347,5383.0,0.0666914360022292,0.347,0.6184158415841584,False
Calcium lactate,0.0170316952801876,0.341,80.0,0.15,0.341,0.6145757071547421,False
Calcium polystyrene sulfonate,-0.0013224345530788,0.407,5296.0,0.3243957703927492,0.407,0.6619879518072288,False
Camellia sinensis extract,-0.0548293701435522,0.638,758.0,0.154353562005277,0.638,0.8227343283582089,False
Canagliflozin,0.0265676522046711,0.328,4017151.0,0.1597368383712735,0.328,0.6055384615384616,False
Canagliflozin/metformin,0.0832634443500641,0.174,53258.0,0.2042697810657553,0.174,0.4891603053435114,False
Candesartan cilexetil,0.054692224082547,0.231,39651317.0,0.0704770537634349,0.231,0.531373801916933,False
Cannabidiol,-0.0104061026767781,0.446,208.0,0.3846153846153846,0.446,0.6910760401721664,False
Capecitabine,-0.1244310791215861,0.9,31.0,0.3225806451612903,0.9,0.9647642679900744,False
Capsaicin,-0.0024646564071634,0.487,701953.0,0.0879118687433489,0.487,0.7185245901639344,False
Capsules delisted probiotic (0913531),0.1714729250150227,0.07,470.0,0.1361702127659574,0.07,0.47697160883280765,False
Captopril,-0.0317667051523237,0.589,232086.0,0.0689184181725739,0.589,0.7853333333333333,False
Carbamazepine,0.2726291813107907,0.011,10523943.0,0.0856779630980517,0.00965,0.3601241379310345,False
Carbidopa,-0.1216967874927097,0.928,1.0,1.0,0.928,0.9777951219512195,False
Carbimazole,0.146039136473075,0.082,3501346.0,0.0655636432389144,0.082,0.47758793969849245,False
Carbocisteine,0.0150694877597949,0.371,17357309.0,0.1001903578486734,0.371,0.6329857819905214,False
Carbomer,-0.0262215025927917,0.566,34243.0,0.113424641532576,0.566,0.7723057485786481,False
Carbomer 940/980,0.1275315962960703,0.101,5418556.0,0.142843406988873,0.101,0.4891603053435114,False
Carbomer 974P,0.2410900104393792,0.004,122594.0,0.0911300716185131,0.00406,0.22842,False
Carglumic acid,-0.0711997757468774,0.689,7.0,0.1428571428571428,0.689,0.8501996577296063,False
Cariprazine,-0.0693118443174998,0.703,25617.0,0.1534137486825155,0.703,0.8566985915492957,False
Carmellose sodium,0.0096541815567282,0.379,2178502.0,0.0585847522747282,0.379,0.6380670303975058,False
Carteolol hydrochloride,0.029118154001614,0.325,1.0,1.0,0.325,0.6036113499570077,False
Carvedilol,-0.0518709275961697,0.621,3421661.0,0.1081702716896852,0.621,0.8095111647555823,False
Caspofungin,-0.0848454082033054,0.764,12.0,0.5833333333333334,0.764,0.88859291084855,False
Castor oil,0.038442981174778,0.281,79.0,0.2911392405063291,0.281,0.5667226890756303,False
Catheter Maintenance Products,0.6289108008061515,0.001,1145935.0,0.1524824706462408,0.00076,0.1368,True
Catheter Valves,0.6426933353203858,0.001,715911.0,0.199766451416447,0.00064,0.12763636363636363,True
Catheters,0.7017000088208981,0.001,7166891.0,0.2434278685136972,9e-05,0.054,True
Cefaclor,-0.1118132146671953,0.877,19198.0,0.1163662881550161,0.877,0.9576946410515672,False
Cefadroxil,-0.007079918844826,0.424,2042.0,0.1841332027424094,0.424,0.6724229074889867,False
Cefalexin,-0.0191829722169619,0.533,4425438.0,0.0690376862132064,0.533,0.7478529980657641,False
Cefixime,0.0778662799039172,0.17,4589.0,0.0708215297450425,0.17,0.4891603053435114,False
Cefotaxime sodium,0.1847547540486765,0.073,74.0,0.0945945945945946,0.073,0.47758793969849245,False
Cefradine,-0.0628727271476572,0.736,68866.0,0.1921993436528911,0.736,0.873974711379879,False
Ceftazidime pentahydrate,-0.0795099108510446,0.751,524.0,0.767175572519084,0.751,0.8820880913539968,False
Ceftriaxone sodium,0.0073779015316961,0.37,3719.0,0.1718203818230707,0.37,0.6322784810126583,False
Cefuroxime axetil,-0.0485526837657615,0.642,12687.0,0.1053834633877197,0.642,0.8244470868014269,False
Cefuroxime sodium,0.1371581036371576,0.108,430.0,0.2093023255813953,0.108,0.4891603053435114,False
Celecoxib,-0.0345770867019247,0.587,1944379.0,0.1114078068113264,0.587,0.7841187384044526,False
Celiprolol hydrochloride,0.0057063976417758,0.401,109693.0,0.0975176173502411,0.401,0.6583169067475361,False
Cellulose Wadding BP 1988,-0.0453836947748421,0.617,25.0,0.32,0.617,0.8067312348668281,False
Cenobamate,0.0602220589243337,0.224,163078.0,0.0947031481867572,0.224,0.5219417475728155,False
Certolizumab pegol,0.0777145293949821,0.181,6.0,0.3333333333333333,0.181,0.4911557788944723,False
Cervical Collar,0.0686238803329983,0.194,744.0,0.1545698924731182,0.194,0.4947343565525384,True
Cetirizine hydrochloride,0.0953525355927004,0.119,19092235.0,0.0779225166671162,0.119,0.4891603053435114,False
Cetomacrogol,-0.0249177562131539,0.482,206736.0,0.5095677579134742,0.482,0.7150549450549449,False
Cetrimide,0.1692851491929138,0.085,18852.0,0.1106513897729683,0.085,0.47758793969849245,False
Cetrorelix,-0.0336765166850294,0.52,81.0,0.654320987654321,0.52,0.7404087013843111,False
Cetylpyridinium chloride,0.1961555505895254,0.062,3257.0,0.1129874117285845,0.062,0.46499999999999997,False
Charcoal,0.0540559140355504,0.236,5918.0,0.1000337952010814,0.236,0.537154899894626,False
Chenodeoxycholic acid,0.0448398352830347,0.263,31.0,1.0,0.263,0.552069970845481,False
Chiropody Appliances,0.0263297749302638,0.293,10046.0,0.1037228747760302,0.293,0.5774452554744526,True
Chlohexidine gluconate (Emollient),0.0964056703699633,0.144,4223.0,0.1989107269713473,0.144,0.4891603053435114,False
Chloral hydrate,0.2073217910703061,0.036,56883.0,0.0845419545382627,0.03619,0.46499999999999997,False
Chlorambucil,0.0162206312719908,0.338,53.0,0.1132075471698113,0.338,0.6129974811083124,False
Chloramphenicol,0.1868641591881822,0.055,4843760.0,0.0556092787421342,0.055,0.46499999999999997,False
Chlordiazepoxide hydrochloride,-0.0383034304862001,0.597,142582.0,0.062181762073754,0.597,0.7930627306273063,False
Chlorhex hydrochloride,-0.0579983252820054,0.656,747.0,0.1365461847389558,0.656,0.8305744431418524,False
Chlorhexidine acetate,0.009453952238603,0.366,2907.0,0.1513587891296869,0.366,0.6314376996805111,False
Chlorhexidine gluconate,0.3272242353565096,0.028,2309707.0,0.0689096062833943,0.0199,0.46499999999999997,False
Chlorhexidine hydrochloride / Lidocaine hydrochloride,-0.0883501486632316,0.761,2.0,0.5,0.761,0.8870804101457097,False
Chloroprocaine hydrochloride,0.0111335622313412,0.342,2.0,0.5,0.342,0.6145757071547421,False
Chloroquine phosphate,-0.009410432382519,0.47,3426.0,0.3164039696438996,0.47,0.70844382414515,False
Chloroquine phosphate with proguanil hydrochloride,-0.0490802080008249,0.592,3.0,0.3333333333333333,0.592,0.7883600493218249,False
Chlorothiazide,-0.0189909117040495,0.522,10921.0,0.1371669261056679,0.522,0.7417894736842106,False
Chloroxylenol,0.088019930791652,0.149,1349.0,0.2490733876945886,0.149,0.4891603053435114,False
Chlorphenamine maleate,0.2377434263926998,0.042,4173381.0,0.0738466006338745,0.03806,0.46499999999999997,False
Chlorpromazine hydrochloride,0.029166976277813,0.322,976904.0,0.1230131108072031,0.322,0.6036113499570077,False
Chlorpropamide,0.1160483841809574,0.081,1.0,1.0,0.081,0.47758793969849245,False
Chlorprothixene,0.0209318437324042,0.342,2.0,1.0,0.342,0.6145757071547421,False
Chlortalidone,0.6004708821536077,0.015,73697.0,0.1246590770316295,0.0133,0.3882162162162162,False
Cholera,0.0887976424679877,0.136,20762.0,0.0472016183412002,0.136,0.4891603053435114,False
Cholesterol,0.0710490746930044,0.187,84.0,0.7738095238095238,0.187,0.49198538367844097,False
Cholesterol/simvastatin,-0.0260127815111779,0.476,80.0,0.7125,0.476,0.713009708737864,False
Cholic acid,0.0448398352830346,0.263,1.0,1.0,0.263,0.552069970845481,False
Choline salicylate,0.2823871739058071,0.04,88034.0,0.0884658200240816,0.0333,0.46499999999999997,False
Choriogonadotropin alfa,-0.0172021567645636,0.492,701.0,0.1440798858773181,0.492,0.720976933514247,False
Chorionic gonadotrophin,-0.0236929181452474,0.515,183.0,0.3989071038251366,0.515,0.7366887417218544,False
Ciclesonide,-0.0378894645216837,0.541,248358.0,0.1328082848146627,0.541,0.750038510911425,False
Ciclosporin,0.1404916755412988,0.062,233131.0,0.0776430418949002,0.062,0.46499999999999997,False
Ciclosporin (Eye Anti Inflammatory),-0.0551203645960929,0.643,565077.0,0.0726449669691033,0.643,0.82524064171123,False
Cilostazol,0.0539872414832522,0.243,73814.0,0.0970141165632535,0.243,0.5405561277033986,False
Cimetidine,-0.0186796671686626,0.505,352711.0,0.094025987281372,0.505,0.7301204819277108,False
Cinacalcet hydrochloride,0.284922374755286,0.02,400210.0,0.0963943929437045,0.0212,0.46499999999999997,False
Cinnarizine,0.1788743173732047,0.065,1581122.0,0.1154079191865017,0.065,0.4664451827242525,False
Ciprofibrate,-0.0934751982937619,0.819,75269.0,0.1040800329484914,0.819,0.916126359399275,False
Ciprofloxacin,-0.0384243421553894,0.606,2413602.0,0.0552282439275406,0.606,0.7966889835666464,False
Ciprofloxacin/fluocinolone,-0.1335166653011311,0.914,42129.0,0.1875904958579601,0.914,0.9701425061425062,False
Ciprofloxain/dexameth,0.0121013350591276,0.345,874728.0,0.0578591287806038,0.345,0.616887417218543,False
Citalopram hydrobromide,0.1612931968756683,0.058,68029918.0,0.0731671321432432,0.058,0.46499999999999997,False
Citalopram hydrochloride,-0.0049089512811684,0.446,336113.0,0.0550469633724372,0.446,0.6910760401721664,False
Cladribine (Immunomodulating),0.6261021293513624,0.007,12.0,0.6666666666666666,0.00563,0.2574,False
Clarithromycin,-0.0226188442687049,0.529,9789702.0,0.0508993021442327,0.529,0.7478529980657641,False
Clascoterone,0.1593923820300647,0.1,1106.0,0.170886075949367,0.1,0.4891603053435114,False
Clemastine fumarate,0.0739450502248856,0.186,1907.0,0.140534871525957,0.186,0.49198538367844097,False
Clindamycin hydrochloride,-0.0120360146146232,0.44,469484.0,0.0621086128600761,0.44,0.6867052023121387,False
Clindamycin phosphate,0.1733840575160045,0.042,596663.0,0.0598964574642637,0.0481,0.46499999999999997,False
Clindamycin/tretinoin,0.1660666187507803,0.082,298308.0,0.0863469970634377,0.082,0.47758793969849245,False
Clobazam,0.1254957684563178,0.107,1948364.0,0.0857149896015323,0.107,0.4891603053435114,False
Clobetasol propionate,0.2074858492151587,0.052,4843805.0,0.0657070216493025,0.052,0.46499999999999997,False
Clobetasone butyrate,0.0986830615249648,0.143,7339085.0,0.0637613544467736,0.143,0.4891603053435114,False
Clofazimine,-0.046518095938907,0.571,238.0,0.2058823529411764,0.571,0.7755569383945239,False
Clomethiazole,0.0754900412535477,0.181,28778.0,0.213809159774828,0.181,0.4911557788944723,False
Clomethiazole edisilate,-0.1279063456164771,0.918,3509.0,0.5901966372185808,0.918,0.9729538763493621,False
Clomifene citrate,-0.1322747713872405,0.933,13254.0,0.1272823298626829,0.933,0.9811489776046739,False
Clomipramine hydrochloride,-0.0087347886038707,0.489,1135190.0,0.0826522432368149,0.489,0.7195095367847412,False
Clonazepam,-0.0828599504487851,0.815,5287093.0,0.0608094088755389,0.815,0.913544369486248,False
Clonidine hydrochloride,0.0791922313298732,0.153,1906184.0,0.0816862380546683,0.153,0.4891603053435114,False
Clopidogrel,0.2795011508866752,0.014,56618946.0,0.0916441114958233,0.01523,0.4149333333333333,False
Cloral betaine,-0.0924547814397452,0.81,209.0,0.2344497607655502,0.81,0.9103017689906349,False
Clotrimazole,0.191088519092333,0.047,7377049.0,0.0681383572211598,0.04137,0.46499999999999997,False
Clozapine,-0.001351867240881,0.367,15720.0,0.3227099236641221,0.367,0.6320697858842188,False
Co-amilofruse (Amiloride hydrochloride/frusemide),-0.0034860338892985,0.458,973563.0,0.0789892384981762,0.458,0.7006232294617565,False
Co-amilozide (Amiloride hydrochloride/hydrochlorothiazide),-0.0355076256734244,0.579,280675.0,0.0554128440366972,0.579,0.7772778123057799,False
Co-amoxiclav (Amoxicillin/clavulanic acid),0.0037073141544909,0.417,6750001.0,0.0520220663671012,0.417,0.6689135254988913,False
Co-beneldopa (Benserazide/levodopa),0.1122263619572867,0.088,4876354.0,0.1040537664000603,0.088,0.47758793969849245,False
Co-careldopa (Carbidopa/levodopa),0.0003595016508509,0.456,6942745.0,0.061823529454128,0.456,0.6990489709013485,False
Co-codamol (Codeine phosphate/paracetamol),0.2365439251144467,0.009,75479115.0,0.0755045551342248,0.00967,0.3601241379310345,False
Co-codaprin (Codeine phosphate/aspirin),-0.1429083064725598,0.942,12.0,0.25,0.942,0.986086956521739,False
Co-cyprindiol (Cyprote acetate/ethinylestradiol),0.0134850017530194,0.361,273747.0,0.0598472312025337,0.361,0.6292776886035313,False
Co-danthramer (Dantron/poloxamer 188),-0.1261004000190201,0.91,3307.0,0.1152101602661022,0.91,0.9694488188976378,False
Co-danthrusate (Dantron/docusate sodium),0.3476096272493719,0.032,556.0,0.1636690647482014,0.02706,0.46499999999999997,False
Co-dydramol (Dihydrocodeine/paracetamol),0.1664623930348198,0.044,6703789.0,0.084799208328305,0.04139,0.46499999999999997,False
Co-fluampicil(Flucloxacillin/ampicillin),-0.0033503774272616,0.424,1773.0,0.2357586012408347,0.424,0.6724229074889867,False
Co-flumactone (Hydroflumethiazide/spironolactone),-0.1236765441293978,0.907,1184.0,0.2356418918918918,0.907,0.9684231339594662,False
Co-magaldrox (Magnesium/aluminium hydroxide),0.265767352460154,0.032,159984.0,0.1681230623062306,0.03709,0.46499999999999997,False
Co-phenotrope (Diphenox hydrochloride/atropine sulfate),-0.0394347363096759,0.58,6123.0,0.3269639065817409,0.58,0.7781366459627329,False
Co-proxamol (Dextropropoxyphene hydrochloride/paracetamol),0.0151061510412493,0.334,27201.0,0.0790044483658689,0.334,0.6098393913778529,False
Co-simalcite (Simeticone/hydrotalcite),0.2038293800536662,0.064,255.0,0.2509803921568627,0.064,0.4664451827242525,False
Co-tenidone (Atenolol/chlortalidone),0.0237349892505817,0.337,452561.0,0.0565139285090849,0.337,0.6122119428090833,False
Co-triamterzide(Triamterene/hydrochlorothiazide),0.0449212236464358,0.239,47.0,0.1914893617021276,0.239,0.539435736677116,False
Co-trimoxazole(Trimethoprim/sulfamethoxazole),0.1164817595967002,0.156,1226648.0,0.1113481618198537,0.156,0.4891603053435114,False
Co-zidocapt (Hydrochlorothiazide/captopril),-0.0910208391982724,0.79,1.0,1.0,0.79,0.899242105263158,False
Coal tar,0.2446430432539309,0.035,2507497.0,0.0902330092518555,0.03191,0.46499999999999997,False
Coal tar and corticosteroid preparations,-0.2053785274207335,0.993,8.0,0.5,0.993,0.999944055944056,False
Coal tar bath preparations,0.0694597353180614,0.179,4.0,0.5,0.179,0.49065989847715735,False
Cobicistat,0.0426897358185079,0.252,18.0,1.0,0.252,0.544864864864865,False
Cocaine,-0.0950990091743419,0.807,24.0,0.6666666666666666,0.807,0.9090000000000001,False
Cocois,0.2424992691985789,0.048,422380.0,0.07220038827596,0.04446,0.46499999999999997,False
Cod liver oil,0.1688906472880375,0.076,25111.0,0.1766556489188005,0.076,0.47758793969849245,False
Codeine phosphate,0.2413321126962807,0.051,27151816.0,0.1796475049771993,0.051,0.46499999999999997,False
Colchicine,0.1362388671039335,0.045,2773893.0,0.0648276627829552,0.05128,0.46499999999999997,False
Colecalciferol,0.1261568661585926,0.055,134160823.0,0.0822837751971751,0.055,0.46499999999999997,False
Colesevelam hydrochloride,0.0507670335082598,0.274,1008925.0,0.1088683499764601,0.274,0.5588668555240793,False
Colestipol hydrochloride,0.0877980602251873,0.168,13463.0,0.0620961152789125,0.168,0.4891603053435114,False
Colestyramine,0.1232587692675593,0.069,783752.0,0.0775819391848441,0.069,0.4746496815286625,False
Colistimethate sodium,0.1087752639702391,0.124,156056.0,0.1014123135284769,0.124,0.4891603053435114,False
Colostomy Bags,0.6497957629383843,0.003,2327694.0,0.3334858447888769,0.00145,0.1386,True
Colostomy Sets,-0.0911469778578666,0.774,3.0,0.6666666666666666,0.774,0.8930769230769231,True
Combined ethinylestradiol 20mcg,0.1390128712198234,0.093,1896363.0,0.060828016576995,0.093,0.48404819277108435,False
Combined ethinylestradiol 30mcg,0.083450787847419,0.19,11287875.0,0.0601433839407328,0.19,0.4926770708283313,False
Combined ethinylestradiol 35mcg,0.0539419687078264,0.256,604443.0,0.0540265996959183,0.256,0.5485714285714286,False
Combined mestranol,-0.0545054938254437,0.653,1827.0,0.0722495894909688,0.653,0.8296941176470588,False
Compound alginates and proprietary indigestion preparations,0.1573201793849135,0.043,16182.0,0.1006674082313681,0.0539,0.46499999999999997,False
Compound antispasmodic preparations,0.1638517618915667,0.08,296.0,0.1925675675675675,0.08,0.47758793969849245,False
Compound iron preparations,0.1795013730677176,0.059,15.0,0.1333333333333333,0.059,0.46499999999999997,False
Contraceptive Devices,-0.0578212822465701,0.702,167856.0,0.0577220951291583,0.702,0.8566985915492957,False
Coronavirus vaccine,0.0626892753843215,0.218,293.0,0.1228668941979522,0.218,0.5170837867247008,False
Cortisone acetate,0.0126684944216111,0.35,263.0,0.2547528517110266,0.35,0.6206896551724138,False
Crotamiton,0.0484061480804272,0.248,473147.0,0.0686382878893874,0.248,0.5438220424671386,False
Cyanocobalamin,-0.0007746944173093,0.412,10331686.0,0.0704522959757003,0.412,0.6656095736724008,False
Cyclizine hydrochloride,0.075676944808935,0.184,5767049.0,0.0885031495310686,0.184,0.49127317676143384,False
Cyclizine lactate,-0.1408052577079447,0.957,351552.0,0.1498071409066084,0.957,0.9879866730128509,False
Cycloidal Vibration Accessories,-0.0749093141812655,0.699,137.0,0.4087591240875912,0.699,0.8566985915492957,False
Cyclopentolate hydrochloride,0.0760038483122783,0.178,129387.0,0.0910601528747092,0.178,0.4891603053435114,False
Cyclophosphamide,0.1182352140551048,0.116,664.0,0.1189759036144578,0.116,0.4891603053435114,False
Cycloserine,-0.1130752576123104,0.856,40.0,0.75,0.856,0.945276073619632,False
Cyproheptadine hydrochloride,0.0747218973793925,0.167,11738.0,0.1121144999148066,0.167,0.4891603053435114,False
Cyproterone acetate,0.0225636637839556,0.345,136128.0,0.1063484367653972,0.345,0.616887417218543,False
Cytisinicline,-0.0825063714973957,0.77,3872.0,0.1410123966942148,0.77,0.8898876404494382,False
Dabigatran etexilate,0.059323650924892,0.197,1565175.0,0.0667682527512898,0.197,0.49768421052631584,False
Dabrafenib,-0.1035644354906416,0.872,3.0,1.0,0.872,0.9556164383561644,False
Dalteparin sodium,0.1904886837239799,0.047,373303.0,0.0833076616046482,0.04707,0.46499999999999997,False
Danazol,0.1361947857576068,0.105,3160.0,0.1028481012658227,0.105,0.4891603053435114,False
Dantrolene sodium,0.0132821788293904,0.376,170913.0,0.0995886796206257,0.376,0.637875,False
Dapagliflozin,0.1323135072565904,0.128,29110995.0,0.0613417026796919,0.128,0.4891603053435114,False
Dapagliflozin/metformin,0.1098713084313373,0.124,414363.0,0.113154408091456,0.124,0.4891603053435114,False
Dapoxetine hydrochloride,0.3265077369539925,0.026,35757.0,0.1320860251139637,0.02573,0.46499999999999997,False
Dapsone,0.0249560040844434,0.323,121414.0,0.1102920585764409,0.323,0.6036113499570077,False
Daptomycin,-0.1307483154159169,0.893,16.0,0.4375,0.893,0.9620349127182045,False
Darbepoetin alfa,-0.0045588100934534,0.417,29540.0,0.3394380501015572,0.417,0.6689135254988913,False
Daridorexant,0.0051083395726109,0.423,165884.0,0.1219285765956933,0.423,0.6724229074889867,False
Darifenacin hydrobromide,0.0309263550278894,0.347,511003.0,0.1506644775079598,0.347,0.6184158415841584,False
Darunavir,0.0964210971706419,0.122,96.0,0.2916666666666667,0.122,0.4891603053435114,False
Darunavir/cobicistat,0.1044959144802286,0.147,23.0,0.217391304347826,0.147,0.4891603053435114,False
Dasatinib,-0.18673439901884,0.982,12.0,0.25,0.982,0.9934988290398126,False
Debridement Device,0.0412495715184054,0.291,256060.0,0.2963953760837304,0.291,0.5750777676120769,False
Deferasirox,0.4954534755476601,0.01,1014.0,0.3136094674556213,0.00882,0.3463854545454545,False
Deferiprone,-0.0912223228362429,0.793,353.0,0.2096317280453258,0.793,0.9000945874934315,False
Deflazacort,0.0120607305626546,0.384,25465.0,0.122795994502258,0.384,0.6419814241486068,False
Degarelix,0.0174713146407225,0.363,151227.0,0.2538766225607861,0.363,0.6292776886035313,False
Delgocitinib,-0.1608681506091807,0.965,17.0,0.2352941176470588,0.965,0.9894915254237288,False
Demeclocycline hydrochloride,0.0005401431081157,0.399,25117.0,0.0726201377553051,0.399,0.6563899466869764,False
Dengue fever,-0.0014893014178096,0.427,8.0,0.625,0.427,0.6747037307973665,False
Denosumab,0.0840574589565053,0.158,489023.0,0.1464102915404797,0.158,0.4891603053435114,False
Deodorants,0.6503369350560747,0.003,454526.0,0.3423258515464462,0.00217,0.1704857142857143,True
Depigmenting agents,0.1837771521283107,0.078,4930.0,0.1304259634888438,0.078,0.47758793969849245,False
Dequalinium chloride,0.0480232986272941,0.265,2575.0,0.109126213592233,0.265,0.5546511627906977,False
Desferrioxamine mesilate,-0.035872819160093,0.573,26.0,0.8076923076923077,0.573,0.7755569383945239,False
Desloratadine,0.1811983088005941,0.048,851950.0,0.0869346792652151,0.05339,0.46499999999999997,False
Desmopressin acetate,0.01702103244387,0.399,1564772.0,0.0690797125715439,0.399,0.6563899466869764,False
Desogestrel,0.2172958294610236,0.014,14926144.0,0.0715595400928732,0.00916,0.3533142857142857,False
Detection Sensor Interstitial Fluid/Gluc,0.0757192812926448,0.148,13488798.0,0.0659129152946022,0.148,0.4891603053435114,True
Dev For Fungal Nail Infections,0.2387623208630827,0.043,3051.0,0.0789904949196984,0.04328,0.46499999999999997,False
Dexamethasone,0.0810963292527214,0.138,9954026.0,0.0575635426308912,0.138,0.4891603053435114,False
Dexamethasone phosphate,0.0627885487001314,0.222,74224.0,0.1257544729467557,0.222,0.5195232936078006,False
Dexamethasone sodium metasulphobenzoate,0.0641492780207958,0.211,276221.0,0.0484901582428562,0.211,0.5097986577181208,False
Dexamethasone sodium phosphate,0.0008508203582833,0.39,2226.0,0.2196765498652291,0.39,0.648,False
Dexamfetamine sulfate,0.0530139249099302,0.232,698560.0,0.0754867155290884,0.232,0.5319745222929937,False
Dexibuprofen,-0.0343401545574512,0.536,3.0,0.3333333333333333,0.536,0.7478529980657641,False
Dexketoprofen,-0.0138042852828309,0.457,5045.0,0.0935579781962338,0.457,0.7000851063829787,False
Dexpanthenol,0.223772786574481,0.041,66759.0,0.10182896688087,0.03304,0.46499999999999997,False
Dextromethorphan hydrobrom compound prepartions,0.1420079489243195,0.096,266.0,0.1353383458646616,0.096,0.48676056338028173,False
Dextromethorphan hydrobromide,0.0100836255691568,0.36,6502.0,0.1862503844970778,0.36,0.629126213592233,False
Diamorphine hydrochloride,-0.0749514926919731,0.716,4.0,0.25,0.716,0.864,False
Diamorphine hydrochloride (Systemic),0.0405495013990076,0.293,55945.0,0.118527124854768,0.293,0.5774452554744526,False
Diazepam,0.180009164340881,0.031,21236310.0,0.0663964219772644,0.03035,0.46499999999999997,False
Diazoxide,-0.0834673953997641,0.766,11079.0,0.1230255438216445,0.766,0.88859291084855,False
Dibasic potassium phosphate,-0.1675989577180827,1.0,1.0,1.0,1.0,1.0,False
Dibrompropamidine isetionate,-0.0122485619969085,0.461,2254.0,0.2258207630878438,0.461,0.7037173144876325,False
Diclofenac diethyl,0.2207879057656695,0.038,11747140.0,0.1046567930577144,0.04052,0.46499999999999997,False
Diclofenac potassium,0.1600729383695263,0.073,44873.0,0.0831011967107169,0.073,0.47758793969849245,False
Diclofenac sod,-0.0172354349761676,0.481,79.0,0.189873417721519,0.481,0.7150549450549449,False
Diclofenac sodium,0.1533410722003163,0.064,2864896.0,0.0553768793003306,0.064,0.4664451827242525,False
Dicycloverine hydrochloride,-0.0244312088529981,0.556,118439.0,0.1046023691520529,0.556,0.763969465648855,False
Dicycloverine hydrochloride compound preparations,0.0321483284141904,0.314,21309.0,0.1171336055187948,0.314,0.5970422535211267,False
Dienogest,0.1339917773549042,0.08,66143.0,0.0746413074701782,0.08,0.47758793969849245,False
Diethylamine salicylate,0.0889681107258028,0.168,615040.0,0.1258536030176899,0.168,0.4891603053435114,False
Diethylstilbestrol,-0.0725887514712539,0.723,12909.0,0.1022542412270509,0.723,0.866393351800554,False
Diflucortolone valerate,0.0807539418596941,0.188,5997.0,0.1190595297648824,0.188,0.4922181818181818,False
Digoxin,0.138453670456334,0.083,12938288.0,0.0755372735558213,0.083,0.47758793969849245,False
Dihydrocodeine tartrate,-0.1204314239551054,0.935,7151351.0,0.0846873548788194,0.935,0.9827737226277373,False
Diloxanide furoate,-0.0958264494891428,0.798,4.0,0.25,0.798,0.9038699528054537,False
Diltiazem hydrochloride,0.0339623973880011,0.283,10948373.0,0.085549058293867,0.283,0.5674745605920444,False
Dimenhydrinate/cinnarizine,0.0451228555418275,0.26,23497.0,0.0888198493424692,0.26,0.552069970845481,False
Dimethyl fumar,-0.0815807373244797,0.753,489.0,0.1942740286298568,0.753,0.8829967426710098,False
Dimethyl sulfoxide,-0.1155173825720815,0.89,4.0,0.75,0.89,0.9620349127182045,False
Dimeticone (Barrier),-0.1132638616032165,0.865,394919.0,0.1260486327576034,0.865,0.9503560528992879,False
Dimeticone (Parasiticidal),0.2245248624257166,0.056,21149.0,0.1405740224124072,0.056,0.46499999999999997,False
Dinoprostone,0.0748082199934257,0.184,10.0,0.5,0.184,0.49127317676143384,False
Diosmin/hesperidin,0.002595192515305,0.402,4.0,0.75,0.402,0.6583169067475361,False
Diphenhydramine hydrochloride,0.0641609153685461,0.203,151639.0,0.087688523400972,0.203,0.5028440366972478,False
Diphenhydramine hydrochloride/pholcodine,-0.1675989577180827,1.0,1.0,1.0,1.0,1.0,False
Diphtheria,-0.0104106108804648,0.473,1040383.0,0.0636669380410867,0.473,0.7104867872044506,False
Dipipanone hydrochloride,0.072636911442622,0.177,5531.0,0.1256553968540951,0.177,0.4891603053435114,False
Dipyridamole,0.0359841628138849,0.298,721904.0,0.071181209689931,0.298,0.5814634146341463,False
Dipyridamole and aspirin,-0.0970693916537803,0.842,123.0,0.1544715447154471,0.842,0.9331554643406875,False
Discharge Solidifying Agents,0.5996485813500105,0.003,150613.0,0.2185468717839761,0.00273,0.19021935483870966,True
Disodium edetate,-0.1392698281606344,0.946,35.0,0.8285714285714286,0.946,0.9861776061776061,False
Disopyramide,0.0996984460518629,0.114,50119.0,0.0707117061393882,0.114,0.4891603053435114,False
Disopyramide phosphate,0.0947875767293955,0.144,17015.0,0.0698795180722891,0.144,0.4891603053435114,False
Distigmine bromide,-0.01268887997642,0.447,237.0,0.4345991561181435,0.447,0.6921290322580645,False
Disulfiram,0.1066952791335556,0.127,109958.0,0.1350788482875279,0.127,0.4891603053435114,False
Dithranol,0.0099192938128592,0.377,5177.0,0.0958083832335329,0.377,0.637875,False
Docusate sodium,0.1309563029128183,0.101,12503864.0,0.1642137982306909,0.101,0.4891603053435114,False
Dolutegravir,-0.0533027027821057,0.642,218.0,0.2431192660550458,0.642,0.8244470868014269,False
Dolutegravir/lamivudine,-0.1009086803914161,0.859,80.0,0.1375,0.859,0.9466530612244898,False
Dolutegravir/rilpivirine,0.0058776681338726,0.383,24.0,0.625,0.383,0.6413023255813953,False
Domperidone,0.0585132485922232,0.216,1296203.0,0.0570504774329329,0.216,0.5161061946902655,False
Donepezil hydrochloride,0.1317445609733427,0.088,9998773.0,0.0961855019610906,0.088,0.47758793969849245,False
Doravirine,-0.0368130020451376,0.604,64.0,0.90625,0.604,0.796343692870201,False
Doravirine/lamivudine/tenofovir disoproxil,-0.1216967874927087,0.928,3.0,1.0,0.928,0.9777951219512195,False
Dornase alfa,-0.0675183598024612,0.724,23214.0,0.276341862669079,0.724,0.866393351800554,False
Dorzolamide,0.0626551537943975,0.203,2363623.0,0.0521386024759447,0.203,0.5028440366972478,False
Dorzolamide and timolol,0.0155332761212537,0.349,4403130.0,0.055595678528683,0.349,0.6204444444444444,False
Dosulepin hydrochloride,-0.0165274857500421,0.463,1746072.0,0.0587089192198259,0.463,0.705772759350741,False
Douches,-0.0393075018145094,0.577,30.0,0.4666666666666667,0.577,0.7755569383945239,False
Doxazosin mesilate,0.1029330480770474,0.123,36003037.0,0.0617322366443697,0.123,0.4891603053435114,False
Doxepin,-0.0574418516379721,0.665,85674.0,0.095968438499428,0.665,0.8346310284718188,False
Doxepin hydrochloride,-0.0156039169950385,0.535,17235.0,0.0838410211778358,0.535,0.7478529980657641,False
Doxycycline hyclate,0.1747429692976756,0.056,19263428.0,0.0676873814982463,0.056,0.46499999999999997,False
Doxycycline monohydrate,-0.0152651050121735,0.482,256175.0,0.0780716307211866,0.482,0.7150549450549449,False
Doxylamine succinate/pyridoxine hydrochloride,-0.0219078849502425,0.53,157033.0,0.079340011335197,0.53,0.7478529980657641,False
Drainable Dribbling Appliances,-0.0117835958142765,0.416,32.0,0.46875,0.416,0.6689135254988913,True
Dronabinol/cannabidiol,-0.0804506767317311,0.779,21992.0,0.184521644234267,0.779,0.8945454545454546,False
Dronedarone hydrochloride,0.0014916666649902,0.395,94348.0,0.2231737821681434,0.395,0.6547966231772833,False
Drospirenone,0.0754616960777691,0.155,58290.0,0.070955566992623,0.155,0.4891603053435114,False
Drospirenone and Estetrol,-0.033569448820488,0.576,2187.0,0.1015089163237311,0.576,0.7755569383945239,False
Dry Mouth Products,0.0384004377577443,0.27,2422544.0,0.0743049455448487,0.27,0.5586206896551724,False
Dulaglutide,-0.0326917372194549,0.586,4685955.0,0.0582152410767922,0.586,0.7832673267326733,False
Duloxetine hydrochloride,0.1950206429966259,0.036,21663594.0,0.1255115840889558,0.03996,0.46499999999999997,False
Dutasteride,0.0025935689339216,0.391,1405773.0,0.0701393468219975,0.391,0.649162182936203,False
Dydrogesterone,0.0843826094958782,0.16,838.0,0.094272076372315,0.16,0.4891603053435114,False
Econazole nitrate,0.069752626286763,0.193,28373.0,0.0577309413879392,0.193,0.4947343565525384,False
Edoxaban,0.0801075486856301,0.142,17819290.0,0.0722484453645459,0.142,0.4891603053435114,False
Efavirenz,-0.0855968745040125,0.776,28.0,0.2857142857142857,0.776,0.8939520000000001,False
Efavirenz/emtricitabine/tenofovir disoproxil,0.0295447994812425,0.284,33.0,0.2727272727272727,0.284,0.5674745605920444,False
Eflornithine monohydrate chloride,0.1854640751964248,0.009,131791.0,0.0850740945891601,0.00521,0.25008,False
Elafibranor,0.1099554414751097,0.12,1.0,1.0,0.12,0.4891603053435114,False
Elastic Hosiery,0.015876827858716,0.363,2188458.0,0.1401141808524541,0.363,0.6292776886035313,False
Elbasvir/grazoprevir,-0.1610584692735707,0.975,59.0,0.6949152542372882,0.975,0.9905926622765757,False
Eletriptan,-0.071411858508927,0.721,100900.0,0.1261149653121903,0.721,0.8652,False
Eltrombopag,0.1327928546186757,0.114,506.0,0.2312252964426877,0.114,0.4891603053435114,False
Eluxadoline,-0.0204722299428816,0.491,8.0,0.375,0.491,0.720976933514247,False
Emedastine,0.1160483841809574,0.081,1.0,1.0,0.081,0.47758793969849245,False
Emollient bath and shower preparations,0.1061181430681938,0.132,2483051.0,0.0923158646358854,0.132,0.4891603053435114,False
Emollients,0.344877546439179,0.006,48809438.0,0.0745028861016592,0.00382,0.22842,False
Empagliflozin,0.1891952168127135,0.042,17043240.0,0.0724993017759534,0.03679,0.46499999999999997,False
Empagliflozin/linagliptin,0.1248610374414633,0.107,35670.0,0.1502102607232968,0.107,0.4891603053435114,False
Empagliflozin/metformin,0.1294049004920447,0.112,587537.0,0.1268754138037264,0.112,0.4891603053435114,False
Emtricitabine,0.1051825464164806,0.114,23.0,0.9130434782608696,0.114,0.4891603053435114,False
Emtricitabine and tenofovir alafenamide,0.0011980353574762,0.419,342.0,0.1842105263157894,0.419,0.6689135254988913,False
Emtricitabine and tenofovir disoproxil,0.0127742433977938,0.363,447.0,0.3266219239373601,0.363,0.6292776886035313,False
Emulsifying wax,0.1659639626497162,0.083,131546.0,0.1196767670624724,0.083,0.47758793969849245,False
Enalapril maleate,-0.0654370485977011,0.742,6241548.0,0.0633200289415382,0.742,0.8758032786885246,False
Enalapril maleate with diuretic,0.1792027867169431,0.06,43552.0,0.068171381337252,0.06,0.46499999999999997,False
Enoxaparin,0.1120491589449832,0.103,646001.0,0.0837042047922526,0.103,0.4891603053435114,False
Enoximone,-0.0997167437078897,0.802,2.0,0.5,0.802,0.9069738219895289,False
Entacapone,0.0326229744023159,0.316,210615.0,0.0502623269947534,0.316,0.5982120946538125,False
Entecavir,0.0304415895663403,0.295,11991.0,0.4011341839713118,0.295,0.5792727272727272,False
Enteral nutrition,0.0928788480242963,0.144,8461982.0,0.0782701972185712,0.144,0.4891603053435114,False
Enzalutamide,0.0229205883169857,0.316,331.0,0.1178247734138972,0.316,0.5982120946538125,False
Ephedrine hydrochloride,0.0065929820530144,0.388,16056.0,0.0664549078226208,0.388,0.6456702619414484,False
Epinastine hydrochloride,-0.0935978493801289,0.816,8201.0,0.0774295817583221,0.816,0.9137169517884914,False
Eplerenone,0.1078094851235412,0.125,7265352.0,0.0835618150366286,0.125,0.4891603053435114,False
Epoetin alfa,-0.0912906377270051,0.773,4093.0,0.2670412900073295,0.773,0.8928770053475936,False
Epoetin beta,0.0550546938225519,0.221,3476.0,0.2997698504027618,0.221,0.5183061889250814,False
Epoetin zeta,-0.1640263859569335,0.958,395.0,0.2987341772151898,0.958,0.9879866730128509,False
Eprosartan,-0.1248579379781391,0.908,159721.0,0.0949593353410008,0.908,0.9690118577075099,False
Erdosteine,-0.0573019253041034,0.638,41551.0,0.1650501792977305,0.638,0.8227343283582089,False
Erectile Dysfunction Devices,0.1460050746313033,0.087,49761.0,0.2282510399710616,0.087,0.47758793969849245,False
Erenumab,-0.0897507052214282,0.779,53.0,0.7924528301886793,0.779,0.8945454545454546,False
Erenumab (old),-0.0988106047610258,0.801,16.0,0.375,0.801,0.9067924528301887,False
Ergocalciferol,0.0835933490902948,0.189,290169.0,0.0752630363684611,0.189,0.4924487334137515,False
Ergometrine maleate,0.1160483841809561,0.081,7.0,1.0,0.081,0.47758793969849245,False
Ergotamine tartrate,0.050525887030695,0.223,115.0,0.1652173913043478,0.223,0.5207351351351351,False
Erlotinib,-0.0809886491021742,0.714,3.0,0.3333333333333333,0.714,0.8630330162283156,False
Ertapenem sodium,-0.0744484926775952,0.726,474.0,0.6033755274261603,0.726,0.866865671641791,False
Ertugliflozin,0.0205456867079826,0.336,60701.0,0.1092897975321658,0.336,0.6114237573715249,False
Erythromycin,0.0237198175878354,0.327,2345522.0,0.0616203983590859,0.327,0.6055384615384616,False
Erythromycin ethylsuccinate,0.0409913934064171,0.281,905631.0,0.060325894321197,0.281,0.5667226890756303,False
Erythromycin lactobionate,0.1360194844359122,0.093,2.0,0.5,0.093,0.48404819277108435,False
Erythromycin stearate,0.1822877102663391,0.063,47517.0,0.0712797525096281,0.063,0.4664451827242525,False
Escitalopram,0.0024647157999027,0.411,9028413.0,0.0626391371329601,0.411,0.6656095736724008,False
Eslicarbazepine acetate,0.0734516118691992,0.206,183031.0,0.177734919221334,0.206,0.5062116040955631,False
Esomeprazole,0.0983313823610262,0.12,13478988.0,0.0741189917225239,0.12,0.4891603053435114,False
Estradiol,0.2100774655055498,0.029,30127113.0,0.065612958002315,0.03236,0.46499999999999997,False
Estradiol and estriol with progestogen,-0.0106381499053978,0.456,22545.0,0.0826347305389221,0.456,0.6990489709013485,False
Estradiol and nomegestrol,0.0913871486907354,0.175,25225.0,0.0659663032705649,0.175,0.4891603053435114,False
Estradiol valandestradiol valerate with dienogest,0.1349336246318022,0.102,32908.0,0.0620517807220128,0.102,0.4891603053435114,False
Estradiol valerate,0.029305679536691,0.31,549149.0,0.0587144836829348,0.31,0.5967914438502674,False
Estradiol with progestogen,0.2502535798234747,0.017,10650657.0,0.0670186825094451,0.01556,0.4149333333333333,False
"Estradiol, estriol and estrone",-0.1425716059835847,0.951,21.0,0.9523809523809524,0.951,0.9879866730128509,False
Estriol,0.2156300762958608,0.021,6061247.0,0.059729293328584,0.0222,0.46499999999999997,False
Eszopiclone,-0.0673261426040338,0.703,113.0,0.1238938053097345,0.703,0.8566985915492957,False
Etamsylate,-0.1781485440483532,0.987,6.0,0.3333333333333333,0.987,0.9962242990654206,False
Etanercept,-0.0536540306395977,0.663,302.0,0.4569536423841059,0.663,0.8335739231664727,False
Ethambutol hydrochloride,0.0540610471160149,0.239,12402.0,0.136026447347202,0.239,0.539435736677116,False
Ethinylestradiol,0.0601739094099847,0.235,356.0,0.1938202247191011,0.235,0.5360084477296726,False
Ethosuximide,-0.0442737206729488,0.606,223564.0,0.0624250773827628,0.606,0.7966889835666464,False
Etidronate disodium,-0.1700967530474328,0.985,5.0,0.8,0.985,0.9956013102480112,False
Etilefrine hydrochloride,0.1198225962660665,0.131,101.0,0.3069306930693069,0.131,0.4891603053435114,False
Etodolac,0.283192839672354,0.027,382640.0,0.1664201338072339,0.03027,0.46499999999999997,False
Etomidate,-0.0287866620060516,0.47,1.0,1.0,0.47,0.70844382414515,False
Etonogestrel,0.0768548654105111,0.177,532032.0,0.0714806628172741,0.177,0.4891603053435114,False
Etonogestrel/ethinylestradiol,0.1462641284417885,0.095,76759.0,0.118201122995349,0.095,0.4862559241706161,False
Etoposide,-0.0844019935808653,0.757,4.0,0.75,0.757,0.8843266630611142,False
Etoricoxib,-0.012910605276881,0.499,2443283.0,0.0786892062851499,0.499,0.7267833109017496,False
Etravirine,-0.0332754414414832,0.537,1.0,1.0,0.537,0.7478529980657641,False
Etynodiol diacetate,-0.1675989577180839,1.0,11.0,1.0,1.0,1.0,False
Everolimus,-0.0385593871464015,0.576,60.0,0.4,0.576,0.7755569383945239,False
Evolocumab,0.0871188441200438,0.167,8031.0,0.6555846096376541,0.167,0.4891603053435114,False
Exemestane,0.0539957507773164,0.27,823311.0,0.0612891118908893,0.27,0.5586206896551724,False
Exenatide,0.0625950066243922,0.217,255161.0,0.0681961585038466,0.217,0.5167805953693495,False
Eye Products,0.1901936507091887,0.05,40194910.0,0.0685069079642173,0.05,0.46499999999999997,False
Ezetimibe,0.1483076679294744,0.065,17739615.0,0.0867927517028977,0.065,0.4664451827242525,False
Faecal Collectors,0.6675136473538309,0.002,16156.0,0.3982421391433523,0.00114,0.1386,True
Famciclovir,0.0485098509306452,0.229,31541.0,0.0685139976538473,0.229,0.529593147751606,False
Famotidine,0.0635294720524483,0.218,12146908.0,0.0652661566219156,0.218,0.5170837867247008,False
Fampridine,-0.1619190086346287,0.977,113.0,0.5132743362831859,0.977,0.9912259276655707,False
Febuxostat,-0.0540285035123826,0.64,986747.0,0.0856207315553024,0.64,0.8238379022646007,False
Felbamate,-0.0729444111226281,0.677,279.0,0.2437275985663082,0.677,0.8416551724137931,False
Felbinac,0.0949686830359421,0.14,1128.0,0.1054964539007092,0.14,0.4891603053435114,False
Felodipine,0.034196254974262,0.334,19407145.0,0.1059109930904313,0.334,0.6098393913778529,False
Fenofibrate,-0.0455553062741433,0.705,2956899.0,0.0792891471774991,0.705,0.8574324324324324,False
Fenofibrate/simvastatin,0.0987579680803779,0.161,92.0,0.1521739130434782,0.161,0.4891603053435114,False
Fenoterol hydrobromide,-0.103195611094814,0.846,1.0,1.0,0.846,0.9361475409836065,False
Fentanyl,0.0861403479845589,0.133,3753858.0,0.0724769024294472,0.133,0.4891603053435114,False
Fentanyl citrate,0.0081318911393785,0.373,5779.0,0.3318913306800484,0.373,0.6353943217665615,False
Fenticonazole nitrate,-0.1327322949671741,0.901,4.0,0.25,0.901,0.9653571428571429,False
Ferric maltol,0.07641614962022,0.2,96133.0,0.1674659066085527,0.2,0.5005793742757821,False
Ferrous calcium citrate,-0.0346768546837539,0.605,1.0,1.0,0.605,0.796343692870201,False
Ferrous fumarate,0.1437078657405333,0.077,25064117.0,0.0772534296739837,0.077,0.47758793969849245,False
Ferrous gluconate,0.0408096142868462,0.278,1387917.0,0.0881767425573719,0.278,0.5643609022556391,False
Ferrous sulfate,0.0629805606856195,0.206,17051269.0,0.0791269553016845,0.206,0.5062116040955631,False
Fesoterodine fumarate,0.2090629448403107,0.023,952091.0,0.0902823364573344,0.02433,0.46499999999999997,False
Fexofenadine hydrochloride,0.1198285043847841,0.113,28214417.0,0.0675671235737389,0.113,0.4891603053435114,False
Fezolinetant,0.0240927473549701,0.343,2671.0,0.0879820292025458,0.343,0.614838174273859,False
Fidaxomicin,0.0771562690664602,0.187,5050.0,0.092079207920792,0.187,0.49198538367844097,False
Filgotinib,-0.0243354901998403,0.481,19.0,0.3157894736842105,0.481,0.7150549450549449,False
Filgrastim,-0.1188277250079199,0.874,832.0,0.141826923076923,0.874,0.9563525835866261,False
Filters/Bridges,0.6145413918501129,0.004,16411.0,0.2218633843153982,0.00165,0.14256,True
Finasteride,0.1539919587896127,0.081,21154075.0,0.070291752298316,0.081,0.47758793969849245,False
Finerenone,0.1410448821753997,0.084,50117.0,0.094678452421334,0.084,0.47758793969849245,False
Fingolimod,-0.1026044019435303,0.811,91.0,0.2197802197802197,0.811,0.9104781704781706,False
Flanges,0.1229507934489175,0.103,1077.0,0.4289693593314763,0.103,0.4891603053435114,False
Flavoxate hydrochloride,0.1107846767283929,0.121,54801.0,0.1788653491724603,0.121,0.4891603053435114,False
Flecainide acetate,0.053709772790663,0.252,2298256.0,0.0532029504110943,0.252,0.544864864864865,False
Flubiprofen,0.0439177825856558,0.238,3039.0,0.0812767357683448,0.238,0.5394333683105981,False
Flucloxacillin magnesium,-0.1333126072716694,0.928,27.0,0.2592592592592592,0.928,0.9777951219512195,False
Flucloxacillin sodium,0.028109263150402,0.313,19360736.0,0.0620598307832925,0.313,0.5970422535211267,False
Fluconazole,0.1330750897730091,0.109,2778614.0,0.0619136015293955,0.109,0.4891603053435114,False
Fludarabine phosphate,-0.0505220110093889,0.602,7.0,0.2857142857142857,0.602,0.7957894736842105,False
Fludrocortisone acetate,0.0961935173260289,0.156,3186015.0,0.0689224627002697,0.156,0.4891603053435114,False
Fludroxycortide,0.0864219964168785,0.142,274796.0,0.0663801510939023,0.142,0.4891603053435114,False
Flumazenil,-0.0575349544688474,0.649,5.0,0.4,0.649,0.8280212640283521,False
Flumetasone pivalate,-0.0241708552302042,0.517,66236.0,0.1466121142581073,0.517,0.7380832782551223,False
Flunarizine dihydrochloride,-0.1747479638084464,0.993,8084.0,0.1062592775853537,0.993,0.999944055944056,False
Flunisolide,-0.1239161678521882,0.888,14.0,0.8571428571428571,0.888,0.9620349127182045,False
Fluocinolone acetonide,0.0743162352738485,0.178,343746.0,0.0793871055954105,0.178,0.4891603053435114,False
Fluocinonide,-0.0156351592558672,0.471,36318.0,0.1290544633515061,0.471,0.7089616724738675,False
Fluocortolone,-0.082056997250537,0.785,1494.0,0.1211512717536813,0.785,0.897617787188989,False
Fluorescein sodium,0.10593068015836,0.13,1917.0,0.1371935315597287,0.13,0.4891603053435114,False
Fluorometholone,0.0734896198407586,0.194,388104.0,0.0576211530929853,0.194,0.4947343565525384,False
Fluorouracil (Antimetabolites),0.2058937836006215,0.041,50862.0,0.081082143840195,0.04334,0.46499999999999997,False
Fluorouracil (Sunscreen),0.125978714399023,0.047,1153585.0,0.0607575514591469,0.05761,0.46499999999999997,False
Fluoxetine hydrochloride,0.2513717084872835,0.028,37050811.0,0.1014826369117804,0.02825,0.46499999999999997,False
Flupentixol decanoate,0.2464305421532073,0.007,184989.0,0.1060225202579612,0.00693,0.3054857142857143,False
Flupentixol hydrochloride,-0.1064801082794514,0.846,827373.0,0.0808027334708771,0.846,0.9361475409836065,False
Fluphenazine decanoate,0.0549545538259879,0.221,468.0,0.1816239316239316,0.221,0.5183061889250814,False
Fluphenazine hydrochloride,-0.0696704392283674,0.678,418.0,0.2033492822966507,0.678,0.8416551724137931,False
Flurazepam hydrochloride,-0.0740742370913801,0.703,13.0,0.2307692307692307,0.703,0.8566985915492957,False
Flurbiprofen,0.0773080010184661,0.167,10567.0,0.0950127756222201,0.167,0.4891603053435114,False
Flurbiprofen sodium,-0.1180405022522131,0.873,564.0,0.1436170212765957,0.873,0.9562271805273834,False
Flutamide,0.0654824320352265,0.214,1225.0,0.2253061224489796,0.214,0.5124611973392461,False
Fluticasone furoate,0.1145996218640438,0.144,7655175.0,0.0829355305397982,0.144,0.4891603053435114,False
Fluticasone furoate (Inhalation),0.1082221528668479,0.126,5833926.0,0.1063242831671159,0.126,0.4891603053435114,False
Fluticasone furoate/vilanterol,0.0711762693389421,0.219,3008124.0,0.1130272555253706,0.219,0.5170837867247008,False
Fluticasone propionate (Inhalation),-0.0816438074613983,0.797,15800100.0,0.0644214277124828,0.797,0.9036850393700787,False
Fluticasone propionate (Nasal),-0.025703455526913,0.518,4850193.0,0.0646159853844991,0.518,0.7390224570673712,False
Fluticasone propionate (Topical),0.0211366605537394,0.34,17452.0,0.1861677744671097,0.34,0.6145757071547421,False
Fluticasone propionate/azelastine hydrochloride (Nasal),0.1591728105899204,0.024,3117019.0,0.0905785303201552,0.0211,0.46499999999999997,False
Fluticasone/umeclidinium/vilanterol,0.2237615473513561,0.029,3118708.0,0.0922013218294242,0.02402,0.46499999999999997,False
Fluvastatin sodium,-0.0267970077410233,0.572,443348.0,0.0647076337324178,0.572,0.7755569383945239,False
Fluvoxamine maleate,-0.0354177359547449,0.634,113348.0,0.0728993894907717,0.634,0.8195332136445242,False
Foam,-0.0451468588288922,0.572,51.0,0.3529411764705882,0.572,0.7755569383945239,False
Folic acid,0.1007214320742834,0.147,46156136.0,0.0682662647497182,0.147,0.4891603053435114,False
Follitropin alfa,0.0776992762853337,0.18,77.0,0.3116883116883117,0.18,0.4911557788944723,False
Follitropin alfa and lutropin alfa,0.0958262514461133,0.172,5.0,0.4,0.172,0.4891603053435114,False
Fondaparinux sodium,0.1342380689498895,0.104,5921.0,0.178348251984462,0.104,0.4891603053435114,False
Food replacer discontinued or OTC cakes (0913451),0.0171343623460881,0.378,1.0,1.0,0.378,0.637875,False
Food replacer discontinued or OTC egg replacer (0913451),0.1387541257085181,0.133,60.0,0.3833333333333333,0.133,0.4891603053435114,False
Food replacer discontinued or OTC meat/fish (0913451),-0.0809141876754306,0.742,38.0,0.3947368421052631,0.742,0.8758032786885246,False
Food replacer discontinued or OTC milk (0913451),-0.0186424674683923,0.478,39.0,0.282051282051282,0.478,0.7150138504155125,False
Food replacer discontinued or OTC pasta (0913451),-0.1515470174425291,0.98,6.0,0.8333333333333334,0.98,0.9928705440900564,False
Food replacer discontinued or OTC pizza bases (0913451),0.0575016158948329,0.262,13.0,0.4615384615384615,0.262,0.552069970845481,False
Food replacer discontinued or OTC rolls/baguettes (0913451),-0.1692358218273582,0.972,22.0,0.2272727272727272,0.972,0.9894915254237288,False
Food replacer discontinued or OTC savoury biscuits (0913451),-0.1554554257198651,0.978,102.0,0.803921568627451,0.978,0.991774647887324,False
Food replacer discontinued or OTC spreads (0913451),-0.1412680210742251,0.959,28.0,0.8928571428571429,0.959,0.9879866730128509,False
Formaldehyde,0.0946961823900088,0.174,575.0,0.1026086956521739,0.174,0.4891603053435114,False
Formoterol fumarate,0.1076944375163457,0.124,351966.0,0.0794650619662126,0.124,0.4891603053435114,False
Formoterol/glycopyrronium/budesonide,0.0516075029028653,0.187,756242.0,0.139377342173537,0.187,0.49198538367844097,False
Fosamprenavir calcium,-0.012703303169689,0.384,1.0,1.0,0.384,0.6419814241486068,False
Fosfomycin calcium,0.1695650131661051,0.084,94.0,0.2553191489361702,0.084,0.47758793969849245,False
Fosfomycin trometamol,-0.0830021595251472,0.78,749335.0,0.0926808436813975,0.78,0.8952178533475026,False
Fosinopril sodium,0.0278544998964336,0.328,10050.0,0.1058706467661691,0.328,0.6055384615384616,False
Fosphenytoin sodium,0.2100878006177073,0.071,7.0,0.2857142857142857,0.071,0.47758793969849245,False
Freeze sprays and gels,0.0624208289356017,0.232,1041.0,0.2747358309317964,0.232,0.5319745222929937,False
Fremanezumab,-0.1695091529431649,0.969,65.0,0.3692307692307692,0.969,0.9894915254237288,False
Frovatriptan,-0.1354832666480853,0.92,300363.0,0.085346730456148,0.92,0.9745953898970083,False
Fructose,-0.0471558266031669,0.599,27.0,0.7777777777777778,0.599,0.7942541436464088,False
Fulvestrant,0.0156810818115079,0.371,1687.0,0.8636633076467102,0.371,0.6329857819905214,False
Fumaric acid,-0.1675989577180827,1.0,1.0,1.0,1.0,1.0,False
Furosemide,0.064186693205236,0.201,55797139.0,0.0936287790669697,0.201,0.5013394919168591,False
Fusidic acid,0.2373429799996535,0.008,5237474.0,0.0609998254883938,0.00572,0.2574,False
Gabapentin,0.0767857828728087,0.201,37013256.0,0.0918237779459337,0.201,0.5013394919168591,False
Gabapentin (Neuropathic Pain),-0.0546270718009574,0.627,458.0,0.3056768558951965,0.627,0.814383644016837,False
Galantamine,-0.0739220132165902,0.796,619769.0,0.1154736684151675,0.796,0.9030252100840337,False
Galcanezumab,-0.0246106863819455,0.477,115.0,0.5565217391304348,0.477,0.7140124740124739,False
Gamolenic acid,0.1905428893300099,0.052,27464.0,0.1138581415671424,0.052,0.46499999999999997,False
Ganciclovir,0.0212557158482372,0.334,80526.0,0.0837120929885999,0.334,0.6098393913778529,False
Gauzes & Gauze Tissue,-0.0196253088798642,0.5,416443.0,0.2661372624825006,0.5,0.7267833109017496,False
Gel OTC glucose for diabetic hypo treatment (0913541),-0.1154033927173207,0.884,48774.0,0.1154098495099848,0.884,0.9614501510574018,False
Gelatin,-0.0441655151179186,0.651,19.0,0.9473684210526316,0.651,0.8295929203539824,False
Gemfibrozil,-0.0179740919178352,0.497,31157.0,0.0648329428378855,0.497,0.725841784989858,False
Generic Orgran GF pasta rice & corn veg animal shapes,-0.0332754414414832,0.537,2.0,1.0,0.537,0.7478529980657641,False
Gentamicin sulfate,0.0985141521595062,0.132,165954.0,0.1295901273846969,0.132,0.4891603053435114,False
Glatiramer acetate,-0.1756314463613466,0.997,157.0,0.7961783439490446,0.997,1.0,False
Glecaprevir/pibrentasvir,0.0747283186748661,0.178,14.0,0.5714285714285714,0.178,0.4891603053435114,False
Glibenclamide,0.1405531805324529,0.109,586.0,0.1774744027303754,0.109,0.4891603053435114,False
Gliclazide,0.1378427766380332,0.091,30173184.0,0.0697656236743195,0.091,0.48176470588235293,False
Glimepiride,-0.0254536857798521,0.529,2413203.0,0.322921859454012,0.529,0.7478529980657641,False
Glipizide,0.2083055153988834,0.051,55255.0,0.1136186770428015,0.051,0.46499999999999997,False
Glten free /wheat/free /low/protein cooking aids,0.1920707903334753,0.082,31.0,0.5161290322580645,0.082,0.47758793969849245,False
Glucagon,0.0175083914348433,0.376,434516.0,0.0800246711283358,0.376,0.637875,False
Glucosamine hydrochloride (Rheumatic),0.2487575396448467,0.04,528.0,0.5643939393939394,0.04427,0.46499999999999997,False
Glucosamine sulfate (Rheumatic),-0.013762658799812,0.452,10.0,0.8,0.452,0.696376604850214,False
Glucose,0.1102215501792248,0.129,1746906.0,0.094402904334864,0.129,0.4891603053435114,False
Glucose and ketone blood testing reagents,-0.0341466317512118,0.515,184.0,0.2228260869565217,0.515,0.7366887417218544,False
Glucose blood testing reagents,0.2015575965608868,0.045,29536502.0,0.0665217228499163,0.04583,0.46499999999999997,False
Glucose/glycerol,-0.0768970133157733,0.701,15.0,0.6,0.701,0.8566985915492957,False
Glutaraldehyde,-0.0642728688046783,0.712,1659.0,0.0657022302591922,0.712,0.861097424412094,False
Gluten free bread,0.0524895964295879,0.162,163336.0,0.0917005436645932,0.162,0.4891603053435114,False
Gluten free breads,0.0596287682556713,0.157,312802.0,0.0921093854898626,0.157,0.4891603053435114,False
Gluten free mixes,0.0408406285074628,0.244,175681.0,0.0893209851947564,0.244,0.5411088295687885,False
Gluten free pasta,-0.0659234059500037,0.69,26.0,0.3461538461538461,0.69,0.8501996577296063,False
Gluten free pastas,-0.0585492678852726,0.675,47.0,0.2340425531914893,0.675,0.8411059907834102,False
Gluten free/low protein biscuits,-0.1335842334603005,0.942,13752.0,0.6631762652705061,0.942,0.986086956521739,False
Gluten free/low protein bread,-0.1365819589064043,0.945,28496.0,0.6067869174620999,0.945,0.986086956521739,False
Gluten free/low protein cereals,-0.1300843314935648,0.945,3921.0,0.6164243815353226,0.945,0.986086956521739,False
Gluten free/low protein cooking aids,-0.1675989577180842,1.0,3.0,1.0,1.0,1.0,False
Gluten free/low protein drink,-0.1349249503198892,0.952,953.0,0.7103882476390346,0.952,0.9879866730128509,False
Gluten free/low protein grains/flours,-0.1309351953732292,0.941,6147.0,0.642915243208069,0.941,0.986086956521739,False
Gluten free/low protein mixes,-0.1414141220681367,0.963,5987.0,0.6006347085351595,0.963,0.9886311787072243,False
Gluten free/low protein pasta,-0.1306593973728601,0.943,21696.0,0.6025995575221239,0.943,0.986086956521739,False
Gluten free/wheat free biscuits,-0.1252073457247138,0.889,31.0,0.3548387096774194,0.889,0.9620349127182045,False
Gluten free/wheat free cereals,0.0414559657733399,0.273,33.0,0.2727272727272727,0.273,0.5588668555240793,False
Gluten free/wheat free grains/flours,0.0480754219120263,0.24,2089.0,0.1340354236476783,0.24,0.5394380853277836,False
Glyc Pdr disc or non-ACBS carbohyd SfI metabol cond (091344),0.024347632436894,0.312,17.0,0.4705882352941176,0.312,0.5970422535211267,False
Glycerol,0.1604192343963023,0.038,1222127.0,0.0579710619272792,0.04936,0.46499999999999997,False
Glycerol phenylbutyrate,0.0102424603501806,0.37,30.0,0.3333333333333333,0.37,0.6322784810126583,False
Glyceryl trinitrate,0.0398735088005894,0.249,8629820.0,0.0749739855524217,0.249,0.5438220424671386,False
Glycopyrronium bromide,0.1067304808698632,0.126,1914148.0,0.1548140478165742,0.126,0.4891603053435114,False
Glycopyrronium/formoterol,0.1015422735684944,0.133,319091.0,0.0840042495714388,0.133,0.4891603053435114,False
Golimumab,-0.0081635811346968,0.427,49.0,0.3673469387755102,0.427,0.6747037307973665,False
Gonadorelin,-0.095056000989499,0.791,63.0,0.3492063492063492,0.791,0.899242105263158,False
Goserelin acetate,-0.0132587960981448,0.489,1197175.0,0.06258399983294,0.489,0.7195095367847412,False
Granisetron,0.0525290289275236,0.236,2636.0,0.1513657056145675,0.236,0.537154899894626,False
Granisetron hydrochloride,-0.0758127772208502,0.729,1754.0,0.1676168757126568,0.729,0.8694864715626724,False
Gripe mixtures,-0.0452428654418152,0.574,36.0,0.7222222222222222,0.574,0.7755569383945239,False
Griseofulvin,0.1912894514385437,0.072,10210.0,0.1020568070519098,0.072,0.47758793969849245,False
Guaifenesin,0.1527071978504094,0.096,6834.0,0.1388645010242903,0.096,0.48676056338028173,False
Guanfacine,-0.0033451780143528,0.445,449594.0,0.0733639683803609,0.445,0.6905172413793104,False
Guanfacine hydrochloride,0.0443379468692242,0.25,576.0,0.1875,0.25,0.5443548387096774,False
Guselkumab,0.1974765846810386,0.069,1.0,1.0,0.069,0.4746496815286625,False
Haem arginate,0.0004019527145498,0.363,3.0,0.6666666666666666,0.363,0.6292776886035313,False
Haemophilus influenzae B/meningococcal C,0.5025871821172947,0.011,1634.0,0.1052631578947368,0.01162,0.36781714285714284,False
Halogenated phenols with phenol,-0.0720289540189312,0.721,707.0,0.181046676096181,0.721,0.8652,False
Haloperidol,0.1084891183282774,0.131,1587025.0,0.0769282147414187,0.131,0.4891603053435114,False
Haloperidol decanoate,0.0897578945684739,0.15,37703.0,0.1252420231811792,0.15,0.4891603053435114,False
Hamamalis,-0.003256517507219,0.484,7820.0,0.1016624040920716,0.484,0.7165455791638109,False
Hamamelis,0.1093745613188822,0.107,3478.0,0.1906267970097757,0.107,0.4891603053435114,False
Helicobacter pylori eradication therapy,0.0604494556552343,0.212,1626.0,0.1998769987699877,0.212,0.5099331848552338,False
Heparin calcium,0.0417612273794755,0.259,141.0,0.2127659574468085,0.259,0.551715976331361,False
Heparin flushes,-0.090914432133037,0.835,27268.0,0.1940736394308346,0.835,0.9268242548818088,False
Heparin sodium,-0.0973543858384791,0.861,738.0,0.1178861788617886,0.861,0.9478899082568807,False
Heparinoid,0.2059295048947371,0.037,1120712.0,0.0712627329768932,0.03973,0.46499999999999997,False
Hepatitis A,0.117300211529447,0.096,1408357.0,0.0647392671034404,0.096,0.48676056338028173,False
Hepatitis A/hepatitis B,0.0297453903771799,0.336,102778.0,0.087723053571776,0.336,0.6114237573715249,False
Hepatitis A/typhoid vaccine,0.0428296680724597,0.256,72418.0,0.0825485376563837,0.256,0.5485714285714286,False
Hepatitis B,0.1738309908053691,0.05,237684.0,0.0670049309166792,0.05,0.46499999999999997,False
Hepatitis B immunoglobulin,-0.0287866620060516,0.47,1.0,1.0,0.47,0.70844382414515,False
Hernia Support Garments,-0.029376143064064,0.536,2683.0,0.0607528885575847,0.536,0.7478529980657641,False
Hexetidine,0.1673623417509242,0.069,5861.0,0.083774099982938,0.069,0.4746496815286625,False
Hexylresorcinol,0.0774815156691309,0.174,77.0,0.2597402597402597,0.174,0.4891603053435114,False
Hexylresorcinol and benzalkonium chloride,-0.0323260095004018,0.5,1.0,1.0,0.5,0.7267833109017496,False
Homatropine hydrobromide,-0.0847471961052554,0.778,3.0,0.6666666666666666,0.778,0.8945454545454546,False
House dust mites allergen extract,0.2266772465135042,0.059,1670.0,0.2137724550898203,0.059,0.46499999999999997,False
"Human papillomavirus (Type 16,18)",-0.0606268322851166,0.671,6.0,0.5,0.671,0.839235668789809,False
"Human papillomavirus (Type 6,11,16,18)",-0.0360683809218041,0.569,581.0,0.1135972461273666,0.569,0.7754195583596214,False
"Humpapvirus(Type 6,11,16,18,31,33,45,52,58)",0.2031387761122944,0.053,1599.0,0.1532207629768605,0.053,0.46499999999999997,False
Hyaluronic acid sodium,-0.0323260095004018,0.5,1.0,1.0,0.5,0.7267833109017496,False
Hyaluronidase,-0.0517261949742797,0.625,44.0,0.25,0.625,0.8132530120481928,False
Hydralazine hydrochloride,-0.0003572820333964,0.415,1039477.0,0.0819681435952887,0.415,0.6684563758389261,False
Hydrochlorothiazide,0.2383609844520839,0.001,8514.0,0.0719990603711533,0.00058,0.12763636363636363,False
Hydrocort sodiumphos,0.0116311972158954,0.373,116629.0,0.0861964005521782,0.373,0.6353943217665615,False
Hydrocortisone,0.2204794320265611,0.037,23599874.0,0.0655514940461122,0.03337,0.46499999999999997,False
Hydrocortisone (Sodium succinate),0.0271863761668723,0.289,83053.0,0.0550130639471181,0.289,0.5721723189734189,False
Hydrocortisone acetate,0.2171823253667104,0.021,2563716.0,0.066899375749888,0.02022,0.46499999999999997,False
Hydrocortisone butyrate,0.5467325751837646,0.021,133582.0,0.0890464284110134,0.0198,0.46499999999999997,False
Hydrocortisone sodium phosphate,0.0877997683031229,0.146,66084.0,0.0747684764844743,0.146,0.4891603053435114,False
Hydrocortisone sodium succinate,0.0359015996256635,0.294,58019.0,0.0908495492855788,0.294,0.5783606557377049,False
Hydrogen peroxide,0.1977948306059929,0.054,130250.0,0.1118464491362764,0.054,0.46499999999999997,False
Hydromorphone hydrochloride,0.0138332894685849,0.357,27460.0,0.2484340859431901,0.357,0.6269268292682927,False
Hydroxocobalamin,0.1394892821136437,0.07,14571136.0,0.0804509682704217,0.07,0.47697160883280765,False
Hydroxycarbamide,0.1686495068546458,0.05,472591.0,0.075682778554818,0.05,0.46499999999999997,False
Hydroxychloroquine sulfate,0.0771847090950685,0.233,6262695.0,0.0706136894739405,0.233,0.533135593220339,False
Hydroxyzine hydrochloride,-0.0439090709914086,0.637,1778526.0,0.1013541550699849,0.637,0.8224267782426778,False
Hyetellose,0.0467959609258155,0.268,102352.0,0.1479404408316398,0.268,0.5566153846153846,False
Hyoscine,0.0851640732189498,0.109,401057.0,0.0630982628404441,0.109,0.4891603053435114,False
Hyoscine butylbromide,0.2245276836734291,0.005,8404337.0,0.0961258455009598,0.00356,0.21970285714285712,False
Hyoscine hydrobromide,0.0250682379298683,0.322,813117.0,0.0711853275727847,0.322,0.6036113499570077,False
Hypromellose,0.1160132897349383,0.104,3196979.0,0.0758516086592999,0.104,0.4891603053435114,False
INR blood testing reagents,0.0603271364804581,0.231,150002.0,0.0534126211650511,0.231,0.531373801916933,False
Ibandronic acid,0.1045689925502571,0.117,853502.0,0.0873858526400641,0.117,0.4891603053435114,False
Ibrutinib,-0.1221692078113946,0.869,20.0,0.2,0.869,0.953780487804878,False
Ibuprofen,0.2019547337551973,0.038,23274038.0,0.0681747189722728,0.03912,0.46499999999999997,False
Ibuprofen lysine,-0.0510686152136561,0.616,8902.0,0.2562345540328016,0.616,0.8059115687462144,False
Ibuprofen sodium dihydrate,-0.0006381756845426,0.39,289.0,0.2491349480968858,0.39,0.648,False
Ichthammol,-0.0264018843054478,0.503,265.0,0.2037735849056604,0.503,0.7291812080536912,False
Icosapent,-0.0862258822384279,0.767,78797.0,0.262674974935594,0.767,0.8890032154340837,False
Idebenone,-0.0765066582849468,0.724,88.0,0.5795454545454546,0.724,0.866393351800554,False
Ileostomy Bags,0.6577279423617567,0.004,3851178.0,0.3336051982016931,0.00154,0.1386,True
Iloprost,-0.013608308809404,0.459,22.0,0.2727272727272727,0.459,0.7016560509554141,False
Imatinib mesilate,-0.1492930794227171,0.94,323.0,0.3405572755417956,0.94,0.986086956521739,False
Imidapril hydrochloride,0.0270105708284633,0.308,21256.0,0.2237015430937147,0.308,0.5945308310991957,False
Imipramine hydrochloride,0.0682269430852309,0.187,547555.0,0.0712439846225493,0.187,0.49198538367844097,False
Imiquimod,-0.0047353860590488,0.46,147383.0,0.0777973036238914,0.46,0.7026874115983027,False
Inclisiran,-0.0652320345891249,0.72,112599.0,0.1175498894306343,0.72,0.8652,False
Incontinence Belts,0.0055613505368191,0.374,54.0,0.2222222222222222,0.374,0.6365957446808511,True
Incontinence Sheath Fixing Strips & Adh,0.4084862179808752,0.027,95822.0,0.3075389785226775,0.02463,0.46499999999999997,True
Incontinence Sheaths,0.6581595770932627,0.001,757257.0,0.2261966545043492,8e-05,0.054,True
Indacaterol maleate,0.0300976213159414,0.302,40378.0,0.1105057209371439,0.302,0.5860916442048517,False
Indacaterol/glycopyrronium,0.0885682395496973,0.163,1102593.0,0.2049496051580229,0.163,0.4891603053435114,False
Indacaterol/mometasone,0.1770241007156185,0.078,3418.0,0.2779403159742539,0.078,0.47758793969849245,False
Indapamide,0.1273180695872612,0.099,28014047.0,0.0798260601190538,0.099,0.4891603053435114,False
Indometacin,-0.0243501547118615,0.54,445682.0,0.0869768130640232,0.54,0.7491329479768787,False
Indoramin,0.0960347104089508,0.145,121168.0,0.0755149874554337,0.145,0.4891603053435114,False
Indwelling Pleural Cath Drain System,0.1241134058104458,0.093,52660.0,0.0944739840486137,0.093,0.48404819277108435,False
Infliximab,-0.0170976635484732,0.472,13.0,0.2307692307692307,0.472,0.7099721448467966,False
Influenza,0.1773359138401034,0.027,56484301.0,0.0606699727062215,0.02936,0.46499999999999997,False
Ingenol mebutate,-0.0215645030998424,0.499,35.0,0.2857142857142857,0.499,0.7267833109017496,False
Inhalation Solutions,0.0226968297961675,0.342,446355.0,0.1392725521165888,0.342,0.6145757071547421,False
Inosine pranobex,0.0117634781169161,0.387,954.0,0.2945492662473795,0.387,0.6454980694980695,False
Ins degludec/liraglutide,0.0335015729281146,0.296,92010.0,0.1349527225301597,0.296,0.5801814882032668,False
Insert For Female Stress Incont,0.1106029236386865,0.128,39303.0,0.3287280869144849,0.128,0.4891603053435114,False
Insulin Lispro,-0.0422589774501815,0.671,2330250.0,0.0904087544254908,0.671,0.839235668789809,False
Insulin aspart,0.0345631972429591,0.29,11991653.0,0.0637230747087161,0.29,0.5736263736263736,False
Insulin degludec,-0.1291325817380475,0.928,3322922.0,0.0631700051942236,0.928,0.9777951219512195,False
Insulin detemir,-0.0140264309922441,0.521,2603697.0,0.0543711499456349,0.521,0.7413438735177866,False
Insulin glargine,0.1082170933201888,0.121,9045376.0,0.0583735822590459,0.121,0.4891603053435114,False
Insulin glargine/lixisenatide,-0.0804730186311853,0.717,4385.0,0.1831242873432155,0.717,0.8642410714285714,False
Insulin glulisine,0.0523523597741311,0.246,432067.0,0.1060599397778585,0.246,0.5427466937945066,False
Insulin human,0.0898457704519083,0.178,743.0,0.2072678331090175,0.178,0.4891603053435114,False
Interferon alpha,0.0542591823653043,0.217,2.0,0.5,0.217,0.5167805953693495,False
Interferon beta,-0.1736618930843077,0.976,717.0,0.6834030683403068,0.976,0.9906766917293233,False
Intravenous nutrition supplements,-0.0401240706631243,0.597,7.0,0.7142857142857143,0.597,0.7930627306273063,False
Iodine,-0.0219420831719045,0.508,24.0,0.1666666666666666,0.508,0.7324966622162884,False
Iodine compounds,0.0269862458420316,0.32,11455.0,0.1356612832824094,0.32,0.6036113499570077,False
Ipratropium bromide,0.103063942531263,0.141,1555474.0,0.0652412062175259,0.141,0.4891603053435114,False
Irbesartan,0.0574854115202554,0.202,8119623.0,0.1035876912019191,0.202,0.5020943613348677,False
Irbesartan with diuretic,0.1536911522557418,0.07,234504.0,0.0944802647289598,0.07,0.47697160883280765,False
Iron and folic acid,0.0700098336346082,0.2,54744.0,0.0949693117053923,0.2,0.5005793742757821,False
Iron carboxymaltose,-0.0280056378753161,0.514,39.0,0.1282051282051282,0.514,0.7366887417218544,False
Iron dextran,-0.0607818529479308,0.648,1802.0,0.1970033296337403,0.648,0.8277232406859847,False
Iron sucrose,-0.1592852557953206,0.985,129.0,0.4573643410852713,0.985,0.9956013102480112,False
Irrigation Solutions,0.0488793666368469,0.256,2129734.0,0.2111883455868197,0.256,0.5485714285714286,True
Irrigation Washout Appliances,0.6611625810849057,0.002,191657.0,0.2582530249351706,0.00112,0.1386,True
Isavuconazole,-0.0066102771100744,0.424,86.0,0.0813953488372093,0.424,0.6724229074889867,False
Isocarboxazid,0.0190260228452892,0.331,7239.0,0.1610719712667495,0.331,0.6092778249787596,False
Isometheptene mucate,0.0910112973568407,0.137,2888.0,0.1232686980609418,0.137,0.4891603053435114,False
Isoniazid,0.1109503151435458,0.116,21401.0,0.3183028830428485,0.116,0.4891603053435114,False
Isophane insulin,-0.0766224693403184,0.77,3389573.0,0.0767394595130419,0.77,0.8898876404494382,False
Isoprenaline hydrochloride,0.0177814718926703,0.369,1.0,1.0,0.369,0.6320697858842188,False
Isopropyl alcohol,-0.0416275119457744,0.576,197.0,0.1421319796954314,0.576,0.7755569383945239,False
Isosorbide dinitrate,0.1345990555256033,0.101,269314.0,0.0931774805617235,0.101,0.4891603053435114,False
Isosorbide mononitrate,-0.0114641186801324,0.449,22394626.0,0.0927121980067896,0.449,0.6942304939155333,False
Isotretinoin,0.003661222455543,0.412,345414.0,0.1209360361768776,0.412,0.6656095736724008,False
Ispaghula husk,0.0017643122908915,0.432,4855671.0,0.0617486234137362,0.432,0.677155297532656,False
Isradipine,-0.0287866620060516,0.47,1.0,1.0,0.47,0.70844382414515,False
Itraconazole,0.0514618031056979,0.254,421425.0,0.0683158331850269,0.254,0.5464541832669323,False
Ivabradine,0.1938847164999456,0.044,2863356.0,0.1075112560226531,0.04788,0.46499999999999997,False
Ivacaftor,-0.1603966868424676,0.969,37.0,0.5675675675675675,0.969,0.9894915254237288,False
Ivermectin,0.0683666629588232,0.212,671125.0,0.0765162972620599,0.212,0.5099331848552338,False
Ixekizumab,0.0008680940109356,0.417,6.0,0.6666666666666666,0.417,0.6689135254988913,False
"Japanese encephalitis vaccine (Inactivated,adsorbed)",0.0152476847003816,0.353,109.0,0.2110091743119266,0.353,0.6234505314799672,False
Jaw Rehabilitation Device,0.0906654262056608,0.15,5405.0,0.159481961147086,0.15,0.4891603053435114,False
Kaolin heavy,-0.0121277834277147,0.425,2.0,0.5,0.425,0.673514306676449,False
Kaolin light,0.0200011930323366,0.336,3.0,0.3333333333333333,0.336,0.6114237573715249,False
Ketamine,0.0281445934513641,0.313,1114.0,0.4111310592459605,0.313,0.5970422535211267,False
Ketamine hydrochloride,0.0368458860985892,0.245,5106.0,0.3004308656482569,0.245,0.5422131147540984,False
Ketoconazole,0.2507171328028322,0.044,3604004.0,0.0733203958708147,0.04336,0.46499999999999997,False
Ketone blood testing reagents,0.2230327476237123,0.03,1976206.0,0.0762967018620528,0.02624,0.46499999999999997,False
Ketoprofen,0.4979638681567072,0.012,754055.0,0.1162554455576847,0.01186,0.36781714285714284,False
Ketorolac trometamol,0.0329597832726289,0.284,260428.0,0.0635722733346644,0.284,0.5674745605920444,False
Ketotifen fumarate,0.1416199429737662,0.065,212881.0,0.0730877814365772,0.065,0.4664451827242525,False
L-Alanyl-l-gutamine,0.0448398352830346,0.263,1.0,1.0,0.263,0.552069970845481,False
L-Ornithine-L-Aspartate,-0.0607583716337818,0.652,111.0,0.3603603603603603,0.652,0.8296941176470588,False
Labetalol hydrochloride,0.2297196541968893,0.03,647026.0,0.0747806115982974,0.03186,0.46499999999999997,False
Lacidipine,0.041566660588911,0.258,2968673.0,0.0912724304765125,0.258,0.5512166172106825,False
Lacosamide,0.1255901185258547,0.107,1296610.0,0.0659010805099451,0.107,0.4891603053435114,False
Lactic acid,-0.0464305978263952,0.583,75.0,0.6533333333333333,0.583,0.7807067575945443,False
Lactulose,0.2142268788746542,0.033,12588221.0,0.0707354120967529,0.0335,0.46499999999999997,False
Lamivudine,0.0638274668998983,0.209,12174.0,0.1581238705437818,0.209,0.5097986577181208,False
Lamivudine and zidovudine,-0.1176085800817409,0.899,14.0,0.5714285714285714,0.899,0.9647642679900744,False
Lamivudine/tenofovir disoproxil/doravirine,-0.0732158466290168,0.701,14.0,0.2857142857142857,0.701,0.8566985915492957,False
Lamotrigine,0.0610236184119974,0.249,19118389.0,0.0863613560745102,0.249,0.5438220424671386,False
Lanreotide,0.1548490990694741,0.065,17183.0,0.1150555781877437,0.065,0.4664451827242525,False
Lansoprazole,0.2215696429379037,0.012,171652806.0,0.1058241075301734,0.01448,0.41153684210526315,False
Lanthanum carbonate,0.2632620433617439,0.033,48749.0,0.1731727830314468,0.02762,0.46499999999999997,False
Latanoprost,-0.0147297181956474,0.493,15576773.0,0.0549552850259806,0.493,0.7219525423728813,False
Latanoprost and Netarsudil,-0.0748211867237037,0.814,27524.0,0.0906118296759192,0.814,0.9128971962616821,False
Latanoprost and timolol,-0.053560324146124,0.653,2109326.0,0.0752856599691086,0.653,0.8296941176470588,False
Leakage Notification System,0.6524907918018517,0.002,4520.0,0.7013274336283186,0.00221,0.1704857142857143,True
Ledipasvir/sofosbuvir,0.0128843159743669,0.352,3.0,0.3333333333333333,0.352,0.6234505314799672,False
Leflunomide,0.0867286006745062,0.115,966520.0,0.0661165832057277,0.115,0.4891603053435114,False
Leg Bags,0.6552088103499366,0.001,3689578.0,0.2015363274607556,0.00032,0.12763636363636363,True
Leg Ulcer Wrap,-0.0554594198900235,0.64,7.0,0.2857142857142857,0.64,0.8238379022646007,False
Lenalidomide,-0.1161675080512602,0.863,19.0,0.2105263157894736,0.863,0.9496077432501273,False
Lenograstim,-0.1002134039241792,0.806,144.0,0.2083333333333333,0.806,0.9090000000000001,False
Lenvatinib,0.1099554414751097,0.12,1.0,1.0,0.12,0.4891603053435114,False
Lercanidipine hydrochloride,0.0207553227020761,0.338,18265610.0,0.1039851392863419,0.338,0.6129974811083124,False
Letermovir,0.2854230559264218,0.035,25.0,0.24,0.0392,0.46499999999999997,False
Letrozole,0.0338988989444681,0.34,5683930.0,0.0941083018263771,0.34,0.6145757071547421,False
Leuprorelin acetate,-0.0723069181289358,0.786,1177129.0,0.0669952061328877,0.786,0.8978106821787414,False
Levamisole hydrochloride,-0.0791321871319149,0.768,540.0,0.2981481481481481,0.768,0.8890032154340837,False
Levetiracetam,0.0870073443501735,0.161,14962765.0,0.0701969188181462,0.161,0.4891603053435114,False
Levobunolol hydrochloride,-0.1110304120067495,0.892,34291.0,0.0836954302878306,0.892,0.9620349127182045,False
Levobupivacaine hydrochloride,-0.0444635263421539,0.655,627.0,0.7655502392344498,0.655,0.8302816901408451,False
Levocarnitine,-0.043830567242189,0.641,11564.0,0.0604462123832583,0.641,0.8244470868014269,False
Levocetirizine,0.0397936641047593,0.285,294861.0,0.1132872777342544,0.285,0.5689463955637707,False
Levodopa,-0.0322148573636031,0.517,3.0,0.3333333333333333,0.517,0.7380832782551223,False
Levodopa/carbidopa/entacapone,-0.0478975907609612,0.629,581865.0,0.0700076478220893,0.629,0.8155102040816327,False
Levofloxacin,0.0465507752658071,0.249,223296.0,0.0574708010891372,0.249,0.5438220424671386,False
Levomepromazine hydrochloride,0.1082268562763514,0.101,619859.0,0.0703805220219437,0.101,0.4891603053435114,False
Levomepromazine maleate,-0.0470320381019153,0.676,164693.0,0.1024087241109215,0.676,0.8411059907834102,False
Levonorgestrel,-0.0003749225371355,0.433,1098443.0,0.0569597147963071,0.433,0.6782306018854242,False
Levothyroxine sodium,0.0546246516782183,0.246,169923845.0,0.0722093358939706,0.246,0.5427466937945066,False
Levothyroxine sodium and liothyronine,-0.050118246716223,0.663,12627.0,0.076423536865447,0.663,0.8335739231664727,False
Lidocaine,0.0481338975662284,0.259,398501.0,0.0566799079550615,0.259,0.551715976331361,False
Lidocaine hydrochloride,0.2054804545297702,0.012,5959960.0,0.0711674239424425,0.01177,0.36781714285714284,False
Lidocaine/cetylpyridinium,0.1669887209171862,0.073,3.0,0.6666666666666666,0.073,0.47758793969849245,False
Lidocaine/prilocaine (Premature Ejaculation),0.0241834805609121,0.312,93.0,0.6451612903225806,0.312,0.5970422535211267,False
Light liquid paraffin,0.2396998345173274,0.042,1364022.0,0.091546910533701,0.03849,0.46499999999999997,False
Linaclotide,-0.0612624087053473,0.744,360686.0,0.1107195732576257,0.744,0.8762486368593239,False
Linagliptin,0.2512855858798364,0.035,13029084.0,0.0779192919471545,0.03618,0.46499999999999997,False
Linagliptin/metformin,0.2613827417532579,0.038,284828.0,0.2551083460895698,0.03392,0.46499999999999997,False
Linezolid,-0.0567597814549098,0.679,8546.0,0.0889304937982682,0.679,0.8424124066628375,False
Lints,0.0058327634398192,0.399,1014.0,0.1282051282051282,0.399,0.6563899466869764,False
Linzagolix,-0.1606070259639807,0.972,1670.0,0.2550898203592814,0.972,0.9894915254237288,False
Liothyronine sodium,0.0662638133921463,0.177,325950.0,0.0741923607915324,0.177,0.4891603053435114,False
Liquefied phenol,-0.0413228371194607,0.651,1.0,1.0,0.651,0.8295929203539824,False
Liquid OTC cond specific vitamin & mineral supp (0913473),0.0655283577358868,0.199,3387.0,0.1677000295246531,0.199,0.500395809080326,False
Liquid OTC glucose for diabetic hypo treatment (0913541),0.1336293729862916,0.083,306949.0,0.1027369367549658,0.083,0.47758793969849245,False
Liquid OTC probiotic (0913531),-0.0563019600643155,0.645,206.0,0.2233009708737864,0.645,0.8263345195729538,False
Liquid additive lactase (0913121),0.1059934752262272,0.142,17968.0,0.1054652715939448,0.142,0.4891603053435114,False
Liquid disc or non ACBS thickener - gum based (0913411),0.1160483841809587,0.081,5.0,1.0,0.081,0.47758793969849245,False
Liquid micronutrient supplement (0913282),-0.1382897959299647,0.952,11153.0,0.1153949609970411,0.952,0.9879866730128509,False
Liquid paraffin,0.0550983545692009,0.197,153337.0,0.1047953201119103,0.197,0.49768421052631584,False
Liraglutide,0.0850065175026478,0.135,1075451.0,0.075766352906827,0.135,0.4891603053435114,False
Lisdexamfetamine dimesylate,0.0276933399254955,0.321,3166795.0,0.0634600597765248,0.321,0.6036113499570077,False
Lisinopril,0.3595297617056134,0.024,38933138.0,0.1572935631338013,0.02403,0.46499999999999997,False
Lisinopril with diuretic,0.0616308767395146,0.194,346501.0,0.0787299315153491,0.194,0.4947343565525384,False
Lithium carbonate,-0.0063802706600475,0.456,4128117.0,0.0719977171189673,0.456,0.6990489709013485,False
Lithium citrate,0.150683948523719,0.061,36864.0,0.0637478298611111,0.061,0.46499999999999997,False
Lixisenatide,0.0340093922163687,0.272,56418.0,0.1142543159984402,0.272,0.5588668555240793,False
Lodoxamide trometamol,-0.0704376224943885,0.768,70102.0,0.0821802516333342,0.768,0.8890032154340837,False
Lofepramine hydrochloride,0.1289103024306815,0.116,659568.0,0.1288525216505349,0.116,0.4891603053435114,False
Loperamide hydrochloride,0.2953053684972458,0.01,8356343.0,0.0827792731820606,0.01104,0.36781714285714284,False
Loperamide hydrochloride and simeticone,-0.0154030833571772,0.512,10935.0,0.0716049382716049,0.512,0.7366887417218544,False
Lopinavir and ritonavir,-0.0435749364049503,0.574,5.0,0.2,0.574,0.7755569383945239,False
Loprazolam mesilate,0.1076247647778841,0.134,61163.0,0.0732468976341906,0.134,0.4891603053435114,False
Loratadine,0.1313775238569386,0.102,7738412.0,0.0728450488291396,0.102,0.4891603053435114,False
Lorazepam,0.033663296116928,0.304,5390612.0,0.0612618752750151,0.304,0.5883870967741935,False
Lormetazepam,-0.0677803011093109,0.735,55676.0,0.1027193045477405,0.735,0.8732673267326733,False
Losartan potassium,-0.021693748243798,0.577,59485615.0,0.0734910952841287,0.577,0.7755569383945239,False
Losartan potassium with diuretic,0.1877170317161144,0.039,612015.0,0.076710538140405,0.04023,0.46499999999999997,False
Loteprednol etabonate,0.0132949569736919,0.353,111123.0,0.0766178018951972,0.353,0.6234505314799672,False
Low Friction Products,-0.0108644637656789,0.499,139553.0,0.2747414960624278,0.499,0.7267833109017496,False
Low protein biscuits,-0.0112756489651791,0.441,21972.0,0.4055616238849445,0.441,0.6872727272727274,False
Low protein bread,-0.0333841121858187,0.532,5099.0,0.4055697195528535,0.532,0.7478529980657641,False
Low protein breads,-0.1196331237199583,0.891,7227.0,0.5263594852635949,0.891,0.9620349127182045,False
Low protein cakes,-0.1349670379822031,0.95,5417.0,0.7020491046704819,0.95,0.9879634087626384,False
Low protein cereals,0.083076330608626,0.158,7280.0,0.6342032967032967,0.158,0.4891603053435114,False
Low protein cooking aids,0.0505524488738549,0.23,2882.0,0.4229701596113809,0.23,0.5307692307692308,False
Low protein desserts,-0.1101661373149806,0.881,5399.0,0.6884608260789035,0.881,0.9601210898082745,False
Low protein grains/flours,0.0700864161964013,0.177,4261.0,0.5820229992959399,0.177,0.4891603053435114,False
Low protein meals,-0.129347409930814,0.945,8098.0,0.6359594961718943,0.945,0.986086956521739,False
Low protein miscellaneous,-0.1476328364884164,0.982,1391.0,0.7512580877066858,0.982,0.9934988290398126,False
Low protein mixes,-0.0767238554039016,0.741,38538.0,0.2524780735897036,0.741,0.8758032786885246,False
Low protein pasta,0.0845370253088469,0.153,8137.0,0.6046454467248371,0.153,0.4891603053435114,False
Low protein pastas,0.0820723030294166,0.168,13196.0,0.6400424371021521,0.168,0.4891603053435114,False
Low protein risotto,-0.1373987701192635,0.946,225.0,0.8177777777777778,0.946,0.9861776061776061,False
Low protein snacks,-0.1400048836964714,0.961,1857.0,0.7318255250403877,0.961,0.9879866730128509,False
Lubiprostone,-0.0916224365468104,0.784,11.0,0.4545454545454545,0.784,0.8974244833068363,False
Lubricant Gels,0.6363589691520661,0.001,1590391.0,0.1865157687637819,0.00053,0.12763636363636363,True
Lumacaftor/ivacaftor,-0.0254684571999762,0.466,6.0,0.3333333333333333,0.466,0.7068539325842697,False
Lurasidone,-0.0344949725651271,0.588,243804.0,0.091507932601598,0.588,0.784484249536751,False
Lymecycline,-0.0069751063027817,0.432,4542768.0,0.0676904477622453,0.432,0.677155297532656,False
Lymphoedema Garments,0.0403002115951437,0.254,2701780.0,0.243601255468617,0.254,0.5464541832669323,False
Macitentan,0.1019569431506836,0.145,66.0,0.2424242424242424,0.145,0.4891603053435114,False
Macrogol 3350,0.0471539255301961,0.216,35722808.0,0.0597913803416573,0.216,0.5161061946902655,False
Macrogol 4000,-0.1289866516538428,0.918,15.0,0.4666666666666667,0.918,0.9729538763493621,False
Magnesium aspartate,0.0082703114353743,0.395,377193.0,0.0931989724093501,0.395,0.6547966231772833,False
Magnesium carbonate,-0.0218749806278652,0.509,1978.0,0.2168857431749241,0.509,0.7334489659773182,False
Magnesium citrate,0.0694756982558527,0.214,56179.0,0.0645080902116449,0.214,0.5124611973392461,False
Magnesium glycerophosphate,0.0489854639985068,0.254,252476.0,0.0975459053533801,0.254,0.5464541832669323,False
Magnesium hydroxide,-0.0936373604570112,0.791,19448.0,0.3169991772932949,0.791,0.899242105263158,False
Magnesium lactate,0.5062763975162646,0.014,4338.0,0.1666666666666666,0.01683,0.4327714285714286,False
Magnesium oxide,-0.0019954889862667,0.405,21995.0,0.1869515799045237,0.405,0.6612244897959184,False
Magnesium sulfate,0.1347060242489514,0.044,18938.0,0.0620973703664589,0.0469,0.46499999999999997,False
Magnesium sulphate,0.0358828818981488,0.297,4.0,0.25,0.297,0.5810869565217391,False
Magnesium trisilicate,0.1864606503637973,0.06,6335.0,0.1090765588003157,0.06,0.46499999999999997,False
Malathion,0.1312619686950336,0.084,120062.0,0.0807666039213073,0.084,0.47758793969849245,False
Maltodextrin,0.0630908037172318,0.191,14431.0,0.2419790728293257,0.191,0.4940838323353293,False
Mannitol,-0.1360305739817315,0.913,73.0,0.6438356164383562,0.913,0.9700344318740778,False
Maraviroc,0.0014949230676727,0.403,23.0,0.4347826086956521,0.403,0.6589553368660106,False
"Measles, mumps and rubella vaccine",0.1130698218250475,0.129,7734.0,0.1133953969485389,0.129,0.4891603053435114,False
"Measles, mumps, rubella and varicella vaccine",0.1160483841809605,0.081,3.0,1.0,0.081,0.47758793969849245,False
Mebendazole,0.2393357071849588,0.048,384089.0,0.07399326718547,0.04077,0.46499999999999997,False
Mebeverine hydrochloride,0.1653573601665668,0.025,10942259.0,0.0941191393842898,0.03429,0.46499999999999997,False
Mebeverine hydrochloride compound preparations,-0.0648623917182529,0.758,241637.0,0.0954862045133816,0.758,0.8845380875202593,False
Mecasermin,-0.0628289467931698,0.667,3.0,0.6666666666666666,0.667,0.8366550522648084,False
Meclozine hydrochloride,-0.053816331479016,0.678,1.0,1.0,0.678,0.8416551724137931,False
Mecysteine hydrochloride,-0.093739744525447,0.791,3.0,0.6666666666666666,0.791,0.899242105263158,False
Medicated stockings,-0.014222129638605,0.48,85826.0,0.1649733181087316,0.48,0.7150549450549449,False
Medroxyprogesterone acetate,0.1348650945925264,0.111,5185885.0,0.0934694849577266,0.111,0.4891603053435114,False
Mefenamic acid,0.267119006305803,0.002,1460469.0,0.071935795966912,0.00305,0.205875,False
Mefloquine hydrochloride,0.1366766214890861,0.111,2023.0,0.1843796342066238,0.111,0.4891603053435114,False
Megestrol acetate,0.0612910977345277,0.204,29865.0,0.1207433450527373,0.204,0.5041647597254004,False
Melatonin,0.0442111180122289,0.258,10546526.0,0.0749415494732578,0.258,0.5512166172106825,False
Meloxicam,0.1584598734408774,0.059,1924373.0,0.0787222643427235,0.059,0.46499999999999997,False
Melperone hydrochloride,-0.0332754414414833,0.537,3.0,1.0,0.537,0.7478529980657641,False
Melphalan,-0.0048455516657795,0.449,95.0,0.0842105263157894,0.449,0.6942304939155333,False
Memantine hydrochloride,0.1066563931444171,0.138,9746684.0,0.092794328819935,0.138,0.4891603053435114,False
Menadiol sodium phosphate,0.048920903578195,0.23,29476.0,0.0762993621929705,0.23,0.5307692307692308,False
Meningococcal A + C + W135 + Y vaccine,0.1733624069557755,0.079,6968.0,0.1717853042479908,0.079,0.47758793969849245,False
Meningococcal B vaccine,0.1582975895261807,0.083,1586.0,0.1134930643127364,0.083,0.47758793969849245,False
Meningococcal C vaccine,0.0536767324147498,0.22,2.0,0.5,0.22,0.5170837867247008,False
Menotrophin,-0.0433512752281448,0.61,869.0,0.570771001150748,0.61,0.7999999999999999,False
Menthol,0.0131169882370938,0.41,828384.0,0.0912608162398114,0.41,0.6648648648648648,False
Mepacrine hydrochloride,0.0850484819112067,0.164,9418.0,0.0987470800594606,0.164,0.4891603053435114,False
Mepivacaine hydrochloride,0.0037409187233235,0.398,13039.0,0.3026305698289746,0.398,0.6563899466869764,False
Mepolizumab,0.2316018388742902,0.042,2.0,0.5,0.05597,0.46499999999999997,False
Meprobamate,-0.1040036279936513,0.825,8.0,0.5,0.825,0.9199793495095508,False
Meptazinol hydrochloride,0.1862061031858371,0.087,255135.0,0.2442158073176945,0.087,0.47758793969849245,False
Mepyramine maleate,0.2117310347321728,0.058,5025.0,0.0696517412935323,0.058,0.46499999999999997,False
Mercaptamine,-0.1183588257215901,0.886,948.0,0.1561181434599156,0.886,0.9620349127182045,False
Mercaptamine hydrochloride,-0.1330869163093085,0.909,281.0,0.295373665480427,0.909,0.969121421520237,False
Mercaptopurine,0.05669320935908,0.227,301623.0,0.0849305258551237,0.227,0.5255305466237942,False
Meropenem,0.1073824219718668,0.167,559.0,0.1627906976744186,0.167,0.4891603053435114,False
Mesalazine (Systemic),0.011075718599152,0.401,7930909.0,0.0694578641615986,0.401,0.6583169067475361,False
Mesna,-0.0267077025419613,0.519,65.0,0.676923076923077,0.519,0.739960396039604,False
Mesuximide,0.0171343623460881,0.378,1.0,1.0,0.378,0.637875,False
Metformin hydrochloride,0.2751528350979717,0.03,126235489.0,0.0663646813298279,0.03059,0.46499999999999997,False
Metformin hydrochloride/pioglitazone,0.1543143697133698,0.072,67303.0,0.0919572678781035,0.072,0.47758793969849245,False
Metformin hydrochloride/rosiglitazone,-0.1675989577180823,1.0,7.0,1.0,1.0,1.0,False
Metformin hydrochloride/sitagliptin,0.2418522359440572,0.038,661006.0,0.1758940160906255,0.04211,0.46499999999999997,False
Metformin hydrochloride/vildagliptin,0.2631297180825457,0.034,165013.0,0.1942331816281141,0.03103,0.46499999999999997,False
Methadone hydrochloride,0.0570045770909507,0.264,10365906.0,0.0775681353853681,0.264,0.553094083414161,False
Methenamine hippurate,0.2631383611856753,0.032,1937167.0,0.1518691986803409,0.03015,0.46499999999999997,False
Methocarbamol,0.0932622400638081,0.137,950525.0,0.1039162568054496,0.137,0.4891603053435114,False
Methotrexate,0.2037773905369158,0.019,11029139.0,0.0639593897583483,0.01913,0.46499999999999997,False
Methoxsalen,-0.0313142232988246,0.513,16.0,0.75,0.513,0.7366887417218544,False
Methoxy polyethylene glycol-epoetin beta,-0.0803626808356213,0.751,524.0,0.2786259541984733,0.751,0.8820880913539968,False
Methoxyflurane,-0.0887954270081642,0.756,10.0,0.2,0.756,0.8836363636363637,False
Methyl salicylate,0.2455537898174178,0.051,84105.0,0.1335235717258189,0.051,0.46499999999999997,False
Methyl salicylate/levomenthol,-0.0982463656488728,0.821,966.0,0.1997929606625259,0.821,0.9174133471288153,False
Methylcellulose,0.0839159297468486,0.174,2066.0,0.100677637947725,0.174,0.4891603053435114,False
Methyldopa,0.0676589279706335,0.19,284705.0,0.1365940183698916,0.19,0.4926770708283313,False
Methylnaltrexone bromide,0.0292606880781131,0.309,248.0,0.1612903225806451,0.309,0.5959285714285714,False
Methylphenidate hydrochloride,-0.0257700113320781,0.534,8841171.0,0.067346961166117,0.534,0.7478529980657641,False
Methylprednisolone,0.030058357146163,0.318,21476.0,0.0627211771279567,0.318,0.6004195804195804,False
Methylprednisolone aceponate,0.0162410040154339,0.359,6.0,0.5,0.359,0.629126213592233,False
Methylprednisolone acetate,0.0750440337705619,0.163,2481597.0,0.0585993616207627,0.163,0.4891603053435114,False
Methylprednisolone sodium succinate,0.3834825407564005,0.025,639.0,0.1424100156494522,0.02528,0.46499999999999997,False
Methyltestosterone,-0.0910208391982724,0.79,1.0,1.0,0.79,0.899242105263158,False
Metoclopramide hydrochloride,0.0580826382585275,0.242,3266342.0,0.0684588447872268,0.242,0.54,False
Metolazone,0.0919853938993134,0.147,82221.0,0.0774011505576434,0.147,0.4891603053435114,False
Metoprolol tartrate,0.1642587240959442,0.05,1606913.0,0.0882866714003807,0.05,0.46499999999999997,False
Metronidazole,0.1725014470631159,0.048,7678621.0,0.0595729363384388,0.05849,0.46499999999999997,False
Metyrapone,0.04467886458368,0.258,5058.0,0.1126927639383155,0.258,0.5512166172106825,False
Mexiletine hydrochloride,0.0872885899379619,0.155,6762.0,0.1134279798876072,0.155,0.4891603053435114,False
Mianserin hydrochloride,-0.0768697440709258,0.768,4771.0,0.0848878641794173,0.768,0.8890032154340837,False
Micafungin,0.0448398352830346,0.263,1.0,1.0,0.263,0.552069970845481,False
Miconazole,0.1000455794514205,0.143,483800.0,0.064776767259198,0.143,0.4891603053435114,False
Miconazole nitrate,0.3110902363271853,0.003,2214004.0,0.0813733850526015,0.00323,0.2114181818181818,False
Micro-Enema - Sodium Citrate,0.0423709413336059,0.283,8577.0,0.0963040690218025,0.283,0.5674745605920444,False
Midazolam hydrochloride,0.1234058059692921,0.086,1782619.0,0.0619476175223084,0.086,0.47758793969849245,False
Midazolam maleate,-0.1065191885782343,0.878,85415.0,0.0714277351753205,0.878,0.9578181818181818,False
Midodrine hydrochloride,-0.0755740631545241,0.763,1140674.0,0.0676521074382338,0.763,0.88859291084855,False
Mifepristone/misoprostol,-0.1094962489947715,0.857,3.0,0.3333333333333333,0.857,0.9454136874361593,False
Miglustat,0.1160483841809605,0.081,6.0,1.0,0.081,0.47758793969849245,False
Milrinone lactate,0.1974765846810386,0.069,1.0,1.0,0.069,0.4746496815286625,False
Minocycline hydrochloride,0.1008609223969213,0.132,59931.0,0.0643406584238541,0.132,0.4891603053435114,False
Minoxidil,0.0696859462050053,0.201,134960.0,0.089871072910492,0.201,0.5013394919168591,False
Mirabegron,0.1643579848672454,0.052,11688162.0,0.0705187008872738,0.052,0.46499999999999997,False
Mirtazapine,0.0441229433511551,0.266,62195547.0,0.0939225761612804,0.266,0.5551304347826087,False
Misoprostol,0.0460618707583144,0.259,16430.0,0.0586122945830797,0.259,0.551715976331361,False
Misoprostol (Gynaecology),-0.0530749490255214,0.662,33.0,0.3333333333333333,0.662,0.8332867132867133,False
Mitomycin,0.2712278382247367,0.048,2.0,0.5,0.03903,0.46499999999999997,False
Mitotane,-0.0134321682295006,0.442,45.0,0.4888888888888889,0.442,0.6878386167146974,False
Mizolastine,-0.0148525866004435,0.481,78152.0,0.0847962944006551,0.481,0.7150549450549449,False
Moclobemide,0.1676920099793354,0.048,41341.0,0.0800174161244285,0.04898,0.46499999999999997,False
Modafinil,0.0793189061345734,0.195,418320.0,0.1007123733027347,0.195,0.496113074204947,False
Molnupiravir,-0.054523068450494,0.695,6356.0,0.1609502831969792,0.695,0.8544109277177006,False
Mometasone furoate,0.1484750952040694,0.085,17867620.0,0.0585192655765009,0.085,0.47758793969849245,False
Mometasone furoate/olopatadine hydrochloride,-0.0609768023076253,0.756,123296.0,0.0962399429016351,0.756,0.8836363636363637,False
Mometasone/glycopyrronium/indacaterol,-0.0324383600602919,0.492,73074.0,0.1468511372033828,0.492,0.720976933514247,False
Mometasone/glycoyrronium/indacaterol,-0.0484518032574556,0.603,391.0,0.3708439897698209,0.603,0.796343692870201,False
Monobasic potassium phosphate,-0.087198713893993,0.766,32.0,0.25,0.766,0.88859291084855,False
Montelukast,0.0091940941611962,0.418,22415035.0,0.0766345000130492,0.418,0.6689135254988913,False
Morphine (Opium Tincture),-0.1545694068249019,0.958,14.0,0.5,0.958,0.9879866730128509,False
Morphine hydrochloride,-0.1140276873114978,0.9,58.0,0.1551724137931034,0.9,0.9647642679900744,False
Morphine sulfate,0.2135016320794483,0.027,25408285.0,0.1145761707254149,0.03537,0.46499999999999997,False
Morphine tartrate and cyclizine tartrate,0.1378415719483044,0.103,43.0,0.0697674418604651,0.103,0.4891603053435114,False
Moxifloxacin,-0.0820769349644535,0.756,19602.0,0.1225385164779104,0.756,0.8836363636363637,False
Moxifloxacin hydrochloride,0.0560032631740492,0.25,23752.0,0.1381778376557763,0.25,0.5443548387096774,False
Moxisylyte hydorchloride,-0.1480987799078125,0.973,345.0,0.2376811594202898,0.973,0.9894915254237288,False
Moxisylyte hydrochloride,0.2149477134658567,0.052,67.0,0.2388059701492537,0.052,0.46499999999999997,False
Moxonidine,0.0963633639946428,0.127,1537161.0,0.073957119651097,0.127,0.4891603053435114,False
Mupirocin,0.1017503501960185,0.115,683413.0,0.0569567743077758,0.115,0.4891603053435114,False
Mycophenolate mofetil,0.2781572651398719,0.002,1117947.0,0.0947773016073212,0.00129,0.1386,False
Mycophenolic sodium,0.0881602892365994,0.158,36530.0,0.1739118532712839,0.158,0.4891603053435114,False
Nabilone,0.2649582865343693,0.033,2429.0,0.1453272951832029,0.0313,0.46499999999999997,False
Nabumetone,0.03251646599294,0.3,78590.0,0.1332612291640157,0.3,0.5843101893597836,False
Nadolol,-0.0792414906785708,0.804,80208.0,0.0983692399760622,0.804,0.9087598116169545,False
Nafarelin acetate,-0.0143959428340091,0.474,4146.0,0.0726000964785335,0.474,0.7114940931202223,False
Naftidrofuryl oxalate,-0.1333068519594467,0.929,630992.0,0.1641510510434363,0.929,0.9783715260848367,False
Naldemedine,0.0494453703830006,0.22,36536.0,0.158419093496825,0.22,0.5170837867247008,False
Nalmefene,-0.1125997326896466,0.891,5827.0,0.0938733482066243,0.891,0.9620349127182045,False
Naloxegol,0.0729447841393703,0.177,209734.0,0.1875423155044008,0.177,0.4891603053435114,False
Naloxone hydrochloride,0.2510854162841701,0.038,1006.0,0.1580516898608349,0.04162,0.46499999999999997,False
Naltrexone hydrochloride,0.0625946086393834,0.241,92600.0,0.0803995680345572,0.241,0.5399999999999999,False
Naltrexone/bupropion,0.0728800852259356,0.209,259.0,0.193050193050193,0.209,0.5097986577181208,False
Nandrolone decanoate,0.0269069783451614,0.295,37.0,0.4324324324324324,0.295,0.5792727272727272,False
Naphazoline hydrochloride,0.1131939189960406,0.052,3897.0,0.1272773928663074,0.052,0.46499999999999997,False
Naproxen,0.0299650901536045,0.316,37298444.0,0.0730880355223397,0.316,0.5982120946538125,False
Naratriptan hydrochloride,0.0684970968452259,0.182,690276.0,0.0766113844317345,0.182,0.49127317676143384,False
Nasal Products,0.1854641722670935,0.059,1753287.0,0.1900344895045705,0.059,0.46499999999999997,False
Natalizumab,-0.1011197719934256,0.808,6.0,0.3333333333333333,0.808,0.9090000000000001,False
Natamycin,-0.0954654474009772,0.831,37.0,0.2162162162162162,0.831,0.9238085434894492,False
Nateglinide,0.1502701505456492,0.093,211.0,0.2180094786729857,0.093,0.48404819277108435,False
Nebivolol,0.0577941616064163,0.234,3200312.0,0.1054762785628401,0.234,0.5348571428571429,False
Nedocromil sodium,-0.0675164617284671,0.688,449.0,0.2293986636971046,0.688,0.8501601830663615,False
Nefazodone hydrochloride,-0.0814731813192004,0.726,28.0,0.3214285714285714,0.726,0.866865671641791,False
Nefopam hydrochloride,-0.0044990955170893,0.435,2687229.0,0.1207422218203212,0.435,0.6798842257597685,False
Nelarabine,0.1160483841809574,0.081,2.0,1.0,0.081,0.47758793969849245,False
Neomycin sulfate,0.2013387060214795,0.028,2086120.0,0.0620165666404617,0.02603,0.46499999999999997,False
Neostigmine bromide,-0.1743884244328536,0.989,32.0,0.28125,0.989,0.9973109243697478,False
Neostigmine metilsulfate,-0.0646744477211351,0.675,35.0,0.2,0.675,0.8411059907834102,False
Nepafenac,0.0495979241866129,0.271,90201.0,0.1593108723850068,0.271,0.5588668555240793,False
Netilmicin (Eye),-0.1279851687198097,0.898,3.0,0.3333333333333333,0.898,0.9647642679900744,False
Netilmicin/Dexamethasone,-0.0704055414205349,0.676,60.0,0.4166666666666667,0.676,0.8411059907834102,False
Netupitant/palonosetron hydrochloride,0.1945249074166785,0.06,16.0,0.1875,0.06,0.46499999999999997,False
Nevirapine,0.0894954710299189,0.168,40.0,0.275,0.168,0.4891603053435114,False
Nicardipine hydrochloride,0.0426563014577732,0.292,32793.0,0.1059677370170463,0.292,0.5765265082266909,False
Nicorandil,-0.177537676978162,0.987,5064078.0,0.0807771918205051,0.987,0.9962242990654206,False
Nicotinamide,0.0443652887154161,0.273,32793.0,0.1099624919952428,0.273,0.5588668555240793,False
Nicotinates,0.2375264715973411,0.054,3356.0,0.1567342073897497,0.054,0.46499999999999997,False
Nicotine,0.1148825766054242,0.109,1720196.0,0.1233586172738455,0.109,0.4891603053435114,False
Nicotine bitartrate,0.0125796317673483,0.366,12969.0,0.0784177654406662,0.366,0.6314376996805111,False
Nicotinic acid,-0.1177729404963542,0.892,6.0,0.6666666666666666,0.892,0.9620349127182045,False
Nicotinic acid derivatives,0.1046499832600976,0.153,1.0,1.0,0.153,0.4891603053435114,False
Nifedipine,0.0126752459565583,0.382,6418603.0,0.0744221133477175,0.382,0.6401241272304111,False
Night Drainage Bags,0.6735788714719122,0.001,5338513.0,0.1954716603668474,0.0001,0.054,True
Nilotinib,-0.0616871780362125,0.621,10.0,0.3,0.621,0.8095111647555823,False
Nimodipine,0.1183927799037918,0.118,3214.0,0.1720597386434349,0.118,0.4891603053435114,False
Nintedanib,-0.1716602449390667,0.979,18.0,0.2777777777777778,0.979,0.9923228531206006,False
Niraparib,-0.1216967874927087,0.928,6.0,1.0,0.928,0.9777951219512195,False
Nirmatrelvir with Ritonavir,0.1070501046337871,0.094,24441.0,0.0722556360214393,0.094,0.48574162679425836,False
Nitazoxanide,-0.10686110112502,0.814,17.0,0.2352941176470588,0.814,0.9128971962616821,False
Nitisinone,0.1441410853653908,0.113,3.0,0.6666666666666666,0.113,0.4891603053435114,False
Nitrazepam,0.0237328829362518,0.346,1476871.0,0.0862939281765299,0.346,0.6181637717121587,False
Nitrofurantoin,0.0168053510311353,0.356,21376424.0,0.0588509565491403,0.356,0.6266992665036675,False
Nitrous oxide,-0.1039462671118364,0.808,129.0,0.5426356589147286,0.808,0.9090000000000001,False
Nizatidine,-0.0862157133644627,0.775,633368.0,0.0712239961602101,0.775,0.8937533368926855,False
Nonoxinol 9,0.0535943567667706,0.195,1693.0,0.1010041346721795,0.195,0.496113074204947,False
Norethisterone,0.1620282197998963,0.074,2193635.0,0.063704308146068,0.074,0.47758793969849245,False
Norethisterone enantate,-0.1022964146637657,0.83,90.0,0.1444444444444444,0.83,0.9231719876416066,False
Norfloxacin,-0.1223122812291424,0.9,20.0,0.3,0.9,0.9647642679900744,False
Normal immunoglobulin (Gamma globulin),-0.1085673799248224,0.825,18.0,0.1666666666666666,0.825,0.9199793495095508,False
Nortriptyline,0.0133171639604161,0.405,4439969.0,0.0880521913553901,0.405,0.6612244897959184,False
Nystatin,0.0873967144007801,0.155,3315870.0,0.0650408490079526,0.155,0.4891603053435114,False
Obeticholic acid,-0.0450793074268066,0.595,10.0,0.2,0.595,0.7918669131238447,False
Octreotide acetate,-0.0038937067686128,0.426,23314.0,0.0983958136741871,0.426,0.6746041055718475,False
Oestrogens conjugated,-0.0634632696870668,0.696,629885.0,0.0563261547742841,0.696,0.8551535836177474,False
Oestrogens conjugated with bazedoxifene,-0.085042857511796,0.732,3.0,0.6666666666666666,0.732,0.8721014892443463,False
Oestrogens conjugated with progestogen,0.0452631022835355,0.268,137203.0,0.0586211671756448,0.268,0.5566153846153846,False
Ofatumumab,0.0448398352830346,0.263,4.0,1.0,0.263,0.552069970845481,False
Ofloxacin,-0.0775125509340914,0.758,315353.0,0.0491068738841869,0.758,0.8845380875202593,False
Oils for the ear,0.0017252363433202,0.403,1443.0,0.1413721413721413,0.403,0.6589553368660106,False
Olanzapine,0.1791989093453568,0.074,13217732.0,0.0652534791899245,0.074,0.47758793969849245,False
Olanzapine embonate,-0.0484608247280502,0.602,1749.0,0.3156089193825043,0.602,0.7957894736842105,False
Olaparib,-0.0989958525424753,0.809,5.0,0.2,0.809,0.9096512233211869,False
Olmesartan medoxomil,-0.0632621986167919,0.734,1862139.0,0.0806148198389056,0.734,0.8725591634562466,False
Olmesartan medoxomil/amlodipine,0.0701512312763982,0.206,94226.0,0.1002165007535075,0.206,0.5062116040955631,False
Olmesartan medoxomil/amlodipine/hydrochlorothiazide,0.1997672096096618,0.052,60341.0,0.3593742231650121,0.052,0.46499999999999997,False
Olmesartan medoxomil/hydrochlorothiazide,5.389852761308501e-05,0.408,66951.0,0.0681841944108377,0.408,0.6626165413533834,False
Olodaterol,-0.0168932204924774,0.483,10421.0,0.1000863640725458,0.483,0.7155555555555555,False
Olopatadine,0.2262774470418118,0.05,1285315.0,0.1014817379397268,0.05,0.46499999999999997,False
Olsalazine sodium,-0.106690889417173,0.874,47829.0,0.0760208241861632,0.874,0.9563525835866261,False
Omalizumab,-0.140931298653928,0.933,89.0,0.6292134831460674,0.933,0.9811489776046739,False
Omega-3-acid ethyl esters,0.1547170592985895,0.046,376759.0,0.0730440414163961,0.06131,0.46499999999999997,False
Omeprazole,0.2402453993962041,0.017,178040702.0,0.0651044950384435,0.01298,0.3882162162162162,False
Ondansetron hydrochloride,-0.0277253126074229,0.564,1626394.0,0.0714814491445492,0.564,0.7710379746835442,False
Opicapone,-0.0188895710806708,0.487,269246.0,0.0745006425350794,0.487,0.7185245901639344,False
Opium and morphine,-0.0713562056367566,0.744,1972.0,0.1313387423935091,0.744,0.8762486368593239,False
Oral Film Forming Agents,-0.0050424506252077,0.443,70090.0,0.1167784277357683,0.443,0.6879079798705967,False
Oral rehydration salts,0.2860528816699391,0.043,929709.0,0.0826484416091486,0.04069,0.46499999999999997,False
Orlistat,0.3105782741100532,0.001,2196364.0,0.0728490359521463,0.00497,0.25008,False
Orphenadrine hydrochloride,0.1419589055275874,0.076,24834.0,0.0940243214947249,0.076,0.47758793969849245,False
Oseltamivir phosphate,0.1742081776208309,0.065,95893.0,0.1417726007112093,0.065,0.4664451827242525,False
Osimertinib,-0.0599220507523608,0.637,9.0,0.3333333333333333,0.637,0.8224267782426778,False
Ospemifene,0.0875683755840756,0.165,6470.0,0.142194744976816,0.165,0.4891603053435114,False
Other Appliances,0.192438635271087,0.071,54016905.0,0.0634795532991014,0.071,0.47758793969849245,True
Other HIV infection preparations,0.0276740758018299,0.302,205.0,0.1219512195121951,0.302,0.5860916442048517,False
Other acid preparations,-0.0884250255423839,0.82,45.0,0.1111111111111111,0.82,0.9167701863354036,False
Other alcohol and saline preparations,0.0195186801473918,0.314,89.0,0.3370786516853932,0.314,0.5970422535211267,False
"Other alcohol, wine and spirit preparations",-0.0789737805632171,0.73,2.0,0.5,0.73,0.8701986754966887,False
Other amino acidandnutritional agent preparations,0.0627020339242904,0.192,59328.0,0.3292543149946063,0.192,0.4947343565525384,False
Other anti-inflammatory preparations,-0.1168820932693015,0.912,12.0,1.0,0.912,0.9694488188976378,False
Other antiperspirant preparations,0.2058432489735597,0.082,110.0,0.2909090909090909,0.082,0.47758793969849245,False
Other antiviral preparations,0.0539015916535409,0.244,66.0,0.2727272727272727,0.244,0.5411088295687885,False
Other aromatic inhalation preparations,0.048664675437885,0.247,18.0,0.2222222222222222,0.247,0.5427466937945066,False
Other aural preparations,-0.0722949126616457,0.71,2.0,1.0,0.71,0.8601233875490746,False
Other barrier preparations,0.1062216944593405,0.145,176534.0,0.1102337226823161,0.145,0.4891603053435114,False
Other base/diluent/suspending agent/stabiliser preparations,-0.0002486480365241,0.422,1018641.0,0.0708856211363964,0.422,0.67171702284451,False
Other bisphosphonate and other preparations,-0.0436717460713956,0.616,533.0,0.2345215759849906,0.616,0.8059115687462144,False
Other bitter and tonic preparations,-0.1397462835310202,0.96,1.0,1.0,0.96,0.9879866730128509,False
Other calcium supplement preparations,0.3206851897036327,0.004,77438.0,0.0978976729770913,0.00423,0.22842,False
Other camouflage preparations,0.219252054896581,0.056,157813.0,0.0874325942729686,0.056,0.46499999999999997,False
Other chromium preparations,-0.0609707242370771,0.658,10.0,0.7,0.658,0.8306721215663354,False
"Other colour, flavour and sweetening preparations",-0.0842446509432091,0.766,338.0,0.3579881656804733,0.766,0.88859291084855,False
Other compound vitamin/mineral formulation preparations,-0.0439910539675184,0.577,661673.0,0.0990912429553571,0.577,0.7755569383945239,False
Other concentrated water preparations,0.0413588029873324,0.286,11932.0,0.0956252095206168,0.286,0.5698892988929889,False
Other cordial/soft drink preparations,0.0283969897951503,0.332,1940.0,0.1242268041237113,0.332,0.6092778249787596,False
Other digestive aid preparations,0.0469725962079888,0.261,35971.0,0.1149259125406577,0.261,0.552069970845481,False
"Other disinfectant,preservative and sterilising preparations",-0.0289096364338899,0.514,32.0,0.46875,0.514,0.7366887417218544,False
Other dusting powder preparations,0.1178387566949395,0.1,8.0,0.875,0.1,0.4891603053435114,False
Other eczema preparations,0.0125933604803547,0.369,599.0,0.0984974958263772,0.369,0.6320697858842188,False
Other emollient preparations,0.2435626764860496,0.035,23070900.0,0.0919984482616629,0.03427,0.46499999999999997,False
Other enzyme preparations 0911020,0.1815000521685965,0.064,57302.0,0.1665212383511919,0.064,0.4664451827242525,False
Other expectorantand demulcent cough preparations,0.1130160151811208,0.107,599.0,0.4874791318864774,0.107,0.4891603053435114,False
Other eye tear/lubricant/astringent preparations,0.078195274019059,0.193,168017.0,0.0756233000232119,0.193,0.4947343565525384,False
Other food for special diet preparations,0.0806044648077417,0.157,1715605.0,0.0877964333281845,0.157,0.4891603053435114,False
Other food preparations,-0.1837730092101159,0.99,469996.0,0.0788581179414292,0.99,0.9978534764349044,False
Other health supplement preparations,-0.090209071941157,0.779,691967.0,0.3454456643163619,0.779,0.8945454545454546,False
Other homeopathic preparations,0.0050140479085811,0.397,2375.0,0.1941052631578947,0.397,0.6555963302752295,False
Other household and over the counter preparations,0.0467521021358942,0.251,34.0,0.3823529411764705,0.251,0.544864864864865,False
Other individually formulated bought in preparations,0.1670535766794812,0.075,1559623.0,0.0750585237586262,0.075,0.47758793969849245,False
Other intravenous nutrition preparations,-0.1013692480299104,0.791,8.0,0.25,0.791,0.899242105263158,False
Other lozenge and spray preparations,-0.0116490556874852,0.466,383.0,0.1357702349869451,0.466,0.7068539325842697,False
Other magnesium preparations,0.1798587822387581,0.083,5475.0,0.1497716894977168,0.083,0.47758793969849245,False
Other mineral formulation preparations,-0.1329463680787524,0.912,869.0,0.1726121979286536,0.912,0.9694488188976378,False
Other minor cut and abrasion preparations,0.0123333444919146,0.377,24.0,0.8333333333333334,0.377,0.637875,False
Other miscellaneous topical preparations,0.096145386468345,0.157,3933.0,0.0928044749555047,0.157,0.4891603053435114,False
"Other mouth wash, gargle and dentifrice preparations",0.0819947736897307,0.162,2876.0,0.0719749652294853,0.162,0.4891603053435114,False
Other multivitamin preparations,0.1390283513937283,0.061,5221989.0,0.0824446393893208,0.061,0.46499999999999997,False
Other nasal infection preparations,0.1154162459346784,0.147,3.0,0.3333333333333333,0.147,0.4891603053435114,False
Other neuromuscularar transmisson preparations,-0.2236129711639692,0.997,115.0,0.3217391304347826,0.997,1.0,False
Other non-opioid analgesic preparations,0.037013451444471,0.288,1069.0,0.1552853133769878,0.288,0.5721723189734189,False
Other oil preparations,0.1059372713861258,0.134,10876.0,0.1790180213313718,0.134,0.4891603053435114,False
Other oral iron preparations,-0.080449609995094,0.79,79342.0,0.0767689244032164,0.79,0.899242105263158,False
Other oral ulceration and inflammation preparations,0.0427385439924831,0.239,4.0,0.5,0.239,0.539435736677116,False
Other osmotic laxative preparations,-0.0781148600064424,0.721,24916.0,0.5212714721464119,0.721,0.8652,False
Other otitis external preparations,0.207557118912731,0.058,807.0,0.2825278810408922,0.058,0.46499999999999997,False
Other pancreatin preparations,0.0842211470407205,0.169,1.0,1.0,0.169,0.4891603053435114,False
Other pantothenic acid preparations,-0.0332754414414833,0.537,6.0,1.0,0.537,0.7478529980657641,False
Other phosphate supplement preparations,0.0669069077825484,0.217,118924.0,0.0877619319901786,0.217,0.5167805953693495,False
Other preparations,0.0607313893273058,0.212,47990.0,0.0763075640758491,0.212,0.5099331848552338,False
Other preparations for biliary disorders,-0.1433033272526368,0.955,23.0,0.6956521739130435,0.955,0.9879866730128509,False
Other psoriasis preparations,0.1287504690604286,0.103,1635.0,0.0819571865443425,0.103,0.4891603053435114,False
Other purified water preparations,0.1992003078559573,0.054,51419.0,0.6103969349851223,0.054,0.46499999999999997,False
Other rubefacient and topical antirheumatic preparations,-0.0303323376539213,0.501,3.0,0.3333333333333333,0.501,0.7277471418964359,False
Other screening and monitoring agent preparations,-0.0130039553197297,0.378,479.0,0.9707724425887264,0.378,0.637875,False
Other selenium preparations,0.0610012296585221,0.207,60011.0,0.2865308026861742,0.207,0.5080909090909091,False
Other shampoo and scalp preparations,-0.0694013564651769,0.689,272.0,0.2941176470588235,0.689,0.8501996577296063,False
Other single substance preparations,0.1261485873194181,0.112,7853.0,0.139819177384439,0.112,0.4891603053435114,False
Other soothing haemorrhoidal preparations,0.1514720399353047,0.085,4302.0,0.1264528126452812,0.085,0.47758793969849245,False
Other stimulant laxative preparations,0.296050913365727,0.055,3.0,0.6666666666666666,0.055,0.46499999999999997,False
Other sunscreening preparations,0.2888156827357459,0.019,183113.0,0.0935542533845221,0.0158,0.4161951219512195,False
Other test for helicobacter pylori preparations,-0.0234051355334926,0.491,54626.0,0.2213048731373338,0.491,0.720976933514247,False
Other tincture preparations,0.0322298662822816,0.267,45.0,0.1111111111111111,0.267,0.5561427193828351,False
Other toiletry preparations,0.1522401464031649,0.09,1397811.0,0.0978594387939428,0.09,0.48000000000000004,False
Other topical anaesthetic and antipruritic preparations,0.0087282815931224,0.397,184.0,0.1195652173913043,0.397,0.6555963302752295,False
Other topical circulatory preparations,0.0135200833941506,0.342,61.0,0.2459016393442623,0.342,0.6145757071547421,False
Other topical corticosteroid preparations,0.0354676086386945,0.289,2293.0,0.3427823811600523,0.289,0.5721723189734189,False
Other topical nasal decongestant preparations,-0.1188869229386234,0.909,1601.0,0.0693316677076827,0.909,0.969121421520237,False
Other treatment of dry mouth preparations,-0.0311994910760345,0.515,38362.0,0.093139043845472,0.515,0.7366887417218544,False
Other urological pain preparations,-0.0937356121704442,0.798,561.0,0.2638146167557932,0.798,0.9038699528054537,False
Other vaginal/vulva changes preparations,-0.105702596729896,0.828,35.0,0.5142857142857142,0.828,0.9218969072164949,False
Other vehicle and emulsifying agent preparations,0.0352033895579726,0.252,2.0,0.5,0.252,0.544864864864865,False
Other vitamin A preparations 0906011,-0.048042742456355,0.658,3070.0,0.1026058631921824,0.658,0.8306721215663354,False
Other vitamin B compound preparations,0.0707829482783394,0.192,1438.0,0.1474269819193324,0.192,0.4947343565525384,False
Other vitamin B preparations,-0.024355010668764,0.539,11374.0,0.0825567082820467,0.539,0.7491329479768787,False
Other vitamin C (Ascorbic acid) preparations,0.1531607009442216,0.088,30.0,0.1333333333333333,0.088,0.47758793969849245,False
Other vitamin C preparations,-0.0838262042173649,0.765,6.0,1.0,0.765,0.88859291084855,False
Other vitamin D preparations,0.155207371363884,0.091,32.0,0.34375,0.091,0.48176470588235293,False
Other x-ray contrast media preparations,-0.0906938535424045,0.79,465.0,0.1182795698924731,0.79,0.899242105263158,False
Other zinc preparations,-0.1092814330864562,0.875,5237.0,0.2629367958755012,0.875,0.9564777327935222,False
Oxandrolone,0.0092110551930245,0.367,130.0,0.3230769230769231,0.367,0.6320697858842188,False
Oxazepam,-0.1190797325939139,0.893,245524.0,0.1321500138479334,0.893,0.9620349127182045,False
Oxcarbazepine,0.1893139605252392,0.044,620270.0,0.0617553645992874,0.04959,0.46499999999999997,False
Oxitriptan,0.0728726357204203,0.21,278.0,0.4136690647482014,0.21,0.5097986577181208,False
Oxprenolol hydrochloride,-0.1675989577180827,1.0,1.0,1.0,1.0,1.0,False
Oxybuprocaine hydrochloride,-0.1140073427020702,0.865,712.0,0.1095505617977528,0.865,0.9503560528992879,False
Oxybutynin,0.1172673758974229,0.125,6678590.0,0.0969927784158033,0.125,0.4891603053435114,False
Oxybutynin hydrochloride,-0.1348251594677125,0.911,24.0,0.5833333333333334,0.911,0.9694488188976378,False
Oxycodone hydrochloride,0.0679669064726102,0.21,9177254.0,0.090755905851576,0.21,0.5097986577181208,False
Oxycodone hydrochloride/naloxone hydrochloride,0.0180895851823977,0.353,133719.0,0.0559456771289046,0.353,0.6234505314799672,False
Oxymetazoline hydrochloride,-0.0118252258069668,0.442,10.0,0.2,0.442,0.6878386167146974,False
Oxymetholone,-0.0441206870198033,0.561,3.0,0.6666666666666666,0.561,0.7674224192526917,False
Oxytetracycline,0.2838755778454596,0.027,912544.0,0.1163823333450222,0.02627,0.46499999999999997,False
Oxytocin,0.1160483841809588,0.081,11.0,1.0,0.081,0.47758793969849245,False
Ozanimod,-0.1675989577180827,1.0,1.0,1.0,1.0,1.0,False
Padimate O,0.6477741137314688,0.024,1.0,1.0,0.0237,0.46499999999999997,False
Palbociclib,-0.1250434975917972,0.906,3.0,0.3333333333333333,0.906,0.9678338278931751,False
Paliperidone,-0.0142965261904764,0.489,97630.0,0.078869200040971,0.489,0.7195095367847412,False
Pamidronate disodium,-0.0479037974719396,0.6,8.0,0.5,0.6,0.7946045370938075,False
Pancreatin,0.0597476597266573,0.214,3504088.0,0.0845358335749558,0.214,0.5124611973392461,False
Pantoprazole,-0.0842325646456355,0.786,8870558.0,0.0932377647494103,0.786,0.8978106821787414,False
Pantothenic acid (Calcium pantothenate),-0.0332754414414831,0.537,30.0,1.0,0.537,0.7478529980657641,False
Papaveretum,-0.1168820932693023,0.912,1.0,1.0,0.912,0.9694488188976378,False
Papaverine hydrochloride,-0.1223228687548401,0.888,10.0,0.7,0.888,0.9620349127182045,False
Paracetamol,0.1756697932080642,0.06,80401160.0,0.1016204865700942,0.06,0.46499999999999997,False
Paracetamol and caffeine,-0.1240237546753729,0.961,1186.0,0.2124789207419898,0.961,0.9879866730128509,False
Paracetamol and ibuprofen,-0.1196120514538369,0.911,926.0,0.1252699784017278,0.911,0.9694488188976378,False
Paracetamol and phenylephrine hydrochloride,0.0062068744691699,0.402,70.0,0.2,0.402,0.6583169067475361,False
Paracetamol combined preparations,0.0167566252683904,0.349,24436.0,0.0791455229988541,0.349,0.6204444444444444,False
Paraffin hard,-0.0655506326988979,0.7,66.0,0.303030303030303,0.7,0.8566985915492957,False
Paraffin soft white,0.2558621722870063,0.038,37729.0,0.1003207082085398,0.03418,0.46499999999999997,False
Paraffin soft yellow,0.1069799359969366,0.137,69454.0,0.112059780574193,0.137,0.4891603053435114,False
Paraldehyde,-0.0432520367208173,0.626,11343.0,0.1228951776425989,0.626,0.8135740072202167,False
Parecoxib sodium,-0.077769999206531,0.752,1654.0,0.1686819830713422,0.752,0.8827826086956522,False
Paricalcitol,0.4857606308528406,0.01,1178.0,0.1960950764006791,0.01264,0.3845408450704225,False
Paromomycin sulfate,0.0213716587356711,0.33,85.0,0.2470588235294117,0.33,0.6081911262798635,False
Paroxetine hydrochloride,-0.1132021363745245,0.903,6348878.0,0.0713467796987121,0.903,0.9660624071322437,False
Patiromer calcium,0.0347316214114368,0.268,12344.0,0.3894199611147116,0.268,0.5566153846153846,False
"Pdr 2.4 kcal/ml m/sk lower volume, higher protein (0913011)",0.0736511247127181,0.194,20150.0,0.0904714640198511,0.194,0.4947343565525384,False
Pdr 3.7 kcal/g energy and higher protein fortifier (0913141),0.0870918604979341,0.149,12200.0,0.5395081967213115,0.149,0.4891603053435114,False
Pdr 3.8 - 4.9 kcal/g energy (carbohyd) fortifier (0913142),0.079548952624983,0.164,72356.0,0.2961882912267123,0.164,0.4891603053435114,False
Pdr disc or non ACBS energy and protein fortifier (0913391),0.0834375976889282,0.156,265.0,0.7622641509433963,0.156,0.4891603053435114,False
Pdr disc/non ACBS Protein SfI metabolic cond (inf) (091357),0.0366010502771572,0.284,26.0,0.3846153846153846,0.284,0.5674745605920444,False
Pdr disc/non ACBS protein SfI metabolic condition (0913442),0.0448398352830352,0.263,39.0,1.0,0.263,0.552069970845481,False
Pdr disc/non ACBS protein SfI metabolic condition (0913445),0.0796216354908823,0.165,2674.0,0.7344801795063575,0.165,0.4891603053435114,False
Pdr disc/non ACBS protein SfI metabolic condition (0913447),0.0848539805283964,0.15,85.0,0.9411764705882352,0.15,0.4891603053435114,False
Pdr disc/non ACBS single L-amino acid supplement (0913445),0.1749585372448271,0.09,780.0,0.2025641025641025,0.09,0.48000000000000004,False
Peak Flow Meters,0.0607599216125368,0.219,1974861.0,0.0503346817826672,0.219,0.5170837867247008,False
Pegfilgrastim,-0.0298614973239861,0.496,3.0,0.6666666666666666,0.496,0.724871447902571,False
Peginterferon alpha,0.099110882016362,0.163,71.0,0.2816901408450704,0.163,0.4891603053435114,False
Peginterferon beta,-0.1689405159034801,0.974,478.0,0.602510460251046,0.974,0.9900423529411765,False
Pelvic Toning Devices,-0.0424714755013683,0.575,1481.0,0.1208642808912896,0.575,0.7755569383945239,False
Penciclovir,-0.0820205604082855,0.745,124.0,0.1290322580645161,0.745,0.8764705882352941,False
Penicillamine,-0.0467063041598673,0.62,29673.0,0.1295453779530212,0.62,0.8095111647555823,False
Pentamidine isetionate,-0.0704632250105205,0.704,33.0,0.4848484848484848,0.704,0.8566985915492957,False
Pentazocine hydrochloride,0.1818352568694789,0.044,5292.0,0.0708616780045351,0.05334,0.46499999999999997,False
Pentosan polysulfate sodium,-0.0552967215090544,0.644,6016.0,0.0884308510638298,0.644,0.8260332541567695,False
Pentoxifylline,-0.0231685645195853,0.479,87100.0,0.1088633754305396,0.479,0.7150241879751209,False
Peppermint oil,0.2406764612831342,0.026,2641208.0,0.0965940584762729,0.02502,0.46499999999999997,False
Perampanel,0.0383621553451481,0.278,331573.0,0.0823438579136419,0.278,0.5643609022556391,False
Pergolide mesilate,-0.1106415005073104,0.894,6.0,1.0,0.894,0.962152466367713,False
Pericyazine,0.0313825483728526,0.275,288044.0,0.8191317993084389,0.275,0.5598491988689915,False
Perindopril arginine,0.0145239083512311,0.327,146997.0,0.0665047586005156,0.327,0.6055384615384616,False
Perindopril arginine with diuretic,0.0261642396020058,0.31,145153.0,0.0796194360433473,0.31,0.5967914438502674,False
Perindopril erbumine,0.0581189579811497,0.211,18720249.0,0.1016529213900947,0.211,0.5097986577181208,False
Perindopril erbumine with diuretic,-0.1287752004969259,0.925,21.0,0.7619047619047619,0.925,0.9777951219512195,False
Perindopril tosilate,-0.0704205913992879,0.683,4.0,0.5,0.683,0.8459174311926607,False
Perindopril tosilate/indapamide,0.1026973371375792,0.149,20.0,0.95,0.149,0.4891603053435114,False
Perindopril with calcium channel blocker,0.2054515403891599,0.052,251.0,0.2071713147410358,0.052,0.46499999999999997,False
Permethrin,0.1433283587179802,0.086,936607.0,0.090140261603853,0.086,0.47758793969849245,False
Perphenazine,-0.0281479168294322,0.502,1010.0,0.1851485148514851,0.502,0.7287096774193548,False
Pethidine hydrochloride,-0.0987103176846126,0.886,20714.0,0.0744424061021531,0.886,0.9620349127182045,False
Phased formulations of ethinylestradiol,0.1021627305655801,0.158,97025.0,0.0654573563514558,0.158,0.4891603053435114,False
Phenazone/lidocaine,0.1363566799860453,0.087,297665.0,0.0735356860900676,0.087,0.47758793969849245,False
Phenelzine sulfate,0.2614897000594797,0.016,23608.0,0.0883175194849203,0.01111,0.36781714285714284,False
Phenindione,-0.0154126833501142,0.482,1608.0,0.1585820895522388,0.482,0.7150549450549449,False
Phenobarbital,0.0368700640928128,0.303,766651.0,0.0671570245131096,0.303,0.5869775784753364,False
Phenobarbital sodium,-0.0885364570241156,0.827,861.0,0.0987224157955865,0.827,0.9212583806085611,False
Phenol,0.0279986438657946,0.314,2017.0,0.1264253842340109,0.314,0.5970422535211267,False
Phenothrin,-0.0332754414414833,0.537,3.0,1.0,0.537,0.7478529980657641,False
Phenoxybenzamine hydrochloride,-0.0007597882220722,0.415,3695.0,0.1247631935047361,0.415,0.6684563758389261,False
Phenoxymethylpenicillin (Penicillin V),0.0279405639906749,0.299,13748162.0,0.063223069381929,0.299,0.5828880866425992,False
Phenprocoumon,-0.0358771692630158,0.544,21.0,0.7142857142857143,0.544,0.7527482383087766,False
Phentolamine/aviptadil,0.1100129271445462,0.132,56523.0,0.0882472621764591,0.132,0.4891603053435114,False
Phenylbutazone,0.1337096548231315,0.119,251.0,0.1434262948207171,0.119,0.4891603053435114,False
Phenylephrine hydrochloride,0.0426054072850668,0.278,704.0,0.15625,0.278,0.5643609022556391,False
Phenylephrine hydrochloride and tropicamide,-0.0658154387504395,0.654,7.0,0.5714285714285714,0.654,0.829988249118684,False
Phenytoin,0.0391092793953482,0.324,76999.0,0.0767542435616047,0.324,0.6036113499570077,False
Phenytoin sodium,0.0578710598045704,0.237,2586722.0,0.0921784405127416,0.237,0.5382965299684542,False
Pholcodine,0.1896025979352323,0.061,65626.0,0.1087526285313747,0.061,0.46499999999999997,False
Phosphates,-0.051065594474186,0.654,215.0,0.1441860465116279,0.654,0.829988249118684,False
Phosphates (Rectal),0.1227537378057825,0.061,350614.0,0.0770191720809779,0.061,0.46499999999999997,False
Physical Debridement Device,0.0461093291073071,0.281,127050.0,0.2685320739866194,0.281,0.5667226890756303,False
Phytomenadione,-0.0066841386064873,0.492,38083.0,0.1494892734290891,0.492,0.720976933514247,False
Pilocarpine hydrochloride,0.0315050178533505,0.312,258072.0,0.0666170681050249,0.312,0.5970422535211267,False
Pilocarpine nitrate,0.0203207955278926,0.36,47056.0,0.139068344100646,0.36,0.629126213592233,False
Pimecrolimus,0.0430964761629192,0.26,420259.0,0.0708610642484753,0.26,0.552069970845481,False
Pimozide,0.0493125210979061,0.249,16591.0,0.1301910674462057,0.249,0.5438220424671386,False
Pindolol,-0.0434239279650126,0.571,63.0,0.492063492063492,0.571,0.7755569383945239,False
Pioglitazone hydrochloride,0.0088159326879823,0.382,2780041.0,0.0988467436271623,0.382,0.6401241272304111,False
Piperacillin sodium/tazobactam sodium,-0.1142010774700041,0.875,174.0,0.5114942528735632,0.875,0.9564777327935222,False
Pipotiazine palmitate,0.0177814718926703,0.369,1.0,1.0,0.369,0.6320697858842188,False
Piracetam,0.0061939185181337,0.375,35703.0,0.1327899616278744,0.375,0.6377952755905512,False
Pirenzepine,0.1161287591918599,0.139,11273.0,0.0964250864898429,0.139,0.4891603053435114,False
Pirfenidone,-0.0173253882321367,0.454,57.0,0.1929824561403508,0.454,0.6979644128113879,False
Piroxicam,0.0585896633891745,0.212,1644854.0,0.2075381766406015,0.212,0.5099331848552338,False
Pitolisant hydrochloride,-0.0043322659018275,0.432,2976.0,0.2758736559139785,0.432,0.677155297532656,False
Pivmecillinam hydrochloride,0.2643601997104606,0.031,1621331.0,0.0894604494702192,0.03011,0.46499999999999997,False
Pizotifen malate,0.1285258759270673,0.062,2609742.0,0.0892674448278795,0.062,0.46499999999999997,False
Pneumococcal,0.0467956650471825,0.274,308416.0,0.0545659109773812,0.274,0.5588668555240793,False
Podophyllotoxin,0.0641030168626689,0.205,24361.0,0.077788268133492,0.205,0.5054794520547945,False
Podophyllum resin,-0.1268903834870114,0.893,11.0,0.7272727272727273,0.893,0.9620349127182045,False
Policosanol,-0.0425478281105699,0.672,6.0,1.0,0.672,0.8395141700404858,False
Polihexanide,-0.0323303676727227,0.54,68.0,0.2647058823529412,0.54,0.7491329479768787,False
Pollen allergy preparations,0.029118154001614,0.325,3.0,1.0,0.325,0.6036113499570077,False
Polymyxins,-0.1583572379171538,0.966,22.0,0.3636363636363636,0.966,0.9894915254237288,False
Polyvinyl alcohol,-0.0148209586044771,0.476,77.0,0.1818181818181818,0.476,0.713009708737864,False
Ponatinib,0.029118154001614,0.325,1.0,1.0,0.325,0.6036113499570077,False
Posaconazole,0.0598916707966295,0.189,1782.0,0.095398428731762,0.189,0.4924487334137515,False
Potassium bicarbonate,-0.1234005211440428,0.896,160.0,0.25625,0.896,0.9638247011952192,False
Potassium chloride,0.0328909739788509,0.286,653796.0,0.0711261616773427,0.286,0.5698892988929889,False
Potassium citrate,0.0812316886400912,0.165,128129.0,0.0682203092196146,0.165,0.4891603053435114,False
Potassium iodide,0.0177814718926703,0.369,1.0,1.0,0.369,0.6320697858842188,False
Potassium permanganate,0.0874065907221342,0.114,33707.0,0.0633102916308185,0.114,0.4891603053435114,False
Povidone iodine,-0.0143022089391706,0.464,473.0,0.2579281183932346,0.464,0.7058028169014084,False
Powder 1 - 2.2 kcal/ml soup (0913011),0.0610820691042333,0.208,69170.0,0.0646233916437762,0.208,0.5093877551020408,False
Powder 1 kcal/g peptide based formula (0913091),0.0850413006655642,0.155,2206.0,0.3336355394378966,0.155,0.4891603053435114,False
Powder 1.3 kcal/ml milkshake pre-thickened (0913051),-0.0464253878100959,0.626,579.0,0.2452504317789292,0.626,0.8135740072202167,False
Powder 1.3 kcal/ml milkshake pre-thickened (0913671),0.0312622066655627,0.306,1915.0,0.245953002610966,0.306,0.5911985688729875,False
Powder 1.4 - 1.6 kcal/ml milkshake with fibre (0913011),-0.0782603613926067,0.805,25280.0,0.0821993670886075,0.805,0.9090000000000001,False
Powder 1.4 kcal/ml milkshake (0913021),0.2450363504290808,0.028,13703.0,0.0927534116616799,0.03153,0.46499999999999997,False
Powder 1.5 kcal/ml smoothie (0913011),0.0530922142068621,0.243,71434.0,0.0710306016742727,0.243,0.5405561277033986,False
Powder 1.5 kcal/ml smoothie plant based (0913011),-0.011290230371637,0.496,54582.0,0.0807775457110402,0.496,0.724871447902571,False
Powder 1.6 kcal/ml milkshake (0913011),0.1280642965444656,0.113,1410103.0,0.0602225511186062,0.113,0.4891603053435114,False
Powder 1.6 kcal/ml milkshake with fibre (0913011),-0.0783579747279478,0.782,9339.0,0.094656815504872,0.782,0.8960848806366049,False
Powder 1.7 kcal/ml milkshake pre-thickened (0913051),-0.1595503946773782,0.973,2224.0,0.1506294964028777,0.973,0.9894915254237288,False
Powder 1.7 kcal/ml milkshake pre-thickened (0913671),-0.0638381960523209,0.725,7433.0,0.233284003766985,0.725,0.8666297731045932,False
Powder 10g GMP protein equivalent (0913205),0.0642659020451375,0.192,1037.0,0.6644165863066538,0.192,0.4947343565525384,False
Powder 10g GMP protein equivalent (0913206),0.082342779190597,0.158,118.0,0.8728813559322034,0.158,0.4891603053435114,False
Powder 10g protein equivalent (0913205),0.0710108890922299,0.17,954.0,0.6509433962264151,0.17,0.4891603053435114,False
Powder 10g protein equivalent (0913221),0.0695960342519104,0.18,1676.0,0.4701670644391408,0.18,0.4911557788944723,False
Powder 10g protein equivalent (0913222),0.0754215811384756,0.169,599.0,0.7328881469115192,0.169,0.4891603053435114,False
Powder 10g protein equivalent (0913225),0.0790192001309358,0.169,1083.0,0.8670360110803325,0.169,0.4891603053435114,False
Powder 10g protein equivalent (0913226),0.0764122059164095,0.172,10409.0,0.637717359976943,0.172,0.4891603053435114,False
Powder 10g protein equivalent (0913227),0.0870186931854013,0.155,476.0,0.6092436974789915,0.155,0.4891603053435114,False
Powder 15g GMP protein equivalent (0913205),-0.084458165990216,0.748,1597.0,0.8741390106449592,0.748,0.8795209580838323,False
Powder 15g protein equivalent (0913201),-0.0746799613085078,0.709,329.0,0.9300911854103344,0.709,0.8598764738910724,False
Powder 15g protein equivalent (0913204),-0.0724202357943831,0.722,354.0,0.576271186440678,0.722,0.8659189339255969,False
Powder 15g protein equivalent (0913205),-0.0516349303962676,0.664,2665.0,0.8108818011257035,0.664,0.8338604651162791,False
Powder 15g protein equivalent (0913206),-0.1196387694289579,0.902,105.0,0.7619047619047619,0.902,0.9654707631318138,False
"Powder 2 kcal/ml m/sk higher volume, higher energy (0913011)",0.1080029357981535,0.131,116046.0,0.1132395774089585,0.131,0.4891603053435114,False
Powder 2.3 - 2.4 kcal/ml milkshake lower volume (0913011),-0.0107085164021452,0.468,374984.0,0.0723790881744287,0.468,0.7083952347582342,False
Powder 2.6 kcal/g dessert style (milk based) (0913011),-0.056924120017967,0.709,8329.0,0.1295473646296074,0.709,0.8598764738910724,False
Powder 2.6 kcal/ml dessert style (milk based) (0913011),0.0043773166421928,0.43,15240.0,0.1121391076115485,0.43,0.6769679300291545,False
Powder 2.7 kcal/ml milkshake pre-thickened (0913051),-0.0785937000726923,0.755,6.0,0.5,0.755,0.8836363636363637,False
Powder 2.7 kcal/ml milkshake pre-thickened (0913671),-0.1675989577180827,1.0,1.0,1.0,1.0,1.0,False
Powder 20g GMP protein equivalent (0913205),-0.0888660676135998,0.778,14610.0,0.6841889117043121,0.778,0.8945454545454546,False
Powder 20g protein equivalent (0913201),0.0641125775526591,0.202,1022.0,0.4471624266144814,0.202,0.5020943613348677,False
Powder 20g protein equivalent (0913204),0.0454928709784008,0.272,598.0,0.5919732441471572,0.272,0.5588668555240793,False
Powder 20g protein equivalent (0913205),0.0641721721238695,0.2,8517.0,0.4454620171421862,0.2,0.5005793742757821,False
Powder 20g protein equivalent (0913206),0.0738302820276935,0.182,337.0,0.5281899109792285,0.182,0.49127317676143384,False
Powder 25g protein equivalent per 100g (0913207),0.0775909465039856,0.178,427.0,0.3747072599531616,0.178,0.4891603053435114,False
Powder 28g protein equivalent per 100g (0913223),0.0852621296659473,0.144,21.0,0.9523809523809524,0.144,0.4891603053435114,False
Powder 3.7 kcal/g energy and protein fortifier (0913081),0.0327702009040436,0.283,13930.0,0.1982770997846374,0.283,0.5674745605920444,False
Powder 39g protein equivalent per 100g (0913201),0.0887528700725273,0.149,6.0,0.6666666666666666,0.149,0.4891603053435114,False
Powder 39g protein equivalent per 100g (0913204),0.0787900392050156,0.171,111.0,0.8288288288288288,0.171,0.4891603053435114,False
Powder 39g protein equivalent per 100g (0913205),0.0983192351280685,0.144,1242.0,0.4589371980676328,0.144,0.4891603053435114,False
Powder 3:1 formula (0913181),0.0862737092697945,0.147,3186.0,0.8050847457627118,0.147,0.4891603053435114,False
Powder 4.4 kcal/g amino acid based ONS with MCT (0913061),0.0547364778150814,0.24,246.0,0.3252032520325203,0.24,0.5394380853277836,False
Powder 4.4 kcal/g juice style (0913061),0.0786578601827883,0.167,14059.0,0.3253431965289138,0.167,0.4891603053435114,False
Powder 4.6 kcal/g peptide based formula (0913091),0.0769451299174343,0.169,1529.0,0.3132766514061478,0.169,0.4891603053435114,False
Powder 4.7 kcal/g formula (0913093),0.1661791496100579,0.059,462.0,0.1731601731601731,0.059,0.46499999999999997,False
Powder 4.8 kcal/g milk replacer (0913081),0.0756745416936453,0.198,20.0,0.5,0.198,0.49962616822429906,False
Powder 4:1 formula (0913181),0.0850774036473644,0.147,5953.0,0.8310095750041996,0.147,0.4891603053435114,False
Powder 5 kcal/g formula (0913092),0.0604793235420698,0.19,752.0,0.4388297872340425,0.19,0.4926770708283313,False
Powder 5 kcal/g formula (0913093),0.0226442081440448,0.314,468.0,0.1196581196581196,0.314,0.5970422535211267,False
"Powder 5 kcal/g high energy, low protein formula (0913094)",0.0766187703197299,0.17,3093.0,0.4280633688975105,0.17,0.4891603053435114,False
Powder 5 kcal/g milkshake (0913062),0.0211932279652959,0.363,15154.0,0.0988517883067177,0.363,0.6292776886035313,False
Powder 5g protein equivalent (0913203),-0.0687410988354157,0.702,123.0,0.5447154471544715,0.702,0.8566985915492957,False
Powder 5g protein equivalent (0913204),-0.0823730208507825,0.738,580.0,0.8982758620689655,0.738,0.8744267690619857,False
Powder 5g protein equivalent (0913207),-0.090711696231731,0.782,1570.0,0.6089171974522293,0.782,0.8960848806366049,False
Powder 5g protein equivalent (0913209),-0.0383654284876176,0.567,357.0,0.6274509803921569,0.567,0.7731818181818181,False
Powder 5g protein equivalent (0913221),-0.0522159336801893,0.646,620.0,0.8483870967741935,0.646,0.8271250740960285,False
Powder 5g protein equivalent (0913222),-0.0733848151190041,0.703,220.0,0.9772727272727272,0.703,0.8566985915492957,False
Powder 5g protein equivalent (0913224),0.0786322983840798,0.161,144.0,0.7986111111111112,0.161,0.4891603053435114,False
Powder 5g protein equivalent (0913225),-0.0735413451427638,0.703,326.0,0.9294478527607362,0.703,0.8566985915492957,False
Powder 5g protein equivalent (0913226),0.0569437072926807,0.219,4679.0,0.5394315024577901,0.219,0.5170837867247008,False
Powder 5g protein equivalent (0913227),-0.0640602627131498,0.694,98.0,0.9387755102040816,0.694,0.8536674259681093,False
Powder 6.7 kcal/g energy and protein fortifier (0913141),0.0268449622379697,0.326,39076.0,0.1900143310471901,0.326,0.6049484536082474,False
Powder 77g protein equivalent per 100g (0913202),0.0838625258523217,0.16,81.0,0.9753086419753086,0.16,0.4891603053435114,False
Powder 77g protein equivalent per 100g (0913203),0.1160483841809588,0.081,30.0,1.0,0.081,0.47758793969849245,False
Powder 77g protein equivalent per 100g (0913204),0.0635260792896463,0.193,156.0,0.7115384615384616,0.193,0.4947343565525384,False
Powder 77g protein equivalent per 100g (0913206),0.0807404160760778,0.176,8.0,0.5,0.176,0.4891603053435114,False
Powder 79g protein equivalent per 100g (0913205),0.1034886989600131,0.137,171.0,0.9239766081871345,0.137,0.4891603053435114,False
Powder OTC ONS (0913311),0.1277263701402614,0.095,13846.0,0.4285714285714285,0.095,0.4862559241706161,False
Powder OTC follow on formula (0913511),0.0602910067757796,0.214,360.0,0.1916666666666666,0.214,0.5124611973392461,False
Powder OTC infant formulae (0913501),-0.0064132105555117,0.464,582.0,0.127147766323024,0.464,0.7058028169014084,False
Powder OTC milkshake meal replacer (0913521),-0.0332754414414832,0.537,1.0,1.0,0.537,0.7478529980657641,False
Powder OTC or discontinued soup (0913311),0.1084488283283527,0.104,16113.0,0.4785576863402221,0.104,0.4891603053435114,False
Powder amino acid formula (0913107),-0.0386261902191042,0.656,590287.0,0.0890312678408977,0.656,0.8305744431418524,False
Powder amino acid formula (0913131),0.0792329801263224,0.17,82715.0,0.2272622861633319,0.17,0.4891603053435114,False
Powder amino acid semi solid  (0913131),0.0319582666128056,0.288,2543.0,0.0971293747542273,0.288,0.5721723189734189,False
Powder carbohydrate supplement (0913191),-0.0578807925205038,0.648,16.0,0.75,0.648,0.8277232406859847,False
Powder carbohydrate supplement (0913193),-0.0105292707390145,0.505,2465.0,0.0920892494929006,0.505,0.7301204819277108,False
Powder delisted probiotic (0913531),0.1073675429233369,0.103,21253.0,0.0835646732226038,0.103,0.4891603053435114,False
Powder disc or non ACBS carbohydrate supplement (091344),0.0071535489341233,0.36,38.0,0.3947368421052631,0.36,0.629126213592233,False
Powder disc or non ACBS infant formula (0913444),0.0602897679177728,0.203,62.0,0.5483870967741935,0.203,0.5028440366972478,False
Powder disc or non ACBS lactose free formula (0913352),-0.0235749233636089,0.52,35091.0,0.1010515516799179,0.52,0.7404087013843111,False
Powder disc or non ACBS pre-thickened formula (0913356),0.0778748877957041,0.166,17796.0,0.1226118228815464,0.166,0.4891603053435114,False
Powder disc or non ACBS thickener - gum based (0913411),-0.0747314832003075,0.739,432.0,0.1805555555555555,0.739,0.8746520547945206,False
Powder disc or non ACBS thickener - starch based (0913411),0.1200880034032309,0.118,1031.0,0.098933074684772,0.118,0.4891603053435114,False
Powder discontinued amino acid formula (0913355),6.514205019232933e-05,0.417,17.0,0.2941176470588235,0.417,0.6689135254988913,False
Powder discontinued amino acid formula (0913361),0.0866988343931637,0.149,94.0,0.7127659574468085,0.149,0.4891603053435114,False
Powder discontinued extensively hydrolysed formula (0913351),-0.0524600750789447,0.642,31.0,0.1935483870967742,0.642,0.8244470868014269,False
Powder energy (carbohydrate and fat) fortifier (0913211),0.01452004230307,0.355,2748.0,0.4526928675400291,0.355,0.6259591836734694,False
Powder energy (carbohydrate) fortifier (0913211),0.0627004438681168,0.202,18929.0,0.1683131702678429,0.202,0.5020943613348677,False
Powder essential fatty acid supplement (0913212),0.043844011215676,0.261,4215.0,0.3157769869513642,0.261,0.552069970845481,False
Powder extensively hydrolysed formula (0913101),0.1047222645776856,0.124,1426258.0,0.0755711799688415,0.124,0.4891603053435114,False
Powder extensively hydrolysed formula (0913132),-0.0284606101230966,0.543,15085.0,0.0761020881670533,0.543,0.7518461538461539,False
Powder extensively hydrolysed formula rice based (0913101),0.052304221421993,0.232,1301.0,0.07532667179093,0.232,0.5319745222929937,False
Powder extensively hydrolysed formula with MCT (0913102),0.1099901396852199,0.115,16790.0,0.1096486003573555,0.115,0.4891603053435114,False
Powder fibre fortifier (0913151),0.0631286013551451,0.194,38145.0,0.1978240922794599,0.194,0.4947343565525384,False
Powder flavour additive (0913301),0.085562430739229,0.149,1379.0,0.551849166062364,0.149,0.4891603053435114,False
Powder flavour additive (0913302),-0.0445134193723256,0.629,3161.0,0.7994305599493831,0.629,0.8155102040816327,False
Powder infant formula (0913231),0.0825824406871731,0.159,568.0,0.7746478873239436,0.159,0.4891603053435114,False
Powder infant formula (0913232),0.0809972479015157,0.168,254.0,0.905511811023622,0.168,0.4891603053435114,False
Powder infant formula (0913233),0.0802509484933207,0.165,37.0,0.918918918918919,0.165,0.4891603053435114,False
Powder infant formula (0913234),0.1016806796314855,0.13,9.0,0.6666666666666666,0.13,0.4891603053435114,False
Powder infant formula (0913235),0.0842211470407222,0.169,36.0,1.0,0.169,0.4891603053435114,False
Powder infant formula (0913236),0.0842511410592168,0.15,324.0,0.7314814814814815,0.15,0.4891603053435114,False
Powder infant formula (0913237),0.0713047895295818,0.184,2772.0,0.5010822510822511,0.184,0.49127317676143384,False
Powder infant formula (0913238),0.0840249717817539,0.152,103.0,0.9514563106796116,0.152,0.4891603053435114,False
Powder infant formula (0913242),0.0976730004919586,0.124,684.0,0.2353801169590643,0.124,0.4891603053435114,False
Powder infant formula (0913251),0.080576809889674,0.164,3091.0,0.4454868974441928,0.164,0.4891603053435114,False
Powder lactose free formula (0913105),0.1447082098268843,0.088,27452.0,0.0703773859828063,0.088,0.47758793969849245,False
Powder low calcium infant formula (0913109),0.0785768756936386,0.159,1715.0,0.2396501457725947,0.159,0.4891603053435114,False
Powder micronutrient supplement (0913284),0.0798464367251192,0.163,7221.0,0.4376125190416839,0.163,0.4891603053435114,False
Powder micronutrient supplement (0913291),0.074638047059484,0.169,53768.0,0.2932785299806576,0.169,0.4891603053435114,False
Powder pre-thickened drink (0913171),-0.1254239674368521,0.898,40.0,0.475,0.898,0.9647642679900744,False
Powder pre-thickened formula (0913108),-0.0042207550359385,0.419,7673.0,0.093444545809983,0.419,0.6689135254988913,False
Powder preterm human milk fortifier (0913651),-0.013840093524215,0.443,1417.0,0.1813690896259703,0.443,0.6879079798705967,False
Powder preterm infant formula (0913111),0.2006411876567864,0.049,201038.0,0.0610780051532546,0.05086,0.46499999999999997,False
Powder single L-amino acid supplement (0913213),-0.0796806486460618,0.734,7096.0,0.7833990980834273,0.734,0.8725591634562466,False
Powder slow release carbohydrate supplement (0913192),0.0110446178440908,0.377,3530.0,0.3796033994334277,0.377,0.637875,False
Powder soya based formula,-0.0098814102720276,0.467,57.0,0.1578947368421052,0.467,0.7078736842105263,False
Powder soya based formula (0913106),0.150546285951526,0.098,2995.0,0.081135225375626,0.098,0.4891603053435114,False
Powder thickener - gum based (0913161),-0.0177817362512187,0.531,1462253.0,0.0742457016672217,0.531,0.7478529980657641,False
Powder thickener - starch based (0913161),0.1060120915388405,0.146,216687.0,0.1028626544278152,0.146,0.4891603053435114,False
Powder: 5g protein equivalent (0913691),-0.0205620288700082,0.485,148.0,0.668918918918919,0.485,0.7170431211498973,False
Pramipexole,0.2029386135792102,0.033,2734476.0,0.0852858097858602,0.02555,0.46499999999999997,False
Prasterone,-0.0202211054539282,0.503,30472.0,0.0763980047256497,0.503,0.7291812080536912,False
Prasugrel,0.1631516827433091,0.028,672598.0,0.1035551696555743,0.03044,0.46499999999999997,False
Pravastatin sodium,-0.0194506272316543,0.554,11202233.0,0.076392804898809,0.554,0.7617059197963082,False
Praziquantel,-0.0033495296884096,0.413,365.0,0.0547945205479452,0.413,0.6667264573991031,False
Prazosin hydrochloride,0.0099323601116626,0.406,164166.0,0.069959674963147,0.406,0.6613574660633484,False
Prednisolone,0.1880902938172272,0.02,35225135.0,0.0667836191401395,0.03017,0.46499999999999997,False
Prednisolone acetate,0.0511133404886604,0.242,586676.0,0.1174702902453824,0.242,0.54,False
Prednisolone sodium metasulphobenzoate,-0.0125703237425469,0.471,63701.0,0.0821180201252727,0.471,0.7089616724738675,False
Prednisolone sodium phosphate,0.1060541676467668,0.133,347414.0,0.0977939864254175,0.133,0.4891603053435114,False
Prednisone,-0.0717893581402634,0.717,5.0,0.4,0.717,0.8642410714285714,False
Pregabalin,0.073059399776617,0.171,45484707.0,0.0788582412985533,0.171,0.4891603053435114,False
Pressure Offloading Device,0.0333598587071809,0.297,144939.0,0.2565976031295924,0.297,0.5810869565217391,False
Pressure Plates/Shields,0.6620444168853007,0.004,6184.0,0.4298188874514877,0.0015,0.1386,True
Pridinol mesilate,-0.0622168474522054,0.681,4417.0,0.1399139687570749,0.681,0.8444087256027555,False
Prilocaine hydrochloride,0.0364686367171855,0.273,1251.0,0.6123101518784972,0.273,0.5588668555240793,False
Primaquine,0.0721785911610521,0.199,23.0,0.1304347826086956,0.199,0.500395809080326,False
Primidone,0.0101139777358468,0.366,871538.0,0.0689172474407312,0.366,0.6314376996805111,False
Pristinamycin,-0.0061265207460796,0.421,76.0,0.5394736842105263,0.421,0.6706194690265487,False
Probenecid,-0.034920416629715,0.566,3124.0,0.1129961587708066,0.566,0.7723057485786481,False
Procarbazine hydrochloride,-0.0308027114626671,0.538,46.0,0.1521739130434782,0.538,0.7482807469414038,False
Prochlorperazine maleate,0.0929327831156833,0.157,7605854.0,0.0564772871001731,0.157,0.4891603053435114,False
Prochlorperazine mesilate,0.0602452340838002,0.22,24922.0,0.0555733889735976,0.22,0.5170837867247008,False
Procyclidine hydrochloride,0.3132478311950554,0.024,4568318.0,0.0763828174833713,0.02506,0.46499999999999997,False
Progesterone,0.1721087964985209,0.046,10275513.0,0.0673970243626765,0.05129,0.46499999999999997,False
Proguanil hydrochloride,0.0261367303783172,0.296,66.0,0.106060606060606,0.296,0.5801814882032668,False
Proguanil hydrochloride with atovaquone,0.1528105931120746,0.089,3665.0,0.0802182810368349,0.089,0.47820895522388057,False
Promazine hydrochloride,0.0512966356290657,0.252,549239.0,0.6507804434863511,0.252,0.544864864864865,False
Promethazine hydrochloride,0.0537366678603056,0.223,12013952.0,0.0738041903280452,0.223,0.5207351351351351,False
Promethazine teoclate,-0.0310622071836211,0.573,145899.0,0.0937223695844385,0.573,0.7755569383945239,False
Propafenone hydrochloride,-0.0113271559943004,0.483,79395.0,0.059751873543674,0.483,0.7155555555555555,False
Propamidine isetionate,-0.0333130843586384,0.625,2202.0,0.0631244323342416,0.625,0.8132530120481928,False
Propantheline bromide,0.3566537575220239,0.001,326660.0,0.1006183799669381,0.00065,0.12763636363636363,False
Propiverine hydrochloride,0.0195431478067939,0.35,111518.0,0.1097132301511863,0.35,0.6206896551724138,False
Propranolol hydrochloride,0.0639529168285164,0.238,36839004.0,0.0819970051307576,0.238,0.5394333683105981,False
Propylthiouracil,0.157199138898154,0.063,249289.0,0.0645997216082538,0.063,0.4664451827242525,False
Prosthetic Adhesives,0.2144486246786351,0.045,591.0,0.1184433164128595,0.04595,0.46499999999999997,True
Proxymetacaine hydrochloride,-0.0659211651379481,0.706,767.0,0.0951760104302477,0.706,0.8581654473832301,False
Prucalopride,0.0012580023078371,0.436,963900.0,0.1022450461666148,0.436,0.6809544468546638,False
Pseudoephedrine hydrochloride,0.1246099495477845,0.109,84678.0,0.1268097971137721,0.109,0.4891603053435114,False
Pseudoephedrine hydrochloride combinations,0.0550756850718652,0.2,3.0,0.6666666666666666,0.2,0.5005793742757821,False
Pulsed Electromagnetic Stimulator,-0.1428555477437482,0.972,2040.0,0.8441176470588235,0.972,0.9894915254237288,False
Pyrazinamide,0.1463263896606806,0.079,376.0,0.1888297872340425,0.079,0.47758793969849245,False
Pyridostigmine bromide,0.1007762594068307,0.118,404854.0,0.0623113517465555,0.118,0.4891603053435114,False
Pyridoxine hydrochloride,0.0486550051402597,0.247,454222.0,0.0657629969486286,0.247,0.5427466937945066,False
Pyrimethamine,-0.1190572705928918,0.876,1145.0,0.2034934497816594,0.876,0.9570864946889227,False
Quetiapine,-0.0384628509829765,0.602,22214116.0,0.0649039106485263,0.602,0.7957894736842105,False
Quinagolide hydrochloride,-0.1527984850937754,0.973,20209.0,0.1846207135434707,0.973,0.9894915254237288,False
Quinapril hydrochloride,0.0310397148235655,0.314,8324.0,0.1209754925516578,0.314,0.5970422535211267,False
Quinapril hydrochloride with diuretic,-0.1092266735598396,0.871,477.0,0.1823899371069182,0.871,0.9554900964956831,False
Quinidine sulfate,-0.0540222647729876,0.632,249.0,0.1526104417670682,0.632,0.8179269023367286,False
Quinine bisulfate,0.0995675676896077,0.135,1009371.0,0.062123837518613,0.135,0.4891603053435114,False
Quinine sulfate,-0.0571179061879032,0.652,10415825.0,0.059820609505248,0.652,0.8296941176470588,False
Rabeprazole sodium,0.1854236086602605,0.047,1494450.0,0.0734872361069289,0.04246,0.46499999999999997,False
Rabies,0.0475075275046339,0.24,1628.0,0.0632678132678132,0.24,0.5394380853277836,False
Rabies immunoglobulin,-0.0506325178071953,0.624,7.0,0.2857142857142857,0.624,0.8129312424607961,False
Racecadotril,-0.1216967874927097,0.928,1.0,1.0,0.928,0.9777951219512195,False
Raloxifene hydrochloride,0.0352228598827037,0.328,184204.0,0.0804759940066448,0.328,0.6055384615384616,False
Raltegravir,0.0291791837177386,0.302,254.0,0.5748031496062992,0.302,0.5860916442048517,False
Ramipril,0.2388018360243824,0.025,165620713.0,0.07029757805716,0.02775,0.46499999999999997,False
Ramipril with calcium channel blocker,-0.0161512953241239,0.507,8701.0,0.0545914262728422,0.507,0.7320320855614975,False
Ranibizumab,-0.0394151562384353,0.559,8.0,0.25,0.559,0.7671156289707751,False
Ranitidine hydrochloride,0.1524748703079512,0.088,32635.0,0.0769112915581431,0.088,0.47758793969849245,False
Ranolazine,0.0078399381714152,0.402,4544952.0,0.123170497730229,0.402,0.6583169067475361,False
Rasagiline mesilate,0.0427429178229869,0.279,959681.0,0.0733389532563424,0.279,0.5653283302063791,False
Ready to serve 0.9 kcal/ml juice style liquid (0913061),0.1032967561976956,0.127,3361.0,0.2204700981850639,0.127,0.4891603053435114,False
Ready to serve 1 - 1.3 kcal/ml m/sk lower energy (0913011),0.1506329816716859,0.073,47453.0,0.1343856025962531,0.073,0.47758793969849245,False
Ready to serve 1 kcal/ml milkshake (0913061),0.0428511016963328,0.266,2729.0,0.3704653719311103,0.266,0.5551304347826087,False
Ready to serve 1 kcal/ml milkshake lower energy (0913021),-0.0374059608794136,0.582,56273.0,0.1685355321379702,0.582,0.7803351955307262,False
Ready to serve 1 kcal/ml milkshake style (0913091),-0.0282967899778802,0.513,13972.0,0.4160463784712281,0.513,0.7366887417218544,False
Ready to serve 1.3 - 1.5 kcal/ml milkshake (0913031),-0.0543386995629725,0.648,47.0,0.1276595744680851,0.648,0.8277232406859847,False
Ready to serve 1.3 - 1.5 kcal/ml milkshake (0913631),-0.1368849213829431,0.945,2.0,0.5,0.945,0.986086956521739,False
Ready to serve 1.5 kcal/ml juice style (0913011),0.1183050640219685,0.048,1193271.0,0.0917352386842552,0.05161,0.46499999999999997,False
Ready to serve 1.5 kcal/ml juice style (0913021),0.0455844094086969,0.241,16439.0,0.0838250501855344,0.241,0.5399999999999999,False
Ready to serve 1.5 kcal/ml milkshake (0913011),0.1389404865711634,0.08,2888634.0,0.1133809267633075,0.08,0.47758793969849245,False
Ready to serve 1.5 kcal/ml milkshake (0913021),0.0633970187953605,0.219,86837.0,0.1450418600366203,0.219,0.5170837867247008,False
Ready to serve 1.5 kcal/ml milkshake (0913091),0.0067050717554353,0.368,4858.0,0.3653766982297242,0.368,0.6320697858842188,False
Ready to serve 1.5 kcal/ml milkshake (0913311),0.1298067747416543,0.127,816.0,0.1115196078431372,0.127,0.4891603053435114,False
Ready to serve 1.5 kcal/ml milkshake lower volume (0913041),0.0304377492460726,0.294,33.0,0.1818181818181818,0.294,0.5783606557377049,False
Ready to serve 1.5 kcal/ml milkshake lower volume (0913641),0.0559338838110234,0.197,1.0,1.0,0.197,0.49768421052631584,False
Ready to serve 1.5 kcal/ml milkshake plant based (0913011),0.0778059488341852,0.161,16214.0,0.1424077957320834,0.161,0.4891603053435114,False
Ready to serve 1.5 kcal/ml milkshake with fibre (0913021),0.0699984349931425,0.189,141943.0,0.1317500686895444,0.189,0.4924487334137515,False
Ready to serve 1.5 kcal/ml smoothie (0913021),0.1076765102001771,0.116,15149.0,0.1380289127995247,0.116,0.4891603053435114,False
Ready to serve 1.5 kcal/ml yoghurt style drink (0913011),0.0227066853044107,0.313,14034.0,0.0884993587002992,0.313,0.5970422535211267,False
Ready to serve 1.5 kcal/ml yoghurt style drink (0913311),0.0360865354451835,0.262,1140.0,0.1289473684210526,0.262,0.552069970845481,False
Ready to serve 1.6 kcal/ml milkshake lower volume (0913031),-0.0244150351779424,0.522,203.0,0.1625615763546798,0.522,0.7417894736842106,False
Ready to serve 1.6 kcal/ml milkshake lower volume (0913631),0.0240368580176453,0.311,3.0,0.6666666666666666,0.311,0.5970422535211267,False
Ready to serve 1.8 kcal/ml milkshake (0913081),-0.0671064714477626,0.74,3607.0,0.1153313002495148,0.74,0.875355969331873,False
Ready to serve 100% MCT liquid (0913181),0.0842012782202201,0.158,9500.0,0.4353684210526315,0.158,0.4891603053435114,False
Ready to serve 10g GMP protein equivalent (0913205),0.0901744108507459,0.146,194.0,0.9278350515463918,0.146,0.4891603053435114,False
Ready to serve 10g protein equivalent (0913201),-0.0812632716549573,0.737,348.0,0.942528735632184,0.737,0.8744267690619857,False
Ready to serve 10g protein equivalent (0913204),-0.003935562388901,0.43,404.0,0.8118811881188119,0.43,0.6769679300291545,False
Ready to serve 10g protein equivalent (0913205),0.0588072253595472,0.21,5172.0,0.4489559164733178,0.21,0.5097986577181208,False
Ready to serve 10g protein equivalent (0913206),-0.0429842744272934,0.588,255.0,0.9176470588235294,0.588,0.784484249536751,False
Ready to serve 10g protein equivalent (0913222),0.0849783976835598,0.15,43.0,0.9302325581395348,0.15,0.4891603053435114,False
Ready to serve 10g protein equivalent (0913225),-0.0759981088419172,0.728,331.0,0.8157099697885196,0.728,0.8687734806629834,False
Ready to serve 10g protein equivalent (0913226),0.0716777331956,0.183,2509.0,0.557194101235552,0.183,0.49127317676143384,False
Ready to serve 10g protein equivalent (0913227),0.0818077390819867,0.169,39.0,0.9743589743589745,0.169,0.4891603053435114,False
Ready to serve 15g GMP protein equivalent (0913205),-0.1432447759454133,0.963,1917.0,0.8236828377673449,0.963,0.9886311787072243,False
Ready to serve 15g protein equivalent (0913201),-0.0736547033210936,0.7,663.0,0.8989441930618401,0.7,0.8566985915492957,False
Ready to serve 15g protein equivalent (0913204),-0.0552353562356546,0.66,747.0,0.8835341365461847,0.66,0.8322241681260947,False
Ready to serve 15g protein equivalent (0913205),-0.0732306496844495,0.704,3983.0,0.8958071805171981,0.704,0.8566985915492957,False
Ready to serve 15g protein equivalent (0913206),-0.066492613447197,0.699,510.0,0.9254901960784314,0.699,0.8566985915492957,False
Ready to serve 15g protein equivalent (0913226),-0.1247396866859324,0.884,102.0,0.7549019607843137,0.884,0.9614501510574018,False
"Ready to serve 2 kcal/ml milkshake, lower volume (0913081)",0.0868564077016837,0.157,6563.0,0.3074813347554472,0.157,0.4891603053435114,False
Ready to serve 2.4 kcal/ml milkshake higher volume (0913011),-0.0215196399562922,0.506,243179.0,0.0874623219932642,0.506,0.7310769230769231,False
Ready to serve 2.4 kcal/ml milkshake lower volume (0913011),0.0760871330315345,0.184,2507157.0,0.0693163611213817,0.184,0.49127317676143384,False
Ready to serve 2.4 kcal/ml milkshake lower volume (0913021),-0.0064058849686417,0.427,47524.0,0.2175532362595741,0.427,0.6747037307973665,False
Ready to serve 2.4 kcal/ml milkshake lower volume (0913051),0.2155027510277375,0.044,22767.0,0.1263231870690034,0.04421,0.46499999999999997,False
Ready to serve 2.5:1 milkshake with fibre (0913181),0.085099733710066,0.148,2070.0,0.9082125603864736,0.148,0.4891603053435114,False
Ready to serve 20% MCT liquid (0913181),-0.0700424946813368,0.725,906.0,0.5463576158940397,0.725,0.8666297731045932,False
Ready to serve 20g GMP protein equivalent,-0.0712941795779886,0.704,3173.0,0.8644815631894106,0.704,0.8566985915492957,False
Ready to serve 20g GMP protein equivalent (0913206),-0.0742280446788422,0.709,674.0,0.913946587537092,0.709,0.8598764738910724,False
Ready to serve 20g protein equivalent (0913201),0.0193279920842683,0.343,1452.0,0.6053719008264463,0.343,0.614838174273859,False
Ready to serve 20g protein equivalent (0913204),0.0548799552712055,0.22,1007.0,0.4031777557100298,0.22,0.5170837867247008,False
Ready to serve 20g protein equivalent (0913205),0.0515561449890166,0.242,25157.0,0.4900425328934292,0.242,0.54,False
Ready to serve 20g protein equivalent (0913206),-0.0028145151247096,0.419,491.0,0.6578411405295316,0.419,0.6689135254988913,False
Ready to serve 3.3 kcal/ml higher protein dessert (0913141),0.2927453789985625,0.031,20909.0,0.1561528528384906,0.03227,0.46499999999999997,False
Ready to serve 33.5% MCT liquid (0913181),-0.079391170734564,0.733,4218.0,0.7581792318634424,0.733,0.8725591634562466,False
Ready to serve 3:1 dessert (0913181),-0.032683759874932,0.551,8299.0,0.472466562236414,0.551,0.7595149968091895,False
Ready to serve 4.5 - 5 kcal/ml energy (fat) liquid (0913142),0.0711853598939997,0.178,128757.0,0.2082294554859153,0.178,0.4891603053435114,False
Ready to serve 4:1 milkshake with fibre (0913181),0.0775530456081291,0.171,14155.0,0.698127870010597,0.171,0.4891603053435114,False
Ready to serve 50% MCT liquid (0913181),0.0829341181334268,0.164,12212.0,0.6203734032099574,0.164,0.4891603053435114,False
Ready to serve disc or non ACBS m/sk higher protein (091334),-0.0722949126616457,0.71,1.0,1.0,0.71,0.8601233875490746,False
Ready to serve discontinued  pre-thickened drinks (0913421),0.0085339992998585,0.38,47.0,0.2978723404255319,0.38,0.6382581648522551,False
Ready to serve discontinued dessert (0913311),-0.000749344360915,0.399,92.0,0.4673913043478261,0.399,0.6563899466869764,False
Ready to serve discontinued juice (0913311),0.0559338838110234,0.197,4.0,1.0,0.197,0.49768421052631584,False
"Ready to serve infant formula, high energy (0913104)",0.1252753773200778,0.1,132554.0,0.0865760369358902,0.1,0.4891603053435114,False
Ready to serve non ACBS oil (0913481),0.0753562718984113,0.169,82.0,0.7804878048780488,0.169,0.4891603053435114,False
Ready to serve non ACBS preparation for surgery ONS(0913341),0.3135347203988878,0.009,80.0,0.1375,0.01061,0.36781714285714284,False
Ready to serve pre-thickened drink (0913171),0.0138498801475581,0.377,935.0,0.1294117647058823,0.377,0.637875,False
Ready to serve preterm infant formula (0913111),0.054159448037196,0.209,38540.0,0.0819927348209652,0.209,0.5097986577181208,False
Reboxetine,0.191062289320877,0.033,110416.0,0.1286770033328503,0.02938,0.46499999999999997,False
Relugolix,0.1301898462032024,0.088,19466.0,0.0833761430185965,0.088,0.47758793969849245,False
Repaglinide,0.2245477108134364,0.046,196486.0,0.4199790315849475,0.04767,0.46499999999999997,False
Respiratory Syncytial Virus (RSV),-0.1722208380377542,0.967,3710.0,0.1571428571428571,0.967,0.9894915254237288,False
Ribavirin,-0.00501560169922,0.418,16.0,0.4375,0.418,0.6689135254988913,False
Ribociclib,-0.0845546778358878,0.739,8.0,0.5,0.739,0.8746520547945206,False
Riboflavin,0.0730144528022513,0.169,66729.0,0.1236643738104872,0.169,0.4891603053435114,False
Rifabutin,0.068799577695675,0.222,1020.0,0.1058823529411764,0.222,0.5195232936078006,False
Rifampicin,0.1218663557087484,0.084,74068.0,0.112734244208025,0.084,0.47758793969849245,False
Rifampicin combined preparations,0.1905057023412323,0.062,4755.0,0.3327024185068349,0.062,0.46499999999999997,False
Rifaximin,0.1566822129680652,0.083,565081.0,0.1690872635958384,0.083,0.47758793969849245,False
Rilpivirine,-0.0066948785690406,0.443,11.0,0.3636363636363636,0.443,0.6879079798705967,False
Riluzole,0.1292456594699442,0.101,105986.0,0.0810956164021663,0.101,0.4891603053435114,False
Rimegepant,-0.0417354142379461,0.64,82526.0,0.0887477885757215,0.64,0.8238379022646007,False
Rimexolone,-0.0577017421019686,0.645,7.0,0.2857142857142857,0.645,0.8263345195729538,False
Riociguat,-0.0126175387825797,0.43,7.0,0.2857142857142857,0.43,0.6769679300291545,False
Risankizumab (Crohn's),-0.0332754414414832,0.537,1.0,1.0,0.537,0.7478529980657641,False
Risedronate sodium,-0.0029127094665263,0.42,3627197.0,0.0987092788177758,0.42,0.669520295202952,False
Risperidone,0.2344362803575515,0.035,8979366.0,0.0650023620821336,0.04027,0.46499999999999997,False
Ritlecitinib,-0.0413894801522975,0.573,2.0,0.5,0.573,0.7755569383945239,False
Ritonavir,0.1436882829392897,0.088,141.0,0.2340425531914893,0.088,0.47758793969849245,False
Rituximab,0.128980784235015,0.127,12.0,0.25,0.127,0.4891603053435114,False
Rivaroxaban,0.1200154785970816,0.104,22417470.0,0.069042938386892,0.104,0.4891603053435114,False
Rivastigmine,0.0303062614547953,0.362,2004390.0,0.0731933406173449,0.362,0.6292776886035313,False
Rizatriptan,-0.0086996645215172,0.476,1810507.0,0.073466161688411,0.476,0.713009708737864,False
Roflumilast,-0.0296083967787588,0.53,45235.0,0.1548358571902288,0.53,0.7478529980657641,False
Romiplostim,0.0130776759371419,0.359,6.0,0.3333333333333333,0.359,0.629126213592233,False
Romosozumab,0.0352502499163809,0.254,6.0,0.5,0.254,0.5464541832669323,False
Ropinirole hydrochloride,0.1763525805607057,0.049,3274858.0,0.0791829752618281,0.05635,0.46499999999999997,False
Ropivacaine hydrochloride,0.0212687103989506,0.332,54.0,0.9814814814814816,0.332,0.6092778249787596,False
Rosiglitazone,-0.1675989577180827,1.0,2.0,1.0,1.0,1.0,False
Rosuvastatin calcium,0.2624906434126823,0.011,24270302.0,0.0670664501826141,0.01084,0.36781714285714284,False
Rotavirus,-0.1031773090184714,0.83,133.0,0.1804511278195488,0.83,0.9231719876416066,False
Rotigotine,-0.0240918417460012,0.56,643928.0,0.0600377681976867,0.56,0.7674224192526917,False
Roxadustat,0.0259669503204044,0.311,511.0,0.1898238747553816,0.311,0.5970422535211267,False
"RtS  2.4 kcal/ml m/sk high volume, higher protein (0913011)",-0.1249739892487384,0.893,12.0,0.3333333333333333,0.893,0.9620349127182045,False
"RtS  2.4 kcal/ml m/sk lower volume, higher protein (0913011)",0.159806782055569,0.081,1207430.0,0.1568157160249455,0.081,0.47758793969849245,False
RtS 1 kcal/ml milkshake lower energy with fibre (0913021),-0.0082290341430533,0.431,58816.0,0.2390846028291621,0.431,0.6770618181818182,False
RtS 1.3 kcal/g dessert style (fruit based) (0913051),0.0542813873912594,0.233,4178.0,0.1632359980852082,0.233,0.533135593220339,False
RtS 1.3 kcal/ml dessert style (fruit based) (0913051),0.0691059936468632,0.191,4473.0,0.1477755421417393,0.191,0.4940838323353293,False
RtS 1.4 - 2 kcal/g dessert style (milk based) (0913011),0.0431495529892499,0.274,249320.0,0.0815016845820632,0.274,0.5588668555240793,False
RtS 1.4 - 2 kcal/ml dessert style (milk based) (0913011),0.014108610319038,0.362,286872.0,0.0750404361527092,0.362,0.6292776886035313,False
RtS 1.4 - 2 kcal/ml dessert style (milk based) (0913311),-0.1249170343814549,0.914,532.0,0.1522556390977443,0.914,0.9701425061425062,False
RtS 1.4 kcal/ml energy and higher protein liquid (0913141),0.1046899181106579,0.162,33713.0,0.1609171536202651,0.162,0.4891603053435114,False
RtS 1.4-1.5kcal/ml energy & higher protein liquid (0913141),0.1203424677496233,0.134,40602.0,0.1571843751539333,0.134,0.4891603053435114,False
RtS 1.5 - 1.6 kcal/ml milkshake higher protein (0913011),-0.0513037193021475,0.607,213951.0,0.1060990600651551,0.607,0.7970334346504558,False
RtS 1.5 - 1.6 kcal/ml milkshake with fibre (0913011),-0.0951621932061674,0.817,94838.0,0.2221999620405322,0.817,0.9143626943005181,False
RtS 1.5 kcal/g dessert style (milk based) (0913021),0.1369841030937726,0.089,34515.0,0.1512096190062291,0.089,0.47820895522388057,False
"RtS 1.5 kcal/ml m/sk higher protein, higher energy (0913061)",0.0151802409755381,0.343,56299.0,0.1982628465869731,0.343,0.614838174273859,False
"RtS 1.5kcal/ml m/sk, higher protein, pre-thickened (0913051)",-0.0405181018648515,0.62,52798.0,0.1396833213379294,0.62,0.8095111647555823,False
RtS 1.6 kcal/g dessert style (fruit based) (0913011),-0.0652100732712257,0.664,171.0,0.327485380116959,0.664,0.8338604651162791,False
RtS 1.6 kcal/ml dessert style (fruit based) (0913011),-0.0622957140372733,0.66,236.0,0.2203389830508474,0.66,0.8322241681260947,False
RtS 2 - 2.4 kcal/ml m/sk lower volume with fibre (0913011),0.0871058664931244,0.15,120455.0,0.3596114731642522,0.15,0.4891603053435114,False
"RtS 2 kcal/ml m/sk high protein, high energy+fibre (0913011)",-0.0667551356458919,0.692,44423.0,0.1813475001688314,0.692,0.8521778791334093,False
RtS 2-2.4 kcal/ml m/sk hi prot hi eng plant based (0913011),0.0682838018621243,0.181,318.0,0.1761006289308176,0.181,0.4911557788944723,False
"RtS 2-2.4 kcal/ml m/sk higher protein,higher energy(0913011)",0.0208843380002417,0.322,760683.0,0.1142591592029794,0.322,0.6036113499570077,False
RtS 2.4 kcal/ml dessert style (milk based) (0913051),0.0899986943171121,0.127,1545.0,0.1242718446601941,0.127,0.4891603053435114,False
RtS 2.4 kcal/ml milkshake lower volume with fibre (0913021),0.0939713818661326,0.142,65400.0,0.2562996941896024,0.142,0.4891603053435114,False
RtS 2.5 kcal/ml energy (carbohydrate) liquid (0913142),0.0789274901274212,0.162,3260.0,0.3122699386503067,0.162,0.4891603053435114,False
RtS 3.3 - 4 kcal/ml energy with protein liquid (0913141),0.099315961489791,0.132,408097.0,0.1042056177820469,0.132,0.4891603053435114,False
RtS 3.3 kcal/ml energy and higher protein liquid (0913141),0.0161871312760344,0.349,37117.0,0.1535684457256782,0.349,0.6204444444444444,False
RtS OTC dietary supp for early alzheimers disease (0913551),-0.1385732478278019,0.924,474.0,0.1729957805907173,0.924,0.9777951219512195,False
RtS disc condition specific complete infant formula(0913381),-0.0838262042173644,0.765,1.0,1.0,0.765,0.88859291084855,False
RtS disc or non ACBS energy and protein fortifier (0913391),-0.0969532893370575,0.811,1880.0,0.0904255319148936,0.811,0.9104781704781706,False
"RtS extensively hydrolysed formula, high energy (0913103)",0.088620554809694,0.151,23219.0,0.2252896334898143,0.151,0.4891603053435114,False
Rufinamide,0.0895112811286555,0.177,63323.0,0.0943575004342813,0.177,0.4891603053435114,False
Rupatadine fumarate,0.0026783035240464,0.388,12108.0,0.1057978196233895,0.388,0.6456702619414484,False
Rutosides,-0.1173478607159576,0.881,33270.0,0.1013826269912834,0.881,0.9601210898082745,False
Ruxolitinib,-0.0804748049764656,0.734,62.0,0.3870967741935484,0.734,0.8725591634562466,False
Ryeqo,-0.0618570985302778,0.719,46224.0,0.1520638629283489,0.719,0.8652,False
Sacrosidase,-0.0213231953419613,0.453,32.0,0.78125,0.453,0.6974198146828225,False
Sacubitril/valsartan,0.1301787112031132,0.103,5879926.0,0.0881800213131934,0.103,0.4891603053435114,False
Safinamide,0.1274982097422095,0.129,156643.0,0.1199032194225085,0.129,0.4891603053435114,False
Salbutamol,0.3299304513154701,0.001,101506978.0,0.068632641196352,0.00037,0.12763636363636363,False
Salicylic acid,0.3150220667160681,0.033,414308.0,0.0971596010697355,0.02309,0.46499999999999997,False
Salmeterol,-0.0156317452396981,0.466,830709.0,0.0693768816757733,0.466,0.7068539325842697,False
Sapropterin,0.1046499832600969,0.153,6.0,1.0,0.153,0.4891603053435114,False
Sarilumab,-0.0688245559978345,0.715,5.0,0.8,0.715,0.8637583892617449,False
Saxagliptin,-0.0154520370671945,0.466,585777.0,0.0892711731597519,0.466,0.7068539325842697,False
Saxagliptin/dapagliflozin,-0.0982949899790405,0.855,42824.0,0.2305015878946385,0.855,0.9451381780962129,False
Saxagliptin/metformin,0.070112176541201,0.171,30536.0,0.1576499869007073,0.171,0.4891603053435114,False
Secnidazole,0.0426897358185086,0.252,1.0,1.0,0.252,0.544864864864865,False
Secobarbital sodium,-0.1034425383216644,0.853,1701.0,0.18342151675485,0.853,0.9434101382488479,False
Secukinumab,-0.0516623382588532,0.658,94.0,0.7553191489361702,0.658,0.8306721215663354,False
Selegiline hydrochloride,0.0179752438450675,0.322,73598.0,0.0535340634256365,0.322,0.6036113499570077,False
Selenium,-0.0205141815587217,0.468,6055.0,0.1621800165152766,0.468,0.7083952347582342,False
Selenium sulfide,0.330700951571458,0.018,63063.0,0.0872778015635158,0.01147,0.36781714285714284,False
Semaglutide,-0.0458389536068866,0.675,6005334.0,0.0769649115269858,0.675,0.8411059907834102,False
Senna,0.2619490720532823,0.005,21802371.0,0.0804621203813108,0.00504,0.25008,False
Sennosides,0.0087461808881374,0.38,412391.0,0.0778411750013943,0.38,0.6382581648522551,False
Sertraline hydrochloride,0.1087255668149562,0.157,115001208.0,0.0787939027562214,0.157,0.4891603053435114,False
Sevelamer,0.2684708922150963,0.04,416961.0,0.1321178719352649,0.03868,0.46499999999999997,False
Shingles (H/Z),-0.1655121386424354,0.982,27683.0,0.1205071704656287,0.982,0.9934988290398126,False
Sildenafil (Erectile Dysfunction),0.0468153914055903,0.275,16893524.0,0.0750093941323314,0.275,0.5598491988689915,False
Sildenafil(Vasodilator Antihypertensive),0.0823924556042451,0.13,16684.0,0.0773795252936945,0.13,0.4891603053435114,False
Silk Garments,0.1036706297265449,0.178,34527.0,0.1361543140151186,0.178,0.4891603053435114,False
Silver nitrate,0.222109499845125,0.009,31481.0,0.0679775102442743,0.01076,0.36781714285714284,False
Silver sulfadiazine,0.2619837226693964,0.045,114006.0,0.0693910846797537,0.04286,0.46499999999999997,False
Simeticone,0.291169002981389,0.031,94507.0,0.0755711217158517,0.02809,0.46499999999999997,False
Simple,0.2073385961975373,0.052,272036.0,0.1612654207531356,0.052,0.46499999999999997,False
Simvastatin,0.0059035884271461,0.441,70908198.0,0.066499278405016,0.441,0.6872727272727274,False
Simvastatin and ezetimibe,0.1088481013976468,0.122,46348.0,0.0933805126434797,0.122,0.4891603053435114,False
Siponimod,-0.1757325666851042,0.988,14.0,0.7142857142857143,0.988,0.9967678654834189,False
Sirolimus,0.2198726173256656,0.055,22919.0,0.1229983856189188,0.055,0.46499999999999997,False
Sitagliptin,0.189624209487401,0.073,12154343.0,0.0829185090465194,0.073,0.47758793969849245,False
"Skin Adhesive, Sterile",0.1676048170320441,0.102,3863.0,0.1123479161273621,0.102,0.4891603053435114,True
"Skin Closure Strips, Sterile",0.0827178108689142,0.179,291965.0,0.0556402308495881,0.179,0.49065989847715735,False
Skin Fillers And Protectives,0.6761972561389094,0.001,18046031.0,0.0971720041930549,1e-05,0.0216,True
Skin Protectors,0.6567667950826616,0.003,1474101.0,0.3344614785554042,0.00142,0.1386,True
"Skin protectives,fillers and cleansers",-0.0421054578902609,0.578,32.0,0.5,0.578,0.7764179104477612,True
Sodium aurothiomalate,0.13837299695028,0.117,7.0,0.5714285714285714,0.117,0.4891603053435114,False
Sodium benzoate,-0.0473982047606276,0.621,2126.0,0.1269990592662276,0.621,0.8095111647555823,False
Sodium bicarbonate,0.1439558458072667,0.11,2729057.0,0.0962325081520833,0.11,0.4891603053435114,False
Sodium chloride,-0.015297571228797,0.536,1738895.0,0.0720653058407782,0.536,0.7478529980657641,False
Sodium citrate,0.0362467618189436,0.282,6474.0,0.1039542786530738,0.282,0.5674745605920444,False
Sodium citrate (Rectal),0.0255156841405067,0.356,418045.0,0.0831369828606968,0.356,0.6266992665036675,False
Sodium clodronate,-0.034766769026765,0.525,36485.0,0.1037138550089077,0.525,0.7445830597504924,False
Sodium cromoglicate,0.281184824337218,0.035,3487606.0,0.0712405587099001,0.0277,0.46499999999999997,False
Sodium dihydrogen phosphate dihydrate,-0.0319871523979079,0.532,440.0,0.1977272727272727,0.532,0.7478529980657641,False
Sodium feredetate,0.2111546291334344,0.056,972433.0,0.0986648951650139,0.056,0.46499999999999997,False
Sodium fluoride,0.237565541755803,0.018,7034496.0,0.06907488468257,0.02217,0.46499999999999997,False
Sodium fusidate,0.0538842712635402,0.211,142574.0,0.0607544152510275,0.211,0.5097986577181208,False
Sodium hypochlorite,-0.0654125473979148,0.672,359.0,0.1392757660167131,0.672,0.8395141700404858,False
Sodium lactate,0.00237933949468,0.409,61.0,0.4098360655737705,0.409,0.6637415477084898,False
Sodium oxybate,0.1022988935049522,0.164,9811.0,0.1415757822851901,0.164,0.4891603053435114,False
Sodium phenylbutyrate,-0.1242322612142437,0.883,189.0,0.5026455026455027,0.883,0.9613306451612903,False
Sodium picosulfate,0.0782299554636718,0.182,1139495.0,0.0930166433376188,0.182,0.49127317676143384,False
Sodium polystyrene sulfonate,0.1748473223581702,0.084,798.0,0.1929824561403508,0.084,0.47758793969849245,False
Sodium tetradecyl sulphate,-0.0024951082313793,0.412,24.0,0.875,0.412,0.6656095736724008,False
Sodium valproate,0.2290012899272968,0.038,11343690.0,0.0806867959191409,0.04159,0.46499999999999997,False
Sodium zirconium cyclosilicate,0.0429522222881472,0.283,59475.0,0.1295502311895754,0.283,0.5674745605920444,False
Sofosbuvir/ledipasvir,-0.106891031926516,0.832,7.0,0.5714285714285714,0.832,0.9244444444444444,False
Sofosbuvir/velpatasvir,-0.1120316500564542,0.882,91.0,0.7362637362637363,0.882,0.9607261724659607,False
Sofosbuvir/velpatasvir/voxilaprevir,-0.1397462835310202,0.96,1.0,1.0,0.96,0.9879866730128509,False
Soft soap,-0.0333564214271036,0.515,9.0,0.3333333333333333,0.515,0.7366887417218544,False
Solifenacin,0.1287316013319157,0.081,15164564.0,0.0729265938671233,0.081,0.47758793969849245,False
Solifenacin/tamsulosin,0.0167877461186144,0.333,214509.0,0.1033196742327827,0.333,0.6098393913778529,False
Soluble insulin (Neutral insulin),0.0936748849244921,0.155,142412.0,0.1014170154200488,0.155,0.4891603053435114,False
Somapacitan,-0.0982701008776507,0.808,1.0,1.0,0.808,0.9090000000000001,False
Somatrogon,-0.0060235987254914,0.431,655.0,0.2,0.431,0.6770618181818182,False
Somatropin,0.0725545616383126,0.193,213724.0,0.127767588104284,0.193,0.4947343565525384,False
Sorafenib,-0.0134878345052884,0.431,1.0,1.0,0.431,0.6770618181818182,False
Sotalol hydrochloride,0.0103770317536381,0.378,2065497.0,0.0822276672394101,0.378,0.637875,False
Specialist food replacer 3:1 bread (0913181),0.0397499233294627,0.298,620.0,0.082258064516129,0.298,0.5814634146341463,False
Specialist food replacer 3:1 breakfast cereal (0913181),-0.033931464076764,0.548,2016.0,0.0803571428571428,0.548,0.7563450479233227,False
Specialist food replacer 3:1 confectionery (0913181),-0.017107232165528,0.524,1642.0,0.0700365408038976,0.524,0.7441420118343196,False
Specialist food replacer 3:1 ready meal (0913181),-0.0360249769709117,0.574,1331.0,0.1141998497370398,0.574,0.7755569383945239,False
Specialist food replacer 3:1 savoury biscuit (0913181),-0.0756456899523626,0.823,1475.0,0.0772881355932203,0.823,0.9191726990692863,False
Specialist food replacer 4.3:1 flour type mixes (0913181),-0.1460877718056514,0.962,192.0,0.4270833333333333,0.962,0.9885442435775452,False
Specialist food replacer 4.5:1 flour type mixes (0913181),-0.148988000706944,0.97,103.0,0.4368932038834951,0.97,0.9894915254237288,False
Specialist food replacer 4.8:1 confectionary (0913181),0.0535685739246034,0.244,512.0,0.1171875,0.244,0.5411088295687885,False
Specialist food replacer OTC or disc bread (0913461),0.0139662449254303,0.341,150.0,0.2866666666666667,0.341,0.6145757071547421,False
Specialist food replacer OTC or disc pasta (0913461),-0.0160418131308151,0.458,27.0,0.2962962962962963,0.458,0.7006232294617565,False
Specialist food replacer OTC pasta (0913461),-0.1409789707800231,0.923,18.0,0.2777777777777778,0.923,0.9772941176470589,False
Specialist food replacer OTC pizza bases (0913461),0.1256484199780516,0.125,13.0,0.3076923076923077,0.125,0.4891603053435114,False
Specialist food replacer OTC/disc breakfast cereal (0913461),-0.0704656061539067,0.716,25.0,0.32,0.716,0.864,False
Specialist food replacer OTC/disc flour additives (0913461),0.0137616075195213,0.366,222.0,0.1891891891891892,0.366,0.6314376996805111,False
Specialist food replacer OTC/disc flour type mixes (0913461),-0.0668391149582487,0.661,66.0,0.3181818181818182,0.661,0.8329988331388565,False
Specialist food replacer OTC/disc rolls/baguettes (0913461),0.0660739528622908,0.187,110.0,0.3,0.187,0.49198538367844097,False
Specialist food replacer OTC/disc savoury biscuits (0913461),-0.1468101650535815,0.97,9.0,0.7777777777777778,0.97,0.9894915254237288,False
Specialist food replacer OTC/disc sweet biscuits (0913461),0.064953060161891,0.196,4.0,0.5,0.196,0.49768421052631584,False
Specialist food replacer bread (0913261),-0.1354048609469616,0.943,29793.0,0.6725069647232571,0.943,0.986086956521739,False
Specialist food replacer bread (0913271),0.0511870378197138,0.183,508473.0,0.0975784358264844,0.183,0.49127317676143384,False
Specialist food replacer breakfast cereal (0913261),0.0214305269116371,0.332,20203.0,0.4128099787160322,0.332,0.6092778249787596,False
Specialist food replacer cake mix (0913261),-0.0633986116326648,0.668,16228.0,0.5384520581710623,0.668,0.8374230992455021,False
Specialist food replacer cakes (0913261),-0.1397264788401977,0.95,10376.0,0.8036815728604472,0.95,0.9879634087626384,False
Specialist food replacer confectionery (0913261),-0.1501651531908474,0.972,12260.0,0.4711256117455139,0.972,0.9894915254237288,False
Specialist food replacer desserts (0913261),-0.1392072378432826,0.961,12465.0,0.7615724027276374,0.961,0.9879866730128509,False
Specialist food replacer egg (0913261),0.0289058589751152,0.305,4909.0,0.3744143410063149,0.305,0.589794091316025,False
Specialist food replacer flour type mixes (0913261),-0.0326424334298471,0.535,29997.0,0.3662699603293662,0.535,0.7478529980657641,False
Specialist food replacer flour type mixes (0913271),0.0611436782939341,0.185,236871.0,0.1025748192053902,0.185,0.49198538367844097,False
Specialist food replacer meat/fish (0913261),-0.1420726690294515,0.971,22169.0,0.7118949884974514,0.971,0.9894915254237288,False
Specialist food replacer milk (0913261),0.0121835884281276,0.364,44034.0,0.5694009174728619,0.364,0.6305052125100241,False
Specialist food replacer pasta (0913261),0.0174620610890806,0.337,66461.0,0.4052150885481711,0.337,0.6122119428090833,False
Specialist food replacer pizza bases (0913261),-0.1418050641880892,0.969,10631.0,0.6847897657793246,0.969,0.9894915254237288,False
Specialist food replacer ready meals (0913261),-0.1279205328001019,0.945,13374.0,0.7036040077762823,0.945,0.986086956521739,False
Specialist food replacer rice/cous cous (0913261),-0.0087390794662723,0.429,14067.0,0.5007464278097675,0.429,0.6768736303871439,False
Specialist food replacer rolls/baguettes (0913261),-0.137735503441017,0.953,12518.0,0.6620067103371146,0.953,0.9879866730128509,False
Specialist food replacer rolls/baguettes (0913271),0.0459308076499665,0.246,212101.0,0.1023663254770133,0.246,0.5427466937945066,False
Specialist food replacer sauces (0913261),-0.1400011623738415,0.956,939.0,0.7156549520766773,0.956,0.9879866730128509,False
Specialist food replacer savoury biscuits (0913261),0.0780222041963041,0.168,11312.0,0.6081152758132956,0.168,0.4891603053435114,False
Specialist food replacer savoury snacks (0913261),-0.145134887072203,0.954,7972.0,0.4372804816859006,0.954,0.9879866730128509,False
Specialist food replacer soup (0913261),-0.1395914501593074,0.953,2669.0,0.7894342450355939,0.953,0.9879866730128509,False
Specialist food replacer spreads (0913261),-0.138920041107344,0.953,2103.0,0.8354731336186401,0.953,0.9879866730128509,False
Specialist food replacer sweet biscuits (0913261),-0.1379982144752694,0.949,40560.0,0.7443047337278107,0.949,0.9879634087626384,False
Spironolactone,0.0046314604120977,0.407,17358203.0,0.0665807975629735,0.407,0.6619879518072288,False
Spironolactone with loop diuretics,-0.0233619721430544,0.532,5514.0,0.0856002901704751,0.532,0.7478529980657641,False
Squill,0.1622987735992394,0.089,605.0,0.1074380165289256,0.089,0.47820895522388057,False
Ster larvae,0.0744355218464943,0.197,1873.0,0.1260010678056593,0.197,0.49768421052631584,False
Sterculia,0.2258983387203141,0.04,82978.0,0.0751283472727711,0.04292,0.46499999999999997,False
Sterile water,0.1257990385963297,0.117,4663.0,0.1561226678104224,0.117,0.4891603053435114,False
Stiripentol,0.103727548283056,0.111,14792.0,0.0659140075716603,0.111,0.4891603053435114,False
Stockinette,0.0757625032456135,0.21,2306357.0,0.2583689342109656,0.21,0.5097986577181208,False
Stoma Caps/Dressings,0.6450052184774695,0.003,84349.0,0.2850063426952305,0.00148,0.1386,True
Strontium ranelate,-0.0565317965598681,0.676,5026.0,0.1247512932749701,0.676,0.8411059907834102,False
Sucralfate,0.0778573349003804,0.145,105963.0,0.1101894057359644,0.145,0.4891603053435114,False
Sucrase,0.5814489679465901,0.001,54.0,0.5740740740740741,0.00397,0.22842,False
Sucroferric oxyhydroxide,0.1015499816552338,0.148,2748.0,0.2285298398835516,0.148,0.4891603053435114,False
Sulfadiazine,-0.1283364913952122,0.916,777.0,0.1724581724581724,0.916,0.9717878192534382,False
Sulfapyridine,-0.0152193970858131,0.451,92.0,0.1847826086956521,0.451,0.6958285714285715,False
Sulfasalazine,0.1812697153674767,0.026,4226310.0,0.0781610908806973,0.0274,0.46499999999999997,False
Sulfinpyrazone,-0.0326061095977752,0.537,21.0,0.4285714285714285,0.537,0.7478529980657641,False
Sulfur,-0.1199211667570501,0.904,375.0,0.3173333333333333,0.904,0.9666534653465347,False
Sulindac,0.0283490085425589,0.334,4132.0,0.1004356243949661,0.334,0.6098393913778529,False
Sulpiride,0.0747183961045722,0.169,440637.0,0.0878478203146807,0.169,0.4891603053435114,False
Sultiame,0.0469088684843973,0.247,1267.0,0.1957379636937648,0.247,0.5427466937945066,False
Sumatriptan succinate,0.1396493336111382,0.072,11652101.0,0.0735044263691157,0.072,0.47758793969849245,False
Sumatriptan succinate/Naproxen sodium,-0.1536299281763277,0.976,61.0,0.1147540983606557,0.976,0.9906766917293233,False
Surgical Adhesive Tape,0.094517203341092,0.167,1108940.0,0.21489710895089,0.167,0.4891603053435114,True
Surgical Sutures,0.1004795684410747,0.15,350937.0,0.0831887204825937,0.15,0.4891603053435114,False
Suspensory Systems,0.4348121539767999,0.021,98521.0,0.1820728575633621,0.02231,0.46499999999999997,True
Swabs,0.09737169239867,0.11,1301343.0,0.1391800624431837,0.11,0.4891603053435114,False
T/F fortifier non ACBS 0.9kcal/ml h/prot plant based liquid,0.0839192129708766,0.156,3447.0,0.6205395996518712,0.156,0.4891603053435114,False
Tablet 73g protein equivalent per 100g (0913206),-0.1233488876268357,0.891,176.0,0.5852272727272727,0.891,0.9620349127182045,False
Tablet OTC probiotic (0913531),-0.1182628484448383,0.86,62.0,0.3548387096774194,0.86,0.9472718001019887,False
Tablets 56g protein equivalent per 100g (0913205),0.0811953313120701,0.164,1971.0,0.7463216641298833,0.164,0.4891603053435114,False
Tablets 62g protein equivalent per 100g (0913205),-0.1300901064153219,0.936,693.0,0.6984126984126984,0.936,0.9828682547399126,False
Tablets 71g protein equivalent per 100g (0913205),-0.141838491483488,0.959,2805.0,0.5376114081996435,0.959,0.9879866730128509,False
Tablets OTC glucose for diabetic hypo treatment (0913541),-0.0287080261710392,0.543,171719.0,0.1528660194853219,0.543,0.7518461538461539,False
Tablets/capsules micronutrient supplement (0913282),0.1060682669192458,0.086,76756.0,0.0832899056751263,0.086,0.47758793969849245,False
Tablets/capsules micronutrient supplement (0913284),0.0788863046677006,0.165,5956.0,0.4172263263935527,0.165,0.4891603053435114,False
Tabs/Caps OTC cond specific vitamin & mineral supp (0913471),-0.1984528918670234,0.997,20.0,0.55,0.997,1.0,False
Tabs/Caps OTC cond specific vitamin & mineral supp (0913472),0.0021780856029753,0.379,2.0,0.5,0.379,0.6380670303975058,False
Tabs/Caps OTC cond specific vitamin & mineral supp (0913473),0.0156019524388117,0.396,19638.0,0.139168958142377,0.396,0.655448275862069,False
Tacalcitol,-0.1135642978030773,0.866,28326.0,0.4142130904469392,0.866,0.9509710218607016,False
Tacrolimus,0.2111339140790823,0.018,2046099.0,0.1037418033047276,0.01903,0.46499999999999997,False
Tadalafil,0.2348555683002226,0.002,4956213.0,0.0761726745803701,0.00435,0.22917073170731705,False
Tadalafil (Vasodilator Antihypertensive),0.0125715654847369,0.362,38.0,0.5789473684210527,0.362,0.6292776886035313,False
Tafamidis,0.0448398352830346,0.263,1.0,1.0,0.263,0.552069970845481,False
Tafluprost,0.024098127904792,0.353,350422.0,0.0970800920033559,0.353,0.6234505314799672,False
Tafluprost and timolol,-0.077940726165445,0.753,202837.0,0.1377953726391141,0.753,0.8829967426710098,False
Tamoxifen citrate,0.0421112379710387,0.289,2798590.0,0.0643506194190646,0.289,0.5721723189734189,False
Tamsulosin and dutasteride hydrochloride,0.0438357362849287,0.235,716717.0,0.0685249547589913,0.235,0.5360084477296726,False
Tamsulosin hydrochloride,0.1563899064224853,0.052,45257565.0,0.0658645908148173,0.052,0.46499999999999997,False
Tapentadol,-0.0514274329672791,0.682,224756.0,0.1230400968161028,0.682,0.8451635111876077,False
Tapentadol hydrochloride,-0.0488648118059286,0.653,579266.0,0.1162160389182171,0.653,0.8296941176470588,False
Tapentadol phosphate,-0.0298841824989068,0.548,6190.0,0.1930533117932148,0.548,0.7563450479233227,False
Tapentadol phosphate (old),0.1104338685638127,0.137,495.0,0.1696969696969697,0.137,0.4891603053435114,False
Tars,0.170382724389807,0.067,230658.0,0.0765245515004899,0.067,0.47294117647058825,False
Taurine,-0.1335595471131299,0.9,6181.0,0.4682090276654263,0.9,0.9647642679900744,False
Tazarotene,0.0216499791496179,0.325,157.0,0.2420382165605095,0.325,0.6036113499570077,False
Teicoplanin,0.0131120896959922,0.379,2281.0,0.6685664182376151,0.379,0.6380670303975058,False
Telmisartan,-0.035226929888213,0.553,1628793.0,0.0688552811806042,0.553,0.7617059197963082,False
Telmisartan with diuretic,0.1146960082654001,0.094,133073.0,0.0724564712601354,0.094,0.48574162679425836,False
Telotristat ethyl,0.0860256645089496,0.166,2.0,0.5,0.166,0.4891603053435114,False
Temazepam,0.0233427236176488,0.324,2265380.0,0.0972869893792652,0.324,0.6036113499570077,False
Temocillin sodium,-0.1217637199733067,0.887,5.0,0.6,0.887,0.9620349127182045,False
Temoporfin,0.0209318437324042,0.342,1.0,1.0,0.342,0.6145757071547421,False
Temozolomide,-0.0472939068697233,0.599,8.0,0.375,0.599,0.7942541436464088,False
Tenofovir alafenamide,-0.0240810717926209,0.496,42.0,0.4047619047619047,0.496,0.724871447902571,False
Tenofovir disoproxil,0.101964740273554,0.174,9245.0,0.2550567874526771,0.174,0.4891603053435114,False
Tenoxicam,-0.077105979283373,0.738,341.0,0.0997067448680351,0.738,0.8744267690619857,False
Terazosin hydrochloride,0.0835001191622332,0.169,174279.0,0.0504306313439944,0.169,0.4891603053435114,False
Terbinafine hydrochloride,0.1570036217389389,0.04,3132889.0,0.0651302998606079,0.04349,0.46499999999999997,False
Terbutaline sulphate,-0.0520372602369131,0.686,1894840.0,0.0892608346878892,0.686,0.8486597938144331,False
Teriflunomide,-0.1143038252435848,0.858,14.0,0.6428571428571429,0.858,0.9460336906584992,False
Teriparatide,-0.1111235139921639,0.857,712.0,0.3567415730337078,0.857,0.9454136874361593,False
Testosterone,0.0345786244497929,0.289,2037601.0,0.071549336695457,0.289,0.5721723189734189,False
Testosterone enantate,0.2087152182261871,0.032,48124.0,0.0690092261657385,0.03212,0.46499999999999997,False
Testosterone esters,0.1689335447039034,0.023,249791.0,0.0723124532108843,0.02329,0.46499999999999997,False
Testosterone propionate,-0.0208316090301645,0.488,627.0,0.1068580542264752,0.488,0.7195085324232081,False
Testosterone undecanoate,-0.0899403024302117,0.802,703456.0,0.0769017536278033,0.802,0.9069738219895289,False
Tetanus immunoglobulin,-0.0585650169736607,0.657,184.0,0.1521739130434782,0.657,0.8306721215663354,False
Tetrabenazine,0.0389232372045721,0.287,146143.0,0.1051914905264022,0.287,0.5713548387096774,False
Tetracaine,-0.1391747487817246,0.945,105518.0,0.2330597623154343,0.945,0.986086956521739,False
Tetracaine hydrochloride,-0.0900277524571175,0.785,632.0,0.189873417721519,0.785,0.897617787188989,False
Tetracosactide,0.1434877151997857,0.086,529.0,0.1153119092627599,0.086,0.47758793969849245,False
Tetracycline,0.2223385188144983,0.039,96014.0,0.055762701272731,0.03525,0.46499999999999997,False
Tezacaftor/ivacaftor,-0.0199023519119568,0.473,6.0,0.3333333333333333,0.473,0.7104867872044506,False
Thalidomide (Antileprotic),-0.0287866620060516,0.47,1.0,1.0,0.47,0.70844382414515,False
Thalidomide (Immunomodulating),-0.0596862156201518,0.662,40.0,0.25,0.662,0.8332867132867133,False
Theophylline,0.0439941528668945,0.314,2611721.0,0.088090190338095,0.314,0.5970422535211267,False
Thiamine hydrochloride,0.1080847798968057,0.127,17387772.0,0.1120645589325648,0.127,0.4891603053435114,False
Thioridazine,-0.1249708730453974,0.902,284.0,0.6126760563380281,0.902,0.9654707631318138,False
Thyrotropin alfa,0.5979889245472824,0.017,5.0,0.6,0.01601,0.41664578313253015,False
Tiagabine,-0.0845653473228883,0.778,6523.0,0.2049670397056569,0.778,0.8945454545454546,False
Tiaprofenic acid,-0.132208348102099,0.943,2177.0,0.097381717960496,0.943,0.986086956521739,False
Tibolone,0.0824882422993297,0.181,914559.0,0.0659432578980689,0.181,0.4911557788944723,False
Ticagrelor,-0.0551277726486214,0.738,2694286.0,0.0909305842067249,0.738,0.8744267690619857,False
Tick-borne encephalitis vaccine,-0.0942222431464231,0.774,18.0,0.1666666666666666,0.774,0.8930769230769231,False
Ticlopidine hydrochloride,0.1974765846810396,0.069,36.0,1.0,0.069,0.4746496815286625,False
Tigecycline,-0.166729772709641,0.987,7.0,0.7142857142857143,0.987,0.9962242990654206,False
Tildrakizumab,0.0567321703366016,0.205,2.0,0.5,0.205,0.5054794520547945,False
Timolol,0.0449286121216046,0.274,2832906.0,0.0631588199537859,0.274,0.5588668555240793,False
Timolol and bimatoprost,0.2375431384253527,0.008,4912275.0,0.0739592144169453,0.01038,0.36781714285714284,False
Timolol and brimonidine,0.0033236717789577,0.408,220074.0,0.0808773412579405,0.408,0.6626165413533834,False
Timolol and travoprost,-0.0012531842640305,0.415,859235.0,0.0904572090289618,0.415,0.6684563758389261,False
Timolol with diuretic,-0.1567398706091732,0.954,822.0,0.3978102189781022,0.954,0.9879866730128509,False
Timothy grass pollen allergen extract,0.1936268598491002,0.074,12612.0,0.2012369172216936,0.074,0.47758793969849245,False
Tinidazole,0.0289541484221591,0.317,243.0,0.0617283950617283,0.317,0.5990551181102363,False
Tinzaparin sodium,-0.0357675559976991,0.538,189804.0,0.2600840867421129,0.538,0.7482807469414038,False
Tioconazole,0.0384566363715631,0.27,48334.0,0.0837505689576695,0.27,0.5586206896551724,False
Tioguanine,0.2081913865789799,0.043,165.0,0.3333333333333333,0.05715,0.46499999999999997,False
Tiopronin,-0.144295149825727,0.95,60.0,0.4,0.95,0.9879634087626384,False
Tiotropium bromide,-0.0166379175505631,0.547,12369533.0,0.062585790425556,0.547,0.7559309021113244,False
Tiotropium bromide/olodaterol,0.0955223888774082,0.123,1726272.0,0.058490203166129,0.123,0.4891603053435114,False
Tirbanibulin,-0.0097686780841262,0.452,34742.0,0.1206033043578377,0.452,0.696376604850214,False
Tirzepatide,0.0378030059987445,0.283,3304605.0,0.0780238485386301,0.283,0.5674745605920444,False
Titanium dioxide,0.0797815185567007,0.185,478.0,0.1087866108786611,0.185,0.49198538367844097,False
Tivozanib,0.1160483841809574,0.081,2.0,1.0,0.081,0.47758793969849245,False
Tizanidine hydrochloride,-0.0442557352470521,0.629,517685.0,0.0601639993432299,0.629,0.8155102040816327,False
Tobramycin,-0.0293461265408541,0.554,3834.0,0.2107459572248304,0.554,0.7617059197963082,False
Tocilizumab,0.095976706850158,0.152,20.0,0.3,0.152,0.4891603053435114,False
Tocofersolan,0.0959340022148678,0.178,322.0,0.1490683229813664,0.178,0.4891603053435114,False
Tocopheryl acetate,-0.0755276128568516,0.807,29812.0,0.1018717295048973,0.807,0.9090000000000001,False
Tofacitinib,-0.0199280027559005,0.514,14.0,0.1428571428571428,0.514,0.7366887417218544,False
Tolbutamide,0.2130284312491294,0.044,29063.0,0.2399958710387778,0.04671,0.46499999999999997,False
Tolcapone,0.0829732098996001,0.187,936.0,0.2136752136752136,0.187,0.49198538367844097,False
Tolfenamic acid,-0.1185822398836816,0.964,18517.0,0.0977480153372576,0.964,0.9891876484560569,False
Tolnaftate,0.2363527946654801,0.004,609.0,0.0935960591133004,0.00545,0.2559130434782609,False
Tolterodine,-0.0294163475827588,0.599,5113942.0,0.0926449693797857,0.599,0.7942541436464088,False
Tolvaptan,-0.1437550436180764,0.959,1320.0,0.1742424242424242,0.959,0.9879866730128509,False
Topiramate,0.0890497619032138,0.121,5710863.0,0.0835898182113631,0.121,0.4891603053435114,False
Topotecan,-0.1216967874927097,0.928,1.0,1.0,0.928,0.9777951219512195,False
Torasemide,0.0515278692617563,0.243,73148.0,0.1207278394487887,0.243,0.5405561277033986,False
Toremifene citrate,0.0756940920210082,0.177,478.0,0.1317991631799163,0.177,0.4891603053435114,False
Tracheostomy & Laryngectomy Appliances,0.1025623904958839,0.157,1028431.0,0.3932495228167957,0.157,0.4891603053435114,True
Tramadol hydrochloride,0.291007336431077,0.001,27282417.0,0.0928866749599201,0.00043,0.12763636363636363,False
Trametinib,-0.0784252028107617,0.761,4.0,0.75,0.761,0.8870804101457097,False
Trandolapril,-0.049762569717624,0.632,198482.0,0.068771979323062,0.632,0.8179269023367286,False
Tranexamic acid,0.2170683483575676,0.032,2870408.0,0.063645655948562,0.03447,0.46499999999999997,False
Tranylcypromine sulfate,0.0335526964115723,0.284,20179.0,0.1011943109172902,0.284,0.5674745605920444,False
Travoprost,-0.0079953018154765,0.482,1467935.0,0.0598064628202202,0.482,0.7150549450549449,False
Trazodone hydrochloride,0.1315054803373852,0.088,6475668.0,0.2056916753607504,0.088,0.47758793969849245,False
Tretinoin,-0.0353526768712332,0.545,503.0,0.246520874751491,0.545,0.7536491677336749,False
Triamcinolone acetonide,0.1123398951976762,0.116,1126774.0,0.0608586992600113,0.116,0.4891603053435114,False
Triamcinolone hexacetonide,0.1122323446735631,0.157,3051.0,0.344149459193707,0.157,0.4891603053435114,False
Triamterene,0.2769671434659685,0.028,32.0,0.3125,0.03314,0.46499999999999997,False
Triamterene with loop diuretics,0.0640065873511368,0.189,4032.0,0.1748511904761904,0.189,0.4924487334137515,False
Triamterene with thiazides,-0.1371764086439836,0.948,1199.0,0.1584653878231859,0.948,0.9877858176555716,False
Trichloroacetic acid,-0.0735323488786536,0.707,5.0,0.4,0.707,0.8588976377952755,False
Triclosan,-0.1240441062354523,0.894,52.0,0.4230769230769231,0.894,0.962152466367713,False
Trientine dihydrochloride,-0.072018018075744,0.693,201.0,0.2935323383084577,0.693,0.8529230769230769,False
Trifarotene,0.1166868742891385,0.111,15087.0,0.1232186650758931,0.111,0.4891603053435114,False
Trifluoperazine,0.1051469486397273,0.14,135596.0,0.0573615740877312,0.14,0.4891603053435114,False
Trifluridine (Antivirals),0.0842211470407205,0.169,1.0,1.0,0.169,0.4891603053435114,False
Trihexyphenidyl hydrochloride,0.1194319031104035,0.102,630132.0,0.0819701268940475,0.102,0.4891603053435114,False
Trimetazidine hydrochloride,0.0356541392714419,0.271,4435.0,0.2344983089064261,0.271,0.5588668555240793,False
Trimethoprim,0.1217517061029904,0.094,7774665.0,0.0581884878641073,0.094,0.48574162679425836,False
Trimipramine maleate,0.0090959786914889,0.42,82719.0,0.0727885975410728,0.42,0.669520295202952,False
Tripotassium dicitratobismuthate,-0.1216967874927097,0.928,1.0,1.0,0.928,0.9777951219512195,False
Triptorelin,0.08325370621908,0.208,386514.0,0.0996496892738684,0.208,0.5093877551020408,False
Triptorelin acetate,0.0594198579957474,0.231,98581.0,0.1803288666172994,0.231,0.531373801916933,False
Triptorelin embonate,-0.0972380103980107,0.841,110467.0,0.1658504349715299,0.841,0.9325256673511293,False
Tropicamide,0.030500969701981,0.316,6571.0,0.17820727438746,0.316,0.5982120946538125,False
Trospium chloride,-0.0337507825759638,0.605,1401554.0,0.1469775691839201,0.605,0.796343692870201,False
Trusses,-0.0280797745076125,0.56,5835.0,0.0704370179948586,0.56,0.7674224192526917,False
Tryptophan,0.1171690308350341,0.095,3920.0,0.2489795918367346,0.095,0.4862559241706161,False
Tube feed 0.6 kcal/ml peptide based (0914041),0.0562914801735367,0.211,2695.0,0.3643784786641929,0.211,0.5097986577181208,False
Tube feed 0.75 kcal/ml with fibre (0914021),0.0750197484181497,0.173,11221.0,0.591123785758845,0.173,0.4891603053435114,False
Tube feed 0.8 kcal/ml (0914011),0.0784110898891699,0.165,12546.0,0.7384026781444285,0.165,0.4891603053435114,False
"Tube feed 0.8 kcal/ml with fibre, higher protein (0914011)",0.0744766942593303,0.17,7584.0,0.6640295358649789,0.17,0.4891603053435114,False
Tube feed 1 kcal/ml (0914011),0.0706311183687486,0.176,17060.0,0.6161781946072684,0.176,0.4891603053435114,False
Tube feed 1 kcal/ml (0914021),0.0821764922264676,0.16,16404.0,0.7246403316264326,0.16,0.4891603053435114,False
Tube feed 1 kcal/ml MCT based (0914031),0.087516382930686,0.146,35.0,0.9142857142857144,0.146,0.4891603053435114,False
Tube feed 1 kcal/ml peptide based (0914032),0.0743510323994801,0.171,18319.0,0.6818603635569627,0.171,0.4891603053435114,False
Tube feed 1 kcal/ml peptide based (0914041),0.0681768607216996,0.184,30091.0,0.5544847296533847,0.184,0.49127317676143384,False
Tube feed 1 kcal/ml soya based (0914033),0.0702905093219173,0.177,9693.0,0.6170432270710823,0.177,0.4891603053435114,False
Tube feed 1 kcal/ml soya based with fibre (0914033),0.0682472693538661,0.184,2860.0,0.4951048951048951,0.184,0.49127317676143384,False
Tube feed 1 kcal/ml with fibre (0914011),0.0770126703320598,0.167,43301.0,0.694395048613196,0.167,0.4891603053435114,False
Tube feed 1 kcal/ml with fibre (0914021),0.0824733443466209,0.161,29970.0,0.7686686686686687,0.161,0.4891603053435114,False
"Tube feed 1 kcal/ml with fibre, higher protein (0914011)",-0.0148863390678665,0.464,27630.0,0.5505247918928701,0.464,0.7058028169014084,False
Tube feed 1.2 - 1.25 kcal/ml (0914011),0.0638774469808476,0.188,11500.0,0.5785217391304348,0.188,0.4922181818181818,False
Tube feed 1.2 kcal/ml higher protein (0914011),-0.0408956742299615,0.57,2227.0,0.6731028289178267,0.57,0.7755569383945239,False
Tube feed 1.2 kcal/ml peptide based,0.0735514225594261,0.176,1749.0,0.494568324757004,0.176,0.4891603053435114,False
Tube feed 1.2 kcal/ml with fibre (0914011),0.0526283969400365,0.218,27652.0,0.4676696079849559,0.218,0.5170837867247008,False
Tube feed 1.2 kcal/ml with fibre (0914021),0.0728339807305233,0.175,47096.0,0.5705580091727536,0.175,0.4891603053435114,False
"Tube feed 1.2 kcal/ml with fibre, higher protein (0914011)",0.0486067284368096,0.226,18774.0,0.449611164376265,0.226,0.5249032258064517,False
Tube feed 1.22 - 1.25 kcal/ml with fibre (0914011),0.0731914686763819,0.17,13248.0,0.681838768115942,0.17,0.4891603053435114,False
Tube feed 1.3 kcal/ml peptide based (0914032),0.0418535090503442,0.248,26754.0,0.390969574643044,0.248,0.5438220424671386,False
Tube feed 1.3kcal/ml higher protein (0914011),0.0844814212876095,0.146,3884.0,0.9152935118434604,0.146,0.4891603053435114,False
"Tube feed 1.3kcal/ml with fibre, higher protein (0914011)",0.0751870401259232,0.169,9771.0,0.7189642820591546,0.169,0.4891603053435114,False
Tube feed 1.5 kcal/ml (0914011),0.0713475441847068,0.177,76946.0,0.6399293010682816,0.177,0.4891603053435114,False
Tube feed 1.5 kcal/ml (0914021),0.0819704859189203,0.163,22016.0,0.7707576308139535,0.163,0.4891603053435114,False
Tube feed 1.5 kcal/ml higher protein (0914011),0.0739329670602038,0.176,12599.0,0.5205175013889991,0.176,0.4891603053435114,False
Tube feed 1.5 kcal/ml peptide based (0914032),0.0640261558381538,0.188,56209.0,0.5913643722535536,0.188,0.4922181818181818,False
Tube feed 1.5 kcal/ml peptide based (0914041),0.0718458395245842,0.177,45867.0,0.6111583491399045,0.177,0.4891603053435114,False
Tube feed 1.5 kcal/ml with fibre (0914011),0.0795598857474287,0.165,116127.0,0.7538643037364265,0.165,0.4891603053435114,False
Tube feed 1.5 kcal/ml with fibre (0914021),0.0772454701376493,0.169,50957.0,0.7109916203858155,0.169,0.4891603053435114,False
"Tube feed 1.5 kcal/ml with fibre, higher protein (0914011)",-0.0243329734848075,0.508,4958.0,0.590964098426785,0.508,0.7324966622162884,False
Tube feed 1.54 kcal/ml with fibre (0914011),-0.0003909706775985,0.396,43636.0,0.5627692730772756,0.396,0.655448275862069,False
"Tube feed 1.5kcal/ml peptide  based, higher protein(0914034)",0.0722453877309419,0.175,5198.0,0.6556367833782224,0.175,0.4891603053435114,False
Tube feed 1.6kcal/ml higher protein (0914011),0.0842211470407205,0.169,1.0,1.0,0.169,0.4891603053435114,False
Tube feed 1.8 kcal/ml (0914035),0.0432534526768336,0.245,1025.0,0.4068292682926829,0.245,0.5422131147540984,False
Tube feed 2 kcal/ml (0914011),-0.0600350353750414,0.688,1868.0,0.8704496788008566,0.688,0.8501601830663615,False
Tube feed 2 kcal/ml higher protein (0914011),-0.0302611179308591,0.537,1840.0,0.8173913043478261,0.537,0.7478529980657641,False
Tube feed 2 kcal/ml with fibre (0914011),-0.0659805154321633,0.721,48686.0,0.6996261759027236,0.721,0.8652,False
Tube feed 2kcal/ml w fibre higher prot plant based (0914011),0.083933177795158,0.158,1995.0,0.8641604010025062,0.158,0.4891603053435114,False
"Tube feed 2kcal/ml with fibre, higher protein (0914011)",-0.0190320090548277,0.486,1133.0,0.7802294792586054,0.486,0.7180300957592339,False
"Tube feed 2kcal/ml, higher protein, plant based (0914011)",0.0842211470407235,0.169,20.0,1.0,0.169,0.4891603053435114,False
Tube feed additive 0.5 kcal/ml high fibre liquid (0914052),0.0704093561130719,0.177,78670.0,0.3267446294648531,0.177,0.4891603053435114,False
Tube feed additive 1 kcal/ml higher protein liquid (0914051),0.0658753458232189,0.185,79142.0,0.4953248591139976,0.185,0.49198538367844097,False
Tube feed additive 2kcal/ml h/prot plant based liq (0914051),0.0875234901423099,0.152,2655.0,0.5815442561205273,0.152,0.4891603053435114,False
Tube feed non ACBS 1.3kcal/ml h/prot for use in IC (0914071),0.084120503691064,0.154,466.0,0.8755364806866953,0.154,0.4891603053435114,False
Tube feed non ACBS 1.5kcal/ml for use in diabetes (0914071),0.0833384270592958,0.162,870.0,0.8425287356321839,0.162,0.4891603053435114,False
Tube feed non ACBS 1kcal/ml for low sodium needs (0914071),0.0869233796823616,0.148,429.0,0.4638694638694638,0.148,0.4891603053435114,False
Tube feed non ACBS 1kcal/ml higher protein (0914061),0.0809008755402945,0.165,10416.0,0.7876344086021505,0.165,0.4891603053435114,False
Tubing & Accessories,0.4109442936784664,0.016,23353.0,0.160107909048088,0.01539,0.4149333333333333,True
Tubing And Accessories,0.5753387219037671,0.004,1827053.0,0.2195322193718518,0.00725,0.31236923076923073,True
Turpentine oil,-0.103564435490643,0.872,1.0,1.0,0.872,0.9556164383561644,False
Two Piece Ostomy Systems,0.6587490398218621,0.003,1247743.0,0.2633114351272658,0.00127,0.1386,True
Typhoid,0.1290838386402797,0.088,1849004.0,0.0735271529969648,0.088,0.47758793969849245,False
Ulipristal acetate (Emergency Contraceptive),0.1209136626902474,0.127,186055.0,0.0759936577893633,0.127,0.4891603053435114,False
Umeclidinium bromide,0.1292695597735309,0.11,2046044.0,0.107893085388193,0.11,0.4891603053435114,False
Umeclidinium bromide/vilanterol,0.1564231641556381,0.066,5520057.0,0.1127280026275091,0.066,0.4689473684210526,False
Undecenoates,-0.0383848173817935,0.575,9178.0,0.1282414469383307,0.575,0.7755569383945239,False
Upadacitinib,-0.0480329175478334,0.591,93.0,0.3225806451612903,0.591,0.7875138803207896,False
Urea,0.1490250262481194,0.087,2124875.0,0.0903559032884287,0.087,0.47758793969849245,False
Urea hydrogen peroxide,0.2455589555826313,0.02,104675.0,0.0915882493432051,0.01922,0.46499999999999997,False
Urinal Systems,0.3730925710925409,0.031,73172.0,0.1450008199857869,0.03104,0.46499999999999997,True
Urine testing reagents,-0.050169198987042,0.605,316243.0,0.1523575225380482,0.605,0.796343692870201,False
Urofollitropin,-0.068968088775234,0.711,8.0,0.5,0.711,0.8603697478991597,False
Urostomy Bags,0.6357829387019046,0.003,796174.0,0.2706129564642904,0.0014,0.1386,True
Ursodeoxycholic acid,0.1642613014054843,0.093,1903853.0,0.1069289488211537,0.093,0.48404819277108435,False
Ustekinumab,-0.0838262042173644,0.765,1.0,1.0,0.765,0.88859291084855,False
Ustekinumab (Crohn's),0.0448398352830346,0.263,1.0,1.0,0.263,0.552069970845481,False
Ustekinumab (Psoriasis),-0.1661980052955602,0.97,1026.0,0.5740740740740741,0.97,0.9894915254237288,False
Vacuum Pumps for Erectile Dysfunction,0.1210527216435869,0.099,50031.0,0.2179848493933761,0.099,0.4891603053435114,False
Vaginal Dilators,0.0042113485732529,0.38,14247.0,0.076507334877518,0.38,0.6382581648522551,False
Vaginal Moisturisers,-0.0091917495035177,0.485,1496694.0,0.0663007936157958,0.485,0.7170431211498973,False
Vaginal PH Correction Products,0.1471146987645319,0.074,35790.0,0.0738474434199497,0.074,0.47758793969849245,False
Valaciclovir,0.0507246756925817,0.24,289636.0,0.0847684680081205,0.24,0.5394380853277836,False
Valganciclovir hydrochloride,-0.0506712629159068,0.673,2523.0,0.0602457391993658,0.673,0.8402774566473988,False
Valproic acid,-0.0130457867332429,0.517,2693244.0,0.0811801678570526,0.517,0.7380832782551223,False
Valsartan,0.0979636248974658,0.127,1753169.0,0.0856471908869025,0.127,0.4891603053435114,False
Valsartan with diuretic,0.2251368511141196,0.03,215988.0,0.0947830435024168,0.03895,0.46499999999999997,False
Valsartan/amlodipine,0.2916863406179423,0.004,112855.0,0.092906827344823,0.00752,0.31236923076923073,False
Vancomycin hydrochloride,0.1506440154168385,0.074,41909.0,0.0641866902097401,0.074,0.47758793969849245,False
Vandetanib,-0.0983608997589866,0.792,4.0,0.25,0.792,0.8994321766561514,False
Vardenafil,-0.0164932072223991,0.479,332422.0,0.0687078472543935,0.479,0.7150241879751209,False
Varenicline tartrate,0.0090573703681273,0.428,237078.0,0.0847990956562819,0.428,0.6757894736842105,False
Varicella vaccine live,0.1316890726347481,0.081,6463.0,0.0550827788952498,0.081,0.47758793969849245,False
Varicella-zoster immunoglobulin,0.0373997749275407,0.25,67.0,0.8656716417910447,0.25,0.5443548387096774,False
Vedolizumab,-0.0087567730445674,0.435,8.0,0.625,0.435,0.6798842257597685,False
Vehicles,0.0193555103584352,0.323,34.0,0.2352941176470588,0.323,0.6036113499570077,False
Venlafaxine,0.0096271184820941,0.419,28826940.0,0.0760974629981538,0.419,0.6689135254988913,False
Venous Ulcer Compression System,0.098875200899232,0.174,478140.0,0.1901660601497469,0.174,0.4891603053435114,False
Verapamil hydrochloride,-0.0475508654636918,0.69,2906592.0,0.0663574385397056,0.69,0.8501996577296063,False
Vericiguat,0.0019558311616527,0.406,38.0,0.0789473684210526,0.406,0.6613574660633484,False
Vibegron,0.2299750961790226,0.032,54559.0,0.1496545024652211,0.03095,0.46499999999999997,False
Vigabatrin,-0.0231535549542301,0.559,60197.0,0.0720966161104374,0.559,0.7671156289707751,False
Vildagliptin,0.2677264949277728,0.027,174950.0,0.1294941411831952,0.0282,0.46499999999999997,False
Vitamin A,0.0880719105764369,0.141,112215.0,0.1095308113888517,0.141,0.4891603053435114,False
Vitamin B and C injection,-0.0076452880018571,0.451,2117.0,0.2952290977798771,0.451,0.6958285714285715,False
Vitamin B compound,0.1995469118179922,0.053,5247938.0,0.0955388573569276,0.053,0.46499999999999997,False
Vitamin E,0.0664431652171477,0.186,106696.0,0.1070236934842918,0.186,0.49198538367844097,False
Vitamins caps,0.0988805191206293,0.154,1269670.0,0.1508667606543432,0.154,0.4891603053435114,False
Voriconazole,-0.03996106664364,0.607,2836.0,0.1181241184767277,0.607,0.7970334346504558,False
Vortioxetine,-0.0926945926352426,0.826,1713065.0,0.1000884379752081,0.826,0.9206191950464395,False
Warfarin sodium,0.0246922577717586,0.334,18722718.0,0.0690982473805352,0.334,0.6098393913778529,False
Water for injection,0.1316373908044973,0.096,1084375.0,0.0737696829971181,0.096,0.48676056338028173,False
White Birch pollen allergen extract,-0.0764644165823949,0.721,93.0,0.3440860215053763,0.721,0.8652,False
Wool alcohols,0.2768607575141376,0.041,20263.0,0.3089374722400434,0.03634,0.46499999999999997,False
Wool fat,-0.0915829969976353,0.816,236.0,0.3855932203389831,0.816,0.9137169517884914,False
Wool fat hydrous,-0.0162934876302482,0.505,102.0,0.196078431372549,0.505,0.7301204819277108,False
Wound Management & Other Dressings,0.0173900088850011,0.36,18225886.0,0.252297748378323,0.36,0.629126213592233,True
Xipamide,-0.0979277242444586,0.834,6315.0,0.1499604117181314,0.834,0.9261902313624678,False
Xylometazoline hydrochloride,0.3320861634815556,0.029,143847.0,0.0857299769894401,0.02448,0.46499999999999997,False
Xylometazoline hydrochloride/dexpanthenol,0.0204049800250518,0.322,128.0,0.140625,0.322,0.6036113499570077,False
Xylometazoline hydrochloride/ipratropium bromide,-0.0603713546145477,0.67,898.0,0.1358574610244989,0.67,0.839235668789809,False
Yellow fever,-0.0822277799724545,0.744,214.0,0.2757009345794392,0.744,0.8762486368593239,False
Yohimbine hydrochloride,0.0090218181709541,0.347,104.0,0.4230769230769231,0.347,0.6184158415841584,False
Zafirlukast,0.0722483793456445,0.224,182.0,0.5439560439560439,0.224,0.5219417475728155,False
Zanamivir,-0.0277300659902412,0.5,193.0,0.2953367875647668,0.5,0.7267833109017496,False
Zanubrutinib,-0.0332754414414832,0.537,1.0,1.0,0.537,0.7478529980657641,False
Zidovudine,0.0967885981348048,0.126,17.0,0.4117647058823529,0.126,0.4891603053435114,False
Zinc acetate,-0.1190102936663888,0.956,2244.0,0.0811051693404634,0.956,0.9879866730128509,False
Zinc oxide,0.2440361646118291,0.044,1338217.0,0.0710273445935898,0.03986,0.46499999999999997,False
Zinc paste,-0.117445876288512,0.888,49.0,0.1836734693877551,0.888,0.9620349127182045,False
Zinc paste and ichthammol,0.0034657377040712,0.397,3.0,0.3333333333333333,0.397,0.6555963302752295,False
Zinc sulfate,-0.0729155224535722,0.724,59094.0,0.2546789860222696,0.724,0.866393351800554,False
Zinc sulfate monohydrate,-0.0587502911905221,0.671,126673.0,0.2206705454200974,0.671,0.839235668789809,False
Ziprasidone hydrochloride,-0.0451922982168466,0.6,77.0,0.6233766233766234,0.6,0.7946045370938075,False
Zoledronic acid,0.154378094646332,0.082,292.0,0.1575342465753424,0.082,0.47758793969849245,False
Zolmitriptan,0.1625276267467127,0.056,2050515.0,0.0682306640039209,0.056,0.46499999999999997,False
Zolpidem tartrate,0.0105196912670921,0.368,2975242.0,0.0711558925290783,0.368,0.6320697858842188,False
Zonisamide,0.097081190192769,0.151,972664.0,0.0783765000041124,0.151,0.4891603053435114,False
Zopiclone,0.0630010767622775,0.226,22751908.0,0.0640618360446956,0.226,0.5249032258064517,False
Zuclopenthixol acetate,0.0161877714407281,0.332,236.0,0.1440677966101695,0.332,0.6092778249787596,False
Zuclopenthixol decanoate,-0.0402790485710876,0.609,141297.0,0.1042626524271569,0.609,0.7991737545565006,False
Zuclopenthixol hydrochloride,0.1200274806086134,0.115,488768.0,0.1191751505826895,0.115,0.4891603053435114,False
