Drug,Mantel_r,P_Value,items,top_share
Abacavir,-0.08696622649169941,0.745,4.0,0.25
Abacavir and lamivudine,0.1020569385751363,0.157,57.0,0.22807017543859648
Abatacept,-0.20885593475135183,1.0,24.0,0.5416666666666666
Abemaciclib,0.013867544844085719,0.355,13.0,0.5384615384615384
Abiraterone,-0.04170212950759021,0.597,83.0,0.3253012048192771
Abrocitinib,-0.02585352254495104,0.435,1.0,1.0
Absorbent Cottons,0.08339895510351844,0.173,5546.0,0.09736747205192932
Acamprosate calcium,-0.0003651700726604615,0.418,759919.0,0.11996410143712685
Acarbose,0.14188504415904502,0.092,107435.0,0.09371247731186298
Acebutolol hydrochloride,0.026757737038134166,0.316,14069.0,0.09652427322482053
Aceclofenac,-0.13042781667978093,0.936,21540.0,0.11624883936861653
Acenocoumarol,0.004362546005782436,0.424,77504.0,0.1525985755573906
Acetazolamide,0.15030442379834716,0.066,613070.0,0.07922423214314842
Acetazolamide sodium,-0.09345750781952775,0.77,4.0,0.5
Acetic acid,0.041419376663929294,0.272,355992.0,0.09017056563068833
Acetohydroxamic acid,-0.04921083650083484,0.604,4.0,0.5
Acetyl-l-carnitine,0.1363526623372754,0.097,21.0,0.7142857142857143
Acetylcholine chloride,-0.13974628353102028,0.96,1.0,1.0
Acetylcysteine,-0.12081350132674687,0.885,1233092.0,0.16753088982817177
Aciclovir,0.05401590046444847,0.242,6030145.0,0.06320461614107123
Acipimox,-0.03659381313572714,0.576,6099.0,0.13002131496966715
Acitretin,-0.0460572088752709,0.648,72692.0,0.08846915754140758
Aclidinium bromide,0.1241567886834432,0.128,682815.0,0.09592642223735565
Aclidinium bromide/formoterol,0.12021074106391819,0.128,827039.0,0.07085760163668219
Acne Treatment,-0.10034950747475539,0.825,263.0,0.22053231939163498
Acrivastine,-0.011369261526805717,0.51,221454.0,0.07464755660317718
Adalimumab,-0.06953611998601274,0.698,329.0,0.3617021276595745
Adapalene,0.1638661893250579,0.062,776390.0,0.0813173791522302
Adapalene and benzoyl peroxide,0.13743728697993438,0.053,1608679.0,0.08166452101382563
Addaven (Generic),-0.04163098139925518,0.655,20.0,0.95
Adefovir dipivoxil,-0.0814223972189797,0.756,98.0,0.45918367346938777
Adhesive (Pastes/Sprays/Solutions),0.3107816617876803,0.029,4937.0,0.1502937006279117
Adhesive Discs/Rings/Pads/Plasters,0.6586137928514426,0.004,1499033.0,0.3527794251360711
Adhesive Dressing Remover Ster Silicone,0.30001752479092825,0.019,68487.0,0.15235008103727715
Adhesive Removers (Sprays/Liquids/Wipes),0.6595445864628421,0.003,6039722.0,0.29326283560733424
Adrenaline,0.07724719742286937,0.187,2059953.0,0.05692557063195131
Afatinib,-0.09102083919827242,0.79,2.0,1.0
Agomelatine,-0.05150129407771028,0.649,143818.0,0.13415566897050438
Albendazole,0.02372328247002898,0.317,2284.0,0.05560420315236427
Alclometasone dipropionate,0.06793592283530266,0.176,2335.0,0.0835117773019272
Alcohol,0.09656007026269782,0.114,5115.0,0.07781036168132942
Alemtuzumab,0.19747658468103868,0.069,1.0,1.0
Alendronic acid,0.1293329052244386,0.093,26086724.0,0.07013996851425269
Alendronic acid/colecalciferol,0.021693102317080087,0.34,12789.0,0.08280553600750645
Alfacalcidol,0.08030975029109319,0.182,3856214.0,0.0788612872625845
Alfentanil hydrochloride,-0.0288810931223758,0.55,28305.0,0.2036742624977919
Alfuzosin hydrochloride,-0.06163946952160352,0.686,2233995.0,0.07445988016983028
Alginic acid compound preparations,0.04435440600049055,0.26,21316066.0,0.0826569030139051
Alimemazine tartrate,0.056138727517858665,0.239,130292.0,0.119454763147392
Alirocumab,0.08000233386189563,0.188,4582.0,0.6047577477084243
Aliskiren,-0.10803936938244973,0.893,45380.0,0.08803437637725871
Alitretinoin,0.1697453368648793,0.077,2417.0,0.19031857674803476
Alkyl sulfate,0.29035713176535377,0.044,9954.0,0.14667470363672896
Alkyl sulphate,0.22975390505786178,0.038,108183.0,0.11841047114611353
Allopurinol,0.1884484117951129,0.051,34224976.0,0.0874534725751159
Almotriptan,0.015647921076909547,0.357,203021.0,0.08963604750247511
Alogliptin,0.12011116828817592,0.089,7574138.0,0.08635319293099757
Alogliptin/metformin,0.0032279703754327744,0.406,327339.0,0.21419690290493953
Alprazolam,0.03738652909632625,0.273,102.0,0.11764705882352941
Alprostadil,0.15896188053015436,0.09,487714.0,0.06214707800063152
Aluminium acetate,-0.04958346809257387,0.615,8.0,0.25
Aluminium and magnesium and activated simeticone,0.22938875703811756,0.034,53955.0,0.07170790473542767
Aluminium and magnesium and oxetacaine,0.024382536574459584,0.324,12845.0,0.20840794083300895
Aluminium chloride,0.26548607166748,0.026,226609.0,0.0897890198535804
Aluminium hydroxide,-0.08127453514525079,0.755,31.0,0.6451612903225806
Alverine citrate,0.05792306771803284,0.256,1099357.0,0.13476513998637385
Alverine citrate/simeticone,0.04438517570164029,0.269,43808.0,0.19359477720964208
Amantadine hydrochloride,-0.08078842384343303,0.781,655823.0,0.05757193633038182
Ambrisentan,0.1631773703362906,0.095,138.0,0.2898550724637681
Amikacin,0.03805701556352417,0.274,60.0,0.2833333333333333
Amiloride hydrochloride,0.016200726101179255,0.388,620522.0,0.06286964845726663
Amiloride hydrochloride with loop diuretics,0.027049366008750443,0.35,17861.0,0.09529141705391636
Amiloride hydrochloride with thiazides,-0.1675989577180827,1.0,1.0,1.0
Aminophylline,0.009497990767373512,0.386,131.0,0.22900763358778625
Aminophylline hydrate,0.08451591347856946,0.152,98709.0,0.08387279781985432
Aminosalicylic acid,0.2656057651691874,0.035,123.0,0.16260162601626016
Amiodarone hydrochloride,0.10694677568808506,0.105,2081117.0,0.057717562251425554
Amisulpride,0.20384828981071818,0.049,1950746.0,0.0792691616438019
Amitriptyline hydrochloride,0.19350421780061125,0.015,78453016.0,0.0763390281898149
Amlodipine,0.14100078394075935,0.069,184127970.0,0.0675041657169196
Ammonium chloride/diphenhydramine hydrochloride,-0.05368945382296966,0.586,6.0,0.3333333333333333
Amobarbital,-0.08382620421736442,0.765,1.0,1.0
Amobarbital sodium,0.4287584237235814,0.011,1419.0,0.16631430584918958
Amorolfine hydrochloride,0.26562476480538255,0.019,721578.0,0.09512485136741974
Amoxapine,0.08422114704072052,0.169,1.0,1.0
Amoxicillin,0.2393687274853882,0.005,46403317.0,0.058930226905977434
Amoxicillin sodium,0.31285365601411613,0.029,321.0,0.308411214953271
Amphoteracin,-0.010177354619524077,0.454,8.0,0.5
Amphotericin,-0.14709568509118542,0.961,320.0,0.225
Ampicillin,0.1354449815985814,0.104,1647.0,0.08378870673952642
Amylmetacresol,0.16953851117686616,0.066,2307.0,0.11790203727785002
Anagrelide hydrochloride,-0.00979360362346994,0.455,4055.0,0.2187422934648582
Anakinra,-0.035461684613941856,0.531,21.0,0.5714285714285714
Anal Irrigation System,0.608871193683661,0.001,1000235.0,0.35738201522642177
Anal Plugs,0.6512417653950009,0.001,48978.0,0.1913308015843848
Analgesics with anti-emetics,0.1961968986656927,0.052,400789.0,0.08840312483626048
Anastrozole,0.047594603082215706,0.227,2650023.0,0.09988856700489014
Androstanalone,-0.04286905569648989,0.565,3.0,0.3333333333333333
Antazoline,0.08253452250009016,0.163,45406.0,0.06316345857375677
Anti-D (Rh-) immunoglobulin,-0.022609467456871694,0.481,3.0,0.3333333333333333
Apalutamide,0.02396694511906389,0.303,32.0,0.3125
Apixaban,0.20665095707179187,0.037,44299042.0,0.08647053812134357
Apomorphine hydrochloride,0.06137513658303218,0.241,42294.0,0.13829384782711496
Apomorphine hydrochloride hemihydrate,-0.000751749491169389,0.402,7500.0,0.22213333333333332
Apraclonidine,0.22394275374125236,0.051,223553.0,0.10678452089661064
Apremilast,0.018232944327727315,0.33,1440.0,0.1736111111111111
Aprepitant,-0.03179317346830399,0.527,1615.0,0.18823529411764706
Arachis oil,0.09069918325761721,0.151,4205.0,0.09892984542211652
Aripiprazole,0.26392823086175954,0.015,8553354.0,0.06892161834994787
Arm Sling/Bandages,0.014185570056343515,0.365,2521545.0,0.2900979359876584
Arnica montana,0.07403343833514195,0.18,1769.0,0.2984737139626908
Artemether with lumefantrine,0.1377436781358822,0.101,96.0,0.17708333333333334
Artificial saliva,0.19349307693162657,0.021,11649.0,0.0764872521246459
Artificial saliva products,0.12188405814057342,0.117,2021.0,0.0999505195447798
Ascorbic acid,0.0527787665317018,0.252,352825.0,0.08232976688159853
Ascorbic acid (Eye),0.19747658468103868,0.069,1.0,1.0
Asenapine,-0.06787145319588093,0.806,4743.0,0.14779675310984608
Aspirin,0.02119676470676795,0.369,102443759.0,0.07433359605634932
Aspirin and caffeine,-0.04343529946558661,0.584,125.0,0.296
Aspirin combined preparations,-0.07524258474366939,0.742,582.0,0.15463917525773196
Atazanavir,-0.06057316855695669,0.632,3.0,0.6666666666666666
Atazanavir and cobicistat,0.10464998326009765,0.153,2.0,1.0
Atenolol,0.18337200820586563,0.06,23010237.0,0.09693359525153956
Atenolol with calcium channel blocker,-0.08862146016380697,0.792,6736.0,0.09738717339667459
Atogepant,0.09611952446905356,0.155,47651.0,0.1047826908144635
Atomoxetine hydrochloride,0.033876052439785524,0.298,934414.0,0.07065711772297932
Atorvastatin,0.11263088177358369,0.124,321463615.0,0.07857782287429325
Atovaquone,0.034361994674536746,0.323,3240.0,0.17808641975308642
Atropine sulfate,0.16697049715777326,0.064,294882.0,0.06742357960133206
Avanafil,0.24293524282154055,0.058,47413.0,0.16676860776580263
Axitinib,0.031218425655738694,0.28,2.0,0.5
Azathioprine,0.06136721876619451,0.19,3716272.0,0.08664166670254492
Azelaic acid,0.16211224255141227,0.067,673934.0,0.06175530541566385
Azelastine hydrochloride,0.22813898524007256,0.015,601201.0,0.0733681414368905
Azilsartan medoxomil,0.016840873355405885,0.336,4914.0,0.09645909645909646
Azithromycin,0.07283562689126094,0.181,4236907.0,0.13226582504643128
Aztreonam,0.011359203628169246,0.37,36.0,0.6111111111111112
Bacillus calmette-guerin (B.C.G.),-0.053816331479016044,0.678,1.0,1.0
Baclofen,0.0592532800009135,0.22,6527758.0,0.0930501712839232
Bacterial Decolonisation Products,0.04607243683483606,0.267,11974.0,0.23141807249039587
Bag Closures,0.4149664947823522,0.011,19641.0,0.13100147650323304
Bag Covers,0.6335485987909686,0.005,21733.0,0.28081719044770626
Baloxavir marboxil,-0.03467685468375394,0.605,7.0,1.0
Balsalazide sodium,0.036674799560320145,0.266,197644.0,0.24544635809839915
Bambuterol hydrochloride,-0.07598122990953321,0.711,6448.0,0.1705955334987593
Baricitinib,0.24081106731409613,0.06,507.0,0.11834319526627218
BeclometDiprop/Formoterol/Glycopyrronium (Corticosteroids),0.04599472753417065,0.253,3603948.0,0.07835545906877679
Beclometasone dipropionate,0.056237025596115646,0.237,72808024.0,0.06624687410827136
Beclometasone dipropionate (Systemic),0.10244223433068812,0.157,21241.0,0.11915634857115955
Beclometdiprop/formoterol/glycopyrronium,0.015402925771894648,0.357,9132286.0,0.07724495268764031
Bedaquiline,-0.1169422476278353,0.865,3.0,0.6666666666666666
Belladonna alkaloids,0.1860331145775903,0.072,10730.0,0.2595526561043802
Belts,0.6160106860401087,0.011,563201.0,0.3089642951628282
Belumosudil,0.029118154001614077,0.325,1.0,1.0
Bempedoic acid,-0.02971338839538857,0.525,439740.0,0.07192431891572293
Bempedoic acid/Ezetimibe,0.02403651174094209,0.325,857528.0,0.07253873925982592
Bendroflumethiazide,0.0942334257896595,0.13,30614300.0,0.07969873555821952
Benperidol,0.011950271117610151,0.362,6239.0,0.08110274082384998
Benralizumab,0.057220083435423834,0.204,30.0,0.36666666666666664
Benzalkonium chloride,0.06338301577525011,0.211,390490.0,0.0810161591846142
Benzatropine mesilate,0.12082022491620248,0.118,556.0,0.2697841726618705
Benzbromarone,-0.09961464612237957,0.878,1075.0,0.09023255813953489
Benznidazole,-0.02980495911312304,0.49,2.0,0.5
Benzocaine,0.19510791769201208,0.047,18648.0,0.08301158301158301
Benzoic acid,-0.04249064780567794,0.583,43.0,0.4883720930232558
Benzoin,0.09106243579352673,0.184,50.0,0.4
Benzoyl peroxide,0.18446318996421718,0.048,495821.0,0.08645862115561866
Benzoyl peroxide and clindamycin phosphate,0.29930597319659413,0.005,2403153.0,0.06533208663784619
Benzydamine hydrochloride,0.2741901152566752,0.034,2936747.0,0.09893906420948076
Benzyl benzoate,-0.058186298294614636,0.69,885.0,0.0903954802259887
Benzylpenicillin sodium (Penicillin G),0.165876195484483,0.091,1067.0,0.06373008434864105
Betacarotene,-0.16893165927208018,0.972,173.0,0.24277456647398843
Betahistine hydrochloride,0.04862437733331763,0.226,8381897.0,0.07702946003750702
Betaine anhydrous,-0.03564441562181222,0.571,807.0,0.14993804213135067
Betamethasone,0.053551089688214176,0.247,82.0,0.1951219512195122
Betamethasone esters,0.21272057486951215,0.023,2003111.0,0.06598286365558374
Betamethasone sodium phosphate,0.0013013810112163494,0.462,1334224.0,0.06814822698437444
Betamethasone valerate,0.11984865717912471,0.099,15036493.0,0.07196831069585176
Betamethasone/Doxycycline/Nystatin,-0.05185483129407631,0.611,28.0,0.5357142857142857
Betaxolol,-0.11195404315658057,0.856,63577.0,0.0642527958223886
Bethanechol chloride,-0.08363994200898585,0.784,2381.0,0.1495170096598068
Bexarotene,0.030936686678278473,0.28,1.0,1.0
Bezafibrate,-0.04531192202975414,0.657,1607191.0,0.05858357842969504
Bicalutamide,0.004323694993476878,0.451,991783.0,0.06993767789929854
Bictegravir/emtricitabine/tenofovir alafenamide,0.11546055792967132,0.127,211.0,0.17535545023696683
Bifonazole,-0.15033196009129648,0.966,778.0,0.22236503856041132
Bilastine,0.18391002009877225,0.053,16504.0,0.09482549684924867
Bimatoprost,0.1478935023426054,0.05,5052597.0,0.07442509268006137
Biperiden hydrochloride,0.19746558169458014,0.076,6.0,0.5
Biphasic insulin aspart,0.13801768551489424,0.085,3458105.0,0.06850630619949365
Biphasic insulin lispro,0.153332076399992,0.078,1263598.0,0.1271432844939609
Biphasic isophane insulin,0.06358707681076407,0.199,3498337.0,0.15754571386347285
Bisacodyl,0.1773757826876699,0.064,4744697.0,0.12152830834086982
Bisoprolol fumarate,0.10335802686135787,0.117,143169729.0,0.07615001492389498
Boric acid,0.10952018879724078,0.129,322.0,0.2236024844720497
Bosentan,-0.13072662166543253,0.906,249.0,0.23293172690763053
Bosutinib,-0.024208973173430147,0.505,6.0,0.8333333333333334
Botulinum toxin type A,-0.09398950291332997,0.807,1079.0,0.35495829471733087
Bowel cleansing solutions,-0.13184896342672126,0.931,23044.0,0.30710814094775213
Brimonidine tart (Rosacea),0.0760856581357061,0.176,80769.0,0.0844135745149748
Brimonidine tartrate,-0.09527102232900311,0.846,1238636.0,0.057057925007831196
Brinzolamide,0.21903980954730193,0.037,4386190.0,0.060155396825034936
Brinzolamide and timolol,-0.02454828609579621,0.561,1014406.0,0.06768098769131886
Brinzolamide/brimonidine,0.09158149896236428,0.169,951554.0,0.06255556699882509
Brivaracetam,0.10873316396149496,0.142,546513.0,0.13259519901630884
Brodalumab (Psoriasis),-0.02878666200605162,0.47,1.0,1.0
Bromazepam,0.10464998326009765,0.153,4.0,1.0
Bromfenac,0.0035069592171118663,0.412,49036.0,0.12474508524349458
Bromocriptine,0.01234573521947719,0.381,45700.0,0.1112472647702407
Budesonide,0.19249556740528295,0.052,19317811.0,0.08420451985993652
Bumetanide,-0.029734967228654804,0.554,9425822.0,0.061327171253605255
Bupivacaine hydrochloride,-0.017313057465824858,0.479,107082.0,0.08546721204310716
Buprenorph hydrochloride/naloxone hydrochloride,-0.05596061869024083,0.719,25115.0,0.16086004379852678
Buprenorphine,0.007929764413568812,0.385,12957896.0,0.06439394173251584
Buprenorphine hydrochloride,0.040954174840556086,0.273,4683655.0,0.10825028743577399
Bupropion hydrochloride,0.08622741768270645,0.173,192292.0,0.08709670709129864
Buserelin,-0.0405540931570599,0.576,155.0,0.18064516129032257
Buspirone hydrochloride,-0.07311554216705927,0.743,1108526.0,0.2081286320753866
Busulfan,0.5555316141369318,0.017,42.0,0.21428571428571427
Butobarbital,0.4650190112984269,0.008,282.0,0.1595744680851064
C1-Esterase inhibitor,0.03146725500110045,0.279,50.0,0.94
Cabergoline,0.10757832667032712,0.135,431995.0,0.05850762161599093
Cabotegravir,0.02093184373240421,0.342,1.0,1.0
Cabozantinib,0.03196026183102164,0.264,3.0,0.3333333333333333
Caffeine,-0.10913380454619696,0.839,445.0,0.2853932584269663
Caffeine citrate,-0.05127881984252486,0.633,32.0,0.59375
Calamine,0.29191973485611206,0.044,174551.0,0.1098876546109733
Calcifediol,-0.038728169536200084,0.561,1471.0,0.27532290958531613
Calcipotriol,0.2962824183920194,0.005,5932381.0,0.06880070582115343
Calcitonin (Salmon),-0.03526089598509132,0.54,261.0,0.7931034482758621
Calcitriol,-0.08451347874612071,0.776,272642.0,0.11602761129979974
Calcium acetate,0.02284977512692375,0.328,371407.0,0.1139477715821188
Calcium acetate/magnesium carbonate,0.04415716613867552,0.227,41790.0,0.44541756401052884
Calcium carbonate,0.19696528820883297,0.049,2085946.0,0.08203472189596471
Calcium chloride,0.017015008520392234,0.344,67.0,0.13432835820895522
Calcium folinate,0.0208346726686868,0.302,14215.0,0.0959549771368273
Calcium gluconate,0.020041517143548796,0.347,5383.0,0.06669143600222924
Calcium lactate,0.01703169528018767,0.341,80.0,0.15
Calcium polystyrene sulfonate,-0.00132243455307882,0.407,5296.0,0.32439577039274925
Camellia sinensis extract,-0.05482937014355222,0.638,758.0,0.15435356200527706
Canagliflozin,0.026567652204671142,0.328,4017151.0,0.15973683837127356
Canagliflozin/metformin,0.08326344435006418,0.174,53258.0,0.20426978106575538
Candesartan cilexetil,0.05469222408254704,0.231,39651317.0,0.0704770537634349
Cannabidiol,-0.010406102676778155,0.446,208.0,0.38461538461538464
Capecitabine,-0.1244310791215861,0.9,31.0,0.3225806451612903
Capsaicin,-0.002464656407163433,0.487,701953.0,0.08791186874334891
Capsules delisted probiotic (0913531),0.17147292501502276,0.07,470.0,0.13617021276595745
Captopril,-0.031766705152323764,0.589,232086.0,0.06891841817257396
Carbamazepine,0.2726291813107907,0.011,10523943.0,0.08567796309805174
Carbidopa,-0.12169678749270978,0.928,1.0,1.0
Carbimazole,0.14603913647307504,0.082,3501346.0,0.0655636432389144
Carbocisteine,0.015069487759794971,0.371,17357309.0,0.10019035784867343
Carbomer,-0.02622150259279176,0.566,34243.0,0.113424641532576
Carbomer 940/980,0.12753159629607036,0.101,5418556.0,0.14284340698887305
Carbomer 974P,0.2410900104393792,0.004,122594.0,0.09113007161851314
Carglumic acid,-0.07119977574687744,0.689,7.0,0.14285714285714285
Cariprazine,-0.06931184431749984,0.703,25617.0,0.1534137486825155
Carmellose sodium,0.009654181556728276,0.379,2178502.0,0.05858475227472823
Carteolol hydrochloride,0.029118154001614077,0.325,1.0,1.0
Carvedilol,-0.05187092759616971,0.621,3421661.0,0.10817027168968521
Caspofungin,-0.08484540820330541,0.764,12.0,0.5833333333333334
Castor oil,0.038442981174778026,0.281,79.0,0.2911392405063291
Catheter Maintenance Products,0.6289108008061515,0.001,1145935.0,0.15248247064624085
Catheter Valves,0.6426933353203858,0.001,715911.0,0.19976645141644703
Catheters,0.7017000088208981,0.001,7166891.0,0.24342786851369722
Cefaclor,-0.1118132146671953,0.877,19198.0,0.11636628815501615
Cefadroxil,-0.007079918844826084,0.424,2042.0,0.1841332027424094
Cefalexin,-0.0191829722169619,0.533,4425438.0,0.06903768621320647
Cefixime,0.07786627990391722,0.17,4589.0,0.0708215297450425
Cefotaxime sodium,0.1847547540486765,0.073,74.0,0.0945945945945946
Cefradine,-0.0628727271476572,0.736,68866.0,0.19219934365289112
Ceftazidime pentahydrate,-0.07950991085104468,0.751,524.0,0.767175572519084
Ceftriaxone sodium,0.007377901531696153,0.37,3719.0,0.17182038182307072
Cefuroxime axetil,-0.04855268376576155,0.642,12687.0,0.10538346338771971
Cefuroxime sodium,0.13715810363715764,0.108,430.0,0.20930232558139536
Celecoxib,-0.03457708670192472,0.587,1944379.0,0.1114078068113264
Celiprolol hydrochloride,0.0057063976417758575,0.401,109693.0,0.09751761735024113
Cellulose Wadding BP 1988,-0.0453836947748421,0.617,25.0,0.32
Cenobamate,0.0602220589243337,0.224,163078.0,0.09470314818675726
Certolizumab pegol,0.07771452939498219,0.181,6.0,0.3333333333333333
Cervical Collar,0.06862388033299836,0.194,744.0,0.15456989247311828
Cetirizine hydrochloride,0.09535253559270049,0.119,19092235.0,0.07792251666711623
Cetomacrogol,-0.024917756213153935,0.482,206736.0,0.5095677579134742
Cetrimide,0.16928514919291382,0.085,18852.0,0.11065138977296839
Cetrorelix,-0.03367651668502944,0.52,81.0,0.654320987654321
Cetylpyridinium chloride,0.19615555058952547,0.062,3257.0,0.11298741172858459
Charcoal,0.05405591403555041,0.236,5918.0,0.10003379520108145
Chenodeoxycholic acid,0.04483983528303472,0.263,31.0,1.0
Chiropody Appliances,0.026329774930263845,0.293,10046.0,0.10372287477603026
Chlohexidine gluconate (Emollient),0.09640567036996336,0.144,4223.0,0.19891072697134737
Chloral hydrate,0.20732179107030616,0.036,56883.0,0.08454195453826276
Chlorambucil,0.016220631271990808,0.338,53.0,0.11320754716981132
Chloramphenicol,0.18686415918818228,0.055,4843760.0,0.055609278742134206
Chlordiazepoxide hydrochloride,-0.038303430486200135,0.597,142582.0,0.06218176207375405
Chlorhex hydrochloride,-0.05799832528200547,0.656,747.0,0.13654618473895583
Chlorhexidine acetate,0.009453952238603,0.366,2907.0,0.15135878912968695
Chlorhexidine gluconate,0.32722423535650963,0.028,2309707.0,0.06890960628339439
Chlorhexidine hydrochloride / Lidocaine hydrochloride,-0.08835014866323164,0.761,2.0,0.5
Chloroprocaine hydrochloride,0.01113356223134129,0.342,2.0,0.5
Chloroquine phosphate,-0.009410432382519096,0.47,3426.0,0.3164039696438996
Chloroquine phosphate with proguanil hydrochloride,-0.04908020800082494,0.592,3.0,0.3333333333333333
Chlorothiazide,-0.018990911704049578,0.522,10921.0,0.13716692610566797
Chloroxylenol,0.088019930791652,0.149,1349.0,0.2490733876945886
Chlorphenamine maleate,0.2377434263926998,0.042,4173381.0,0.07384660063387455
Chlorpromazine hydrochloride,0.029166976277813016,0.322,976904.0,0.12301311080720316
Chlorpropamide,0.11604838418095748,0.081,1.0,1.0
Chlorprothixene,0.02093184373240421,0.342,2.0,1.0
Chlortalidone,0.6004708821536077,0.015,73697.0,0.12465907703162951
Cholera,0.08879764246798773,0.136,20762.0,0.04720161834120027
Cholesterol,0.0710490746930044,0.187,84.0,0.7738095238095238
Cholesterol/simvastatin,-0.026012781511177915,0.476,80.0,0.7125
Cholic acid,0.04483983528303464,0.263,1.0,1.0
Choline salicylate,0.2823871739058071,0.04,88034.0,0.0884658200240816
Choriogonadotropin alfa,-0.017202156764563666,0.492,701.0,0.14407988587731813
Chorionic gonadotrophin,-0.02369291814524749,0.515,183.0,0.3989071038251366
Ciclesonide,-0.03788946452168372,0.541,248358.0,0.1328082848146627
Ciclosporin,0.14049167554129882,0.062,233131.0,0.07764304189490029
Ciclosporin (Eye Anti Inflammatory),-0.05512036459609293,0.643,565077.0,0.07264496696910333
Cilostazol,0.05398724148325228,0.243,73814.0,0.09701411656325358
Cimetidine,-0.018679667168662636,0.505,352711.0,0.094025987281372
Cinacalcet hydrochloride,0.284922374755286,0.02,400210.0,0.09639439294370455
Cinnarizine,0.1788743173732047,0.065,1581122.0,0.11540791918650174
Ciprofibrate,-0.09347519829376197,0.819,75269.0,0.10408003294849141
Ciprofloxacin,-0.03842434215538943,0.606,2413602.0,0.055228243927540666
Ciprofloxacin/fluocinolone,-0.13351666530113115,0.914,42129.0,0.1875904958579601
Ciprofloxain/dexameth,0.01210133505912764,0.345,874728.0,0.0578591287806038
Citalopram hydrobromide,0.1612931968756683,0.058,68029918.0,0.07316713214324322
Citalopram hydrochloride,-0.004908951281168455,0.446,336113.0,0.055046963372437245
Cladribine (Immunomodulating),0.6261021293513624,0.007,12.0,0.6666666666666666
Clarithromycin,-0.022618844268704946,0.529,9789702.0,0.050899302144232786
Clascoterone,0.15939238203006478,0.1,1106.0,0.17088607594936708
Clemastine fumarate,0.07394505022488568,0.186,1907.0,0.140534871525957
Clindamycin hydrochloride,-0.012036014614623228,0.44,469484.0,0.06210861286007617
Clindamycin phosphate,0.17338405751600455,0.042,596663.0,0.059896457464263746
Clindamycin/tretinoin,0.16606661875078033,0.082,298308.0,0.08634699706343779
Clobazam,0.12549576845631788,0.107,1948364.0,0.08571498960153236
Clobetasol propionate,0.2074858492151587,0.052,4843805.0,0.06570702164930256
Clobetasone butyrate,0.09868306152496485,0.143,7339085.0,0.06376135444677368
Clofazimine,-0.04651809593890704,0.571,238.0,0.20588235294117646
Clomethiazole,0.07549004125354779,0.181,28778.0,0.213809159774828
Clomethiazole edisilate,-0.12790634561647712,0.918,3509.0,0.5901966372185808
Clomifene citrate,-0.13227477138724053,0.933,13254.0,0.12728232986268295
Clomipramine hydrochloride,-0.00873478860387079,0.489,1135190.0,0.08265224323681498
Clonazepam,-0.08285995044878516,0.815,5287093.0,0.06080940887553898
Clonidine hydrochloride,0.07919223132987327,0.153,1906184.0,0.08168623805466839
Clopidogrel,0.27950115088667526,0.014,56618946.0,0.09164411149582333
Cloral betaine,-0.09245478143974521,0.81,209.0,0.23444976076555024
Clotrimazole,0.19108851909233307,0.047,7377049.0,0.06813835722115984
Clozapine,-0.0013518672408810383,0.367,15720.0,0.32270992366412216
Co-amilofruse (Amiloride hydrochloride/frusemide),-0.0034860338892985167,0.458,973563.0,0.07898923849817628
Co-amilozide (Amiloride hydrochloride/hydrochlorothiazide),-0.035507625673424435,0.579,280675.0,0.055412844036697245
Co-amoxiclav (Amoxicillin/clavulanic acid),0.0037073141544909675,0.417,6750001.0,0.05202206636710128
Co-beneldopa (Benserazide/levodopa),0.1122263619572867,0.088,4876354.0,0.10405376640006038
Co-careldopa (Carbidopa/levodopa),0.0003595016508509228,0.456,6942745.0,0.061823529454128015
Co-codamol (Codeine phosphate/paracetamol),0.23654392511444675,0.009,75479115.0,0.07550455513422488
Co-codaprin (Codeine phosphate/aspirin),-0.14290830647255987,0.942,12.0,0.25
Co-cyprindiol (Cyprote acetate/ethinylestradiol),0.013485001753019466,0.361,273747.0,0.05984723120253373
Co-danthramer (Dantron/poloxamer 188),-0.12610040001902015,0.91,3307.0,0.1152101602661022
Co-danthrusate (Dantron/docusate sodium),0.34760962724937194,0.032,556.0,0.16366906474820145
Co-dydramol (Dihydrocodeine/paracetamol),0.16646239303481983,0.044,6703789.0,0.08479920832830508
Co-fluampicil(Flucloxacillin/ampicillin),-0.0033503774272616556,0.424,1773.0,0.23575860124083475
Co-flumactone (Hydroflumethiazide/spironolactone),-0.12367654412939785,0.907,1184.0,0.23564189189189189
Co-magaldrox (Magnesium/aluminium hydroxide),0.265767352460154,0.032,159984.0,0.16812306230623061
Co-phenotrope (Diphenox hydrochloride/atropine sulfate),-0.03943473630967597,0.58,6123.0,0.32696390658174096
Co-proxamol (Dextropropoxyphene hydrochloride/paracetamol),0.015106151041249368,0.334,27201.0,0.0790044483658689
Co-simalcite (Simeticone/hydrotalcite),0.20382938005366621,0.064,255.0,0.25098039215686274
Co-tenidone (Atenolol/chlortalidone),0.02373498925058179,0.337,452561.0,0.05651392850908496
Co-triamterzide(Triamterene/hydrochlorothiazide),0.0449212236464358,0.239,47.0,0.19148936170212766
Co-trimoxazole(Trimethoprim/sulfamethoxazole),0.11648175959670022,0.156,1226648.0,0.11134816181985378
Co-zidocapt (Hydrochlorothiazide/captopril),-0.09102083919827242,0.79,1.0,1.0
Coal tar,0.24464304325393094,0.035,2507497.0,0.09023300925185554
Coal tar and corticosteroid preparations,-0.20537852742073354,0.993,8.0,0.5
Coal tar bath preparations,0.06945973531806149,0.179,4.0,0.5
Cobicistat,0.0426897358185079,0.252,18.0,1.0
Cocaine,-0.09509900917434198,0.807,24.0,0.6666666666666666
Cocois,0.24249926919857898,0.048,422380.0,0.07220038827596004
Cod liver oil,0.16889064728803757,0.076,25111.0,0.17665564891880053
Codeine phosphate,0.24133211269628074,0.051,27151816.0,0.1796475049771993
Colchicine,0.1362388671039335,0.045,2773893.0,0.06482766278295522
Colecalciferol,0.12615686615859262,0.055,134160823.0,0.08228377519717511
Colesevelam hydrochloride,0.05076703350825985,0.274,1008925.0,0.1088683499764601
Colestipol hydrochloride,0.08779806022518731,0.168,13463.0,0.062096115278912574
Colestyramine,0.12325876926755938,0.069,783752.0,0.07758193918484418
Colistimethate sodium,0.10877526397023914,0.124,156056.0,0.10141231352847696
Colostomy Bags,0.6497957629383843,0.003,2327694.0,0.3334858447888769
Colostomy Sets,-0.09114697785786662,0.774,3.0,0.6666666666666666
Combined ethinylestradiol 20mcg,0.13901287121982342,0.093,1896363.0,0.06082801657699501
Combined ethinylestradiol 30mcg,0.08345078784741901,0.19,11287875.0,0.06014338394073287
Combined ethinylestradiol 35mcg,0.05394196870782643,0.256,604443.0,0.054026599695918394
Combined mestranol,-0.05450549382544374,0.653,1827.0,0.0722495894909688
Compound alginates and proprietary indigestion preparations,0.1573201793849135,0.043,16182.0,0.10066740823136819
Compound antispasmodic preparations,0.16385176189156678,0.08,296.0,0.19256756756756757
Compound iron preparations,0.17950137306771763,0.059,15.0,0.13333333333333333
Contraceptive Devices,-0.05782128224657018,0.702,167856.0,0.057722095129158324
Coronavirus vaccine,0.06268927538432154,0.218,293.0,0.12286689419795221
Cortisone acetate,0.012668494421611175,0.35,263.0,0.25475285171102663
Crotamiton,0.04840614808042729,0.248,473147.0,0.06863828788938744
Cyanocobalamin,-0.0007746944173093768,0.412,10331686.0,0.07045229597570038
Cyclizine hydrochloride,0.07567694480893501,0.184,5767049.0,0.08850314953106866
Cyclizine lactate,-0.1408052577079447,0.957,351552.0,0.1498071409066084
Cycloidal Vibration Accessories,-0.07490931418126559,0.699,137.0,0.40875912408759124
Cyclopentolate hydrochloride,0.07600384831227838,0.178,129387.0,0.0910601528747092
Cyclophosphamide,0.11823521405510486,0.116,664.0,0.11897590361445783
Cycloserine,-0.11307525761231042,0.856,40.0,0.75
Cyproheptadine hydrochloride,0.07472189737939257,0.167,11738.0,0.11211449991480661
Cyproterone acetate,0.022563663783955613,0.345,136128.0,0.10634843676539728
Cytisinicline,-0.0825063714973957,0.77,3872.0,0.14101239669421486
Dabigatran etexilate,0.05932365092489205,0.197,1565175.0,0.0667682527512898
Dabrafenib,-0.10356443549064161,0.872,3.0,1.0
Dalteparin sodium,0.19048868372397998,0.047,373303.0,0.08330766160464824
Danazol,0.13619478575760685,0.105,3160.0,0.10284810126582279
Dantrolene sodium,0.013282178829390477,0.376,170913.0,0.0995886796206257
Dapagliflozin,0.1323135072565904,0.128,29110995.0,0.06134170267969199
Dapagliflozin/metformin,0.10987130843133731,0.124,414363.0,0.11315440809145605
Dapoxetine hydrochloride,0.3265077369539925,0.026,35757.0,0.1320860251139637
Dapsone,0.024956004084443442,0.323,121414.0,0.11029205857644094
Daptomycin,-0.13074831541591697,0.893,16.0,0.4375
Darbepoetin alfa,-0.004558810093453471,0.417,29540.0,0.3394380501015572
Daridorexant,0.00510833957261094,0.423,165884.0,0.12192857659569338
Darifenacin hydrobromide,0.030926355027889436,0.347,511003.0,0.15066447750795983
Darunavir,0.09642109717064191,0.122,96.0,0.2916666666666667
Darunavir/cobicistat,0.10449591448022862,0.147,23.0,0.21739130434782608
Dasatinib,-0.18673439901884004,0.982,12.0,0.25
Debridement Device,0.041249571518405484,0.291,256060.0,0.2963953760837304
Deferasirox,0.49545347554766017,0.01,1014.0,0.3136094674556213
Deferiprone,-0.09122232283624294,0.793,353.0,0.2096317280453258
Deflazacort,0.01206073056265461,0.384,25465.0,0.122795994502258
Degarelix,0.017471314640722515,0.363,151227.0,0.2538766225607861
Delgocitinib,-0.1608681506091807,0.965,17.0,0.23529411764705882
Demeclocycline hydrochloride,0.0005401431081157953,0.399,25117.0,0.07262013775530517
Dengue fever,-0.001489301417809627,0.427,8.0,0.625
Denosumab,0.08405745895650532,0.158,489023.0,0.1464102915404797
Deodorants,0.6503369350560747,0.003,454526.0,0.3423258515464462
Depigmenting agents,0.18377715212831075,0.078,4930.0,0.1304259634888438
Dequalinium chloride,0.04802329862729418,0.265,2575.0,0.10912621359223301
Desferrioxamine mesilate,-0.03587281916009308,0.573,26.0,0.8076923076923077
Desloratadine,0.18119830880059412,0.048,851950.0,0.0869346792652151
Desmopressin acetate,0.017021032443870092,0.399,1564772.0,0.06907971257154397
Desogestrel,0.21729582946102366,0.014,14926144.0,0.07155954009287328
Detection Sensor Interstitial Fluid/Gluc,0.07571928129264481,0.148,13488798.0,0.06591291529460223
Dev For Fungal Nail Infections,0.23876232086308272,0.043,3051.0,0.07899049491969846
Dexamethasone,0.0810963292527214,0.138,9954026.0,0.05756354263089126
Dexamethasone phosphate,0.06278854870013145,0.222,74224.0,0.12575447294675576
Dexamethasone sodium metasulphobenzoate,0.06414927802079587,0.211,276221.0,0.04849015824285626
Dexamethasone sodium phosphate,0.0008508203582833338,0.39,2226.0,0.2196765498652291
Dexamfetamine sulfate,0.053013924909930246,0.232,698560.0,0.07548671552908841
Dexibuprofen,-0.03434015455745128,0.536,3.0,0.3333333333333333
Dexketoprofen,-0.013804285282830956,0.457,5045.0,0.09355797819623389
Dexpanthenol,0.22377278657448108,0.041,66759.0,0.10182896688087
Dextromethorphan hydrobrom compound prepartions,0.1420079489243195,0.096,266.0,0.13533834586466165
Dextromethorphan hydrobromide,0.010083625569156896,0.36,6502.0,0.18625038449707781
Diamorphine hydrochloride,-0.07495149269197315,0.716,4.0,0.25
Diamorphine hydrochloride (Systemic),0.040549501399007634,0.293,55945.0,0.11852712485476807
Diazepam,0.18000916434088102,0.031,21236310.0,0.0663964219772644
Diazoxide,-0.08346739539976414,0.766,11079.0,0.12302554382164456
Dibasic potassium phosphate,-0.1675989577180827,1.0,1.0,1.0
Dibrompropamidine isetionate,-0.012248561996908516,0.461,2254.0,0.22582076308784382
Diclofenac diethyl,0.22078790576566953,0.038,11747140.0,0.10465679305771447
Diclofenac potassium,0.16007293836952635,0.073,44873.0,0.08310119671071692
Diclofenac sod,-0.017235434976167682,0.481,79.0,0.189873417721519
Diclofenac sodium,0.15334107220031634,0.064,2864896.0,0.055376879300330625
Dicycloverine hydrochloride,-0.024431208852998185,0.556,118439.0,0.10460236915205295
Dicycloverine hydrochloride compound preparations,0.0321483284141904,0.314,21309.0,0.11713360551879487
Dienogest,0.13399177735490425,0.08,66143.0,0.07464130747017825
Diethylamine salicylate,0.08896811072580288,0.168,615040.0,0.1258536030176899
Diethylstilbestrol,-0.0725887514712539,0.723,12909.0,0.1022542412270509
Diflucortolone valerate,0.08075394185969413,0.188,5997.0,0.11905952976488245
Digoxin,0.138453670456334,0.083,12938288.0,0.0755372735558213
Dihydrocodeine tartrate,-0.12043142395510546,0.935,7151351.0,0.0846873548788194
Diloxanide furoate,-0.09582644948914285,0.798,4.0,0.25
Diltiazem hydrochloride,0.033962397388001185,0.283,10948373.0,0.08554905829386704
Dimenhydrinate/cinnarizine,0.045122855541827545,0.26,23497.0,0.08881984934246925
Dimethyl fumar,-0.08158073732447972,0.753,489.0,0.19427402862985685
Dimethyl sulfoxide,-0.11551738257208151,0.89,4.0,0.75
Dimeticone (Barrier),-0.11326386160321655,0.865,394919.0,0.12604863275760345
Dimeticone (Parasiticidal),0.2245248624257166,0.056,21149.0,0.1405740224124072
Dinoprostone,0.07480821999342573,0.184,10.0,0.5
Diosmin/hesperidin,0.0025951925153050695,0.402,4.0,0.75
Diphenhydramine hydrochloride,0.0641609153685461,0.203,151639.0,0.08768852340097205
Diphenhydramine hydrochloride/pholcodine,-0.1675989577180827,1.0,1.0,1.0
Diphtheria,-0.010410610880464846,0.473,1040383.0,0.06366693804108679
Dipipanone hydrochloride,0.07263691144262208,0.177,5531.0,0.1256553968540951
Dipyridamole,0.0359841628138849,0.298,721904.0,0.07118120968993107
Dipyridamole and aspirin,-0.09706939165378031,0.842,123.0,0.15447154471544716
Discharge Solidifying Agents,0.5996485813500105,0.003,150613.0,0.21854687178397614
Disodium edetate,-0.13926982816063446,0.946,35.0,0.8285714285714286
Disopyramide,0.0996984460518629,0.114,50119.0,0.07071170613938825
Disopyramide phosphate,0.09478757672939556,0.144,17015.0,0.06987951807228916
Distigmine bromide,-0.012688879976420037,0.447,237.0,0.4345991561181435
Disulfiram,0.10669527913355568,0.127,109958.0,0.13507884828752798
Dithranol,0.00991929381285929,0.377,5177.0,0.09580838323353294
Docusate sodium,0.1309563029128183,0.101,12503864.0,0.16421379823069093
Dolutegravir,-0.0533027027821057,0.642,218.0,0.24311926605504589
Dolutegravir/lamivudine,-0.10090868039141615,0.859,80.0,0.1375
Dolutegravir/rilpivirine,0.005877668133872604,0.383,24.0,0.625
Domperidone,0.05851324859222329,0.216,1296203.0,0.057050477432932956
Donepezil hydrochloride,0.13174456097334272,0.088,9998773.0,0.09618550196109063
Doravirine,-0.03681300204513768,0.604,64.0,0.90625
Doravirine/lamivudine/tenofovir disoproxil,-0.12169678749270876,0.928,3.0,1.0
Dornase alfa,-0.06751835980246129,0.724,23214.0,0.276341862669079
Dorzolamide,0.06265515379439751,0.203,2363623.0,0.05213860247594477
Dorzolamide and timolol,0.015533276121253709,0.349,4403130.0,0.055595678528683
Dosulepin hydrochloride,-0.016527485750042106,0.463,1746072.0,0.05870891921982599
Douches,-0.039307501814509496,0.577,30.0,0.4666666666666667
Doxazosin mesilate,0.10293304807704745,0.123,36003037.0,0.061732236644369755
Doxepin,-0.05744185163797218,0.665,85674.0,0.09596843849942806
Doxepin hydrochloride,-0.015603916995038583,0.535,17235.0,0.0838410211778358
Doxycycline hyclate,0.17474296929767566,0.056,19263428.0,0.06768738149824631
Doxycycline monohydrate,-0.015265105012173567,0.482,256175.0,0.07807163072118668
Doxylamine succinate/pyridoxine hydrochloride,-0.021907884950242536,0.53,157033.0,0.07934001133519707
Drainable Dribbling Appliances,-0.011783595814276578,0.416,32.0,0.46875
Dronabinol/cannabidiol,-0.08045067673173117,0.779,21992.0,0.184521644234267
Dronedarone hydrochloride,0.0014916666649902118,0.395,94348.0,0.22317378216814346
Drospirenone,0.07546169607776915,0.155,58290.0,0.07095556699262309
Drospirenone and Estetrol,-0.03356944882048803,0.576,2187.0,0.10150891632373114
Dry Mouth Products,0.03840043775774434,0.27,2422544.0,0.07430494554484872
Dulaglutide,-0.032691737219454974,0.586,4685955.0,0.05821524107679225
Duloxetine hydrochloride,0.19502064299662591,0.036,21663594.0,0.12551158408895588
Dutasteride,0.0025935689339216215,0.391,1405773.0,0.07013934682199757
Dydrogesterone,0.08438260949587821,0.16,838.0,0.09427207637231504
Econazole nitrate,0.06975262628676307,0.193,28373.0,0.05773094138793924
Edoxaban,0.08010754868563015,0.142,17819290.0,0.07224844536454594
Efavirenz,-0.08559687450401257,0.776,28.0,0.2857142857142857
Efavirenz/emtricitabine/tenofovir disoproxil,0.02954479948124253,0.284,33.0,0.2727272727272727
Eflornithine monohydrate chloride,0.18546407519642483,0.009,131791.0,0.08507409458916011
Elafibranor,0.10995544147510979,0.12,1.0,1.0
Elastic Hosiery,0.015876827858716,0.363,2188458.0,0.1401141808524541
Elbasvir/grazoprevir,-0.16105846927357076,0.975,59.0,0.6949152542372882
Eletriptan,-0.07141185850892709,0.721,100900.0,0.1261149653121903
Eltrombopag,0.1327928546186757,0.114,506.0,0.23122529644268774
Eluxadoline,-0.020472229942881663,0.491,8.0,0.375
Emedastine,0.11604838418095748,0.081,1.0,1.0
Emollient bath and shower preparations,0.10611814306819382,0.132,2483051.0,0.09231586463588545
Emollients,0.34487754643917906,0.006,48809438.0,0.07450288610165927
Empagliflozin,0.1891952168127135,0.042,17043240.0,0.0724993017759534
Empagliflozin/linagliptin,0.12486103744146332,0.107,35670.0,0.15021026072329688
Empagliflozin/metformin,0.1294049004920447,0.112,587537.0,0.1268754138037264
Emtricitabine,0.10518254641648062,0.114,23.0,0.9130434782608695
Emtricitabine and tenofovir alafenamide,0.0011980353574762863,0.419,342.0,0.18421052631578946
Emtricitabine and tenofovir disoproxil,0.012774243397793844,0.363,447.0,0.32662192393736017
Emulsifying wax,0.16596396264971625,0.083,131546.0,0.11967676706247245
Enalapril maleate,-0.06543704859770112,0.742,6241548.0,0.06332002894153822
Enalapril maleate with diuretic,0.17920278671694317,0.06,43552.0,0.06817138133725202
Enoxaparin,0.11204915894498324,0.103,646001.0,0.08370420479225264
Enoximone,-0.09971674370788976,0.802,2.0,0.5
Entacapone,0.03262297440231598,0.316,210615.0,0.05026232699475346
Entecavir,0.030441589566340396,0.295,11991.0,0.40113418397131184
Enteral nutrition,0.09287884802429633,0.144,8461982.0,0.07827019721857126
Enzalutamide,0.022920588316985763,0.316,331.0,0.11782477341389729
Ephedrine hydrochloride,0.006592982053014405,0.388,16056.0,0.06645490782262083
Epinastine hydrochloride,-0.09359784938012893,0.816,8201.0,0.07742958175832215
Eplerenone,0.10780948512354122,0.125,7265352.0,0.08356181503662864
Epoetin alfa,-0.09129063772700519,0.773,4093.0,0.26704129000732957
Epoetin beta,0.05505469382255193,0.221,3476.0,0.2997698504027618
Epoetin zeta,-0.1640263859569335,0.958,395.0,0.29873417721518986
Eprosartan,-0.12485793797813911,0.908,159721.0,0.09495933534100087
Erdosteine,-0.057301925304103454,0.638,41551.0,0.1650501792977305
Erectile Dysfunction Devices,0.14600507463130333,0.087,49761.0,0.22825103997106166
Erenumab,-0.08975070522142829,0.779,53.0,0.7924528301886793
Erenumab (old),-0.09881060476102582,0.801,16.0,0.375
Ergocalciferol,0.08359334909029484,0.189,290169.0,0.07526303636846114
Ergometrine maleate,0.11604838418095614,0.081,7.0,1.0
Ergotamine tartrate,0.05052588703069507,0.223,115.0,0.16521739130434782
Erlotinib,-0.08098864910217428,0.714,3.0,0.3333333333333333
Ertapenem sodium,-0.07444849267759521,0.726,474.0,0.6033755274261603
Ertugliflozin,0.020545686707982617,0.336,60701.0,0.10928979753216586
Erythromycin,0.02371981758783543,0.327,2345522.0,0.061620398359085955
Erythromycin ethylsuccinate,0.04099139340641716,0.281,905631.0,0.060325894321197046
Erythromycin lactobionate,0.13601948443591222,0.093,2.0,0.5
Erythromycin stearate,0.18228771026633916,0.063,47517.0,0.07127975250962813
Escitalopram,0.0024647157999027345,0.411,9028413.0,0.06263913713296014
Eslicarbazepine acetate,0.07345161186919928,0.206,183031.0,0.17773491922133408
Esomeprazole,0.09833138236102629,0.12,13478988.0,0.07411899172252398
Estradiol,0.2100774655055498,0.029,30127113.0,0.06561295800231506
Estradiol and estriol with progestogen,-0.010638149905397866,0.456,22545.0,0.08263473053892216
Estradiol and nomegestrol,0.09138714869073541,0.175,25225.0,0.06596630327056492
Estradiol valandestradiol valerate with dienogest,0.13493362463180225,0.102,32908.0,0.06205178072201289
Estradiol valerate,0.029305679536691092,0.31,549149.0,0.058714483682934866
Estradiol with progestogen,0.25025357982347474,0.017,10650657.0,0.06701868250944519
"Estradiol, estriol and estrone",-0.14257160598358476,0.951,21.0,0.9523809523809523
Estriol,0.2156300762958608,0.021,6061247.0,0.05972929332858404
Eszopiclone,-0.06732614260403381,0.703,113.0,0.12389380530973451
Etamsylate,-0.17814854404835326,0.987,6.0,0.3333333333333333
Etanercept,-0.0536540306395977,0.663,302.0,0.45695364238410596
Ethambutol hydrochloride,0.0540610471160149,0.239,12402.0,0.13602644734720207
Ethinylestradiol,0.06017390940998471,0.235,356.0,0.19382022471910113
Ethosuximide,-0.04427372067294885,0.606,223564.0,0.06242507738276288
Etidronate disodium,-0.17009675304743285,0.985,5.0,0.8
Etilefrine hydrochloride,0.11982259626606659,0.131,101.0,0.3069306930693069
Etodolac,0.283192839672354,0.027,382640.0,0.16642013380723394
Etomidate,-0.02878666200605162,0.47,1.0,1.0
Etonogestrel,0.07685486541051118,0.177,532032.0,0.07148066281727415
Etonogestrel/ethinylestradiol,0.1462641284417885,0.095,76759.0,0.11820112299534907
Etoposide,-0.0844019935808653,0.757,4.0,0.75
Etoricoxib,-0.012910605276881048,0.499,2443283.0,0.07868920628514994
Etravirine,-0.03327544144148327,0.537,1.0,1.0
Etynodiol diacetate,-0.16759895771808392,1.0,11.0,1.0
Everolimus,-0.03855938714640158,0.576,60.0,0.4
Evolocumab,0.08711884412004389,0.167,8031.0,0.6555846096376541
Exemestane,0.05399575077731643,0.27,823311.0,0.06128911189088935
Exenatide,0.06259500662439227,0.217,255161.0,0.0681961585038466
Eye Products,0.19019365070918873,0.05,40194910.0,0.06850690796421736
Ezetimibe,0.14830766792947445,0.065,17739615.0,0.08679275170289773
Faecal Collectors,0.6675136473538309,0.002,16156.0,0.3982421391433523
Famciclovir,0.04850985093064527,0.229,31541.0,0.06851399765384737
Famotidine,0.06352947205244834,0.218,12146908.0,0.06526615662191564
Fampridine,-0.16191900863462877,0.977,113.0,0.5132743362831859
Febuxostat,-0.05402850351238269,0.64,986747.0,0.08562073155530242
Felbamate,-0.07294441112262819,0.677,279.0,0.24372759856630824
Felbinac,0.09496868303594216,0.14,1128.0,0.10549645390070922
Felodipine,0.03419625497426201,0.334,19407145.0,0.10591099309043138
Fenofibrate,-0.045555306274143316,0.705,2956899.0,0.07928914717749913
Fenofibrate/simvastatin,0.0987579680803779,0.161,92.0,0.15217391304347827
Fenoterol hydrobromide,-0.10319561109481407,0.846,1.0,1.0
Fentanyl,0.08614034798455898,0.133,3753858.0,0.07247690242944725
Fentanyl citrate,0.008131891139378511,0.373,5779.0,0.33189133068004845
Fenticonazole nitrate,-0.13273229496717415,0.901,4.0,0.25
Ferric maltol,0.07641614962022003,0.2,96133.0,0.16746590660855273
Ferrous calcium citrate,-0.034676854683753915,0.605,1.0,1.0
Ferrous fumarate,0.14370786574053332,0.077,25064117.0,0.07725342967398373
Ferrous gluconate,0.04080961428684624,0.278,1387917.0,0.08817674255737194
Ferrous sulfate,0.06298056068561954,0.206,17051269.0,0.07912695530168458
Fesoterodine fumarate,0.20906294484031074,0.023,952091.0,0.09028233645733444
Fexofenadine hydrochloride,0.1198285043847841,0.113,28214417.0,0.06756712357373891
Fezolinetant,0.024092747354970148,0.343,2671.0,0.08798202920254586
Fidaxomicin,0.07715626906646023,0.187,5050.0,0.09207920792079208
Filgotinib,-0.02433549019984031,0.481,19.0,0.3157894736842105
Filgrastim,-0.11882772500791997,0.874,832.0,0.14182692307692307
Filters/Bridges,0.6145413918501129,0.004,16411.0,0.2218633843153982
Finasteride,0.15399195878961278,0.081,21154075.0,0.07029175229831605
Finerenone,0.1410448821753997,0.084,50117.0,0.09467845242133408
Fingolimod,-0.10260440194353031,0.811,91.0,0.21978021978021978
Flanges,0.12295079344891757,0.103,1077.0,0.42896935933147634
Flavoxate hydrochloride,0.11078467672839293,0.121,54801.0,0.17886534917246036
Flecainide acetate,0.05370977279066306,0.252,2298256.0,0.053202950411094324
Flubiprofen,0.04391778258565582,0.238,3039.0,0.08127673576834485
Flucloxacillin magnesium,-0.13331260727166946,0.928,27.0,0.25925925925925924
Flucloxacillin sodium,0.02810926315040207,0.313,19360736.0,0.06205983078329254
Fluconazole,0.13307508977300914,0.109,2778614.0,0.06191360152939559
Fludarabine phosphate,-0.05052201100938896,0.602,7.0,0.2857142857142857
Fludrocortisone acetate,0.09619351732602892,0.156,3186015.0,0.06892246270026978
Fludroxycortide,0.08642199641687857,0.142,274796.0,0.06638015109390238
Flumazenil,-0.05753495446884749,0.649,5.0,0.4
Flumetasone pivalate,-0.024170855230204246,0.517,66236.0,0.14661211425810738
Flunarizine dihydrochloride,-0.17474796380844645,0.993,8084.0,0.10625927758535378
Flunisolide,-0.12391616785218822,0.888,14.0,0.8571428571428571
Fluocinolone acetonide,0.0743162352738485,0.178,343746.0,0.07938710559541057
Fluocinonide,-0.015635159255867205,0.471,36318.0,0.12905446335150614
Fluocortolone,-0.08205699725053704,0.785,1494.0,0.12115127175368139
Fluorescein sodium,0.10593068015836,0.13,1917.0,0.13719353155972874
Fluorometholone,0.07348961984075865,0.194,388104.0,0.057621153092985385
Fluorouracil (Antimetabolites),0.20589378360062155,0.041,50862.0,0.08108214384019503
Fluorouracil (Sunscreen),0.12597871439902303,0.047,1153585.0,0.06075755145914692
Fluoxetine hydrochloride,0.2513717084872835,0.028,37050811.0,0.10148263691178042
Flupentixol decanoate,0.24643054215320737,0.007,184989.0,0.10602252025796129
Flupentixol hydrochloride,-0.1064801082794514,0.846,827373.0,0.0808027334708771
Fluphenazine decanoate,0.05495455382598799,0.221,468.0,0.18162393162393162
Fluphenazine hydrochloride,-0.06967043922836749,0.678,418.0,0.20334928229665072
Flurazepam hydrochloride,-0.07407423709138014,0.703,13.0,0.23076923076923078
Flurbiprofen,0.07730800101846613,0.167,10567.0,0.09501277562222012
Flurbiprofen sodium,-0.11804050225221312,0.873,564.0,0.14361702127659576
Flutamide,0.06548243203522656,0.214,1225.0,0.2253061224489796
Fluticasone furoate,0.11459962186404386,0.144,7655175.0,0.08293553053979824
Fluticasone furoate (Inhalation),0.1082221528668479,0.126,5833926.0,0.10632428316711594
Fluticasone furoate/vilanterol,0.07117626933894217,0.219,3008124.0,0.11302725552537063
Fluticasone propionate (Inhalation),-0.08164380746139831,0.797,15800100.0,0.06442142771248283
Fluticasone propionate (Nasal),-0.02570345552691302,0.518,4850193.0,0.06461598538449913
Fluticasone propionate (Topical),0.02113666055373949,0.34,17452.0,0.18616777446710978
Fluticasone propionate/azelastine hydrochloride (Nasal),0.15917281058992042,0.024,3117019.0,0.09057853032015525
Fluticasone/umeclidinium/vilanterol,0.22376154735135612,0.029,3118708.0,0.09220132182942424
Fluvastatin sodium,-0.02679700774102339,0.572,443348.0,0.06470763373241788
Fluvoxamine maleate,-0.035417735954744914,0.634,113348.0,0.07289938949077178
Foam,-0.04514685882889225,0.572,51.0,0.35294117647058826
Folic acid,0.10072143207428344,0.147,46156136.0,0.06826626474971821
Follitropin alfa,0.07769927628533377,0.18,77.0,0.3116883116883117
Follitropin alfa and lutropin alfa,0.09582625144611338,0.172,5.0,0.4
Fondaparinux sodium,0.13423806894988957,0.104,5921.0,0.17834825198446208
Food replacer discontinued or OTC cakes (0913451),0.017134362346088176,0.378,1.0,1.0
Food replacer discontinued or OTC egg replacer (0913451),0.13875412570851814,0.133,60.0,0.38333333333333336
Food replacer discontinued or OTC meat/fish (0913451),-0.08091418767543061,0.742,38.0,0.39473684210526316
Food replacer discontinued or OTC milk (0913451),-0.01864246746839239,0.478,39.0,0.28205128205128205
Food replacer discontinued or OTC pasta (0913451),-0.1515470174425291,0.98,6.0,0.8333333333333334
Food replacer discontinued or OTC pizza bases (0913451),0.05750161589483296,0.262,13.0,0.46153846153846156
Food replacer discontinued or OTC rolls/baguettes (0913451),-0.16923582182735822,0.972,22.0,0.22727272727272727
Food replacer discontinued or OTC savoury biscuits (0913451),-0.15545542571986512,0.978,102.0,0.803921568627451
Food replacer discontinued or OTC spreads (0913451),-0.14126802107422515,0.959,28.0,0.8928571428571429
Formaldehyde,0.0946961823900088,0.174,575.0,0.10260869565217391
Formoterol fumarate,0.10769443751634572,0.124,351966.0,0.07946506196621264
Formoterol/glycopyrronium/budesonide,0.05160750290286538,0.187,756242.0,0.13937734217353703
Fosamprenavir calcium,-0.012703303169689,0.384,1.0,1.0
Fosfomycin calcium,0.16956501316610517,0.084,94.0,0.2553191489361702
Fosfomycin trometamol,-0.08300215952514724,0.78,749335.0,0.0926808436813975
Fosinopril sodium,0.027854499896433627,0.328,10050.0,0.10587064676616915
Fosphenytoin sodium,0.21008780061770735,0.071,7.0,0.2857142857142857
Freeze sprays and gels,0.06242082893560171,0.232,1041.0,0.2747358309317964
Fremanezumab,-0.1695091529431649,0.969,65.0,0.36923076923076925
Frovatriptan,-0.1354832666480853,0.92,300363.0,0.08534673045614806
Fructose,-0.047155826603166945,0.599,27.0,0.7777777777777778
Fulvestrant,0.01568108181150792,0.371,1687.0,0.8636633076467102
Fumaric acid,-0.1675989577180827,1.0,1.0,1.0
Furosemide,0.06418669320523607,0.201,55797139.0,0.09362877906696973
Fusidic acid,0.2373429799996535,0.008,5237474.0,0.06099982548839383
Gabapentin,0.07678578287280877,0.201,37013256.0,0.09182377794593374
Gabapentin (Neuropathic Pain),-0.05462707180095744,0.627,458.0,0.3056768558951965
Galantamine,-0.07392201321659023,0.796,619769.0,0.11547366841516758
Galcanezumab,-0.02461068638194553,0.477,115.0,0.5565217391304348
Gamolenic acid,0.19054288933000996,0.052,27464.0,0.11385814156714244
Ganciclovir,0.021255715848237208,0.334,80526.0,0.08371209298859995
Gauzes & Gauze Tissue,-0.01962530887986421,0.5,416443.0,0.2661372624825006
Gel OTC glucose for diabetic hypo treatment (0913541),-0.1154033927173207,0.884,48774.0,0.11540984950998483
Gelatin,-0.044165515117918636,0.651,19.0,0.9473684210526315
Gemfibrozil,-0.01797409191783527,0.497,31157.0,0.06483294283788554
Generic Orgran GF pasta rice & corn veg animal shapes,-0.03327544144148327,0.537,2.0,1.0
Gentamicin sulfate,0.09851415215950625,0.132,165954.0,0.12959012738469697
Glatiramer acetate,-0.17563144636134664,0.997,157.0,0.7961783439490446
Glecaprevir/pibrentasvir,0.0747283186748661,0.178,14.0,0.5714285714285714
Glibenclamide,0.14055318053245291,0.109,586.0,0.17747440273037543
Gliclazide,0.13784277663803327,0.091,30173184.0,0.06976562367431956
Glimepiride,-0.025453685779852145,0.529,2413203.0,0.322921859454012
Glipizide,0.20830551539888342,0.051,55255.0,0.11361867704280156
Glten free /wheat/free /low/protein cooking aids,0.19207079033347532,0.082,31.0,0.5161290322580645
Glucagon,0.017508391434843378,0.376,434516.0,0.08002467112833589
Glucosamine hydrochloride (Rheumatic),0.2487575396448467,0.04,528.0,0.5643939393939394
Glucosamine sulfate (Rheumatic),-0.013762658799812066,0.452,10.0,0.8
Glucose,0.11022155017922487,0.129,1746906.0,0.09440290433486404
Glucose and ketone blood testing reagents,-0.03414663175121186,0.515,184.0,0.22282608695652173
Glucose blood testing reagents,0.20155759656088681,0.045,29536502.0,0.06652172284991635
Glucose/glycerol,-0.07689701331577335,0.701,15.0,0.6
Glutaraldehyde,-0.06427286880467839,0.712,1659.0,0.06570223025919228
Gluten free bread,0.05248959642958798,0.162,163336.0,0.09170054366459324
Gluten free breads,0.05962876825567134,0.157,312802.0,0.0921093854898626
Gluten free mixes,0.04084062850746285,0.244,175681.0,0.08932098519475641
Gluten free pasta,-0.0659234059500037,0.69,26.0,0.34615384615384615
Gluten free pastas,-0.05854926788527263,0.675,47.0,0.23404255319148937
Gluten free/low protein biscuits,-0.13358423346030054,0.942,13752.0,0.6631762652705061
Gluten free/low protein bread,-0.1365819589064043,0.945,28496.0,0.6067869174620999
Gluten free/low protein cereals,-0.13008433149356483,0.945,3921.0,0.6164243815353226
Gluten free/low protein cooking aids,-0.16759895771808425,1.0,3.0,1.0
Gluten free/low protein drink,-0.13492495031988924,0.952,953.0,0.7103882476390346
Gluten free/low protein grains/flours,-0.1309351953732292,0.941,6147.0,0.642915243208069
Gluten free/low protein mixes,-0.14141412206813675,0.963,5987.0,0.6006347085351595
Gluten free/low protein pasta,-0.13065939737286011,0.943,21696.0,0.6025995575221239
Gluten free/wheat free biscuits,-0.12520734572471384,0.889,31.0,0.3548387096774194
Gluten free/wheat free cereals,0.041455965773339966,0.273,33.0,0.2727272727272727
Gluten free/wheat free grains/flours,0.04807542191202638,0.24,2089.0,0.13403542364767831
Glyc Pdr disc or non-ACBS carbohyd SfI metabol cond (091344),0.024347632436894008,0.312,17.0,0.47058823529411764
Glycerol,0.16041923439630232,0.038,1222127.0,0.057971061927279244
Glycerol phenylbutyrate,0.010242460350180688,0.37,30.0,0.3333333333333333
Glyceryl trinitrate,0.039873508800589465,0.249,8629820.0,0.07497398555242171
Glycopyrronium bromide,0.1067304808698632,0.126,1914148.0,0.15481404781657426
Glycopyrronium/formoterol,0.10154227356849448,0.133,319091.0,0.08400424957143887
Golimumab,-0.008163581134696871,0.427,49.0,0.3673469387755102
Gonadorelin,-0.09505600098949901,0.791,63.0,0.3492063492063492
Goserelin acetate,-0.013258796098144896,0.489,1197175.0,0.06258399983294005
Granisetron,0.052529028927523626,0.236,2636.0,0.15136570561456753
Granisetron hydrochloride,-0.07581277722085028,0.729,1754.0,0.1676168757126568
Gripe mixtures,-0.04524286544181528,0.574,36.0,0.7222222222222222
Griseofulvin,0.19128945143854376,0.072,10210.0,0.10205680705190989
Guaifenesin,0.15270719785040943,0.096,6834.0,0.13886450102429032
Guanfacine,-0.003345178014352897,0.445,449594.0,0.07336396838036095
Guanfacine hydrochloride,0.044337946869224265,0.25,576.0,0.1875
Guselkumab,0.19747658468103868,0.069,1.0,1.0
Haem arginate,0.0004019527145498928,0.363,3.0,0.6666666666666666
Haemophilus influenzae B/meningococcal C,0.5025871821172947,0.011,1634.0,0.10526315789473684
Halogenated phenols with phenol,-0.07202895401893122,0.721,707.0,0.18104667609618105
Haloperidol,0.10848911832827748,0.131,1587025.0,0.0769282147414187
Haloperidol decanoate,0.08975789456847395,0.15,37703.0,0.12524202318117922
Hamamalis,-0.003256517507219021,0.484,7820.0,0.10166240409207161
Hamamelis,0.1093745613188822,0.107,3478.0,0.19062679700977572
Helicobacter pylori eradication therapy,0.06044945565523437,0.212,1626.0,0.1998769987699877
Heparin calcium,0.04176122737947559,0.259,141.0,0.2127659574468085
Heparin flushes,-0.09091443213303707,0.835,27268.0,0.19407363943083467
Heparin sodium,-0.09735438583847919,0.861,738.0,0.11788617886178862
Heparinoid,0.20592950489473713,0.037,1120712.0,0.07126273297689326
Hepatitis A,0.11730021152944707,0.096,1408357.0,0.0647392671034404
Hepatitis A/hepatitis B,0.029745390377179923,0.336,102778.0,0.08772305357177607
Hepatitis A/typhoid vaccine,0.04282966807245979,0.256,72418.0,0.08254853765638377
Hepatitis B,0.17383099080536912,0.05,237684.0,0.06700493091667929
Hepatitis B immunoglobulin,-0.02878666200605162,0.47,1.0,1.0
Hernia Support Garments,-0.029376143064064063,0.536,2683.0,0.060752888557584796
Hexetidine,0.16736234175092427,0.069,5861.0,0.08377409998293807
Hexylresorcinol,0.07748151566913095,0.174,77.0,0.2597402597402597
Hexylresorcinol and benzalkonium chloride,-0.03232600950040187,0.5,1.0,1.0
Homatropine hydrobromide,-0.08474719610525545,0.778,3.0,0.6666666666666666
House dust mites allergen extract,0.22667724651350427,0.059,1670.0,0.21377245508982035
"Human papillomavirus (Type 16,18)",-0.0606268322851166,0.671,6.0,0.5
"Human papillomavirus (Type 6,11,16,18)",-0.03606838092180416,0.569,581.0,0.11359724612736662
"Humpapvirus(Type 6,11,16,18,31,33,45,52,58)",0.20313877611229444,0.053,1599.0,0.15322076297686055
Hyaluronic acid sodium,-0.03232600950040187,0.5,1.0,1.0
Hyaluronidase,-0.051726194974279785,0.625,44.0,0.25
Hydralazine hydrochloride,-0.00035728203339648073,0.415,1039477.0,0.08196814359528878
Hydrochlorothiazide,0.2383609844520839,0.001,8514.0,0.07199906037115339
Hydrocort sodiumphos,0.011631197215895431,0.373,116629.0,0.08619640055217827
Hydrocortisone,0.22047943202656117,0.037,23599874.0,0.06555149404611228
Hydrocortisone (Sodium succinate),0.027186376166872327,0.289,83053.0,0.05501306394711811
Hydrocortisone acetate,0.21718232536671045,0.021,2563716.0,0.06689937574988805
Hydrocortisone butyrate,0.5467325751837646,0.021,133582.0,0.08904642841101346
Hydrocortisone sodium phosphate,0.08779976830312297,0.146,66084.0,0.07476847648447431
Hydrocortisone sodium succinate,0.035901599625663534,0.294,58019.0,0.09084954928557887
Hydrogen peroxide,0.19779483060599298,0.054,130250.0,0.1118464491362764
Hydromorphone hydrochloride,0.013833289468584926,0.357,27460.0,0.2484340859431901
Hydroxocobalamin,0.13948928211364373,0.07,14571136.0,0.08045096827042174
Hydroxycarbamide,0.16864950685464583,0.05,472591.0,0.07568277855481802
Hydroxychloroquine sulfate,0.07718470909506857,0.233,6262695.0,0.07061368947394053
Hydroxyzine hydrochloride,-0.043909070991408644,0.637,1778526.0,0.10135415506998492
Hyetellose,0.0467959609258155,0.268,102352.0,0.14794044083163982
Hyoscine,0.08516407321894981,0.109,401057.0,0.06309826284044413
Hyoscine butylbromide,0.22452768367342912,0.005,8404337.0,0.0961258455009598
Hyoscine hydrobromide,0.025068237929868342,0.322,813117.0,0.07118532757278473
Hypromellose,0.11601328973493831,0.104,3196979.0,0.07585160865929992
INR blood testing reagents,0.06032713648045819,0.231,150002.0,0.05341262116505113
Ibandronic acid,0.10456899255025719,0.117,853502.0,0.08738585264006411
Ibrutinib,-0.12216920781139466,0.869,20.0,0.2
Ibuprofen,0.2019547337551973,0.038,23274038.0,0.06817471897227288
Ibuprofen lysine,-0.05106861521365617,0.616,8902.0,0.2562345540328016
Ibuprofen sodium dihydrate,-0.0006381756845426487,0.39,289.0,0.2491349480968858
Ichthammol,-0.026401884305447834,0.503,265.0,0.2037735849056604
Icosapent,-0.08622588223842796,0.767,78797.0,0.262674974935594
Idebenone,-0.07650665828494689,0.724,88.0,0.5795454545454546
Ileostomy Bags,0.6577279423617567,0.004,3851178.0,0.3336051982016931
Iloprost,-0.01360830880940402,0.459,22.0,0.2727272727272727
Imatinib mesilate,-0.1492930794227171,0.94,323.0,0.34055727554179566
Imidapril hydrochloride,0.027010570828463396,0.308,21256.0,0.2237015430937147
Imipramine hydrochloride,0.06822694308523095,0.187,547555.0,0.07124398462254933
Imiquimod,-0.004735386059048802,0.46,147383.0,0.07779730362389149
Inclisiran,-0.0652320345891249,0.72,112599.0,0.11754988943063438
Incontinence Belts,0.005561350536819128,0.374,54.0,0.2222222222222222
Incontinence Sheath Fixing Strips & Adh,0.40848621798087525,0.027,95822.0,0.3075389785226775
Incontinence Sheaths,0.6581595770932627,0.001,757257.0,0.22619665450434925
Indacaterol maleate,0.03009762131594142,0.302,40378.0,0.11050572093714399
Indacaterol/glycopyrronium,0.08856823954969735,0.163,1102593.0,0.20494960515802296
Indacaterol/mometasone,0.17702410071561855,0.078,3418.0,0.27794031597425395
Indapamide,0.12731806958726127,0.099,28014047.0,0.07982606011905384
Indometacin,-0.02435015471186151,0.54,445682.0,0.08697681306402323
Indoramin,0.09603471040895084,0.145,121168.0,0.07551498745543378
Indwelling Pleural Cath Drain System,0.12411340581044585,0.093,52660.0,0.09447398404861375
Infliximab,-0.01709766354847326,0.472,13.0,0.23076923076923078
Influenza,0.17733591384010347,0.027,56484301.0,0.0606699727062215
Ingenol mebutate,-0.021564503099842435,0.499,35.0,0.2857142857142857
Inhalation Solutions,0.022696829796167554,0.342,446355.0,0.13927255211658882
Inosine pranobex,0.011763478116916134,0.387,954.0,0.2945492662473795
Ins degludec/liraglutide,0.033501572928114697,0.296,92010.0,0.13495272253015977
Insert For Female Stress Incont,0.11060292363868651,0.128,39303.0,0.3287280869144849
Insulin Lispro,-0.04225897745018159,0.671,2330250.0,0.09040875442549083
Insulin aspart,0.034563197242959136,0.29,11991653.0,0.06372307470871613
Insulin degludec,-0.1291325817380475,0.928,3322922.0,0.06317000519422364
Insulin detemir,-0.014026430992244137,0.521,2603697.0,0.054371149945634994
Insulin glargine,0.10821709332018882,0.121,9045376.0,0.058373582259045945
Insulin glargine/lixisenatide,-0.08047301863118538,0.717,4385.0,0.1831242873432155
Insulin glulisine,0.05235235977413116,0.246,432067.0,0.10605993977785853
Insulin human,0.0898457704519083,0.178,743.0,0.2072678331090175
Interferon alpha,0.05425918236530437,0.217,2.0,0.5
Interferon beta,-0.1736618930843077,0.976,717.0,0.6834030683403068
Intravenous nutrition supplements,-0.04012407066312438,0.597,7.0,0.7142857142857143
Iodine,-0.02194208317190451,0.508,24.0,0.16666666666666666
Iodine compounds,0.026986245842031614,0.32,11455.0,0.13566128328240942
Ipratropium bromide,0.10306394253126303,0.141,1555474.0,0.06524120621752598
Irbesartan,0.05748541152025541,0.202,8119623.0,0.1035876912019191
Irbesartan with diuretic,0.1536911522557418,0.07,234504.0,0.09448026472895985
Iron and folic acid,0.07000983363460829,0.2,54744.0,0.09496931170539237
Iron carboxymaltose,-0.028005637875316174,0.514,39.0,0.1282051282051282
Iron dextran,-0.0607818529479308,0.648,1802.0,0.1970033296337403
Iron sucrose,-0.15928525579532068,0.985,129.0,0.4573643410852713
Irrigation Solutions,0.04887936663684699,0.256,2129734.0,0.21118834558681976
Irrigation Washout Appliances,0.6611625810849057,0.002,191657.0,0.25825302493517066
Isavuconazole,-0.006610277110074475,0.424,86.0,0.08139534883720931
Isocarboxazid,0.019026022845289255,0.331,7239.0,0.16107197126674955
Isometheptene mucate,0.09101129735684071,0.137,2888.0,0.12326869806094183
Isoniazid,0.11095031514354586,0.116,21401.0,0.3183028830428485
Isophane insulin,-0.07662246934031841,0.77,3389573.0,0.07673945951304191
Isoprenaline hydrochloride,0.01778147189267035,0.369,1.0,1.0
Isopropyl alcohol,-0.04162751194577449,0.576,197.0,0.14213197969543148
Isosorbide dinitrate,0.1345990555256033,0.101,269314.0,0.0931774805617235
Isosorbide mononitrate,-0.011464118680132472,0.449,22394626.0,0.09271219800678966
Isotretinoin,0.003661222455543016,0.412,345414.0,0.1209360361768776
Ispaghula husk,0.0017643122908915895,0.432,4855671.0,0.06174862341373623
Isradipine,-0.02878666200605162,0.47,1.0,1.0
Itraconazole,0.05146180310569798,0.254,421425.0,0.06831583318502699
Ivabradine,0.1938847164999456,0.044,2863356.0,0.10751125602265314
Ivacaftor,-0.16039668684246766,0.969,37.0,0.5675675675675675
Ivermectin,0.06836666295882325,0.212,671125.0,0.07651629726205997
Ixekizumab,0.0008680940109356252,0.417,6.0,0.6666666666666666
"Japanese encephalitis vaccine (Inactivated,adsorbed)",0.015247684700381669,0.353,109.0,0.21100917431192662
Jaw Rehabilitation Device,0.09066542620566083,0.15,5405.0,0.15948196114708604
Kaolin heavy,-0.012127783427714792,0.425,2.0,0.5
Kaolin light,0.020001193032336634,0.336,3.0,0.3333333333333333
Ketamine,0.02814459345136416,0.313,1114.0,0.4111310592459605
Ketamine hydrochloride,0.03684588609858929,0.245,5106.0,0.30043086564825694
Ketoconazole,0.2507171328028322,0.044,3604004.0,0.07332039587081479
Ketone blood testing reagents,0.22303274762371234,0.03,1976206.0,0.07629670186205284
Ketoprofen,0.4979638681567072,0.012,754055.0,0.11625544555768479
Ketorolac trometamol,0.032959783272628905,0.284,260428.0,0.06357227333466448
Ketotifen fumarate,0.1416199429737662,0.065,212881.0,0.07308778143657724
L-Alanyl-l-gutamine,0.04483983528303464,0.263,1.0,1.0
L-Ornithine-L-Aspartate,-0.06075837163378187,0.652,111.0,0.36036036036036034
Labetalol hydrochloride,0.22971965419688936,0.03,647026.0,0.07478061159829744
Lacidipine,0.04156666058891105,0.258,2968673.0,0.09127243047651257
Lacosamide,0.12559011852585475,0.107,1296610.0,0.06590108050994517
Lactic acid,-0.046430597826395234,0.583,75.0,0.6533333333333333
Lactulose,0.21422687887465422,0.033,12588221.0,0.07073541209675299
Lamivudine,0.06382746689989839,0.209,12174.0,0.15812387054378182
Lamivudine and zidovudine,-0.11760858008174092,0.899,14.0,0.5714285714285714
Lamivudine/tenofovir disoproxil/doravirine,-0.07321584662901685,0.701,14.0,0.2857142857142857
Lamotrigine,0.061023618411997424,0.249,19118389.0,0.08636135607451026
Lanreotide,0.15484909906947417,0.065,17183.0,0.1150555781877437
Lansoprazole,0.22156964293790374,0.012,171652806.0,0.10582410753017343
Lanthanum carbonate,0.26326204336174397,0.033,48749.0,0.1731727830314468
Latanoprost,-0.014729718195647473,0.493,15576773.0,0.05495528502598067
Latanoprost and Netarsudil,-0.07482118672370376,0.814,27524.0,0.0906118296759192
Latanoprost and timolol,-0.05356032414612401,0.653,2109326.0,0.07528565996910862
Leakage Notification System,0.6524907918018517,0.002,4520.0,0.7013274336283186
Ledipasvir/sofosbuvir,0.012884315974366985,0.352,3.0,0.3333333333333333
Leflunomide,0.08672860067450627,0.115,966520.0,0.06611658320572776
Leg Bags,0.6552088103499366,0.001,3689578.0,0.20153632746075567
Leg Ulcer Wrap,-0.05545941989002351,0.64,7.0,0.2857142857142857
Lenalidomide,-0.1161675080512602,0.863,19.0,0.21052631578947367
Lenograstim,-0.1002134039241792,0.806,144.0,0.20833333333333334
Lenvatinib,0.10995544147510979,0.12,1.0,1.0
Lercanidipine hydrochloride,0.020755322702076168,0.338,18265610.0,0.10398513928634193
Letermovir,0.28542305592642186,0.035,25.0,0.24
Letrozole,0.033898898944468195,0.34,5683930.0,0.09410830182637717
Leuprorelin acetate,-0.07230691812893586,0.786,1177129.0,0.06699520613288773
Levamisole hydrochloride,-0.07913218713191492,0.768,540.0,0.29814814814814816
Levetiracetam,0.0870073443501735,0.161,14962765.0,0.07019691881814624
Levobunolol hydrochloride,-0.11103041200674958,0.892,34291.0,0.08369543028783062
Levobupivacaine hydrochloride,-0.0444635263421539,0.655,627.0,0.7655502392344498
Levocarnitine,-0.043830567242189006,0.641,11564.0,0.06044621238325839
Levocetirizine,0.03979366410475936,0.285,294861.0,0.11328727773425444
Levodopa,-0.0322148573636031,0.517,3.0,0.3333333333333333
Levodopa/carbidopa/entacapone,-0.04789759076096125,0.629,581865.0,0.07000764782208932
Levofloxacin,0.04655077526580712,0.249,223296.0,0.05747080108913729
Levomepromazine hydrochloride,0.10822685627635142,0.101,619859.0,0.0703805220219437
Levomepromazine maleate,-0.047032038101915336,0.676,164693.0,0.10240872411092153
Levonorgestrel,-0.00037492253713558414,0.433,1098443.0,0.05695971479630714
Levothyroxine sodium,0.054624651678218325,0.246,169923845.0,0.07220933589397062
Levothyroxine sodium and liothyronine,-0.05011824671622306,0.663,12627.0,0.07642353686544706
Lidocaine,0.04813389756622848,0.259,398501.0,0.056679907955061594
Lidocaine hydrochloride,0.20548045452977023,0.012,5959960.0,0.07116742394244256
Lidocaine/cetylpyridinium,0.16698872091718625,0.073,3.0,0.6666666666666666
Lidocaine/prilocaine (Premature Ejaculation),0.024183480560912164,0.312,93.0,0.6451612903225806
Light liquid paraffin,0.2396998345173274,0.042,1364022.0,0.09154691053370106
Linaclotide,-0.061262408705347354,0.744,360686.0,0.11071957325762574
Linagliptin,0.2512855858798364,0.035,13029084.0,0.07791929194715454
Linagliptin/metformin,0.26138274175325793,0.038,284828.0,0.25510834608956984
Linezolid,-0.05675978145490983,0.679,8546.0,0.0889304937982682
Lints,0.005832763439819244,0.399,1014.0,0.1282051282051282
Linzagolix,-0.16060702596398077,0.972,1670.0,0.25508982035928146
Liothyronine sodium,0.06626381339214633,0.177,325950.0,0.07419236079153245
Liquefied phenol,-0.04132283711946074,0.651,1.0,1.0
Liquid OTC cond specific vitamin & mineral supp (0913473),0.06552835773588683,0.199,3387.0,0.1677000295246531
Liquid OTC glucose for diabetic hypo treatment (0913541),0.13362937298629168,0.083,306949.0,0.10273693675496581
Liquid OTC probiotic (0913531),-0.05630196006431551,0.645,206.0,0.22330097087378642
Liquid additive lactase (0913121),0.10599347522622726,0.142,17968.0,0.1054652715939448
Liquid disc or non ACBS thickener - gum based (0913411),0.11604838418095877,0.081,5.0,1.0
Liquid micronutrient supplement (0913282),-0.13828979592996476,0.952,11153.0,0.11539496099704115
Liquid paraffin,0.055098354569200994,0.197,153337.0,0.10479532011191037
Liraglutide,0.08500651750264784,0.135,1075451.0,0.075766352906827
Lisdexamfetamine dimesylate,0.027693339925495577,0.321,3166795.0,0.06346005977652484
Lisinopril,0.3595297617056134,0.024,38933138.0,0.15729356313380133
Lisinopril with diuretic,0.061630876739514694,0.194,346501.0,0.07872993151534916
Lithium carbonate,-0.006380270660047547,0.456,4128117.0,0.07199771711896731
Lithium citrate,0.15068394852371908,0.061,36864.0,0.0637478298611111
Lixisenatide,0.034009392216368776,0.272,56418.0,0.11425431599844021
Lodoxamide trometamol,-0.07043762249438856,0.768,70102.0,0.08218025163333428
Lofepramine hydrochloride,0.12891030243068158,0.116,659568.0,0.1288525216505349
Loperamide hydrochloride,0.2953053684972458,0.01,8356343.0,0.08277927318206062
Loperamide hydrochloride and simeticone,-0.01540308335717721,0.512,10935.0,0.07160493827160494
Lopinavir and ritonavir,-0.04357493640495031,0.574,5.0,0.2
Loprazolam mesilate,0.10762476477788417,0.134,61163.0,0.07324689763419061
Loratadine,0.13137752385693865,0.102,7738412.0,0.07284504882913963
Lorazepam,0.033663296116928074,0.304,5390612.0,0.06126187527501516
Lormetazepam,-0.06778030110931096,0.735,55676.0,0.1027193045477405
Losartan potassium,-0.02169374824379801,0.577,59485615.0,0.07349109528412878
Losartan potassium with diuretic,0.18771703171611445,0.039,612015.0,0.07671053814040506
Loteprednol etabonate,0.013294956973691987,0.353,111123.0,0.07661780189519721
Low Friction Products,-0.010864463765678964,0.499,139553.0,0.27474149606242787
Low protein biscuits,-0.011275648965179163,0.441,21972.0,0.4055616238849445
Low protein bread,-0.033384112185818736,0.532,5099.0,0.4055697195528535
Low protein breads,-0.11963312371995832,0.891,7227.0,0.5263594852635949
Low protein cakes,-0.13496703798220314,0.95,5417.0,0.7020491046704819
Low protein cereals,0.08307633060862608,0.158,7280.0,0.6342032967032967
Low protein cooking aids,0.050552448873854926,0.23,2882.0,0.42297015961138096
Low protein desserts,-0.11016613731498069,0.881,5399.0,0.6884608260789035
Low protein grains/flours,0.07008641619640131,0.177,4261.0,0.5820229992959399
Low protein meals,-0.12934740993081403,0.945,8098.0,0.6359594961718943
Low protein miscellaneous,-0.14763283648841646,0.982,1391.0,0.7512580877066858
Low protein mixes,-0.07672385540390161,0.741,38538.0,0.25247807358970364
Low protein pasta,0.08453702530884699,0.153,8137.0,0.6046454467248371
Low protein pastas,0.08207230302941668,0.168,13196.0,0.6400424371021521
Low protein risotto,-0.1373987701192635,0.946,225.0,0.8177777777777778
Low protein snacks,-0.1400048836964714,0.961,1857.0,0.7318255250403877
Lubiprostone,-0.09162243654681043,0.784,11.0,0.45454545454545453
Lubricant Gels,0.6363589691520661,0.001,1590391.0,0.18651576876378198
Lumacaftor/ivacaftor,-0.025468457199976213,0.466,6.0,0.3333333333333333
Lurasidone,-0.03449497256512718,0.588,243804.0,0.09150793260159801
Lymecycline,-0.006975106302781772,0.432,4542768.0,0.06769044776224539
Lymphoedema Garments,0.04030021159514373,0.254,2701780.0,0.243601255468617
Macitentan,0.10195694315068368,0.145,66.0,0.24242424242424243
Macrogol 3350,0.04715392553019616,0.216,35722808.0,0.05979138034165735
Macrogol 4000,-0.12898665165384288,0.918,15.0,0.4666666666666667
Magnesium aspartate,0.008270311435374345,0.395,377193.0,0.09319897240935011
Magnesium carbonate,-0.02187498062786524,0.509,1978.0,0.21688574317492418
Magnesium citrate,0.06947569825585279,0.214,56179.0,0.06450809021164491
Magnesium glycerophosphate,0.04898546399850685,0.254,252476.0,0.09754590535338012
Magnesium hydroxide,-0.09363736045701126,0.791,19448.0,0.31699917729329496
Magnesium lactate,0.5062763975162646,0.014,4338.0,0.16666666666666666
Magnesium oxide,-0.001995488986266787,0.405,21995.0,0.18695157990452377
Magnesium sulfate,0.13470602424895148,0.044,18938.0,0.06209737036645897
Magnesium sulphate,0.03588288189814887,0.297,4.0,0.25
Magnesium trisilicate,0.18646065036379733,0.06,6335.0,0.1090765588003157
Malathion,0.1312619686950336,0.084,120062.0,0.08076660392130733
Maltodextrin,0.06309080371723184,0.191,14431.0,0.24197907282932576
Mannitol,-0.1360305739817315,0.913,73.0,0.6438356164383562
Maraviroc,0.0014949230676727513,0.403,23.0,0.43478260869565216
"Measles, mumps and rubella vaccine",0.1130698218250475,0.129,7734.0,0.11339539694853892
"Measles, mumps, rubella and varicella vaccine",0.11604838418096053,0.081,3.0,1.0
Mebendazole,0.23933570718495883,0.048,384089.0,0.07399326718547003
Mebeverine hydrochloride,0.1653573601665668,0.025,10942259.0,0.09411913938428984
Mebeverine hydrochloride compound preparations,-0.06486239171825295,0.758,241637.0,0.09548620451338165
Mecasermin,-0.06282894679316986,0.667,3.0,0.6666666666666666
Meclozine hydrochloride,-0.053816331479016044,0.678,1.0,1.0
Mecysteine hydrochloride,-0.09373974452544703,0.791,3.0,0.6666666666666666
Medicated stockings,-0.014222129638605077,0.48,85826.0,0.16497331810873161
Medroxyprogesterone acetate,0.1348650945925264,0.111,5185885.0,0.0934694849577266
Mefenamic acid,0.26711900630580304,0.002,1460469.0,0.071935795966912
Mefloquine hydrochloride,0.1366766214890861,0.111,2023.0,0.18437963420662382
Megestrol acetate,0.06129109773452776,0.204,29865.0,0.12074334505273732
Melatonin,0.044211118012228996,0.258,10546526.0,0.07494154947325783
Meloxicam,0.15845987344087742,0.059,1924373.0,0.07872226434272357
Melperone hydrochloride,-0.03327544144148334,0.537,3.0,1.0
Melphalan,-0.004845551665779535,0.449,95.0,0.08421052631578947
Memantine hydrochloride,0.10665639314441716,0.138,9746684.0,0.09279432881993507
Menadiol sodium phosphate,0.04892090357819501,0.23,29476.0,0.07629936219297055
Meningococcal A + C + W135 + Y vaccine,0.1733624069557755,0.079,6968.0,0.17178530424799082
Meningococcal B vaccine,0.15829758952618073,0.083,1586.0,0.11349306431273644
Meningococcal C vaccine,0.0536767324147498,0.22,2.0,0.5
Menotrophin,-0.04335127522814484,0.61,869.0,0.570771001150748
Menthol,0.013116988237093842,0.41,828384.0,0.09126081623981148
Mepacrine hydrochloride,0.08504848191120679,0.164,9418.0,0.0987470800594606
Mepivacaine hydrochloride,0.003740918723323509,0.398,13039.0,0.3026305698289746
Mepolizumab,0.2316018388742902,0.042,2.0,0.5
Meprobamate,-0.10400362799365132,0.825,8.0,0.5
Meptazinol hydrochloride,0.1862061031858371,0.087,255135.0,0.24421580731769454
Mepyramine maleate,0.21173103473217283,0.058,5025.0,0.06965174129353234
Mercaptamine,-0.11835882572159016,0.886,948.0,0.15611814345991562
Mercaptamine hydrochloride,-0.1330869163093085,0.909,281.0,0.29537366548042704
Mercaptopurine,0.05669320935908008,0.227,301623.0,0.08493052585512378
Meropenem,0.10738242197186688,0.167,559.0,0.16279069767441862
Mesalazine (Systemic),0.011075718599152028,0.401,7930909.0,0.06945786416159863
Mesna,-0.026707702541961337,0.519,65.0,0.676923076923077
Mesuximide,0.017134362346088176,0.378,1.0,1.0
Metformin hydrochloride,0.2751528350979717,0.03,126235489.0,0.06636468132982794
Metformin hydrochloride/pioglitazone,0.15431436971336984,0.072,67303.0,0.0919572678781035
Metformin hydrochloride/rosiglitazone,-0.16759895771808234,1.0,7.0,1.0
Metformin hydrochloride/sitagliptin,0.24185223594405722,0.038,661006.0,0.1758940160906255
Metformin hydrochloride/vildagliptin,0.26312971808254576,0.034,165013.0,0.19423318162811415
Methadone hydrochloride,0.05700457709095076,0.264,10365906.0,0.07756813538536815
Methenamine hippurate,0.2631383611856753,0.032,1937167.0,0.15186919868034093
Methocarbamol,0.09326224006380816,0.137,950525.0,0.10391625680544962
Methotrexate,0.2037773905369158,0.019,11029139.0,0.06395938975834832
Methoxsalen,-0.031314223298824634,0.513,16.0,0.75
Methoxy polyethylene glycol-epoetin beta,-0.08036268083562138,0.751,524.0,0.2786259541984733
Methoxyflurane,-0.08879542700816422,0.756,10.0,0.2
Methyl salicylate,0.24555378981741782,0.051,84105.0,0.1335235717258189
Methyl salicylate/levomenthol,-0.09824636564887285,0.821,966.0,0.1997929606625259
Methylcellulose,0.08391592974684867,0.174,2066.0,0.10067763794772508
Methyldopa,0.06765892797063353,0.19,284705.0,0.13659401836989163
Methylnaltrexone bromide,0.02926068807811313,0.309,248.0,0.16129032258064516
Methylphenidate hydrochloride,-0.025770011332078135,0.534,8841171.0,0.06734696116611702
Methylprednisolone,0.03005835714616306,0.318,21476.0,0.06272117712795679
Methylprednisolone aceponate,0.01624100401543397,0.359,6.0,0.5
Methylprednisolone acetate,0.07504403377056199,0.163,2481597.0,0.058599361620762756
Methylprednisolone sodium succinate,0.3834825407564005,0.025,639.0,0.14241001564945227
Methyltestosterone,-0.09102083919827242,0.79,1.0,1.0
Metoclopramide hydrochloride,0.05808263825852754,0.242,3266342.0,0.06845884478722682
Metolazone,0.09198539389931344,0.147,82221.0,0.07740115055764342
Metoprolol tartrate,0.16425872409594428,0.05,1606913.0,0.08828667140038073
Metronidazole,0.17250144706311593,0.048,7678621.0,0.059572936338438895
Metyrapone,0.04467886458368003,0.258,5058.0,0.11269276393831554
Mexiletine hydrochloride,0.08728858993796193,0.155,6762.0,0.11342797988760722
Mianserin hydrochloride,-0.07686974407092581,0.768,4771.0,0.08488786417941731
Micafungin,0.04483983528303464,0.263,1.0,1.0
Miconazole,0.10004557945142054,0.143,483800.0,0.06477676725919801
Miconazole nitrate,0.3110902363271853,0.003,2214004.0,0.08137338505260153
Micro-Enema - Sodium Citrate,0.042370941333605985,0.283,8577.0,0.0963040690218025
Midazolam hydrochloride,0.12340580596929213,0.086,1782619.0,0.06194761752230847
Midazolam maleate,-0.10651918857823439,0.878,85415.0,0.0714277351753205
Midodrine hydrochloride,-0.07557406315452418,0.763,1140674.0,0.06765210743823388
Mifepristone/misoprostol,-0.10949624899477153,0.857,3.0,0.3333333333333333
Miglustat,0.11604838418096053,0.081,6.0,1.0
Milrinone lactate,0.19747658468103868,0.069,1.0,1.0
Minocycline hydrochloride,0.10086092239692136,0.132,59931.0,0.0643406584238541
Minoxidil,0.0696859462050053,0.201,134960.0,0.089871072910492
Mirabegron,0.16435798486724548,0.052,11688162.0,0.07051870088727381
Mirtazapine,0.044122943351155144,0.266,62195547.0,0.09392257616128048
Misoprostol,0.04606187075831441,0.259,16430.0,0.05861229458307973
Misoprostol (Gynaecology),-0.053074949025521484,0.662,33.0,0.3333333333333333
Mitomycin,0.27122783822473673,0.048,2.0,0.5
Mitotane,-0.013432168229500671,0.442,45.0,0.4888888888888889
Mizolastine,-0.014852586600443559,0.481,78152.0,0.08479629440065513
Moclobemide,0.1676920099793354,0.048,41341.0,0.08001741612442853
Modafinil,0.07931890613457343,0.195,418320.0,0.10071237330273475
Molnupiravir,-0.05452306845049404,0.695,6356.0,0.16095028319697924
Mometasone furoate,0.14847509520406948,0.085,17867620.0,0.05851926557650095
Mometasone furoate/olopatadine hydrochloride,-0.06097680230762535,0.756,123296.0,0.0962399429016351
Mometasone/glycopyrronium/indacaterol,-0.03243836006029195,0.492,73074.0,0.14685113720338286
Mometasone/glycoyrronium/indacaterol,-0.048451803257455656,0.603,391.0,0.37084398976982097
Monobasic potassium phosphate,-0.08719871389399303,0.766,32.0,0.25
Montelukast,0.009194094161196294,0.418,22415035.0,0.07663450001304928
Morphine (Opium Tincture),-0.15456940682490197,0.958,14.0,0.5
Morphine hydrochloride,-0.11402768731149789,0.9,58.0,0.15517241379310345
Morphine sulfate,0.2135016320794483,0.027,25408285.0,0.11457617072541496
Morphine tartrate and cyclizine tartrate,0.1378415719483044,0.103,43.0,0.06976744186046512
Moxifloxacin,-0.08207693496445355,0.756,19602.0,0.12253851647791042
Moxifloxacin hydrochloride,0.05600326317404926,0.25,23752.0,0.13817783765577635
Moxisylyte hydorchloride,-0.14809877990781253,0.973,345.0,0.23768115942028986
Moxisylyte hydrochloride,0.21494771346585675,0.052,67.0,0.23880597014925373
Moxonidine,0.09636336399464286,0.127,1537161.0,0.07395711965109705
Mupirocin,0.10175035019601858,0.115,683413.0,0.05695677430777583
Mycophenolate mofetil,0.27815726513987193,0.002,1117947.0,0.09477730160732127
Mycophenolic sodium,0.08816028923659945,0.158,36530.0,0.1739118532712839
Nabilone,0.2649582865343693,0.033,2429.0,0.14532729518320298
Nabumetone,0.03251646599294007,0.3,78590.0,0.13326122916401578
Nadolol,-0.07924149067857086,0.804,80208.0,0.09836923997606224
Nafarelin acetate,-0.014395942834009185,0.474,4146.0,0.07260009647853352
Naftidrofuryl oxalate,-0.13330685195944678,0.929,630992.0,0.16415105104343636
Naldemedine,0.049445370383000696,0.22,36536.0,0.15841909349682504
Nalmefene,-0.11259973268964663,0.891,5827.0,0.09387334820662434
Naloxegol,0.07294478413937039,0.177,209734.0,0.18754231550440081
Naloxone hydrochloride,0.2510854162841701,0.038,1006.0,0.15805168986083498
Naltrexone hydrochloride,0.06259460863938342,0.241,92600.0,0.08039956803455724
Naltrexone/bupropion,0.07288008522593566,0.209,259.0,0.19305019305019305
Nandrolone decanoate,0.026906978345161484,0.295,37.0,0.43243243243243246
Naphazoline hydrochloride,0.11319391899604068,0.052,3897.0,0.1272773928663074
Naproxen,0.02996509015360453,0.316,37298444.0,0.07308803552233975
Naratriptan hydrochloride,0.06849709684522592,0.182,690276.0,0.07661138443173456
Nasal Products,0.1854641722670935,0.059,1753287.0,0.19003448950457055
Natalizumab,-0.10111977199342566,0.808,6.0,0.3333333333333333
Natamycin,-0.0954654474009772,0.831,37.0,0.21621621621621623
Nateglinide,0.15027015054564924,0.093,211.0,0.21800947867298578
Nebivolol,0.05779416160641638,0.234,3200312.0,0.10547627856284013
Nedocromil sodium,-0.06751646172846715,0.688,449.0,0.22939866369710468
Nefazodone hydrochloride,-0.08147318131920049,0.726,28.0,0.32142857142857145
Nefopam hydrochloride,-0.00449909551708938,0.435,2687229.0,0.12074222182032122
Nelarabine,0.11604838418095748,0.081,2.0,1.0
Neomycin sulfate,0.20133870602147957,0.028,2086120.0,0.06201656664046172
Neostigmine bromide,-0.17438842443285363,0.989,32.0,0.28125
Neostigmine metilsulfate,-0.06467444772113512,0.675,35.0,0.2
Nepafenac,0.049597924186612914,0.271,90201.0,0.15931087238500682
Netilmicin (Eye),-0.12798516871980978,0.898,3.0,0.3333333333333333
Netilmicin/Dexamethasone,-0.0704055414205349,0.676,60.0,0.4166666666666667
Netupitant/palonosetron hydrochloride,0.19452490741667852,0.06,16.0,0.1875
Nevirapine,0.08949547102991895,0.168,40.0,0.275
Nicardipine hydrochloride,0.04265630145777328,0.292,32793.0,0.10596773701704632
Nicorandil,-0.177537676978162,0.987,5064078.0,0.08077719182050513
Nicotinamide,0.04436528871541614,0.273,32793.0,0.10996249199524288
Nicotinates,0.23752647159734117,0.054,3356.0,0.1567342073897497
Nicotine,0.11488257660542424,0.109,1720196.0,0.12335861727384553
Nicotine bitartrate,0.012579631767348325,0.366,12969.0,0.0784177654406662
Nicotinic acid,-0.1177729404963542,0.892,6.0,0.6666666666666666
Nicotinic acid derivatives,0.10464998326009765,0.153,1.0,1.0
Nifedipine,0.012675245956558346,0.382,6418603.0,0.07442211334771756
Night Drainage Bags,0.6735788714719122,0.001,5338513.0,0.19547166036684746
Nilotinib,-0.0616871780362125,0.621,10.0,0.3
Nimodipine,0.11839277990379182,0.118,3214.0,0.17205973864343496
Nintedanib,-0.1716602449390667,0.979,18.0,0.2777777777777778
Niraparib,-0.12169678749270876,0.928,6.0,1.0
Nirmatrelvir with Ritonavir,0.10705010463378711,0.094,24441.0,0.07225563602143939
Nitazoxanide,-0.10686110112502002,0.814,17.0,0.23529411764705882
Nitisinone,0.14414108536539086,0.113,3.0,0.6666666666666666
Nitrazepam,0.02373288293625188,0.346,1476871.0,0.08629392817652998
Nitrofurantoin,0.01680535103113538,0.356,21376424.0,0.058850956549140306
Nitrous oxide,-0.1039462671118364,0.808,129.0,0.5426356589147286
Nizatidine,-0.08621571336446274,0.775,633368.0,0.07122399616021018
Nonoxinol 9,0.05359435676677065,0.195,1693.0,0.10100413467217956
Norethisterone,0.1620282197998963,0.074,2193635.0,0.06370430814606806
Norethisterone enantate,-0.1022964146637657,0.83,90.0,0.14444444444444443
Norfloxacin,-0.12231228122914245,0.9,20.0,0.3
Normal immunoglobulin (Gamma globulin),-0.10856737992482243,0.825,18.0,0.16666666666666666
Nortriptyline,0.013317163960416155,0.405,4439969.0,0.0880521913553901
Nystatin,0.08739671440078012,0.155,3315870.0,0.06504084900795266
Obeticholic acid,-0.04507930742680662,0.595,10.0,0.2
Octreotide acetate,-0.0038937067686128225,0.426,23314.0,0.09839581367418718
Oestrogens conjugated,-0.06346326968706682,0.696,629885.0,0.056326154774284196
Oestrogens conjugated with bazedoxifene,-0.085042857511796,0.732,3.0,0.6666666666666666
Oestrogens conjugated with progestogen,0.04526310228353555,0.268,137203.0,0.05862116717564485
Ofatumumab,0.04483983528303464,0.263,4.0,1.0
Ofloxacin,-0.07751255093409143,0.758,315353.0,0.04910687388418693
Oils for the ear,0.0017252363433202344,0.403,1443.0,0.14137214137214138
Olanzapine,0.17919890934535682,0.074,13217732.0,0.06525347918992457
Olanzapine embonate,-0.048460824728050245,0.602,1749.0,0.3156089193825043
Olaparib,-0.09899585254247531,0.809,5.0,0.2
Olmesartan medoxomil,-0.06326219861679198,0.734,1862139.0,0.08061481983890569
Olmesartan medoxomil/amlodipine,0.07015123127639827,0.206,94226.0,0.10021650075350752
Olmesartan medoxomil/amlodipine/hydrochlorothiazide,0.19976720960966182,0.052,60341.0,0.35937422316501216
Olmesartan medoxomil/hydrochlorothiazide,5.389852761308501e-05,0.408,66951.0,0.06818419441083777
Olodaterol,-0.01689322049247741,0.483,10421.0,0.10008636407254583
Olopatadine,0.22627744704181188,0.05,1285315.0,0.10148173793972684
Olsalazine sodium,-0.10669088941717302,0.874,47829.0,0.07602082418616321
Omalizumab,-0.14093129865392803,0.933,89.0,0.6292134831460674
Omega-3-acid ethyl esters,0.15471705929858956,0.046,376759.0,0.07304404141639616
Omeprazole,0.24024539939620412,0.017,178040702.0,0.06510449503844351
Ondansetron hydrochloride,-0.02772531260742295,0.564,1626394.0,0.07148144914454924
Opicapone,-0.01888957108067084,0.487,269246.0,0.07450064253507944
Opium and morphine,-0.0713562056367566,0.744,1972.0,0.13133874239350912
Oral Film Forming Agents,-0.005042450625207708,0.443,70090.0,0.1167784277357683
Oral rehydration salts,0.28605288166993914,0.043,929709.0,0.08264844160914867
Orlistat,0.31057827411005323,0.001,2196364.0,0.07284903595214637
Orphenadrine hydrochloride,0.14195890552758744,0.076,24834.0,0.09402432149472498
Oseltamivir phosphate,0.1742081776208309,0.065,95893.0,0.14177260071120937
Osimertinib,-0.0599220507523608,0.637,9.0,0.3333333333333333
Ospemifene,0.08756837558407561,0.165,6470.0,0.14219474497681608
Other Appliances,0.19243863527108707,0.071,54016905.0,0.06347955329910146
Other HIV infection preparations,0.02767407580182993,0.302,205.0,0.12195121951219512
Other acid preparations,-0.08842502554238393,0.82,45.0,0.1111111111111111
Other alcohol and saline preparations,0.0195186801473918,0.314,89.0,0.33707865168539325
"Other alcohol, wine and spirit preparations",-0.0789737805632171,0.73,2.0,0.5
Other amino acidandnutritional agent preparations,0.06270203392429043,0.192,59328.0,0.3292543149946063
Other anti-inflammatory preparations,-0.11688209326930157,0.912,12.0,1.0
Other antiperspirant preparations,0.20584324897355974,0.082,110.0,0.2909090909090909
Other antiviral preparations,0.05390159165354099,0.244,66.0,0.2727272727272727
Other aromatic inhalation preparations,0.048664675437885094,0.247,18.0,0.2222222222222222
Other aural preparations,-0.0722949126616457,0.71,2.0,1.0
Other barrier preparations,0.10622169445934056,0.145,176534.0,0.11023372268231615
Other base/diluent/suspending agent/stabiliser preparations,-0.0002486480365241052,0.422,1018641.0,0.07088562113639643
Other bisphosphonate and other preparations,-0.04367174607139561,0.616,533.0,0.23452157598499063
Other bitter and tonic preparations,-0.13974628353102028,0.96,1.0,1.0
Other calcium supplement preparations,0.32068518970363274,0.004,77438.0,0.09789767297709136
Other camouflage preparations,0.21925205489658106,0.056,157813.0,0.08743259427296864
Other chromium preparations,-0.06097072423707717,0.658,10.0,0.7
"Other colour, flavour and sweetening preparations",-0.08424465094320913,0.766,338.0,0.35798816568047337
Other compound vitamin/mineral formulation preparations,-0.043991053967518436,0.577,661673.0,0.09909124295535711
Other concentrated water preparations,0.04135880298733246,0.286,11932.0,0.09562520952061683
Other cordial/soft drink preparations,0.02839698979515039,0.332,1940.0,0.12422680412371134
Other digestive aid preparations,0.04697259620798882,0.261,35971.0,0.11492591254065775
"Other disinfectant,preservative and sterilising preparations",-0.02890963643388996,0.514,32.0,0.46875
Other dusting powder preparations,0.1178387566949395,0.1,8.0,0.875
Other eczema preparations,0.012593360480354778,0.369,599.0,0.09849749582637729
Other emollient preparations,0.24356267648604962,0.035,23070900.0,0.09199844826166297
Other enzyme preparations 0911020,0.18150005216859658,0.064,57302.0,0.16652123835119192
Other expectorantand demulcent cough preparations,0.11301601518112084,0.107,599.0,0.48747913188647746
Other eye tear/lubricant/astringent preparations,0.07819527401905903,0.193,168017.0,0.07562330002321194
Other food for special diet preparations,0.0806044648077417,0.157,1715605.0,0.08779643332818451
Other food preparations,-0.1837730092101159,0.99,469996.0,0.07885811794142929
Other health supplement preparations,-0.09020907194115702,0.779,691967.0,0.3454456643163619
Other homeopathic preparations,0.0050140479085811615,0.397,2375.0,0.19410526315789473
Other household and over the counter preparations,0.046752102135894286,0.251,34.0,0.38235294117647056
Other individually formulated bought in preparations,0.16705357667948126,0.075,1559623.0,0.07505852375862629
Other intravenous nutrition preparations,-0.1013692480299104,0.791,8.0,0.25
Other lozenge and spray preparations,-0.01164905568748525,0.466,383.0,0.13577023498694518
Other magnesium preparations,0.1798587822387581,0.083,5475.0,0.14977168949771688
Other mineral formulation preparations,-0.13294636807875249,0.912,869.0,0.17261219792865362
Other minor cut and abrasion preparations,0.012333344491914653,0.377,24.0,0.8333333333333334
Other miscellaneous topical preparations,0.096145386468345,0.157,3933.0,0.0928044749555047
"Other mouth wash, gargle and dentifrice preparations",0.08199477368973075,0.162,2876.0,0.07197496522948539
Other multivitamin preparations,0.13902835139372838,0.061,5221989.0,0.08244463938932081
Other nasal infection preparations,0.11541624593467846,0.147,3.0,0.3333333333333333
Other neuromuscularar transmisson preparations,-0.22361297116396925,0.997,115.0,0.3217391304347826
Other non-opioid analgesic preparations,0.037013451444471046,0.288,1069.0,0.15528531337698784
Other oil preparations,0.10593727138612588,0.134,10876.0,0.17901802133137182
Other oral iron preparations,-0.08044960999509404,0.79,79342.0,0.07676892440321645
Other oral ulceration and inflammation preparations,0.04273854399248314,0.239,4.0,0.5
Other osmotic laxative preparations,-0.07811486000644245,0.721,24916.0,0.5212714721464119
Other otitis external preparations,0.207557118912731,0.058,807.0,0.2825278810408922
Other pancreatin preparations,0.08422114704072052,0.169,1.0,1.0
Other pantothenic acid preparations,-0.03327544144148334,0.537,6.0,1.0
Other phosphate supplement preparations,0.0669069077825484,0.217,118924.0,0.08776193199017861
Other preparations,0.060731389327305874,0.212,47990.0,0.07630756407584914
Other preparations for biliary disorders,-0.14330332725263684,0.955,23.0,0.6956521739130435
Other psoriasis preparations,0.1287504690604286,0.103,1635.0,0.0819571865443425
Other purified water preparations,0.19920030785595733,0.054,51419.0,0.6103969349851223
Other rubefacient and topical antirheumatic preparations,-0.030332337653921387,0.501,3.0,0.3333333333333333
Other screening and monitoring agent preparations,-0.01300395531972975,0.378,479.0,0.9707724425887265
Other selenium preparations,0.06100122965852218,0.207,60011.0,0.2865308026861742
Other shampoo and scalp preparations,-0.06940135646517696,0.689,272.0,0.29411764705882354
Other single substance preparations,0.12614858731941817,0.112,7853.0,0.13981917738443908
Other soothing haemorrhoidal preparations,0.1514720399353047,0.085,4302.0,0.12645281264528127
Other stimulant laxative preparations,0.29605091336572703,0.055,3.0,0.6666666666666666
Other sunscreening preparations,0.2888156827357459,0.019,183113.0,0.09355425338452213
Other test for helicobacter pylori preparations,-0.02340513553349268,0.491,54626.0,0.22130487313733388
Other tincture preparations,0.032229866282281645,0.267,45.0,0.1111111111111111
Other toiletry preparations,0.1522401464031649,0.09,1397811.0,0.09785943879394282
Other topical anaesthetic and antipruritic preparations,0.008728281593122443,0.397,184.0,0.11956521739130435
Other topical circulatory preparations,0.013520083394150671,0.342,61.0,0.2459016393442623
Other topical corticosteroid preparations,0.035467608638694574,0.289,2293.0,0.34278238116005233
Other topical nasal decongestant preparations,-0.11888692293862342,0.909,1601.0,0.0693316677076827
Other treatment of dry mouth preparations,-0.031199491076034595,0.515,38362.0,0.09313904384547209
Other urological pain preparations,-0.09373561217044427,0.798,561.0,0.2638146167557932
Other vaginal/vulva changes preparations,-0.10570259672989601,0.828,35.0,0.5142857142857142
Other vehicle and emulsifying agent preparations,0.03520338955797262,0.252,2.0,0.5
Other vitamin A preparations 0906011,-0.04804274245635507,0.658,3070.0,0.10260586319218241
Other vitamin B compound preparations,0.07078294827833946,0.192,1438.0,0.1474269819193324
Other vitamin B preparations,-0.02435501066876405,0.539,11374.0,0.08255670828204677
Other vitamin C (Ascorbic acid) preparations,0.1531607009442216,0.088,30.0,0.13333333333333333
Other vitamin C preparations,-0.08382620421736493,0.765,6.0,1.0
Other vitamin D preparations,0.15520737136388407,0.091,32.0,0.34375
Other x-ray contrast media preparations,-0.09069385354240457,0.79,465.0,0.11827956989247312
Other zinc preparations,-0.10928143308645621,0.875,5237.0,0.26293679587550123
Oxandrolone,0.009211055193024531,0.367,130.0,0.3230769230769231
Oxazepam,-0.11907973259391391,0.893,245524.0,0.1321500138479334
Oxcarbazepine,0.18931396052523927,0.044,620270.0,0.061755364599287405
Oxitriptan,0.07287263572042038,0.21,278.0,0.4136690647482014
Oxprenolol hydrochloride,-0.1675989577180827,1.0,1.0,1.0
Oxybuprocaine hydrochloride,-0.11400734270207027,0.865,712.0,0.10955056179775281
Oxybutynin,0.11726737589742298,0.125,6678590.0,0.09699277841580334
Oxybutynin hydrochloride,-0.1348251594677125,0.911,24.0,0.5833333333333334
Oxycodone hydrochloride,0.06796690647261026,0.21,9177254.0,0.09075590585157609
Oxycodone hydrochloride/naloxone hydrochloride,0.018089585182397717,0.353,133719.0,0.05594567712890464
Oxymetazoline hydrochloride,-0.011825225806966837,0.442,10.0,0.2
Oxymetholone,-0.04412068701980332,0.561,3.0,0.6666666666666666
Oxytetracycline,0.28387557784545964,0.027,912544.0,0.11638233334502227
Oxytocin,0.11604838418095889,0.081,11.0,1.0
Ozanimod,-0.1675989577180827,1.0,1.0,1.0
Padimate O,0.6477741137314688,0.024,1.0,1.0
Palbociclib,-0.12504349759179728,0.906,3.0,0.3333333333333333
Paliperidone,-0.014296526190476439,0.489,97630.0,0.07886920004097102
Pamidronate disodium,-0.04790379747193965,0.6,8.0,0.5
Pancreatin,0.059747659726657375,0.214,3504088.0,0.08453583357495588
Pantoprazole,-0.08423256464563557,0.786,8870558.0,0.09323776474941035
Pantothenic acid (Calcium pantothenate),-0.033275441441483124,0.537,30.0,1.0
Papaveretum,-0.11688209326930232,0.912,1.0,1.0
Papaverine hydrochloride,-0.12232286875484019,0.888,10.0,0.7
Paracetamol,0.17566979320806428,0.06,80401160.0,0.10162048657009426
Paracetamol and caffeine,-0.12402375467537294,0.961,1186.0,0.21247892074198987
Paracetamol and ibuprofen,-0.11961205145383694,0.911,926.0,0.12526997840172785
Paracetamol and phenylephrine hydrochloride,0.006206874469169938,0.402,70.0,0.2
Paracetamol combined preparations,0.016756625268390488,0.349,24436.0,0.07914552299885415
Paraffin hard,-0.06555063269889799,0.7,66.0,0.30303030303030304
Paraffin soft white,0.2558621722870063,0.038,37729.0,0.10032070820853985
Paraffin soft yellow,0.10697993599693663,0.137,69454.0,0.112059780574193
Paraldehyde,-0.043252036720817386,0.626,11343.0,0.12289517764259895
Parecoxib sodium,-0.07776999920653101,0.752,1654.0,0.1686819830713422
Paricalcitol,0.48576063085284066,0.01,1178.0,0.1960950764006791
Paromomycin sulfate,0.02137165873567112,0.33,85.0,0.24705882352941178
Paroxetine hydrochloride,-0.11320213637452456,0.903,6348878.0,0.07134677969871212
Patiromer calcium,0.03473162141143686,0.268,12344.0,0.3894199611147116
"Pdr 2.4 kcal/ml m/sk lower volume, higher protein (0913011)",0.07365112471271815,0.194,20150.0,0.09047146401985112
Pdr 3.7 kcal/g energy and higher protein fortifier (0913141),0.08709186049793416,0.149,12200.0,0.5395081967213115
Pdr 3.8 - 4.9 kcal/g energy (carbohyd) fortifier (0913142),0.079548952624983,0.164,72356.0,0.29618829122671236
Pdr disc or non ACBS energy and protein fortifier (0913391),0.08343759768892825,0.156,265.0,0.7622641509433963
Pdr disc/non ACBS Protein SfI metabolic cond (inf) (091357),0.036601050277157224,0.284,26.0,0.38461538461538464
Pdr disc/non ACBS protein SfI metabolic condition (0913442),0.04483983528303529,0.263,39.0,1.0
Pdr disc/non ACBS protein SfI metabolic condition (0913445),0.07962163549088232,0.165,2674.0,0.7344801795063575
Pdr disc/non ACBS protein SfI metabolic condition (0913447),0.08485398052839643,0.15,85.0,0.9411764705882353
Pdr disc/non ACBS single L-amino acid supplement (0913445),0.17495853724482718,0.09,780.0,0.20256410256410257
Peak Flow Meters,0.06075992161253688,0.219,1974861.0,0.050334681782667236
Pegfilgrastim,-0.029861497323986165,0.496,3.0,0.6666666666666666
Peginterferon alpha,0.09911088201636202,0.163,71.0,0.28169014084507044
Peginterferon beta,-0.1689405159034801,0.974,478.0,0.602510460251046
Pelvic Toning Devices,-0.042471475501368365,0.575,1481.0,0.12086428089128967
Penciclovir,-0.08202056040828554,0.745,124.0,0.12903225806451613
Penicillamine,-0.04670630415986734,0.62,29673.0,0.12954537795302126
Pentamidine isetionate,-0.07046322501052059,0.704,33.0,0.48484848484848486
Pentazocine hydrochloride,0.1818352568694789,0.044,5292.0,0.07086167800453515
Pentosan polysulfate sodium,-0.05529672150905449,0.644,6016.0,0.0884308510638298
Pentoxifylline,-0.023168564519585346,0.479,87100.0,0.10886337543053962
Peppermint oil,0.24067646128313425,0.026,2641208.0,0.09659405847627298
Perampanel,0.038362155345148134,0.278,331573.0,0.08234385791364195
Pergolide mesilate,-0.11064150050731043,0.894,6.0,1.0
Pericyazine,0.03138254837285269,0.275,288044.0,0.8191317993084389
Perindopril arginine,0.014523908351231173,0.327,146997.0,0.06650475860051566
Perindopril arginine with diuretic,0.02616423960200587,0.31,145153.0,0.07961943604334737
Perindopril erbumine,0.058118957981149744,0.211,18720249.0,0.10165292139009476
Perindopril erbumine with diuretic,-0.12877520049692598,0.925,21.0,0.7619047619047619
Perindopril tosilate,-0.0704205913992879,0.683,4.0,0.5
Perindopril tosilate/indapamide,0.10269733713757921,0.149,20.0,0.95
Perindopril with calcium channel blocker,0.20545154038915997,0.052,251.0,0.20717131474103587
Permethrin,0.1433283587179802,0.086,936607.0,0.09014026160385305
Perphenazine,-0.028147916829432216,0.502,1010.0,0.18514851485148515
Pethidine hydrochloride,-0.09871031768461269,0.886,20714.0,0.07444240610215314
Phased formulations of ethinylestradiol,0.10216273056558015,0.158,97025.0,0.06545735635145582
Phenazone/lidocaine,0.13635667998604536,0.087,297665.0,0.07353568609006769
Phenelzine sulfate,0.2614897000594797,0.016,23608.0,0.08831751948492036
Phenindione,-0.015412683350114269,0.482,1608.0,0.15858208955223882
Phenobarbital,0.03687006409281289,0.303,766651.0,0.06715702451310962
Phenobarbital sodium,-0.08853645702411568,0.827,861.0,0.09872241579558652
Phenol,0.027998643865794634,0.314,2017.0,0.1264253842340109
Phenothrin,-0.03327544144148334,0.537,3.0,1.0
Phenoxybenzamine hydrochloride,-0.000759788222072273,0.415,3695.0,0.12476319350473614
Phenoxymethylpenicillin (Penicillin V),0.02794056399067492,0.299,13748162.0,0.06322306938192902
Phenprocoumon,-0.03587716926301586,0.544,21.0,0.7142857142857143
Phentolamine/aviptadil,0.11001292714454626,0.132,56523.0,0.08824726217645915
Phenylbutazone,0.13370965482313157,0.119,251.0,0.14342629482071714
Phenylephrine hydrochloride,0.04260540728506688,0.278,704.0,0.15625
Phenylephrine hydrochloride and tropicamide,-0.06581543875043953,0.654,7.0,0.5714285714285714
Phenytoin,0.03910927939534827,0.324,76999.0,0.0767542435616047
Phenytoin sodium,0.05787105980457045,0.237,2586722.0,0.09217844051274161
Pholcodine,0.18960259793523235,0.061,65626.0,0.10875262853137475
Phosphates,-0.05106559447418606,0.654,215.0,0.14418604651162792
Phosphates (Rectal),0.12275373780578253,0.061,350614.0,0.07701917208097794
Physical Debridement Device,0.04610932910730711,0.281,127050.0,0.26853207398661944
Phytomenadione,-0.006684138606487385,0.492,38083.0,0.1494892734290891
Pilocarpine hydrochloride,0.03150501785335052,0.312,258072.0,0.06661706810502495
Pilocarpine nitrate,0.020320795527892635,0.36,47056.0,0.13906834410064603
Pimecrolimus,0.043096476162919235,0.26,420259.0,0.07086106424847534
Pimozide,0.04931252109790618,0.249,16591.0,0.13019106744620576
Pindolol,-0.043423927965012654,0.571,63.0,0.49206349206349204
Pioglitazone hydrochloride,0.008815932687982362,0.382,2780041.0,0.09884674362716234
Piperacillin sodium/tazobactam sodium,-0.11420107747000419,0.875,174.0,0.5114942528735632
Pipotiazine palmitate,0.01778147189267035,0.369,1.0,1.0
Piracetam,0.006193918518133756,0.375,35703.0,0.1327899616278744
Pirenzepine,0.11612875919185997,0.139,11273.0,0.09642508648984299
Pirfenidone,-0.01732538823213675,0.454,57.0,0.19298245614035087
Piroxicam,0.05858966338917452,0.212,1644854.0,0.20753817664060153
Pitolisant hydrochloride,-0.004332265901827511,0.432,2976.0,0.2758736559139785
Pivmecillinam hydrochloride,0.2643601997104606,0.031,1621331.0,0.08946044947021922
Pizotifen malate,0.12852587592706732,0.062,2609742.0,0.08926744482787954
Pneumococcal,0.046795665047182564,0.274,308416.0,0.0545659109773812
Podophyllotoxin,0.0641030168626689,0.205,24361.0,0.07778826813349206
Podophyllum resin,-0.12689038348701143,0.893,11.0,0.7272727272727273
Policosanol,-0.042547828110569945,0.672,6.0,1.0
Polihexanide,-0.03233036767272275,0.54,68.0,0.2647058823529412
Pollen allergy preparations,0.02911815400161401,0.325,3.0,1.0
Polymyxins,-0.1583572379171538,0.966,22.0,0.36363636363636365
Polyvinyl alcohol,-0.014820958604477146,0.476,77.0,0.18181818181818182
Ponatinib,0.029118154001614077,0.325,1.0,1.0
Posaconazole,0.059891670796629534,0.189,1782.0,0.09539842873176206
Potassium bicarbonate,-0.12340052114404289,0.896,160.0,0.25625
Potassium chloride,0.03289097397885091,0.286,653796.0,0.07112616167734279
Potassium citrate,0.08123168864009123,0.165,128129.0,0.06822030921961461
Potassium iodide,0.01778147189267035,0.369,1.0,1.0
Potassium permanganate,0.08740659072213428,0.114,33707.0,0.06331029163081853
Povidone iodine,-0.014302208939170656,0.464,473.0,0.25792811839323465
Powder 1 - 2.2 kcal/ml soup (0913011),0.06108206910423336,0.208,69170.0,0.0646233916437762
Powder 1 kcal/g peptide based formula (0913091),0.08504130066556426,0.155,2206.0,0.33363553943789664
Powder 1.3 kcal/ml milkshake pre-thickened (0913051),-0.04642538781009594,0.626,579.0,0.2452504317789292
Powder 1.3 kcal/ml milkshake pre-thickened (0913671),0.03126220666556271,0.306,1915.0,0.24595300261096606
Powder 1.4 - 1.6 kcal/ml milkshake with fibre (0913011),-0.07826036139260673,0.805,25280.0,0.08219936708860759
Powder 1.4 kcal/ml milkshake (0913021),0.2450363504290808,0.028,13703.0,0.09275341166167993
Powder 1.5 kcal/ml smoothie (0913011),0.053092214206862144,0.243,71434.0,0.07103060167427276
Powder 1.5 kcal/ml smoothie plant based (0913011),-0.011290230371637086,0.496,54582.0,0.08077754571104027
Powder 1.6 kcal/ml milkshake (0913011),0.1280642965444656,0.113,1410103.0,0.06022255111860623
Powder 1.6 kcal/ml milkshake with fibre (0913011),-0.07835797472794784,0.782,9339.0,0.09465681550487204
Powder 1.7 kcal/ml milkshake pre-thickened (0913051),-0.15955039467737828,0.973,2224.0,0.1506294964028777
Powder 1.7 kcal/ml milkshake pre-thickened (0913671),-0.06383819605232091,0.725,7433.0,0.23328400376698508
Powder 10g GMP protein equivalent (0913205),0.06426590204513757,0.192,1037.0,0.6644165863066538
Powder 10g GMP protein equivalent (0913206),0.08234277919059702,0.158,118.0,0.8728813559322034
Powder 10g protein equivalent (0913205),0.07101088909222997,0.17,954.0,0.6509433962264151
Powder 10g protein equivalent (0913221),0.06959603425191041,0.18,1676.0,0.4701670644391408
Powder 10g protein equivalent (0913222),0.07542158113847566,0.169,599.0,0.7328881469115192
Powder 10g protein equivalent (0913225),0.07901920013093582,0.169,1083.0,0.8670360110803325
Powder 10g protein equivalent (0913226),0.07641220591640954,0.172,10409.0,0.637717359976943
Powder 10g protein equivalent (0913227),0.08701869318540138,0.155,476.0,0.6092436974789915
Powder 15g GMP protein equivalent (0913205),-0.08445816599021608,0.748,1597.0,0.8741390106449592
Powder 15g protein equivalent (0913201),-0.07467996130850789,0.709,329.0,0.9300911854103343
Powder 15g protein equivalent (0913204),-0.07242023579438316,0.722,354.0,0.576271186440678
Powder 15g protein equivalent (0913205),-0.051634930396267605,0.664,2665.0,0.8108818011257035
Powder 15g protein equivalent (0913206),-0.1196387694289579,0.902,105.0,0.7619047619047619
"Powder 2 kcal/ml m/sk higher volume, higher energy (0913011)",0.10800293579815358,0.131,116046.0,0.11323957740895851
Powder 2.3 - 2.4 kcal/ml milkshake lower volume (0913011),-0.010708516402145202,0.468,374984.0,0.07237908817442877
Powder 2.6 kcal/g dessert style (milk based) (0913011),-0.05692412001796701,0.709,8329.0,0.1295473646296074
Powder 2.6 kcal/ml dessert style (milk based) (0913011),0.004377316642192854,0.43,15240.0,0.11213910761154855
Powder 2.7 kcal/ml milkshake pre-thickened (0913051),-0.07859370007269235,0.755,6.0,0.5
Powder 2.7 kcal/ml milkshake pre-thickened (0913671),-0.1675989577180827,1.0,1.0,1.0
Powder 20g GMP protein equivalent (0913205),-0.08886606761359984,0.778,14610.0,0.6841889117043121
Powder 20g protein equivalent (0913201),0.06411257755265913,0.202,1022.0,0.4471624266144814
Powder 20g protein equivalent (0913204),0.04549287097840086,0.272,598.0,0.5919732441471572
Powder 20g protein equivalent (0913205),0.06417217212386953,0.2,8517.0,0.4454620171421862
Powder 20g protein equivalent (0913206),0.07383028202769355,0.182,337.0,0.5281899109792285
Powder 25g protein equivalent per 100g (0913207),0.07759094650398567,0.178,427.0,0.3747072599531616
Powder 28g protein equivalent per 100g (0913223),0.08526212966594739,0.144,21.0,0.9523809523809523
Powder 3.7 kcal/g energy and protein fortifier (0913081),0.0327702009040436,0.283,13930.0,0.19827709978463748
Powder 39g protein equivalent per 100g (0913201),0.08875287007252737,0.149,6.0,0.6666666666666666
Powder 39g protein equivalent per 100g (0913204),0.0787900392050156,0.171,111.0,0.8288288288288288
Powder 39g protein equivalent per 100g (0913205),0.0983192351280685,0.144,1242.0,0.45893719806763283
Powder 3:1 formula (0913181),0.08627370926979451,0.147,3186.0,0.8050847457627118
Powder 4.4 kcal/g amino acid based ONS with MCT (0913061),0.05473647781508144,0.24,246.0,0.3252032520325203
Powder 4.4 kcal/g juice style (0913061),0.07865786018278832,0.167,14059.0,0.32534319652891386
Powder 4.6 kcal/g peptide based formula (0913091),0.07694512991743434,0.169,1529.0,0.3132766514061478
Powder 4.7 kcal/g formula (0913093),0.16617914961005797,0.059,462.0,0.17316017316017315
Powder 4.8 kcal/g milk replacer (0913081),0.07567454169364533,0.198,20.0,0.5
Powder 4:1 formula (0913181),0.08507740364736449,0.147,5953.0,0.8310095750041996
Powder 5 kcal/g formula (0913092),0.06047932354206985,0.19,752.0,0.43882978723404253
Powder 5 kcal/g formula (0913093),0.022644208144044803,0.314,468.0,0.11965811965811966
"Powder 5 kcal/g high energy, low protein formula (0913094)",0.07661877031972998,0.17,3093.0,0.4280633688975105
Powder 5 kcal/g milkshake (0913062),0.021193227965295956,0.363,15154.0,0.0988517883067177
Powder 5g protein equivalent (0913203),-0.06874109883541575,0.702,123.0,0.5447154471544715
Powder 5g protein equivalent (0913204),-0.08237302085078257,0.738,580.0,0.8982758620689655
Powder 5g protein equivalent (0913207),-0.090711696231731,0.782,1570.0,0.6089171974522293
Powder 5g protein equivalent (0913209),-0.038365428487617696,0.567,357.0,0.6274509803921569
Powder 5g protein equivalent (0913221),-0.05221593368018932,0.646,620.0,0.8483870967741935
Powder 5g protein equivalent (0913222),-0.07338481511900417,0.703,220.0,0.9772727272727273
Powder 5g protein equivalent (0913224),0.0786322983840798,0.161,144.0,0.7986111111111112
Powder 5g protein equivalent (0913225),-0.07354134514276388,0.703,326.0,0.9294478527607362
Powder 5g protein equivalent (0913226),0.05694370729268075,0.219,4679.0,0.5394315024577901
Powder 5g protein equivalent (0913227),-0.06406026271314985,0.694,98.0,0.9387755102040817
Powder 6.7 kcal/g energy and protein fortifier (0913141),0.026844962237969706,0.326,39076.0,0.1900143310471901
Powder 77g protein equivalent per 100g (0913202),0.0838625258523217,0.16,81.0,0.9753086419753086
Powder 77g protein equivalent per 100g (0913203),0.11604838418095882,0.081,30.0,1.0
Powder 77g protein equivalent per 100g (0913204),0.06352607928964636,0.193,156.0,0.7115384615384616
Powder 77g protein equivalent per 100g (0913206),0.08074041607607788,0.176,8.0,0.5
Powder 79g protein equivalent per 100g (0913205),0.10348869896001314,0.137,171.0,0.9239766081871345
Powder OTC ONS (0913311),0.12772637014026147,0.095,13846.0,0.42857142857142855
Powder OTC follow on formula (0913511),0.060291006775779636,0.214,360.0,0.19166666666666668
Powder OTC infant formulae (0913501),-0.006413210555511764,0.464,582.0,0.12714776632302405
Powder OTC milkshake meal replacer (0913521),-0.03327544144148327,0.537,1.0,1.0
Powder OTC or discontinued soup (0913311),0.10844882832835273,0.104,16113.0,0.47855768634022217
Powder amino acid formula (0913107),-0.038626190219104205,0.656,590287.0,0.08903126784089774
Powder amino acid formula (0913131),0.0792329801263224,0.17,82715.0,0.2272622861633319
Powder amino acid semi solid  (0913131),0.03195826661280561,0.288,2543.0,0.0971293747542273
Powder carbohydrate supplement (0913191),-0.057880792520503814,0.648,16.0,0.75
Powder carbohydrate supplement (0913193),-0.010529270739014593,0.505,2465.0,0.09208924949290061
Powder delisted probiotic (0913531),0.1073675429233369,0.103,21253.0,0.08356467322260387
Powder disc or non ACBS carbohydrate supplement (091344),0.007153548934123341,0.36,38.0,0.39473684210526316
Powder disc or non ACBS infant formula (0913444),0.060289767917772845,0.203,62.0,0.5483870967741935
Powder disc or non ACBS lactose free formula (0913352),-0.02357492336360893,0.52,35091.0,0.10105155167991793
Powder disc or non ACBS pre-thickened formula (0913356),0.0778748877957041,0.166,17796.0,0.12261182288154641
Powder disc or non ACBS thickener - gum based (0913411),-0.07473148320030759,0.739,432.0,0.18055555555555555
Powder disc or non ACBS thickener - starch based (0913411),0.12008800340323092,0.118,1031.0,0.09893307468477207
Powder discontinued amino acid formula (0913355),6.514205019232933e-05,0.417,17.0,0.29411764705882354
Powder discontinued amino acid formula (0913361),0.08669883439316377,0.149,94.0,0.7127659574468085
Powder discontinued extensively hydrolysed formula (0913351),-0.05246007507894473,0.642,31.0,0.1935483870967742
Powder energy (carbohydrate and fat) fortifier (0913211),0.014520042303070087,0.355,2748.0,0.45269286754002913
Powder energy (carbohydrate) fortifier (0913211),0.06270044386811681,0.202,18929.0,0.16831317026784298
Powder essential fatty acid supplement (0913212),0.043844011215676,0.261,4215.0,0.3157769869513642
Powder extensively hydrolysed formula (0913101),0.10472226457768564,0.124,1426258.0,0.07557117996884154
Powder extensively hydrolysed formula (0913132),-0.02846061012309661,0.543,15085.0,0.07610208816705337
Powder extensively hydrolysed formula rice based (0913101),0.052304221421993036,0.232,1301.0,0.07532667179093006
Powder extensively hydrolysed formula with MCT (0913102),0.10999013968521992,0.115,16790.0,0.10964860035735557
Powder fibre fortifier (0913151),0.06312860135514511,0.194,38145.0,0.19782409227945996
Powder flavour additive (0913301),0.085562430739229,0.149,1379.0,0.551849166062364
Powder flavour additive (0913302),-0.04451341937232563,0.629,3161.0,0.7994305599493831
Powder infant formula (0913231),0.08258244068717312,0.159,568.0,0.7746478873239436
Powder infant formula (0913232),0.08099724790151576,0.168,254.0,0.905511811023622
Powder infant formula (0913233),0.08025094849332076,0.165,37.0,0.918918918918919
Powder infant formula (0913234),0.10168067963148553,0.13,9.0,0.6666666666666666
Powder infant formula (0913235),0.0842211470407222,0.169,36.0,1.0
Powder infant formula (0913236),0.08425114105921686,0.15,324.0,0.7314814814814815
Powder infant formula (0913237),0.07130478952958183,0.184,2772.0,0.5010822510822511
Powder infant formula (0913238),0.0840249717817539,0.152,103.0,0.9514563106796117
Powder infant formula (0913242),0.09767300049195865,0.124,684.0,0.23538011695906433
Powder infant formula (0913251),0.08057680988967406,0.164,3091.0,0.44548689744419284
Powder lactose free formula (0913105),0.14470820982688434,0.088,27452.0,0.07037738598280635
Powder low calcium infant formula (0913109),0.07857687569363861,0.159,1715.0,0.23965014577259475
Powder micronutrient supplement (0913284),0.0798464367251192,0.163,7221.0,0.43761251904168397
Powder micronutrient supplement (0913291),0.07463804705948407,0.169,53768.0,0.2932785299806576
Powder pre-thickened drink (0913171),-0.12542396743685216,0.898,40.0,0.475
Powder pre-thickened formula (0913108),-0.004220755035938519,0.419,7673.0,0.09344454580998306
Powder preterm human milk fortifier (0913651),-0.013840093524215035,0.443,1417.0,0.18136908962597037
Powder preterm infant formula (0913111),0.20064118765678648,0.049,201038.0,0.06107800515325461
Powder single L-amino acid supplement (0913213),-0.07968064864606184,0.734,7096.0,0.7833990980834273
Powder slow release carbohydrate supplement (0913192),0.01104461784409089,0.377,3530.0,0.37960339943342775
Powder soya based formula,-0.009881410272027645,0.467,57.0,0.15789473684210525
Powder soya based formula (0913106),0.15054628595152605,0.098,2995.0,0.08113522537562605
Powder thickener - gum based (0913161),-0.017781736251218795,0.531,1462253.0,0.07424570166722175
Powder thickener - starch based (0913161),0.1060120915388405,0.146,216687.0,0.10286265442781524
Powder: 5g protein equivalent (0913691),-0.02056202887000826,0.485,148.0,0.668918918918919
Pramipexole,0.20293861357921028,0.033,2734476.0,0.08528580978586026
Prasterone,-0.020221105453928287,0.503,30472.0,0.07639800472564978
Prasugrel,0.16315168274330918,0.028,672598.0,0.10355516965557436
Pravastatin sodium,-0.01945062723165437,0.554,11202233.0,0.07639280489880901
Praziquantel,-0.00334952968840964,0.413,365.0,0.0547945205479452
Prazosin hydrochloride,0.00993236011166269,0.406,164166.0,0.06995967496314706
Prednisolone,0.18809029381722725,0.02,35225135.0,0.06678361914013957
Prednisolone acetate,0.05111334048866049,0.242,586676.0,0.11747029024538246
Prednisolone sodium metasulphobenzoate,-0.012570323742546942,0.471,63701.0,0.08211802012527276
Prednisolone sodium phosphate,0.1060541676467668,0.133,347414.0,0.09779398642541752
Prednisone,-0.07178935814026348,0.717,5.0,0.4
Pregabalin,0.07305939977661702,0.171,45484707.0,0.07885824129855339
Pressure Offloading Device,0.03335985870718097,0.297,144939.0,0.25659760312959246
Pressure Plates/Shields,0.6620444168853007,0.004,6184.0,0.4298188874514877
Pridinol mesilate,-0.062216847452205404,0.681,4417.0,0.13991396875707493
Prilocaine hydrochloride,0.03646863671718557,0.273,1251.0,0.6123101518784972
Primaquine,0.07217859116105219,0.199,23.0,0.13043478260869565
Primidone,0.010113977735846848,0.366,871538.0,0.06891724744073122
Pristinamycin,-0.006126520746079648,0.421,76.0,0.5394736842105263
Probenecid,-0.034920416629715005,0.566,3124.0,0.11299615877080665
Procarbazine hydrochloride,-0.030802711462667193,0.538,46.0,0.15217391304347827
Prochlorperazine maleate,0.09293278311568337,0.157,7605854.0,0.05647728710017311
Prochlorperazine mesilate,0.06024523408380028,0.22,24922.0,0.05557338897359763
Procyclidine hydrochloride,0.31324783119505545,0.024,4568318.0,0.07638281748337133
Progesterone,0.17210879649852098,0.046,10275513.0,0.06739702436267658
Proguanil hydrochloride,0.02613673037831724,0.296,66.0,0.10606060606060606
Proguanil hydrochloride with atovaquone,0.15281059311207468,0.089,3665.0,0.08021828103683493
Promazine hydrochloride,0.0512966356290657,0.252,549239.0,0.6507804434863511
Promethazine hydrochloride,0.053736667860305634,0.223,12013952.0,0.07380419032804526
Promethazine teoclate,-0.031062207183621182,0.573,145899.0,0.09372236958443855
Propafenone hydrochloride,-0.01132715599430047,0.483,79395.0,0.05975187354367403
Propamidine isetionate,-0.03331308435863842,0.625,2202.0,0.0631244323342416
Propantheline bromide,0.35665375752202394,0.001,326660.0,0.1006183799669381
Propiverine hydrochloride,0.019543147806793927,0.35,111518.0,0.10971323015118635
Propranolol hydrochloride,0.06395291682851649,0.238,36839004.0,0.08199700513075761
Propylthiouracil,0.15719913889815404,0.063,249289.0,0.06459972160825388
Prosthetic Adhesives,0.21444862467863515,0.045,591.0,0.11844331641285956
Proxymetacaine hydrochloride,-0.06592116513794816,0.706,767.0,0.09517601043024772
Prucalopride,0.00125800230783716,0.436,963900.0,0.1022450461666148
Pseudoephedrine hydrochloride,0.12460994954778457,0.109,84678.0,0.12680979711377216
Pseudoephedrine hydrochloride combinations,0.0550756850718652,0.2,3.0,0.6666666666666666
Pulsed Electromagnetic Stimulator,-0.14285554774374823,0.972,2040.0,0.8441176470588235
Pyrazinamide,0.14632638966068065,0.079,376.0,0.18882978723404256
Pyridostigmine bromide,0.10077625940683071,0.118,404854.0,0.06231135174655555
Pyridoxine hydrochloride,0.04865500514025972,0.247,454222.0,0.06576299694862864
Pyrimethamine,-0.11905727059289188,0.876,1145.0,0.2034934497816594
Quetiapine,-0.03846285098297652,0.602,22214116.0,0.06490391064852637
Quinagolide hydrochloride,-0.1527984850937754,0.973,20209.0,0.18462071354347073
Quinapril hydrochloride,0.031039714823565597,0.314,8324.0,0.12097549255165786
Quinapril hydrochloride with diuretic,-0.1092266735598396,0.871,477.0,0.18238993710691823
Quinidine sulfate,-0.054022264772987674,0.632,249.0,0.15261044176706828
Quinine bisulfate,0.09956756768960776,0.135,1009371.0,0.06212383751861308
Quinine sulfate,-0.05711790618790328,0.652,10415825.0,0.05982060950524802
Rabeprazole sodium,0.18542360866026053,0.047,1494450.0,0.07348723610692898
Rabies,0.04750752750463393,0.24,1628.0,0.06326781326781326
Rabies immunoglobulin,-0.05063251780719539,0.624,7.0,0.2857142857142857
Racecadotril,-0.12169678749270978,0.928,1.0,1.0
Raloxifene hydrochloride,0.03522285988270372,0.328,184204.0,0.0804759940066448
Raltegravir,0.02917918371773867,0.302,254.0,0.5748031496062992
Ramipril,0.23880183602438243,0.025,165620713.0,0.07029757805716004
Ramipril with calcium channel blocker,-0.016151295324123977,0.507,8701.0,0.0545914262728422
Ranibizumab,-0.03941515623843539,0.559,8.0,0.25
Ranitidine hydrochloride,0.15247487030795126,0.088,32635.0,0.0769112915581431
Ranolazine,0.007839938171415248,0.402,4544952.0,0.12317049773022905
Rasagiline mesilate,0.042742917822986976,0.279,959681.0,0.07333895325634247
Ready to serve 0.9 kcal/ml juice style liquid (0913061),0.1032967561976956,0.127,3361.0,0.22047009818506397
Ready to serve 1 - 1.3 kcal/ml m/sk lower energy (0913011),0.15063298167168598,0.073,47453.0,0.13438560259625312
Ready to serve 1 kcal/ml milkshake (0913061),0.04285110169633281,0.266,2729.0,0.3704653719311103
Ready to serve 1 kcal/ml milkshake lower energy (0913021),-0.03740596087941365,0.582,56273.0,0.16853553213797026
Ready to serve 1 kcal/ml milkshake style (0913091),-0.02829678997788029,0.513,13972.0,0.41604637847122816
Ready to serve 1.3 - 1.5 kcal/ml milkshake (0913031),-0.05433869956297259,0.648,47.0,0.1276595744680851
Ready to serve 1.3 - 1.5 kcal/ml milkshake (0913631),-0.13688492138294317,0.945,2.0,0.5
Ready to serve 1.5 kcal/ml juice style (0913011),0.11830506402196851,0.048,1193271.0,0.09173523868425529
Ready to serve 1.5 kcal/ml juice style (0913021),0.045584409408696985,0.241,16439.0,0.0838250501855344
Ready to serve 1.5 kcal/ml milkshake (0913011),0.1389404865711634,0.08,2888634.0,0.11338092676330751
Ready to serve 1.5 kcal/ml milkshake (0913021),0.06339701879536053,0.219,86837.0,0.14504186003662034
Ready to serve 1.5 kcal/ml milkshake (0913091),0.006705071755435378,0.368,4858.0,0.3653766982297242
Ready to serve 1.5 kcal/ml milkshake (0913311),0.12980677474165433,0.127,816.0,0.11151960784313726
Ready to serve 1.5 kcal/ml milkshake lower volume (0913041),0.030437749246072655,0.294,33.0,0.18181818181818182
Ready to serve 1.5 kcal/ml milkshake lower volume (0913641),0.055933883811023405,0.197,1.0,1.0
Ready to serve 1.5 kcal/ml milkshake plant based (0913011),0.07780594883418529,0.161,16214.0,0.1424077957320834
Ready to serve 1.5 kcal/ml milkshake with fibre (0913021),0.06999843499314254,0.189,141943.0,0.1317500686895444
Ready to serve 1.5 kcal/ml smoothie (0913021),0.10767651020017713,0.116,15149.0,0.13802891279952473
Ready to serve 1.5 kcal/ml yoghurt style drink (0913011),0.022706685304410786,0.313,14034.0,0.08849935870029928
Ready to serve 1.5 kcal/ml yoghurt style drink (0913311),0.036086535445183525,0.262,1140.0,0.12894736842105264
Ready to serve 1.6 kcal/ml milkshake lower volume (0913031),-0.024415035177942402,0.522,203.0,0.1625615763546798
Ready to serve 1.6 kcal/ml milkshake lower volume (0913631),0.02403685801764531,0.311,3.0,0.6666666666666666
Ready to serve 1.8 kcal/ml milkshake (0913081),-0.0671064714477626,0.74,3607.0,0.11533130024951484
Ready to serve 100% MCT liquid (0913181),0.08420127822022017,0.158,9500.0,0.43536842105263157
Ready to serve 10g GMP protein equivalent (0913205),0.09017441085074594,0.146,194.0,0.9278350515463918
Ready to serve 10g protein equivalent (0913201),-0.08126327165495736,0.737,348.0,0.9425287356321839
Ready to serve 10g protein equivalent (0913204),-0.003935562388901024,0.43,404.0,0.8118811881188119
Ready to serve 10g protein equivalent (0913205),0.05880722535954723,0.21,5172.0,0.44895591647331784
Ready to serve 10g protein equivalent (0913206),-0.042984274427293474,0.588,255.0,0.9176470588235294
Ready to serve 10g protein equivalent (0913222),0.08497839768355982,0.15,43.0,0.9302325581395349
Ready to serve 10g protein equivalent (0913225),-0.07599810884191728,0.728,331.0,0.8157099697885196
Ready to serve 10g protein equivalent (0913226),0.07167773319560009,0.183,2509.0,0.557194101235552
Ready to serve 10g protein equivalent (0913227),0.08180773908198678,0.169,39.0,0.9743589743589743
Ready to serve 15g GMP protein equivalent (0913205),-0.14324477594541338,0.963,1917.0,0.8236828377673449
Ready to serve 15g protein equivalent (0913201),-0.07365470332109367,0.7,663.0,0.8989441930618401
Ready to serve 15g protein equivalent (0913204),-0.05523535623565465,0.66,747.0,0.8835341365461847
Ready to serve 15g protein equivalent (0913205),-0.07323064968444959,0.704,3983.0,0.8958071805171981
Ready to serve 15g protein equivalent (0913206),-0.06649261344719704,0.699,510.0,0.9254901960784314
Ready to serve 15g protein equivalent (0913226),-0.12473968668593241,0.884,102.0,0.7549019607843137
"Ready to serve 2 kcal/ml milkshake, lower volume (0913081)",0.08685640770168376,0.157,6563.0,0.3074813347554472
Ready to serve 2.4 kcal/ml milkshake higher volume (0913011),-0.021519639956292247,0.506,243179.0,0.08746232199326422
Ready to serve 2.4 kcal/ml milkshake lower volume (0913011),0.07608713303153451,0.184,2507157.0,0.0693163611213817
Ready to serve 2.4 kcal/ml milkshake lower volume (0913021),-0.006405884968641724,0.427,47524.0,0.21755323625957412
Ready to serve 2.4 kcal/ml milkshake lower volume (0913051),0.21550275102773755,0.044,22767.0,0.1263231870690034
Ready to serve 2.5:1 milkshake with fibre (0913181),0.08509973371006602,0.148,2070.0,0.9082125603864735
Ready to serve 20% MCT liquid (0913181),-0.07004249468133682,0.725,906.0,0.5463576158940397
Ready to serve 20g GMP protein equivalent,-0.07129417957798867,0.704,3173.0,0.8644815631894106
Ready to serve 20g GMP protein equivalent (0913206),-0.07422804467884228,0.709,674.0,0.913946587537092
Ready to serve 20g protein equivalent (0913201),0.019327992084268327,0.343,1452.0,0.6053719008264463
Ready to serve 20g protein equivalent (0913204),0.054879955271205566,0.22,1007.0,0.4031777557100298
Ready to serve 20g protein equivalent (0913205),0.0515561449890166,0.242,25157.0,0.49004253289342925
Ready to serve 20g protein equivalent (0913206),-0.0028145151247096776,0.419,491.0,0.6578411405295316
Ready to serve 3.3 kcal/ml higher protein dessert (0913141),0.2927453789985625,0.031,20909.0,0.1561528528384906
Ready to serve 33.5% MCT liquid (0913181),-0.07939117073456409,0.733,4218.0,0.7581792318634424
Ready to serve 3:1 dessert (0913181),-0.03268375987493203,0.551,8299.0,0.47246656223641403
Ready to serve 4.5 - 5 kcal/ml energy (fat) liquid (0913142),0.07118535989399975,0.178,128757.0,0.20822945548591532
Ready to serve 4:1 milkshake with fibre (0913181),0.07755304560812919,0.171,14155.0,0.698127870010597
Ready to serve 50% MCT liquid (0913181),0.0829341181334268,0.164,12212.0,0.6203734032099574
Ready to serve disc or non ACBS m/sk higher protein (091334),-0.0722949126616457,0.71,1.0,1.0
Ready to serve discontinued  pre-thickened drinks (0913421),0.008533999299858533,0.38,47.0,0.2978723404255319
Ready to serve discontinued dessert (0913311),-0.0007493443609150177,0.399,92.0,0.4673913043478261
Ready to serve discontinued juice (0913311),0.055933883811023405,0.197,4.0,1.0
"Ready to serve infant formula, high energy (0913104)",0.1252753773200778,0.1,132554.0,0.08657603693589028
Ready to serve non ACBS oil (0913481),0.07535627189841139,0.169,82.0,0.7804878048780488
Ready to serve non ACBS preparation for surgery ONS(0913341),0.3135347203988878,0.009,80.0,0.1375
Ready to serve pre-thickened drink (0913171),0.013849880147558108,0.377,935.0,0.12941176470588237
Ready to serve preterm infant formula (0913111),0.05415944803719608,0.209,38540.0,0.08199273482096522
Reboxetine,0.19106228932087702,0.033,110416.0,0.12867700333285031
Relugolix,0.1301898462032024,0.088,19466.0,0.08337614301859653
Repaglinide,0.2245477108134364,0.046,196486.0,0.41997903158494754
Respiratory Syncytial Virus (RSV),-0.17222083803775426,0.967,3710.0,0.15714285714285714
Ribavirin,-0.005015601699220018,0.418,16.0,0.4375
Ribociclib,-0.0845546778358878,0.739,8.0,0.5
Riboflavin,0.07301445280225134,0.169,66729.0,0.1236643738104872
Rifabutin,0.06879957769567503,0.222,1020.0,0.10588235294117647
Rifampicin,0.1218663557087484,0.084,74068.0,0.11273424420802505
Rifampicin combined preparations,0.19050570234123232,0.062,4755.0,0.3327024185068349
Rifaximin,0.15668221296806525,0.083,565081.0,0.16908726359583848
Rilpivirine,-0.0066948785690406016,0.443,11.0,0.36363636363636365
Riluzole,0.12924565946994424,0.101,105986.0,0.08109561640216632
Rimegepant,-0.0417354142379461,0.64,82526.0,0.08874778857572159
Rimexolone,-0.0577017421019686,0.645,7.0,0.2857142857142857
Riociguat,-0.012617538782579766,0.43,7.0,0.2857142857142857
Risankizumab (Crohn's),-0.03327544144148327,0.537,1.0,1.0
Risedronate sodium,-0.0029127094665263803,0.42,3627197.0,0.09870927881777582
Risperidone,0.2344362803575515,0.035,8979366.0,0.06500236208213364
Ritlecitinib,-0.04138948015229755,0.573,2.0,0.5
Ritonavir,0.14368828293928979,0.088,141.0,0.23404255319148937
Rituximab,0.12898078423501502,0.127,12.0,0.25
Rivaroxaban,0.12001547859708166,0.104,22417470.0,0.069042938386892
Rivastigmine,0.03030626145479533,0.362,2004390.0,0.07319334061734493
Rizatriptan,-0.008699664521517231,0.476,1810507.0,0.07346616168841104
Roflumilast,-0.02960839677875887,0.53,45235.0,0.1548358571902288
Romiplostim,0.013077675937141939,0.359,6.0,0.3333333333333333
Romosozumab,0.03525024991638097,0.254,6.0,0.5
Ropinirole hydrochloride,0.17635258056070574,0.049,3274858.0,0.07918297526182815
Ropivacaine hydrochloride,0.021268710398950647,0.332,54.0,0.9814814814814815
Rosiglitazone,-0.1675989577180827,1.0,2.0,1.0
Rosuvastatin calcium,0.2624906434126823,0.011,24270302.0,0.06706645018261413
Rotavirus,-0.10317730901847147,0.83,133.0,0.18045112781954886
Rotigotine,-0.02409184174600128,0.56,643928.0,0.0600377681976867
Roxadustat,0.025966950320404438,0.311,511.0,0.1898238747553816
"RtS  2.4 kcal/ml m/sk high volume, higher protein (0913011)",-0.12497398924873843,0.893,12.0,0.3333333333333333
"RtS  2.4 kcal/ml m/sk lower volume, higher protein (0913011)",0.15980678205556909,0.081,1207430.0,0.15681571602494554
RtS 1 kcal/ml milkshake lower energy with fibre (0913021),-0.008229034143053307,0.431,58816.0,0.23908460282916214
RtS 1.3 kcal/g dessert style (fruit based) (0913051),0.05428138739125941,0.233,4178.0,0.16323599808520822
RtS 1.3 kcal/ml dessert style (fruit based) (0913051),0.06910599364686326,0.191,4473.0,0.14777554214173932
RtS 1.4 - 2 kcal/g dessert style (milk based) (0913011),0.04314955298924995,0.274,249320.0,0.08150168458206321
RtS 1.4 - 2 kcal/ml dessert style (milk based) (0913011),0.014108610319038073,0.362,286872.0,0.07504043615270922
RtS 1.4 - 2 kcal/ml dessert style (milk based) (0913311),-0.12491703438145493,0.914,532.0,0.15225563909774437
RtS 1.4 kcal/ml energy and higher protein liquid (0913141),0.10468991811065796,0.162,33713.0,0.16091715362026518
RtS 1.4-1.5kcal/ml energy & higher protein liquid (0913141),0.12034246774962334,0.134,40602.0,0.1571843751539333
RtS 1.5 - 1.6 kcal/ml milkshake higher protein (0913011),-0.05130371930214759,0.607,213951.0,0.10609906006515511
RtS 1.5 - 1.6 kcal/ml milkshake with fibre (0913011),-0.09516219320616742,0.817,94838.0,0.22219996204053227
RtS 1.5 kcal/g dessert style (milk based) (0913021),0.13698410309377265,0.089,34515.0,0.15120961900622917
"RtS 1.5 kcal/ml m/sk higher protein, higher energy (0913061)",0.01518024097553816,0.343,56299.0,0.19826284658697313
"RtS 1.5kcal/ml m/sk, higher protein, pre-thickened (0913051)",-0.04051810186485154,0.62,52798.0,0.13968332133792946
RtS 1.6 kcal/g dessert style (fruit based) (0913011),-0.06521007327122572,0.664,171.0,0.32748538011695905
RtS 1.6 kcal/ml dessert style (fruit based) (0913011),-0.062295714037273374,0.66,236.0,0.22033898305084745
RtS 2 - 2.4 kcal/ml m/sk lower volume with fibre (0913011),0.08710586649312445,0.15,120455.0,0.35961147316425224
"RtS 2 kcal/ml m/sk high protein, high energy+fibre (0913011)",-0.06675513564589197,0.692,44423.0,0.18134750016883147
RtS 2-2.4 kcal/ml m/sk hi prot hi eng plant based (0913011),0.06828380186212435,0.181,318.0,0.1761006289308176
"RtS 2-2.4 kcal/ml m/sk higher protein,higher energy(0913011)",0.02088433800024178,0.322,760683.0,0.11425915920297942
RtS 2.4 kcal/ml dessert style (milk based) (0913051),0.0899986943171121,0.127,1545.0,0.12427184466019417
RtS 2.4 kcal/ml milkshake lower volume with fibre (0913021),0.09397138186613267,0.142,65400.0,0.25629969418960247
RtS 2.5 kcal/ml energy (carbohydrate) liquid (0913142),0.07892749012742128,0.162,3260.0,0.3122699386503067
RtS 3.3 - 4 kcal/ml energy with protein liquid (0913141),0.09931596148979104,0.132,408097.0,0.10420561778204691
RtS 3.3 kcal/ml energy and higher protein liquid (0913141),0.01618713127603442,0.349,37117.0,0.15356844572567827
RtS OTC dietary supp for early alzheimers disease (0913551),-0.13857324782780195,0.924,474.0,0.1729957805907173
RtS disc condition specific complete infant formula(0913381),-0.08382620421736442,0.765,1.0,1.0
RtS disc or non ACBS energy and protein fortifier (0913391),-0.09695328933705756,0.811,1880.0,0.09042553191489362
"RtS extensively hydrolysed formula, high energy (0913103)",0.08862055480969407,0.151,23219.0,0.22528963348981437
Rufinamide,0.08951128112865557,0.177,63323.0,0.09435750043428139
Rupatadine fumarate,0.002678303524046438,0.388,12108.0,0.1057978196233895
Rutosides,-0.11734786071595762,0.881,33270.0,0.10138262699128343
Ruxolitinib,-0.08047480497646564,0.734,62.0,0.3870967741935484
Ryeqo,-0.061857098530277814,0.719,46224.0,0.15206386292834892
Sacrosidase,-0.021323195341961396,0.453,32.0,0.78125
Sacubitril/valsartan,0.1301787112031132,0.103,5879926.0,0.0881800213131934
Safinamide,0.12749820974220952,0.129,156643.0,0.1199032194225085
Salbutamol,0.3299304513154701,0.001,101506978.0,0.06863264119635204
Salicylic acid,0.31502206671606814,0.033,414308.0,0.09715960106973556
Salmeterol,-0.01563174523969817,0.466,830709.0,0.06937688167577334
Sapropterin,0.10464998326009693,0.153,6.0,1.0
Sarilumab,-0.0688245559978345,0.715,5.0,0.8
Saxagliptin,-0.015452037067194545,0.466,585777.0,0.08927117315975192
Saxagliptin/dapagliflozin,-0.09829498997904054,0.855,42824.0,0.2305015878946385
Saxagliptin/metformin,0.07011217654120101,0.171,30536.0,0.15764998690070736
Secnidazole,0.042689735818508656,0.252,1.0,1.0
Secobarbital sodium,-0.1034425383216644,0.853,1701.0,0.18342151675485008
Secukinumab,-0.051662338258853274,0.658,94.0,0.7553191489361702
Selegiline hydrochloride,0.01797524384506756,0.322,73598.0,0.05353406342563657
Selenium,-0.020514181558721784,0.468,6055.0,0.16218001651527664
Selenium sulfide,0.33070095157145807,0.018,63063.0,0.08727780156351585
Semaglutide,-0.04583895360688667,0.675,6005334.0,0.07696491152698584
Senna,0.26194907205328233,0.005,21802371.0,0.08046212038131083
Sennosides,0.00874618088813749,0.38,412391.0,0.07784117500139431
Sertraline hydrochloride,0.10872556681495624,0.157,115001208.0,0.07879390275622149
Sevelamer,0.26847089221509635,0.04,416961.0,0.13211787193526492
Shingles (H/Z),-0.1655121386424354,0.982,27683.0,0.12050717046562873
Sildenafil (Erectile Dysfunction),0.04681539140559033,0.275,16893524.0,0.07500939413233142
Sildenafil(Vasodilator Antihypertensive),0.08239245560424517,0.13,16684.0,0.07737952529369456
Silk Garments,0.10367062972654499,0.178,34527.0,0.1361543140151186
Silver nitrate,0.22210949984512504,0.009,31481.0,0.06797751024427433
Silver sulfadiazine,0.2619837226693964,0.045,114006.0,0.0693910846797537
Simeticone,0.29116900298138904,0.031,94507.0,0.07557112171585173
Simple,0.20733859619753736,0.052,272036.0,0.1612654207531356
Simvastatin,0.005903588427146134,0.441,70908198.0,0.06649927840501602
Simvastatin and ezetimibe,0.10884810139764689,0.122,46348.0,0.09338051264347977
Siponimod,-0.1757325666851042,0.988,14.0,0.7142857142857143
Sirolimus,0.21987261732566563,0.055,22919.0,0.1229983856189188
Sitagliptin,0.18962420948740108,0.073,12154343.0,0.08291850904651941
"Skin Adhesive, Sterile",0.1676048170320441,0.102,3863.0,0.11234791612736215
"Skin Closure Strips, Sterile",0.08271781086891422,0.179,291965.0,0.055640230849588135
Skin Fillers And Protectives,0.6761972561389094,0.001,18046031.0,0.09717200419305497
Skin Protectors,0.6567667950826616,0.003,1474101.0,0.33446147855540426
"Skin protectives,fillers and cleansers",-0.042105457890260996,0.578,32.0,0.5
Sodium aurothiomalate,0.13837299695028,0.117,7.0,0.5714285714285714
Sodium benzoate,-0.047398204760627644,0.621,2126.0,0.12699905926622765
Sodium bicarbonate,0.14395584580726672,0.11,2729057.0,0.0962325081520833
Sodium chloride,-0.015297571228797076,0.536,1738895.0,0.0720653058407782
Sodium citrate,0.03624676181894362,0.282,6474.0,0.10395427865307383
Sodium citrate (Rectal),0.02551568414050677,0.356,418045.0,0.08313698286069682
Sodium clodronate,-0.03476676902676509,0.525,36485.0,0.10371385500890777
Sodium cromoglicate,0.281184824337218,0.035,3487606.0,0.07124055870990015
Sodium dihydrogen phosphate dihydrate,-0.03198715239790792,0.532,440.0,0.19772727272727272
Sodium feredetate,0.2111546291334344,0.056,972433.0,0.09866489516501394
Sodium fluoride,0.23756554175580302,0.018,7034496.0,0.06907488468257
Sodium fusidate,0.05388427126354025,0.211,142574.0,0.06075441525102754
Sodium hypochlorite,-0.0654125473979148,0.672,359.0,0.1392757660167131
Sodium lactate,0.002379339494680042,0.409,61.0,0.4098360655737705
Sodium oxybate,0.1022988935049522,0.164,9811.0,0.1415757822851901
Sodium phenylbutyrate,-0.12423226121424374,0.883,189.0,0.5026455026455027
Sodium picosulfate,0.07822995546367185,0.182,1139495.0,0.09301664333761886
Sodium polystyrene sulfonate,0.1748473223581702,0.084,798.0,0.19298245614035087
Sodium tetradecyl sulphate,-0.0024951082313793217,0.412,24.0,0.875
Sodium valproate,0.22900128992729682,0.038,11343690.0,0.08068679591914095
Sodium zirconium cyclosilicate,0.04295222228814727,0.283,59475.0,0.12955023118957545
Sofosbuvir/ledipasvir,-0.10689103192651601,0.832,7.0,0.5714285714285714
Sofosbuvir/velpatasvir,-0.11203165005645423,0.882,91.0,0.7362637362637363
Sofosbuvir/velpatasvir/voxilaprevir,-0.13974628353102028,0.96,1.0,1.0
Soft soap,-0.03335642142710361,0.515,9.0,0.3333333333333333
Solifenacin,0.1287316013319157,0.081,15164564.0,0.07292659386712338
Solifenacin/tamsulosin,0.016787746118614433,0.333,214509.0,0.10331967423278278
Soluble insulin (Neutral insulin),0.09367488492449219,0.155,142412.0,0.10141701542004887
Somapacitan,-0.09827010087765076,0.808,1.0,1.0
Somatrogon,-0.006023598725491407,0.431,655.0,0.2
Somatropin,0.0725545616383126,0.193,213724.0,0.12776758810428404
Sorafenib,-0.013487834505288458,0.431,1.0,1.0
Sotalol hydrochloride,0.010377031753638143,0.378,2065497.0,0.08222766723941018
Specialist food replacer 3:1 bread (0913181),0.039749923329462714,0.298,620.0,0.08225806451612903
Specialist food replacer 3:1 breakfast cereal (0913181),-0.03393146407676405,0.548,2016.0,0.08035714285714286
Specialist food replacer 3:1 confectionery (0913181),-0.01710723216552807,0.524,1642.0,0.07003654080389768
Specialist food replacer 3:1 ready meal (0913181),-0.03602497697091172,0.574,1331.0,0.11419984973703982
Specialist food replacer 3:1 savoury biscuit (0913181),-0.07564568995236264,0.823,1475.0,0.07728813559322034
Specialist food replacer 4.3:1 flour type mixes (0913181),-0.14608777180565144,0.962,192.0,0.4270833333333333
Specialist food replacer 4.5:1 flour type mixes (0913181),-0.14898800070694407,0.97,103.0,0.4368932038834951
Specialist food replacer 4.8:1 confectionary (0913181),0.053568573924603485,0.244,512.0,0.1171875
Specialist food replacer OTC or disc bread (0913461),0.013966244925430324,0.341,150.0,0.2866666666666667
Specialist food replacer OTC or disc pasta (0913461),-0.016041813130815104,0.458,27.0,0.2962962962962963
Specialist food replacer OTC pasta (0913461),-0.14097897078002317,0.923,18.0,0.2777777777777778
Specialist food replacer OTC pizza bases (0913461),0.12564841997805162,0.125,13.0,0.3076923076923077
Specialist food replacer OTC/disc breakfast cereal (0913461),-0.0704656061539067,0.716,25.0,0.32
Specialist food replacer OTC/disc flour additives (0913461),0.013761607519521398,0.366,222.0,0.1891891891891892
Specialist food replacer OTC/disc flour type mixes (0913461),-0.06683911495824875,0.661,66.0,0.3181818181818182
Specialist food replacer OTC/disc rolls/baguettes (0913461),0.06607395286229081,0.187,110.0,0.3
Specialist food replacer OTC/disc savoury biscuits (0913461),-0.14681016505358155,0.97,9.0,0.7777777777777778
Specialist food replacer OTC/disc sweet biscuits (0913461),0.064953060161891,0.196,4.0,0.5
Specialist food replacer bread (0913261),-0.13540486094696166,0.943,29793.0,0.6725069647232571
Specialist food replacer bread (0913271),0.05118703781971387,0.183,508473.0,0.0975784358264844
Specialist food replacer breakfast cereal (0913261),0.02143052691163716,0.332,20203.0,0.41280997871603226
Specialist food replacer cake mix (0913261),-0.06339861163266486,0.668,16228.0,0.5384520581710623
Specialist food replacer cakes (0913261),-0.13972647884019773,0.95,10376.0,0.8036815728604472
Specialist food replacer confectionery (0913261),-0.15016515319084742,0.972,12260.0,0.4711256117455139
Specialist food replacer desserts (0913261),-0.13920723784328265,0.961,12465.0,0.7615724027276374
Specialist food replacer egg (0913261),0.028905858975115255,0.305,4909.0,0.37441434100631493
Specialist food replacer flour type mixes (0913261),-0.03264243342984715,0.535,29997.0,0.36626996032936626
Specialist food replacer flour type mixes (0913271),0.06114367829393417,0.185,236871.0,0.10257481920539027
Specialist food replacer meat/fish (0913261),-0.14207266902945156,0.971,22169.0,0.7118949884974514
Specialist food replacer milk (0913261),0.01218358842812766,0.364,44034.0,0.5694009174728619
Specialist food replacer pasta (0913261),0.017462061089080664,0.337,66461.0,0.4052150885481711
Specialist food replacer pizza bases (0913261),-0.14180506418808927,0.969,10631.0,0.6847897657793246
Specialist food replacer ready meals (0913261),-0.1279205328001019,0.945,13374.0,0.7036040077762823
Specialist food replacer rice/cous cous (0913261),-0.008739079466272323,0.429,14067.0,0.5007464278097675
Specialist food replacer rolls/baguettes (0913261),-0.137735503441017,0.953,12518.0,0.6620067103371146
Specialist food replacer rolls/baguettes (0913271),0.045930807649966536,0.246,212101.0,0.10236632547701331
Specialist food replacer sauces (0913261),-0.14000116237384153,0.956,939.0,0.7156549520766773
Specialist food replacer savoury biscuits (0913261),0.07802220419630418,0.168,11312.0,0.6081152758132956
Specialist food replacer savoury snacks (0913261),-0.14513488707220304,0.954,7972.0,0.43728048168590067
Specialist food replacer soup (0913261),-0.1395914501593074,0.953,2669.0,0.7894342450355939
Specialist food replacer spreads (0913261),-0.13892004110734402,0.953,2103.0,0.8354731336186401
Specialist food replacer sweet biscuits (0913261),-0.13799821447526947,0.949,40560.0,0.7443047337278107
Spironolactone,0.004631460412097736,0.407,17358203.0,0.06658079756297354
Spironolactone with loop diuretics,-0.023361972143054403,0.532,5514.0,0.08560029017047516
Squill,0.1622987735992394,0.089,605.0,0.10743801652892562
Ster larvae,0.07443552184649432,0.197,1873.0,0.12600106780565937
Sterculia,0.2258983387203141,0.04,82978.0,0.0751283472727711
Sterile water,0.12579903859632974,0.117,4663.0,0.15612266781042247
Stiripentol,0.10372754828305607,0.111,14792.0,0.06591400757166035
Stockinette,0.07576250324561358,0.21,2306357.0,0.25836893421096563
Stoma Caps/Dressings,0.6450052184774695,0.003,84349.0,0.2850063426952305
Strontium ranelate,-0.05653179655986817,0.676,5026.0,0.12475129327497016
Sucralfate,0.07785733490038045,0.145,105963.0,0.11018940573596445
Sucrase,0.5814489679465901,0.001,54.0,0.5740740740740741
Sucroferric oxyhydroxide,0.10154998165523382,0.148,2748.0,0.22852983988355166
Sulfadiazine,-0.12833649139521228,0.916,777.0,0.17245817245817247
Sulfapyridine,-0.015219397085813137,0.451,92.0,0.18478260869565216
Sulfasalazine,0.18126971536747674,0.026,4226310.0,0.07816109088069735
Sulfinpyrazone,-0.032606109597775275,0.537,21.0,0.42857142857142855
Sulfur,-0.11992116675705015,0.904,375.0,0.31733333333333336
Sulindac,0.02834900854255898,0.334,4132.0,0.10043562439496612
Sulpiride,0.07471839610457227,0.169,440637.0,0.08784782031468079
Sultiame,0.04690886848439737,0.247,1267.0,0.1957379636937648
Sumatriptan succinate,0.13964933361113827,0.072,11652101.0,0.07350442636911575
Sumatriptan succinate/Naproxen sodium,-0.15362992817632773,0.976,61.0,0.11475409836065574
Surgical Adhesive Tape,0.09451720334109205,0.167,1108940.0,0.21489710895089004
Surgical Sutures,0.10047956844107471,0.15,350937.0,0.08318872048259374
Suspensory Systems,0.4348121539767999,0.021,98521.0,0.18207285756336214
Swabs,0.09737169239867004,0.11,1301343.0,0.1391800624431837
T/F fortifier non ACBS 0.9kcal/ml h/prot plant based liquid,0.08391921297087669,0.156,3447.0,0.6205395996518712
Tablet 73g protein equivalent per 100g (0913206),-0.12334888762683575,0.891,176.0,0.5852272727272727
Tablet OTC probiotic (0913531),-0.11826284844483832,0.86,62.0,0.3548387096774194
Tablets 56g protein equivalent per 100g (0913205),0.08119533131207018,0.164,1971.0,0.7463216641298833
Tablets 62g protein equivalent per 100g (0913205),-0.13009010641532195,0.936,693.0,0.6984126984126984
Tablets 71g protein equivalent per 100g (0913205),-0.14183849148348804,0.959,2805.0,0.5376114081996435
Tablets OTC glucose for diabetic hypo treatment (0913541),-0.02870802617103928,0.543,171719.0,0.15286601948532194
Tablets/capsules micronutrient supplement (0913282),0.10606826691924584,0.086,76756.0,0.08328990567512637
Tablets/capsules micronutrient supplement (0913284),0.07888630466770065,0.165,5956.0,0.4172263263935527
Tabs/Caps OTC cond specific vitamin & mineral supp (0913471),-0.19845289186702347,0.997,20.0,0.55
Tabs/Caps OTC cond specific vitamin & mineral supp (0913472),0.002178085602975355,0.379,2.0,0.5
Tabs/Caps OTC cond specific vitamin & mineral supp (0913473),0.015601952438811706,0.396,19638.0,0.13916895814237704
Tacalcitol,-0.11356429780307736,0.866,28326.0,0.4142130904469392
Tacrolimus,0.21113391407908233,0.018,2046099.0,0.10374180330472768
Tadalafil,0.23485556830022267,0.002,4956213.0,0.07617267458037014
Tadalafil (Vasodilator Antihypertensive),0.012571565484736993,0.362,38.0,0.5789473684210527
Tafamidis,0.04483983528303464,0.263,1.0,1.0
Tafluprost,0.02409812790479203,0.353,350422.0,0.09708009200335595
Tafluprost and timolol,-0.07794072616544506,0.753,202837.0,0.13779537263911418
Tamoxifen citrate,0.04211123797103874,0.289,2798590.0,0.0643506194190646
Tamsulosin and dutasteride hydrochloride,0.043835736284928775,0.235,716717.0,0.06852495475899134
Tamsulosin hydrochloride,0.15638990642248538,0.052,45257565.0,0.06586459081481737
Tapentadol,-0.05142743296727913,0.682,224756.0,0.1230400968161028
Tapentadol hydrochloride,-0.04886481180592865,0.653,579266.0,0.11621603891821719
Tapentadol phosphate,-0.029884182498906883,0.548,6190.0,0.19305331179321486
Tapentadol phosphate (old),0.1104338685638127,0.137,495.0,0.1696969696969697
Tars,0.17038272438980706,0.067,230658.0,0.07652455150048991
Taurine,-0.13355954711312995,0.9,6181.0,0.4682090276654263
Tazarotene,0.02164997914961793,0.325,157.0,0.24203821656050956
Teicoplanin,0.013112089695992283,0.379,2281.0,0.6685664182376151
Telmisartan,-0.035226929888213,0.553,1628793.0,0.06885528118060429
Telmisartan with diuretic,0.11469600826540019,0.094,133073.0,0.07245647126013541
Telotristat ethyl,0.08602566450894968,0.166,2.0,0.5
Temazepam,0.023342723617648897,0.324,2265380.0,0.09728698937926529
Temocillin sodium,-0.12176371997330676,0.887,5.0,0.6
Temoporfin,0.02093184373240421,0.342,1.0,1.0
Temozolomide,-0.047293906869723394,0.599,8.0,0.375
Tenofovir alafenamide,-0.024081071792620954,0.496,42.0,0.40476190476190477
Tenofovir disoproxil,0.10196474027355405,0.174,9245.0,0.2550567874526771
Tenoxicam,-0.07710597928337304,0.738,341.0,0.09970674486803519
Terazosin hydrochloride,0.08350011916223324,0.169,174279.0,0.0504306313439944
Terbinafine hydrochloride,0.15700362173893898,0.04,3132889.0,0.0651302998606079
Terbutaline sulphate,-0.05203726023691318,0.686,1894840.0,0.08926083468788922
Teriflunomide,-0.1143038252435848,0.858,14.0,0.6428571428571429
Teriparatide,-0.11112351399216394,0.857,712.0,0.35674157303370785
Testosterone,0.034578624449792934,0.289,2037601.0,0.07154933669545706
Testosterone enantate,0.2087152182261871,0.032,48124.0,0.06900922616573851
Testosterone esters,0.1689335447039034,0.023,249791.0,0.0723124532108843
Testosterone propionate,-0.020831609030164525,0.488,627.0,0.10685805422647528
Testosterone undecanoate,-0.08994030243021171,0.802,703456.0,0.0769017536278033
Tetanus immunoglobulin,-0.05856501697366074,0.657,184.0,0.15217391304347827
Tetrabenazine,0.03892323720457212,0.287,146143.0,0.10519149052640223
Tetracaine,-0.1391747487817246,0.945,105518.0,0.23305976231543432
Tetracaine hydrochloride,-0.09002775245711753,0.785,632.0,0.189873417721519
Tetracosactide,0.14348771519978576,0.086,529.0,0.11531190926275993
Tetracycline,0.22233851881449834,0.039,96014.0,0.05576270127273106
Tezacaftor/ivacaftor,-0.01990235191195681,0.473,6.0,0.3333333333333333
Thalidomide (Antileprotic),-0.02878666200605162,0.47,1.0,1.0
Thalidomide (Immunomodulating),-0.059686215620151806,0.662,40.0,0.25
Theophylline,0.043994152866894586,0.314,2611721.0,0.08809019033809508
Thiamine hydrochloride,0.1080847798968057,0.127,17387772.0,0.1120645589325648
Thioridazine,-0.12497087304539749,0.902,284.0,0.6126760563380281
Thyrotropin alfa,0.5979889245472824,0.017,5.0,0.6
Tiagabine,-0.08456534732288834,0.778,6523.0,0.2049670397056569
Tiaprofenic acid,-0.13220834810209903,0.943,2177.0,0.09738171796049609
Tibolone,0.08248824229932972,0.181,914559.0,0.0659432578980689
Ticagrelor,-0.05512777264862146,0.738,2694286.0,0.0909305842067249
Tick-borne encephalitis vaccine,-0.09422224314642319,0.774,18.0,0.16666666666666666
Ticlopidine hydrochloride,0.19747658468103968,0.069,36.0,1.0
Tigecycline,-0.16672977270964107,0.987,7.0,0.7142857142857143
Tildrakizumab,0.05673217033660166,0.205,2.0,0.5
Timolol,0.04492861212160461,0.274,2832906.0,0.06315881995378597
Timolol and bimatoprost,0.2375431384253527,0.008,4912275.0,0.07395921441694531
Timolol and brimonidine,0.0033236717789577124,0.408,220074.0,0.08087734125794051
Timolol and travoprost,-0.001253184264030516,0.415,859235.0,0.09045720902896182
Timolol with diuretic,-0.15673987060917327,0.954,822.0,0.3978102189781022
Timothy grass pollen allergen extract,0.1936268598491002,0.074,12612.0,0.20123691722169362
Tinidazole,0.028954148422159195,0.317,243.0,0.06172839506172839
Tinzaparin sodium,-0.035767555997699194,0.538,189804.0,0.2600840867421129
Tioconazole,0.038456636371563144,0.27,48334.0,0.08375056895766955
Tioguanine,0.20819138657897998,0.043,165.0,0.3333333333333333
Tiopronin,-0.144295149825727,0.95,60.0,0.4
Tiotropium bromide,-0.01663791755056313,0.547,12369533.0,0.06258579042555608
Tiotropium bromide/olodaterol,0.09552238887740826,0.123,1726272.0,0.058490203166129094
Tirbanibulin,-0.009768678084126292,0.452,34742.0,0.12060330435783778
Tirzepatide,0.03780300599874451,0.283,3304605.0,0.07802384853863019
Titanium dioxide,0.07978151855670078,0.185,478.0,0.1087866108786611
Tivozanib,0.11604838418095748,0.081,2.0,1.0
Tizanidine hydrochloride,-0.04425573524705219,0.629,517685.0,0.060163999343229954
Tobramycin,-0.029346126540854167,0.554,3834.0,0.21074595722483047
Tocilizumab,0.09597670685015805,0.152,20.0,0.3
Tocofersolan,0.09593400221486782,0.178,322.0,0.14906832298136646
Tocopheryl acetate,-0.07552761285685165,0.807,29812.0,0.10187172950489735
Tofacitinib,-0.019928002755900502,0.514,14.0,0.14285714285714285
Tolbutamide,0.21302843124912946,0.044,29063.0,0.2399958710387778
Tolcapone,0.08297320989960018,0.187,936.0,0.21367521367521367
Tolfenamic acid,-0.11858223988368168,0.964,18517.0,0.09774801533725766
Tolnaftate,0.23635279466548012,0.004,609.0,0.09359605911330049
Tolterodine,-0.029416347582758854,0.599,5113942.0,0.0926449693797857
Tolvaptan,-0.14375504361807642,0.959,1320.0,0.17424242424242425
Topiramate,0.08904976190321388,0.121,5710863.0,0.08358981821136315
Topotecan,-0.12169678749270978,0.928,1.0,1.0
Torasemide,0.05152786926175635,0.243,73148.0,0.12072783944878876
Toremifene citrate,0.07569409202100828,0.177,478.0,0.13179916317991633
Tracheostomy & Laryngectomy Appliances,0.10256239049588396,0.157,1028431.0,0.3932495228167957
Tramadol hydrochloride,0.29100733643107707,0.001,27282417.0,0.09288667495992016
Trametinib,-0.07842520281076173,0.761,4.0,0.75
Trandolapril,-0.04976256971762406,0.632,198482.0,0.06877197932306205
Tranexamic acid,0.2170683483575676,0.032,2870408.0,0.06364565594856202
Tranylcypromine sulfate,0.0335526964115723,0.284,20179.0,0.10119431091729025
Travoprost,-0.007995301815476504,0.482,1467935.0,0.059806462820220244
Trazodone hydrochloride,0.13150548033738524,0.088,6475668.0,0.20569167536075042
Tretinoin,-0.03535267687123328,0.545,503.0,0.24652087475149106
Triamcinolone acetonide,0.11233989519767622,0.116,1126774.0,0.06085869926001133
Triamcinolone hexacetonide,0.11223234467356316,0.157,3051.0,0.344149459193707
Triamterene,0.27696714346596857,0.028,32.0,0.3125
Triamterene with loop diuretics,0.06400658735113683,0.189,4032.0,0.17485119047619047
Triamterene with thiazides,-0.13717640864398362,0.948,1199.0,0.15846538782318598
Trichloroacetic acid,-0.07353234887865367,0.707,5.0,0.4
Triclosan,-0.12404410623545231,0.894,52.0,0.4230769230769231
Trientine dihydrochloride,-0.07201801807574405,0.693,201.0,0.2935323383084577
Trifarotene,0.11668687428913857,0.111,15087.0,0.12321866507589316
Trifluoperazine,0.1051469486397273,0.14,135596.0,0.0573615740877312
Trifluridine (Antivirals),0.08422114704072052,0.169,1.0,1.0
Trihexyphenidyl hydrochloride,0.11943190311040351,0.102,630132.0,0.08197012689404759
Trimetazidine hydrochloride,0.03565413927144193,0.271,4435.0,0.23449830890642615
Trimethoprim,0.12175170610299042,0.094,7774665.0,0.05818848786410733
Trimipramine maleate,0.009095978691488971,0.42,82719.0,0.0727885975410728
Tripotassium dicitratobismuthate,-0.12169678749270978,0.928,1.0,1.0
Triptorelin,0.08325370621908003,0.208,386514.0,0.09964968927386847
Triptorelin acetate,0.05941985799574742,0.231,98581.0,0.18032886661729947
Triptorelin embonate,-0.09723801039801072,0.841,110467.0,0.16585043497152996
Tropicamide,0.030500969701981007,0.316,6571.0,0.17820727438746006
Trospium chloride,-0.033750782575963804,0.605,1401554.0,0.14697756918392013
Trusses,-0.028079774507612593,0.56,5835.0,0.07043701799485862
Tryptophan,0.11716903083503412,0.095,3920.0,0.24897959183673468
Tube feed 0.6 kcal/ml peptide based (0914041),0.05629148017353671,0.211,2695.0,0.36437847866419293
Tube feed 0.75 kcal/ml with fibre (0914021),0.07501974841814975,0.173,11221.0,0.591123785758845
Tube feed 0.8 kcal/ml (0914011),0.07841108988916991,0.165,12546.0,0.7384026781444285
"Tube feed 0.8 kcal/ml with fibre, higher protein (0914011)",0.07447669425933036,0.17,7584.0,0.6640295358649789
Tube feed 1 kcal/ml (0914011),0.07063111836874862,0.176,17060.0,0.6161781946072684
Tube feed 1 kcal/ml (0914021),0.08217649222646765,0.16,16404.0,0.7246403316264326
Tube feed 1 kcal/ml MCT based (0914031),0.087516382930686,0.146,35.0,0.9142857142857143
Tube feed 1 kcal/ml peptide based (0914032),0.07435103239948015,0.171,18319.0,0.6818603635569627
Tube feed 1 kcal/ml peptide based (0914041),0.06817686072169962,0.184,30091.0,0.5544847296533847
Tube feed 1 kcal/ml soya based (0914033),0.07029050932191735,0.177,9693.0,0.6170432270710823
Tube feed 1 kcal/ml soya based with fibre (0914033),0.06824726935386612,0.184,2860.0,0.4951048951048951
Tube feed 1 kcal/ml with fibre (0914011),0.0770126703320598,0.167,43301.0,0.694395048613196
Tube feed 1 kcal/ml with fibre (0914021),0.0824733443466209,0.161,29970.0,0.7686686686686687
"Tube feed 1 kcal/ml with fibre, higher protein (0914011)",-0.014886339067866511,0.464,27630.0,0.5505247918928701
Tube feed 1.2 - 1.25 kcal/ml (0914011),0.06387744698084764,0.188,11500.0,0.5785217391304348
Tube feed 1.2 kcal/ml higher protein (0914011),-0.04089567422996154,0.57,2227.0,0.6731028289178267
Tube feed 1.2 kcal/ml peptide based,0.07355142255942611,0.176,1749.0,0.494568324757004
Tube feed 1.2 kcal/ml with fibre (0914011),0.0526283969400365,0.218,27652.0,0.4676696079849559
Tube feed 1.2 kcal/ml with fibre (0914021),0.07283398073052333,0.175,47096.0,0.5705580091727536
"Tube feed 1.2 kcal/ml with fibre, higher protein (0914011)",0.0486067284368096,0.226,18774.0,0.449611164376265
Tube feed 1.22 - 1.25 kcal/ml with fibre (0914011),0.07319146867638196,0.17,13248.0,0.681838768115942
Tube feed 1.3 kcal/ml peptide based (0914032),0.0418535090503442,0.248,26754.0,0.39096957464304405
Tube feed 1.3kcal/ml higher protein (0914011),0.08448142128760955,0.146,3884.0,0.9152935118434603
"Tube feed 1.3kcal/ml with fibre, higher protein (0914011)",0.0751870401259232,0.169,9771.0,0.7189642820591546
Tube feed 1.5 kcal/ml (0914011),0.07134754418470682,0.177,76946.0,0.6399293010682816
Tube feed 1.5 kcal/ml (0914021),0.08197048591892032,0.163,22016.0,0.7707576308139535
Tube feed 1.5 kcal/ml higher protein (0914011),0.07393296706020387,0.176,12599.0,0.5205175013889991
Tube feed 1.5 kcal/ml peptide based (0914032),0.06402615583815384,0.188,56209.0,0.5913643722535536
Tube feed 1.5 kcal/ml peptide based (0914041),0.0718458395245842,0.177,45867.0,0.6111583491399045
Tube feed 1.5 kcal/ml with fibre (0914011),0.07955988574742871,0.165,116127.0,0.7538643037364265
Tube feed 1.5 kcal/ml with fibre (0914021),0.07724547013764932,0.169,50957.0,0.7109916203858155
"Tube feed 1.5 kcal/ml with fibre, higher protein (0914011)",-0.024332973484807514,0.508,4958.0,0.590964098426785
Tube feed 1.54 kcal/ml with fibre (0914011),-0.00039097067759851563,0.396,43636.0,0.5627692730772756
"Tube feed 1.5kcal/ml peptide  based, higher protein(0914034)",0.07224538773094191,0.175,5198.0,0.6556367833782224
Tube feed 1.6kcal/ml higher protein (0914011),0.08422114704072052,0.169,1.0,1.0
Tube feed 1.8 kcal/ml (0914035),0.04325345267683361,0.245,1025.0,0.4068292682926829
Tube feed 2 kcal/ml (0914011),-0.06003503537504149,0.688,1868.0,0.8704496788008566
Tube feed 2 kcal/ml higher protein (0914011),-0.030261117930859185,0.537,1840.0,0.8173913043478261
Tube feed 2 kcal/ml with fibre (0914011),-0.06598051543216338,0.721,48686.0,0.6996261759027236
Tube feed 2kcal/ml w fibre higher prot plant based (0914011),0.08393317779515806,0.158,1995.0,0.8641604010025062
"Tube feed 2kcal/ml with fibre, higher protein (0914011)",-0.0190320090548277,0.486,1133.0,0.7802294792586054
"Tube feed 2kcal/ml, higher protein, plant based (0914011)",0.08422114704072355,0.169,20.0,1.0
Tube feed additive 0.5 kcal/ml high fibre liquid (0914052),0.07040935611307192,0.177,78670.0,0.32674462946485316
Tube feed additive 1 kcal/ml higher protein liquid (0914051),0.06587534582321897,0.185,79142.0,0.49532485911399765
Tube feed additive 2kcal/ml h/prot plant based liq (0914051),0.08752349014230998,0.152,2655.0,0.5815442561205273
Tube feed non ACBS 1.3kcal/ml h/prot for use in IC (0914071),0.08412050369106408,0.154,466.0,0.8755364806866953
Tube feed non ACBS 1.5kcal/ml for use in diabetes (0914071),0.08333842705929585,0.162,870.0,0.8425287356321839
Tube feed non ACBS 1kcal/ml for low sodium needs (0914071),0.08692337968236163,0.148,429.0,0.46386946386946387
Tube feed non ACBS 1kcal/ml higher protein (0914061),0.08090087554029456,0.165,10416.0,0.7876344086021505
Tubing & Accessories,0.41094429367846647,0.016,23353.0,0.16010790904808803
Tubing And Accessories,0.5753387219037671,0.004,1827053.0,0.21953221937185183
Turpentine oil,-0.10356443549064308,0.872,1.0,1.0
Two Piece Ostomy Systems,0.6587490398218621,0.003,1247743.0,0.2633114351272658
Typhoid,0.12908383864027978,0.088,1849004.0,0.07352715299696486
Ulipristal acetate (Emergency Contraceptive),0.1209136626902474,0.127,186055.0,0.07599365778936336
Umeclidinium bromide,0.12926955977353094,0.11,2046044.0,0.10789308538819302
Umeclidinium bromide/vilanterol,0.15642316415563814,0.066,5520057.0,0.1127280026275091
Undecenoates,-0.03838481738179351,0.575,9178.0,0.12824144693833078
Upadacitinib,-0.04803291754783349,0.591,93.0,0.3225806451612903
Urea,0.14902502624811947,0.087,2124875.0,0.09035590328842873
Urea hydrogen peroxide,0.24555895558263133,0.02,104675.0,0.09158824934320516
Urinal Systems,0.3730925710925409,0.031,73172.0,0.1450008199857869
Urine testing reagents,-0.05016919898704208,0.605,316243.0,0.15235752253804827
Urofollitropin,-0.06896808877523403,0.711,8.0,0.5
Urostomy Bags,0.6357829387019046,0.003,796174.0,0.27061295646429046
Ursodeoxycholic acid,0.16426130140548437,0.093,1903853.0,0.10692894882115374
Ustekinumab,-0.08382620421736442,0.765,1.0,1.0
Ustekinumab (Crohn's),0.04483983528303464,0.263,1.0,1.0
Ustekinumab (Psoriasis),-0.16619800529556022,0.97,1026.0,0.5740740740740741
Vacuum Pumps for Erectile Dysfunction,0.12105272164358698,0.099,50031.0,0.21798484939337612
Vaginal Dilators,0.004211348573252952,0.38,14247.0,0.07650733487751807
Vaginal Moisturisers,-0.009191749503517711,0.485,1496694.0,0.06630079361579588
Vaginal PH Correction Products,0.14711469876453193,0.074,35790.0,0.07384744341994971
Valaciclovir,0.05072467569258177,0.24,289636.0,0.08476846800812053
Valganciclovir hydrochloride,-0.0506712629159068,0.673,2523.0,0.060245739199365836
Valproic acid,-0.013045786733242984,0.517,2693244.0,0.08118016785705269
Valsartan,0.09796362489746584,0.127,1753169.0,0.08564719088690252
Valsartan with diuretic,0.22513685111411968,0.03,215988.0,0.0947830435024168
Valsartan/amlodipine,0.29168634061794235,0.004,112855.0,0.092906827344823
Vancomycin hydrochloride,0.1506440154168385,0.074,41909.0,0.06418669020974015
Vandetanib,-0.09836089975898663,0.792,4.0,0.25
Vardenafil,-0.01649320722239913,0.479,332422.0,0.06870784725439351
Varenicline tartrate,0.00905737036812731,0.428,237078.0,0.0847990956562819
Varicella vaccine live,0.1316890726347481,0.081,6463.0,0.05508277889524989
Varicella-zoster immunoglobulin,0.03739977492754071,0.25,67.0,0.8656716417910447
Vedolizumab,-0.008756773044567494,0.435,8.0,0.625
Vehicles,0.019355510358435274,0.323,34.0,0.23529411764705882
Venlafaxine,0.009627118482094183,0.419,28826940.0,0.07609746299815381
Venous Ulcer Compression System,0.09887520089923202,0.174,478140.0,0.19016606014974693
Verapamil hydrochloride,-0.04755086546369181,0.69,2906592.0,0.0663574385397056
Vericiguat,0.001955831161652737,0.406,38.0,0.07894736842105263
Vibegron,0.22997509617902262,0.032,54559.0,0.14965450246522113
Vigabatrin,-0.02315355495423017,0.559,60197.0,0.0720966161104374
Vildagliptin,0.26772649492777284,0.027,174950.0,0.1294941411831952
Vitamin A,0.08807191057643693,0.141,112215.0,0.10953081138885176
Vitamin B and C injection,-0.0076452880018571066,0.451,2117.0,0.29522909777987716
Vitamin B compound,0.19954691181799228,0.053,5247938.0,0.09553885735692762
Vitamin E,0.06644316521714774,0.186,106696.0,0.10702369348429182
Vitamins caps,0.09888051912062935,0.154,1269670.0,0.15086676065434326
Voriconazole,-0.03996106664364003,0.607,2836.0,0.11812411847672778
Vortioxetine,-0.09269459263524267,0.826,1713065.0,0.10008843797520818
Warfarin sodium,0.024692257771758645,0.334,18722718.0,0.06909824738053524
Water for injection,0.13163739080449735,0.096,1084375.0,0.07376968299711816
White Birch pollen allergen extract,-0.07646441658239499,0.721,93.0,0.34408602150537637
Wool alcohols,0.2768607575141376,0.041,20263.0,0.3089374722400434
Wool fat,-0.09158299699763539,0.816,236.0,0.3855932203389831
Wool fat hydrous,-0.016293487630248214,0.505,102.0,0.19607843137254902
Wound Management & Other Dressings,0.017390008885001126,0.36,18225886.0,0.25229774837832303
Xipamide,-0.09792772424445867,0.834,6315.0,0.14996041171813143
Xylometazoline hydrochloride,0.3320861634815556,0.029,143847.0,0.08572997698944017
Xylometazoline hydrochloride/dexpanthenol,0.02040498002505181,0.322,128.0,0.140625
Xylometazoline hydrochloride/ipratropium bromide,-0.06037135461454778,0.67,898.0,0.1358574610244989
Yellow fever,-0.08222777997245458,0.744,214.0,0.2757009345794392
Yohimbine hydrochloride,0.009021818170954144,0.347,104.0,0.4230769230769231
Zafirlukast,0.07224837934564457,0.224,182.0,0.5439560439560439
Zanamivir,-0.027730065990241238,0.5,193.0,0.29533678756476683
Zanubrutinib,-0.03327544144148327,0.537,1.0,1.0
Zidovudine,0.09678859813480485,0.126,17.0,0.4117647058823529
Zinc acetate,-0.1190102936663888,0.956,2244.0,0.08110516934046345
Zinc oxide,0.24403616461182917,0.044,1338217.0,0.07102734459358982
Zinc paste,-0.11744587628851202,0.888,49.0,0.1836734693877551
Zinc paste and ichthammol,0.0034657377040712115,0.397,3.0,0.3333333333333333
Zinc sulfate,-0.07291552245357226,0.724,59094.0,0.2546789860222696
Zinc sulfate monohydrate,-0.058750291190522184,0.671,126673.0,0.22067054542009742
Ziprasidone hydrochloride,-0.04519229821684668,0.6,77.0,0.6233766233766234
Zoledronic acid,0.154378094646332,0.082,292.0,0.15753424657534246
Zolmitriptan,0.16252762674671278,0.056,2050515.0,0.06823066400392097
Zolpidem tartrate,0.010519691267092108,0.368,2975242.0,0.07115589252907831
Zonisamide,0.097081190192769,0.151,972664.0,0.07837650000411242
Zopiclone,0.06300107676227752,0.226,22751908.0,0.06406183604469567
Zuclopenthixol acetate,0.01618777144072819,0.332,236.0,0.1440677966101695
Zuclopenthixol decanoate,-0.04027904857108766,0.609,141297.0,0.10426265242715699
Zuclopenthixol hydrochloride,0.12002748060861343,0.115,488768.0,0.11917515058268954
