Drug,n_areas_used,moran_I,p_moran,q_moran,moran_I_knn4,p_moran_knn4,Mantel_r,p_mantel_1000,p_mantel_refined,q_mantel,appliance,nominal,clustered,p90_p10
Abacavir,4,0.0034383804654179,0.279,0.4497313432835821,0.0540244526346304,0.1502,-0.0869662264916994,0.745,0.745,0.8764705882352941,False,False,False,
Abacavir and lamivudine,14,0.0548463622720084,0.1629,0.3027708154506437,0.1970065112953643,0.0142,0.1020569385751363,0.157,0.157,0.4891603053435114,False,False,False,
Abatacept,8,-0.0544422822953093,0.8044,0.902447327451998,-0.0580757221592973,0.8109,-0.2088559347513518,1.0,1.0,1.0,False,False,False,
Abemaciclib,5,-0.0628708740274702,0.6352,0.7861855670103092,-0.0430306461829469,0.4994,0.0138675448440857,0.355,0.355,0.6259591836734694,False,False,False,
Abiraterone,23,-0.1032156193615516,0.9693,0.985728813559322,-0.0545299307683628,0.7241,-0.0417021295075902,0.597,0.597,0.7930627306273063,False,False,False,
Abrocitinib,1,-0.0297038327526132,0.6868,0.8274980479643056,-0.0182926829268292,0.3376,-0.025853522544951,0.435,0.435,0.6798842257597685,False,False,False,
Absorbent Cottons,42,0.0924412398420667,0.0909,0.1997395727365208,0.0924887629176165,0.0815,0.0833989551035184,0.173,0.173,0.4891603053435114,False,False,False,9.092114941429632
Acamprosate calcium,42,0.1212271160258865,0.0682,0.1640445434298441,0.1134757150473043,0.0757,-0.0003651700726604,0.418,0.418,0.6689135254988913,False,False,False,3.0332543979782467
Acarbose,42,0.4550191005499963,8e-05,0.0012342857142857,0.552255052885313,0.0001,0.141885044159045,0.092,0.092,0.4840481927710843,False,True,True,3.9650245453410973
Acebutolol hydrochloride,42,0.0693722460470274,0.1467,0.2811641526175688,0.0059328782903555,0.3344,0.0267577370381341,0.316,0.316,0.5982120946538125,False,False,False,4.540160902677641
Aceclofenac,42,-0.0296977203334961,0.488,0.6601728240450846,0.0606681787908061,0.1556,-0.1304278166797809,0.936,0.936,0.9828682547399126,False,False,False,7.0450465941900315
Acenocoumarol,42,0.1133593013075982,0.0899,0.1985521472392638,0.1242417592043626,0.0647,0.0043625460057824,0.424,0.424,0.6724229074889867,False,False,False,6.673613162229373
Acetazolamide,42,0.1627447496841076,0.03493,0.1015461641991924,0.1799611936232511,0.0237,0.1503044237983471,0.066,0.066,0.4689473684210526,False,True,False,1.8765984867598509
Acetazolamide sodium,3,-0.071096754936859,0.6736,0.8183217097862766,-0.0614590330550789,0.5727,-0.0934575078195277,0.77,0.77,0.8898876404494382,False,False,False,
Acetic acid,42,0.0196816822919485,0.3029,0.4775649635036496,0.0607152872202187,0.1613,0.0414193766639292,0.272,0.272,0.5588668555240793,False,False,False,2.565484658036208
Acetohydroxamic acid,3,0.0230341333958384,0.1472,0.2818139946855624,0.0062934042946608,0.2027,-0.0492108365008348,0.604,0.604,0.796343692870201,False,False,False,
Acetyl-l-carnitine,4,-0.056701822511932,0.7006,0.8370447266703478,-0.0681571456122417,0.8213,0.1363526623372754,0.097,0.097,0.4891603053435114,False,False,False,
Acetylcholine chloride,1,-0.0321138211382113,0.7898,0.8945820660723649,-0.0182926829268292,0.3369,-0.1397462835310202,0.96,0.96,0.9879866730128508,False,False,False,
Acetylcysteine,42,0.0432282181587886,0.1795,0.3258151260504201,0.0147229186537087,0.263,-0.1208135013267468,0.885,0.885,0.9620349127182044,False,False,False,9.329194457862505
Aciclovir,42,0.5618425568165344,1e-05,0.0003176470588235,0.5979892042018431,0.0001,0.0540159004644484,0.242,0.242,0.54,False,True,True,1.5199944850052347
Acipimox,40,0.1679018041713013,0.03373,0.0992424489795918,0.0990485141777603,0.0941,-0.0365938131357271,0.576,0.576,0.7755569383945239,False,True,False,69.3213157803819
Acitretin,42,0.1507101844689316,0.04572,0.1229828144458281,0.1060881422377956,0.0863,-0.0460572088752709,0.648,0.648,0.8277232406859847,False,True,False,5.271339226706953
Aclidinium bromide,42,0.0906987148493495,0.1108,0.2299020172910663,0.063739149988507,0.158,0.1241567886834432,0.128,0.128,0.4891603053435114,False,False,False,5.543292757557544
Aclidinium bromide/formoterol,42,0.0779787198028672,0.1316,0.2615050597976081,0.0781183405163264,0.1229,0.1202107410639181,0.128,0.128,0.4891603053435114,False,False,False,4.64629902943422
Acne Treatment,18,0.1073280993748987,0.0825,0.1864016736401673,0.1121667468582671,0.071,-0.1003495074747553,0.825,0.825,0.9199793495095508,False,False,False,
Acrivastine,42,0.2903525836185611,0.00177,0.012214696485623,0.3722922522486726,0.0001,-0.0113692615268057,0.51,0.51,0.7343999999999999,False,True,True,2.113081235117729
Adalimumab,35,-0.0076584763614926,0.3021,0.4769671292914537,-0.0467825971275638,0.6516,-0.0695361199860127,0.698,0.698,0.8566985915492957,False,False,False,
Adapalene,42,0.5275893120930539,2e-05,0.0004595744680851,0.6740058788051888,0.0001,0.1638661893250579,0.062,0.062,0.4649999999999999,False,True,True,2.5292038713104663
Adapalene and benzoyl peroxide,42,0.3414143625212157,0.00058,0.0054707423580786,0.4277468840302986,0.0001,0.1374372869799343,0.053,0.053,0.4649999999999999,False,True,True,2.2747347285900603
Addaven (Generic),2,-0.0161123038083355,0.263,0.4306899166034875,-0.0380849774864282,0.8456,-0.0416309813992551,0.655,0.655,0.8302816901408451,False,False,False,
Adefovir dipivoxil,10,-0.0651470977188738,0.7834,0.8915405690200211,0.1474897496363307,0.0518,-0.0814223972189797,0.756,0.756,0.8836363636363637,False,False,False,
Adhesive (Pastes/Sprays/Solutions),41,0.0269710542377323,0.1723,0.3156641221374046,0.0779649172750412,0.0863,0.3107816617876803,0.029,0.03054,0.4649999999999999,True,False,False,12.59625062258203
Adhesive Discs/Rings/Pads/Plasters,42,-0.0910197512206543,0.9941,0.996707192575406,-0.0645190078936688,0.8673,0.6586137928514426,0.004,0.0018,0.1495384615384615,True,False,False,9.538510855099544
Adhesive Dressing Remover Ster Silicone,42,-0.1102396008893971,0.8161,0.908731757451182,-0.1152839366677282,0.8512,0.3000175247909282,0.019,0.01927,0.4649999999999999,True,False,False,7.995983734899349
Adhesive Removers (Sprays/Liquids/Wipes),42,-0.0862266172061963,0.9589,0.98312292358804,-0.0696976841003108,0.848,0.6595445864628421,0.003,0.00131,0.1386,True,False,False,10.143680456516254
Adrenaline,42,0.6638998400976098,1e-05,0.0003176470588235,0.7805310901540452,0.0001,0.0772471974228693,0.187,0.187,0.4919853836784409,False,True,True,2.953888805799511
Afatinib,1,-0.0197444831591172,0.3803,0.5576700610997964,2.9660766502047758e-18,0.044,-0.0910208391982724,0.79,0.79,0.899242105263158,False,False,False,
Agomelatine,42,0.312288216692702,0.00235,0.0143796033994334,0.2154466914761673,0.0102,-0.0515012940777102,0.649,0.649,0.8280212640283521,False,True,True,7.849377656890296
Albendazole,42,0.3135185471256724,0.00115,0.009,0.3415990654596443,0.0007,0.0237232824700289,0.317,0.317,0.5990551181102363,False,True,True,3.4453672842790004
Alclometasone dipropionate,42,0.2483764891583718,0.00619,0.0282075949367088,0.2971120178066291,0.0027,0.0679359228353026,0.176,0.176,0.4891603053435114,False,True,True,23.65975453924021
Alcohol,42,0.395533953096985,8e-05,0.0012342857142857,0.4662800022121721,0.0001,0.0965600702626978,0.114,0.114,0.4891603053435114,False,True,True,15.557276264345946
Alemtuzumab,1,-0.0227932636469222,0.4778,0.6507238335435057,-0.0365853658536585,0.8793,0.1974765846810386,0.069,0.069,0.4746496815286625,False,False,False,
Alendronic acid,42,0.2168802966724818,0.01094,0.0429643636363636,0.1132610185437637,0.0753,0.1293329052244386,0.093,0.093,0.4840481927710843,False,True,True,1.4576102801954183
Alendronic acid/colecalciferol,42,0.2608953295825755,0.00489,0.0237793721973094,0.3084303342984424,0.0022,0.02169310231708,0.34,0.34,0.6145757071547421,False,True,True,11.898606663585849
Alfacalcidol,42,0.2535760348832004,0.00619,0.0282075949367088,0.3252163743801863,0.0008,0.0803097502910931,0.182,0.182,0.4912731767614338,False,True,True,2.1635728334441877
Alfentanil hydrochloride,42,0.0231675049245123,0.2987,0.4733617021276596,0.0425274071381696,0.2133,-0.0288810931223758,0.55,0.55,0.7586206896551724,False,False,False,12.324833731979446
Alfuzosin hydrochloride,42,0.0544927309868277,0.1889,0.3381258278145695,-0.0402396003548719,0.5486,-0.0616394695216035,0.686,0.686,0.8486597938144331,False,False,False,1.7413181239120148
Alginic acid compound preparations,42,0.4522885397903695,4e-05,0.0008470588235294,0.4666931975375821,0.0001,0.0443544060004905,0.26,0.26,0.552069970845481,False,True,True,2.126729749810037
Alimemazine tartrate,42,0.1115316423706146,0.0911,0.1997725888324873,0.149390927625637,0.0397,0.0561387275178586,0.239,0.239,0.539435736677116,False,False,False,4.186963131854589
Alirocumab,28,0.575972756838571,1e-05,0.0003176470588235,0.3350211982617385,0.0003,0.0800023338618956,0.188,0.188,0.4922181818181818,False,True,True,
Aliskiren,42,0.109927308436489,0.0862,0.1925460186142709,0.0613056644599931,0.1687,-0.1080393693824497,0.893,0.893,0.9620349127182044,False,False,False,5.621507690729333
Alitretinoin,41,0.1343006315039328,0.0594,0.1474758620689655,0.0797163918733166,0.1296,0.1697453368648793,0.077,0.077,0.4775879396984924,False,False,False,23.799809831794278
Alkyl sulfate,42,0.3014475180260764,0.00414,0.0211924528301886,0.3229956508364752,0.0017,0.2903571317653537,0.044,0.04154,0.4649999999999999,False,True,True,19.34475173761867
Alkyl sulphate,42,0.3949424373610368,0.00024,0.0028327868852459,0.5728246679968663,0.0001,0.2297539050578617,0.038,0.04329,0.4649999999999999,False,True,True,7.739433990960942
Allopurinol,42,0.2395978433353771,0.00616,0.0282075949367088,0.2546596061975204,0.004,0.1884484117951129,0.051,0.051,0.4649999999999999,False,True,True,1.3031199797562922
Almotriptan,42,0.1115751158618534,0.0759,0.1751538461538461,0.149921867519296,0.0348,0.0156479210769095,0.357,0.357,0.6269268292682927,False,False,False,3.5689975156402065
Alogliptin,42,0.2288649014810276,0.00857,0.0362964705882352,0.2638072968150152,0.0031,0.1201111682881759,0.089,0.089,0.4782089552238805,False,True,True,7.435023214823271
Alogliptin/metformin,42,-0.0104810551838181,0.3929,0.5688096514745309,-0.0920304479646734,0.7808,0.0032279703754327,0.406,0.406,0.6613574660633484,False,False,False,17.695766841403273
Alprazolam,30,0.1070541720273542,0.0942,0.2051129032258064,0.1580140604891955,0.0345,0.0373865290963262,0.273,0.273,0.5588668555240793,False,False,False,
Alprostadil,42,0.3236223863306073,0.00078,0.0068210526315789,0.4346326037550112,0.0001,0.1589618805301543,0.09,0.09,0.48,False,True,True,1.5931126218290956
Aluminium acetate,6,0.0165856212767543,0.2462,0.4119225406661503,-0.0091277271139685,0.3578,-0.0495834680925738,0.615,0.615,0.8055791388720437,False,False,False,
Aluminium and magnesium and activated simeticone,42,0.1952942064014277,0.01958,0.0667078864353312,0.2520159391633133,0.0058,0.2293887570381175,0.034,0.02774,0.4649999999999999,False,True,False,5.560994295502707
Aluminium and magnesium and oxetacaine,42,0.0635773991185599,0.1754,0.3197164556962025,0.0538313857881747,0.1842,0.0243825365744595,0.324,0.324,0.6036113499570077,False,False,False,29.146769554535744
Aluminium chloride,42,0.2131435684182271,0.01279,0.0485525483304042,0.2289245905104341,0.0081,0.26548607166748,0.026,0.02227,0.4649999999999999,False,True,True,2.2902355847337175
Aluminium hydroxide,4,0.0174866716331664,0.139,0.271710407239819,0.006821541568089,0.1598,-0.0812745351452507,0.755,0.755,0.8836363636363637,False,False,False,
Alverine citrate,42,0.3823972608767467,0.00014,0.0019261146496815,0.4218369065803765,0.0001,0.0579230677180328,0.256,0.256,0.5485714285714286,False,True,True,3.430880912946097
Alverine citrate/simeticone,42,0.1937762140019067,0.01314,0.049275,0.2531137010465876,0.0031,0.0443851757016402,0.269,0.269,0.5581556195965418,False,True,True,19.549097176290957
Amantadine hydrochloride,42,-0.0699464028820522,0.6657,0.8132986425339366,-0.0697931709031363,0.6753,-0.080788423843433,0.781,0.781,0.8958895379713224,False,False,False,1.7182074785528485
Ambrisentan,27,0.0140140161667304,0.222,0.3790671936758893,0.0576902712769862,0.1141,0.1631773703362906,0.095,0.095,0.4862559241706161,False,False,False,
Amikacin,12,0.257508822314161,0.00802,0.0344397614314115,0.2566584029592528,0.0062,0.0380570155635241,0.274,0.274,0.5588668555240793,False,True,True,
Amiloride hydrochloride,42,0.0003782725682557,0.3831,0.5602545700744753,0.0194031144861063,0.3023,0.0162007261011792,0.388,0.388,0.6456702619414484,False,False,False,1.8447752203353136
Amiloride hydrochloride with loop diuretics,42,0.0446201605965448,0.228,0.3871698113207547,0.1443091528433676,0.0438,0.0270493660087504,0.35,0.35,0.6206896551724138,False,False,False,6.693562720264439
Amiloride hydrochloride with thiazides,1,-0.0319783197831977,0.7633,0.8769829787234042,-0.0243902439024389,0.568,-0.1675989577180827,1.0,1.0,1.0,False,False,False,
Aminophylline,20,-0.0712892379736337,0.7065,0.8417209045780474,-0.0566032761773405,0.6286,0.0094979907673735,0.386,0.386,0.6443276661514683,False,False,False,
Aminophylline hydrate,42,0.3782861442806681,0.00018,0.0022736842105263,0.3904397844825119,0.0005,0.0845159134785694,0.152,0.152,0.4891603053435114,False,True,True,3.6091874609172265
Aminosalicylic acid,25,0.1293413432482372,0.0653,0.1588378378378378,0.1486047129269371,0.0428,0.2656057651691874,0.035,0.03917,0.4649999999999999,False,False,False,
Amiodarone hydrochloride,42,0.2174227348732982,0.01144,0.0446374100719424,0.1511678749224074,0.0446,0.106946775688085,0.105,0.105,0.4891603053435114,False,True,True,2.0626005366657174
Amisulpride,42,0.4465540369591849,5e-05,0.0009473684210526,0.6296828380394206,0.0001,0.2038482898107181,0.049,0.06484,0.4664451827242525,False,True,True,2.9762202656228296
Amitriptyline hydrochloride,42,0.5663027123608859,1e-05,0.0003176470588235,0.6895203858531139,0.0001,0.1935042178006112,0.015,0.01192,0.3678171428571428,False,True,True,1.4424916297944081
Amlodipine,42,0.4083663262175592,0.00011,0.0016054054054054,0.4321273550515773,0.0001,0.1410007839407593,0.069,0.069,0.4746496815286625,False,True,True,1.3416733075496783
Ammonium chloride/diphenhydramine hydrochloride,5,-0.0474587165643293,0.5473,0.7125786618444847,-0.0274546937075871,0.4521,-0.0536894538229696,0.586,0.586,0.7832673267326733,False,False,False,
Amobarbital,1,-0.0276713124274099,0.6195,0.7748233931673423,-0.0121951219512195,0.2912,-0.0838262042173644,0.765,0.765,0.88859291084855,False,False,False,
Amobarbital sodium,27,0.112107873084266,0.0726,0.1711965065502183,0.1018658099796809,0.0766,0.4287584237235814,0.011,0.01313,0.3882162162162162,False,False,False,
Amorolfine hydrochloride,42,0.3408096682339401,0.00051,0.0050532110091743,0.2872566092664322,0.003,0.2656247648053825,0.019,0.01515,0.4149333333333333,False,True,True,5.827464502659607
Amoxapine,1,-0.0337688734030197,0.8322,0.9106997468354432,-0.024390243902439,0.5656,0.0842211470407205,0.169,0.169,0.4891603053435114,False,False,False,
Amoxicillin,42,0.5321819016930649,1e-05,0.0003176470588235,0.5489203649545007,0.0001,0.2393687274853882,0.005,0.0051,0.25008,False,True,True,1.8866849331324178
Amoxicillin sodium,37,0.0017503747983485,0.2536,0.4203960092095165,-0.0389999780136467,0.563,0.3128536560141161,0.029,0.02685,0.4649999999999999,False,False,False,417.1718966866565
Amphoteracin,3,-0.0479735895368653,0.6317,0.7846302472685451,-0.056517148407879,0.7462,-0.010177354619524,0.454,0.454,0.6979644128113879,False,False,False,
Amphotericin,34,-0.0155504814035814,0.4334,0.6098657980456026,0.0125861029616925,0.3161,-0.1470956850911854,0.961,0.961,0.9879866730128508,False,False,False,
Ampicillin,42,0.2120275057838152,0.01439,0.0522393277310924,0.1892219649730837,0.02,0.1354449815985814,0.104,0.104,0.4891603053435114,False,True,False,7.497315358745413
Amylmetacresol,42,0.1983845849629408,0.01483,0.0535492487479131,0.1796304231246653,0.0171,0.1695385111768661,0.066,0.066,0.4689473684210526,False,True,False,17.11922962441702
Anagrelide hydrochloride,38,-0.0075088007895838,0.3492,0.5252590529247911,0.0322598343043634,0.2108,-0.0097936036234699,0.455,0.455,0.6990042674253201,False,False,False,84.46684497242589
Anakinra,5,-0.0893285158860553,0.9825,0.9926099158091676,-0.0319074467292129,0.4259,-0.0354616846139418,0.531,0.531,0.7478529980657641,False,False,False,
Anal Irrigation System,42,-0.079908426693078,0.9176,0.9618014527845036,-0.0488613707469169,0.5885,0.608871193683661,0.001,0.00415,0.22842,True,False,False,15.955234726561189
Anal Plugs,42,-0.1104012674450278,0.9501,0.9815007132667618,-0.104136041461895,0.9287,0.6512417653950009,0.001,0.00088,0.1386,True,False,False,7.670178768933256
Analgesics with anti-emetics,42,0.1683089089499072,0.02193,0.0728626728110599,0.170666298240647,0.0186,0.1961968986656927,0.052,0.052,0.4649999999999999,False,True,False,2.528186027483798
Anastrozole,42,0.2734217742016117,0.00316,0.0174567774936061,0.3207286051675876,0.0017,0.0475946030822157,0.227,0.227,0.5255305466237942,False,True,True,7.38445514151904
Androstanalone,3,0.0493559081524193,0.1544,0.2920350262697023,0.0228588536097866,0.2081,-0.0428690556964898,0.565,0.565,0.7719165085388994,False,False,False,
Antazoline,42,0.164762338979213,0.03332,0.0984558139534883,0.2150459693866395,0.0119,0.0825345225000901,0.163,0.163,0.4891603053435114,False,True,False,2.874658185711794
Anti-D (Rh-) immunoglobulin,3,-0.0456525779440903,0.4187,0.5973527080581242,0.0048150135775987,0.2546,-0.0226094674568716,0.481,0.481,0.7150549450549449,False,False,False,
Apalutamide,11,-0.0466210974540514,0.5437,0.7101620314389359,-0.0743850222163526,0.7645,0.0239669451190638,0.303,0.303,0.5869775784753364,False,False,False,
Apixaban,42,0.0541613605865214,0.1999,0.3519022004889975,-0.0411172714520896,0.5508,0.2066509570717918,0.037,0.0402,0.4649999999999999,False,False,False,1.6885140021881335
Apomorphine hydrochloride,42,0.5289743874047415,1e-05,0.0003176470588235,0.5885561061163898,0.0001,0.0613751365830321,0.241,0.241,0.5399999999999999,False,True,True,25.67686267940484
Apomorphine hydrochloride hemihydrate,38,0.2404061344685208,0.00861,0.0363234375,0.3297406082539894,0.0013,-0.0007517494911693,0.402,0.402,0.6583169067475361,False,True,True,517.5105179474118
Apraclonidine,42,0.5720237334325468,1e-05,0.0003176470588235,0.7864190632568967,0.0001,0.2239427537412523,0.051,0.051,0.4649999999999999,False,True,True,10.22043309802447
Apremilast,39,0.0952769345392148,0.071,0.1692715231788079,-0.0160520842447105,0.3977,0.0182329443277273,0.33,0.33,0.6081911262798635,False,False,False,32.47408677326319
Aprepitant,39,0.0573707858693081,0.0765,0.1759744408945687,0.0589839938886328,0.0635,-0.0317931734683039,0.527,0.527,0.7469291338582679,False,False,False,57.6186937199101
Arachis oil,42,0.2889651838599661,0.00214,0.013780415430267,0.420599937574263,0.0001,0.0906991832576172,0.151,0.151,0.4891603053435114,False,True,True,4.393257116353245
Aripiprazole,42,0.4632617126396334,1e-05,0.0003176470588235,0.6632549640399908,0.0001,0.2639282308617595,0.015,0.01515,0.4149333333333333,False,True,True,1.991674637906582
Arm Sling/Bandages,42,0.0740400278638956,0.123,0.249934148635936,0.0597004168133137,0.1499,0.0141855700563435,0.365,0.365,0.6314376996805111,False,False,False,9.493235888996844
Arnica montana,37,0.2229323790788868,0.00138,0.010138775510204,0.3224158051683167,0.0001,0.0740334383351419,0.18,0.18,0.4911557788944723,False,True,True,666.3209553829446
Artemether with lumefantrine,29,0.1999532719809719,0.01732,0.0608376623376623,0.2211750881629471,0.0093,0.1377436781358822,0.101,0.101,0.4891603053435114,False,True,False,
Artificial saliva,42,0.1811663309753879,0.02591,0.0805260431654676,0.2099170591766924,0.014,0.1934930769316265,0.021,0.02289,0.4649999999999999,False,True,False,2.846009831073277
Artificial saliva products,42,0.0279544752137021,0.2629,0.4306899166034875,0.0056280362893717,0.3323,0.1218840581405734,0.117,0.117,0.4891603053435114,False,False,False,5.1204890924592865
Ascorbic acid,42,0.1924995706610036,0.01951,0.066642654028436,0.1471709016399777,0.0432,0.0527787665317018,0.252,0.252,0.544864864864865,False,True,False,2.8958142574634635
Ascorbic acid (Eye),1,-0.0227932636469222,0.4778,0.6507238335435057,-0.0365853658536585,0.8793,0.1974765846810386,0.069,0.069,0.4746496815286625,False,False,False,
Asenapine,39,0.1462955467328734,0.04952,0.1292608695652173,0.1910461861432142,0.0209,-0.0678714531958809,0.806,0.806,0.909,False,True,False,49.389764018699545
Aspirin,42,0.1338421156850303,0.0583,0.14575,0.0874311081471168,0.1199,0.0211967647067679,0.369,0.369,0.6320697858842188,False,False,False,1.1977304387696472
Aspirin and caffeine,26,-0.0465481616235121,0.6712,0.8172446448703495,-0.0073830058196838,0.3116,-0.0434352994655866,0.584,0.584,0.7815613382899628,False,False,False,
Aspirin combined preparations,34,-0.0750891199295458,0.6923,0.8316840934371524,-0.0829452853608144,0.7247,-0.0752425847436693,0.742,0.742,0.8758032786885246,False,False,False,
Atazanavir,2,-0.0667623225648495,0.8991,0.9491964809384164,-0.0621802078045551,0.8183,-0.0605731685569566,0.632,0.632,0.8179269023367286,False,False,False,
Atazanavir and cobicistat,1,-0.0211962833914053,0.4039,0.5800691489361702,-0.0304878048780488,0.8124,0.1046499832600976,0.153,0.153,0.4891603053435114,False,False,False,
Atenolol,42,0.2932712888389324,0.00204,0.0134341463414634,0.3579049844634369,0.0002,0.1833720082058656,0.06,0.06,0.4649999999999999,False,True,True,1.6840107823957573
Atenolol with calcium channel blocker,42,0.1687577549995355,0.02973,0.0899394957983193,0.1672174293672447,0.0264,-0.0886214601638069,0.792,0.792,0.8994321766561514,False,True,False,3.5668851275228532
Atogepant,42,0.1797234422334535,0.0243,0.0767368421052631,0.2723972376873128,0.0023,0.0961195244690535,0.155,0.155,0.4891603053435114,False,True,False,33.24162476798122
Atomoxetine hydrochloride,42,0.1304887906555335,0.0643,0.1567584650112866,0.1316525153192859,0.0609,0.0338760524397855,0.298,0.298,0.5814634146341463,False,False,False,2.3862761531535956
Atorvastatin,42,0.1848248366544984,0.02196,0.0728626728110599,0.1182050708961143,0.0725,0.1126308817735836,0.124,0.124,0.4891603053435114,False,True,False,1.2265075939922958
Atovaquone,41,0.1054992500498754,0.0901,0.1985877551020408,0.1791911255729744,0.0245,0.0343619946745367,0.323,0.323,0.6036113499570077,False,False,False,48.67667487797367
Atropine sulfate,42,0.3106818121148895,0.00097,0.0080275862068965,0.3053089602569018,0.0016,0.1669704971577732,0.064,0.064,0.4664451827242525,False,True,True,1.97351187103351
Avanafil,42,-0.051431533243006,0.5902,0.7494603174603174,0.0216298932176455,0.2723,0.2429352428215405,0.058,0.058,0.4649999999999999,False,False,False,4.329983854180507
Axitinib,2,-0.0409647835727747,0.4453,0.6198865979381444,-0.0643777416605884,0.8602,0.0312184256557386,0.28,0.28,0.5662921348314608,False,False,False,
Azathioprine,42,0.3711631739033255,0.00017,0.0021857142857142,0.3617047985836811,0.0002,0.0613672187661945,0.19,0.19,0.4926770708283313,False,True,True,1.9205437271272003
Azelaic acid,42,0.603497489217985,1e-05,0.0003176470588235,0.742356021877959,0.0001,0.1621122425514122,0.067,0.067,0.4729411764705882,False,True,True,1.9647672147390685
Azelastine hydrochloride,42,0.4458753646040395,1e-05,0.0003176470588235,0.4772251736790523,0.0001,0.2281389852400725,0.015,0.01135,0.3678171428571428,False,True,True,1.8500408696394626
Azilsartan medoxomil,41,0.2623462053278855,0.00324,0.0177174683544303,0.3029006381816224,0.0014,0.0168408733554058,0.336,0.336,0.6114237573715249,False,True,True,12.094639305490867
Azithromycin,42,0.2791942453144463,0.00238,0.0144811267605633,0.2389581909294932,0.0057,0.0728356268912609,0.181,0.181,0.4911557788944723,False,True,True,1.994928389468733
Aztreonam,5,-0.0292635948396989,0.5011,0.6731194029850747,-0.0535689326372059,0.9053,0.0113592036281692,0.37,0.37,0.6322784810126583,False,False,False,
Bacillus calmette-guerin (B.C.G.),1,-0.041753774680604,1.0,1.0,-0.0304878048780488,0.8053,-0.053816331479016,0.678,0.678,0.8416551724137931,False,False,False,
Baclofen,42,0.0032630408054847,0.3445,0.5199999999999999,-0.0082589015315407,0.3972,0.0592532800009135,0.22,0.22,0.5170837867247008,False,False,False,1.5891271620344327
Bacterial Decolonisation Products,42,0.1758651050468397,0.01886,0.0649719745222929,0.2149538175004325,0.0062,0.046072436834836,0.267,0.267,0.5561427193828351,False,True,False,13.971963500428894
Bag Closures,42,-0.0867786334361207,0.7419,0.8666868577609518,-0.0010431478978006,0.3468,0.4149664947823522,0.011,0.00853,0.3411999999999999,True,False,False,18.27350922646244
Bag Covers,42,-0.0472074879645194,0.5847,0.7442262816735415,-0.0636336791789574,0.7685,0.6335485987909686,0.005,0.00354,0.2197028571428571,True,False,False,15.62536982188403
Baloxavir marboxil,1,-0.0105981416957026,0.0722,0.1706258205689277,-0.048780487804878,1.0,-0.0346768546837539,0.605,0.605,0.796343692870201,False,False,False,
Balsalazide sodium,42,0.0986008808476963,0.0788,0.1793551106427818,0.1190845192021082,0.0577,0.0366747995603201,0.266,0.266,0.5551304347826087,False,False,False,2.9881529040220314
Bambuterol hydrochloride,34,-0.0661449879387243,0.6747,0.8191973018549746,0.0259599149324942,0.1979,-0.0759812299095332,0.711,0.711,0.8603697478991597,False,False,False,
Baricitinib,39,-0.0885686133594569,0.7383,0.8634152680021656,-0.033431678881381,0.5027,0.2408110673140961,0.06,0.06,0.4649999999999999,False,False,False,40.165301116479135
BeclometDiprop/Formoterol/Glycopyrronium (Corticosteroids),42,0.5400341728944805,1e-05,0.0003176470588235,0.5810940569803879,0.0001,0.0459947275341706,0.253,0.253,0.5464541832669323,False,True,True,1.7289017041315164
Beclometasone dipropionate,42,0.2822587708515529,0.00226,0.0140680115273775,0.2802042852735685,0.0026,0.0562370255961156,0.237,0.237,0.5382965299684542,False,True,True,1.4456216026352307
Beclometasone dipropionate (Systemic),42,0.3097971597954294,0.00089,0.0075685039370078,0.3055204234081614,0.0006,0.1024422343306881,0.157,0.157,0.4891603053435114,False,True,True,51.328890545173735
Beclometdiprop/formoterol/glycopyrronium,42,0.4093429725587508,2e-05,0.0004595744680851,0.4110182661456329,0.0001,0.0154029257718946,0.357,0.357,0.6269268292682927,False,True,True,1.8842392226327829
Bedaquiline,2,-0.0543626928676332,0.7365,0.8624780487804877,-0.0146118658045551,0.1648,-0.1169422476278353,0.865,0.865,0.950356052899288,False,False,False,
Belladonna alkaloids,35,0.1541773263017047,0.03754,0.1073992052980132,0.1587188009472928,0.0309,0.1860331145775903,0.072,0.072,0.4775879396984924,False,True,False,
Belts,42,-0.0884042146637566,0.9511,0.9815007132667618,-0.0753439541400852,0.8628,0.6160106860401087,0.011,0.00748,0.3123692307692307,True,False,False,27.679065835091123
Belumosudil,1,-0.0224545102593883,0.445,0.6198865979381444,-0.024390243902439,0.5698,0.029118154001614,0.325,0.325,0.6036113499570077,False,False,False,
Bempedoic acid,42,0.0080697288675899,0.3374,0.5163631245601689,0.0844995794712294,0.1085,-0.0297133883953885,0.525,0.525,0.7445830597504924,False,False,False,4.221134925826443
Bempedoic acid/Ezetimibe,42,0.0753942578925165,0.15,0.2864721485411141,0.1863108613002249,0.0196,0.024036511740942,0.325,0.325,0.6036113499570077,False,False,False,5.770805365683345
Bendroflumethiazide,42,0.1479621212017241,0.03425,0.1002439024390244,0.1461021770980941,0.0315,0.0942334257896595,0.13,0.13,0.4891603053435114,False,True,False,1.4624720644521496
Benperidol,39,0.0698250618870533,0.1409,0.2741837837837838,-0.0439626921052068,0.5555,0.0119502711176101,0.362,0.362,0.6292776886035313,False,False,False,33.37485212111637
Benralizumab,9,0.0178327659333304,0.1761,0.3207217537942665,0.0160211389900551,0.1821,0.0572200834354238,0.204,0.204,0.5041647597254004,False,False,False,
Benzalkonium chloride,42,0.1347627558460451,0.053,0.1353191489361702,0.1008946772645619,0.0805,0.0633830157752501,0.211,0.211,0.5097986577181208,False,False,False,3.190381405148056
Benzatropine mesilate,25,0.0071746826756603,0.3043,0.4787239621267298,0.0071671821245086,0.3038,0.1208202249162024,0.118,0.118,0.4891603053435114,False,False,False,
Benzbromarone,35,-0.0798815436203023,0.7018,0.8370447266703478,-0.0407793075594952,0.5377,-0.0996146461223795,0.878,0.878,0.9578181818181818,False,False,False,
Benznidazole,2,-0.068788021955386,0.9238,0.9653152804642166,-0.0260370703853766,0.2269,-0.029804959113123,0.49,0.49,0.7204901293396869,False,False,False,
Benzocaine,42,0.1629856571153643,0.03035,0.091333704735376,0.0907650224688341,0.0987,0.195107917692012,0.047,0.05325,0.4649999999999999,False,True,False,3.6285231724919798
Benzoic acid,15,-0.0470116003055582,0.6863,0.8274980479643056,0.0212756791046986,0.1225,-0.0424906478056779,0.583,0.583,0.7807067575945443,False,False,False,
Benzoin,14,-0.0436666492723025,0.4951,0.668385,-0.0336958207408071,0.4444,0.0910624357935267,0.184,0.184,0.4912731767614338,False,False,False,
Benzoyl peroxide,42,0.0799468137144717,0.1445,0.2776868327402135,0.1191302457638789,0.0712,0.1844631899642171,0.048,0.04912,0.4649999999999999,False,False,False,1.9458892232910963
Benzoyl peroxide and clindamycin phosphate,42,0.5280864766337641,1e-05,0.0003176470588235,0.5528051611321919,0.0001,0.2993059731965941,0.005,0.00264,0.19008,False,True,True,2.24702649153994
Benzydamine hydrochloride,42,0.2663622654669861,0.00453,0.0225456221198156,0.2357468712117237,0.0062,0.2741901152566752,0.034,0.03009,0.4649999999999999,False,True,True,2.3720692831957355
Benzyl benzoate,42,0.0178474826019866,0.1941,0.3442167487684728,0.0052282075224531,0.261,-0.0581862982946146,0.69,0.69,0.8501996577296063,False,False,False,7.43305978610396
Benzylpenicillin sodium (Penicillin G),42,0.0461699151750263,0.2111,0.3662457831325301,0.1234614531263293,0.0655,0.165876195484483,0.091,0.091,0.4817647058823529,False,False,False,5.849186209389609
Betacarotene,10,0.0004314370866676,0.3519,0.5285841446453406,0.011770746308088,0.3051,-0.1689316592720801,0.972,0.972,0.9894915254237288,False,False,False,
Betahistine hydrochloride,42,0.4764291989180623,3e-05,0.0006612244897959,0.5361983032801846,0.0001,0.0486243773333176,0.226,0.226,0.5249032258064517,False,True,True,1.8069987394148292
Betaine anhydrous,29,-0.0375699348648295,0.5142,0.6885753254804712,-0.0025374200551314,0.3638,-0.0356444156218122,0.571,0.571,0.7755569383945239,False,False,False,
Betamethasone,23,-0.0547398482771965,0.6013,0.7599812755997659,-0.0518824099305811,0.6118,0.0535510896882141,0.247,0.247,0.5427466937945066,False,False,False,
Betamethasone esters,42,0.4962030646991811,1e-05,0.0003176470588235,0.6072227743188605,0.0001,0.2127205748695121,0.023,0.0295,0.4649999999999999,False,True,True,2.9827724060525798
Betamethasone sodium phosphate,42,0.3948904476195392,8e-05,0.0012342857142857,0.3957017082303284,0.0002,0.0013013810112163,0.462,0.462,0.7047457627118645,False,True,True,2.1116870386783315
Betamethasone valerate,42,0.0828342549967341,0.131,0.2609917050691244,0.0351702851648188,0.2456,0.1198486571791247,0.099,0.099,0.4891603053435114,False,False,False,1.4092252119580628
Betamethasone/Doxycycline/Nystatin,8,-0.0654028434021076,0.8732,0.933718811881188,-0.0374543029896175,0.5871,-0.0518548312940763,0.611,0.611,0.8008252427184466,False,False,False,
Betaxolol,42,0.1130900121846868,0.0814,0.1841089005235602,0.1145594720436552,0.0701,-0.1119540431565805,0.856,0.856,0.945276073619632,False,False,False,4.033107103242734
Bethanechol chloride,40,0.0762456850880571,0.1279,0.2574687791239515,0.0450442661508613,0.2005,-0.0836399420089858,0.784,0.784,0.8974244833068363,False,False,False,61.52127019506997
Bexarotene,1,-0.0152439024390244,0.2849,0.4571946508172362,-0.0060975609756097,0.1452,0.0309366866782784,0.28,0.28,0.5662921348314608,False,False,False,
Bezafibrate,42,0.073938346726612,0.1532,0.2907838312829526,0.0904882169123341,0.1108,-0.0453119220297541,0.657,0.657,0.8306721215663354,False,False,False,2.0192472284937946
Bicalutamide,42,0.3043954595997319,0.00118,0.0091354838709677,0.3710607466347631,0.0005,0.0043236949934768,0.451,0.451,0.6958285714285715,False,True,True,2.3420761265869774
Bictegravir/emtricitabine/tenofovir alafenamide,24,0.2567459773289395,0.00682,0.0303555555555555,0.2057665142575309,0.0144,0.1154605579296713,0.127,0.127,0.4891603053435114,False,True,True,
Bifonazole,42,0.078126191780645,0.1354,0.2673345521023766,0.0623123686431255,0.1542,-0.1503319600912964,0.966,0.966,0.9894915254237288,False,False,False,13.47441756199229
Bilastine,42,0.451133226927235,2e-05,0.0004595744680851,0.5615950093553391,0.0001,0.1839100200987722,0.053,0.053,0.4649999999999999,False,True,True,4.185696520534696
Bimatoprost,42,-0.0506630770678783,0.581,0.740516814159292,-0.0015515978764202,0.3758,0.1478935023426054,0.05,0.05,0.4649999999999999,False,False,False,2.2562764920422445
Biperiden hydrochloride,4,0.0079097870972394,0.2544,0.4212413793103448,-0.010783606328951,0.3089,0.1974655816945801,0.076,0.076,0.4775879396984924,False,False,False,
Biphasic insulin aspart,42,0.513975088729299,1e-05,0.0003176470588235,0.6349784864899654,0.0001,0.1380176855148942,0.085,0.085,0.4775879396984924,False,True,True,3.194169384207881
Biphasic insulin lispro,42,0.3323451140343795,0.00107,0.0086561797752808,0.2731886382488019,0.003,0.153332076399992,0.078,0.078,0.4775879396984924,False,True,True,4.8032241051263025
Biphasic isophane insulin,42,0.0857772220508526,0.1309,0.2609917050691244,0.0776985657496759,0.1328,0.063587076810764,0.199,0.199,0.500395809080326,False,False,False,5.042577179136652
Bisacodyl,42,0.1288605079703884,0.0641,0.1564474576271186,0.1609891057719417,0.0335,0.1773757826876699,0.064,0.064,0.4664451827242525,False,False,False,2.293145763556793
Bisoprolol fumarate,42,0.1121496239428324,0.0828,0.1868840125391849,0.1378168852642579,0.0448,0.1033580268613578,0.117,0.117,0.4891603053435114,False,False,False,1.2208648748107023
Boric acid,33,-0.0220334289887609,0.4273,0.6060196979645437,-0.0104086979462864,0.3658,0.1095201887972407,0.129,0.129,0.4891603053435114,False,False,False,
Bosentan,25,0.0252367516502564,0.2173,0.3725142857142857,0.0194434071296578,0.2358,-0.1307266216654325,0.906,0.906,0.9678338278931752,False,False,False,
Bosutinib,2,-0.0228200871632618,0.207,0.3614551333872272,-0.0703607634646752,0.973,-0.0242089731734301,0.505,0.505,0.7301204819277108,False,False,False,
Botulinum toxin type A,16,0.1454664113251344,0.03966,0.1106790697674418,0.1116373095887918,0.0684,-0.0939895029133299,0.807,0.807,0.909,False,True,False,
Bowel cleansing solutions,42,-0.0431340475847024,0.7288,0.8570626020685901,-0.0478244213484325,0.7846,-0.1318489634267212,0.931,0.931,0.98,False,False,False,6.189227417452559
Brimonidine tart (Rosacea),42,-0.0118619870923226,0.4278,0.6062984293193717,-0.0303798893375698,0.5,0.0760856581357061,0.176,0.176,0.4891603053435114,False,False,False,3.5631084511768267
Brimonidine tartrate,42,0.0347415277275957,0.2398,0.4027744945567652,0.1066859954289248,0.0711,-0.0952710223290031,0.846,0.846,0.9361475409836064,False,False,False,1.8990247415171462
Brinzolamide,42,0.2775384741952009,0.00252,0.0150364640883977,0.4289607501387879,0.0002,0.2190398095473019,0.037,0.02841,0.4649999999999999,False,True,True,1.889705895602384
Brinzolamide and timolol,42,0.1086287371772741,0.0941,0.2051129032258064,0.1397894572993312,0.0462,-0.0245482860957962,0.561,0.561,0.7674224192526917,False,False,False,2.685428766351537
Brinzolamide/brimonidine,42,0.053791857813686,0.1927,0.3425777777777778,0.0768971936603323,0.1344,0.0915814989623642,0.169,0.169,0.4891603053435114,False,False,False,2.589182745624379
Brivaracetam,42,0.3087006229049051,0.0016,0.0114437086092715,0.3420718761712125,0.0005,0.1087331639614949,0.142,0.142,0.4891603053435114,False,True,True,4.248342143283458
Brodalumab (Psoriasis),1,-0.0136469221835075,0.214,0.3686124401913875,1.4004057425962024e-18,0.0456,-0.0287866620060516,0.47,0.47,0.70844382414515,False,False,False,
Bromazepam,1,-0.0211962833914053,0.4039,0.5800691489361702,-0.0304878048780488,0.8124,0.1046499832600976,0.153,0.153,0.4891603053435114,False,False,False,
Bromfenac,42,0.1581174206814207,0.03959,0.1106545924967658,0.1411194005430778,0.0496,0.0035069592171118,0.412,0.412,0.6656095736724008,False,True,False,8.829261507822801
Bromocriptine,42,0.0962297215824196,0.1108,0.2299020172910663,0.0429808873572457,0.2189,0.0123457352194771,0.381,0.381,0.6394405594405594,False,False,False,2.726870884889519
Budesonide,42,0.232676685886645,0.00788,0.0339736526946107,0.1648608566290005,0.0284,0.1924955674052829,0.052,0.052,0.4649999999999999,False,True,True,1.6207676842844196
Bumetanide,42,0.2871983670918202,0.00222,0.0140431486880466,0.3510060191273303,0.0005,-0.0297349672286548,0.554,0.554,0.7617059197963082,False,True,True,2.51523997292289
Bupivacaine hydrochloride,42,0.1725383044047463,0.02815,0.0858813559322033,0.1822744819690445,0.0189,-0.0173130574658248,0.479,0.479,0.7150241879751209,False,True,False,7.005332064262412
Buprenorph hydrochloride/naloxone hydrochloride,42,-0.1051567212008339,0.7981,0.8989875,-0.0853920529666577,0.7242,-0.0559606186902408,0.719,0.719,0.8652,False,False,False,158.3801740281844
Buprenorphine,42,0.1010013339466796,0.106,0.2220756547041706,0.0200099173873582,0.2966,0.0079297644135688,0.385,0.385,0.6431554524361949,False,False,False,2.6590044038132636
Buprenorphine hydrochloride,42,-0.0414585183876171,0.5414,0.7098640776699029,-0.1197652409231694,0.8798,0.040954174840556,0.273,0.273,0.5588668555240793,False,False,False,2.2843247370379407
Bupropion hydrochloride,42,0.4992794541608272,2e-05,0.0004595744680851,0.6773170027245713,0.0001,0.0862274176827064,0.173,0.173,0.4891603053435114,False,True,True,8.443264117998627
Buserelin,25,-0.1023996042968725,0.8521,0.9216504757135704,-0.0847127093153639,0.7761,-0.0405540931570599,0.576,0.576,0.7755569383945239,False,False,False,
Buspirone hydrochloride,42,0.1342535741133926,0.04284,0.1174294416243654,0.1289949494812564,0.0457,-0.0731155421670592,0.743,0.743,0.8762486368593239,False,True,False,5.831181644384907
Busulfan,14,0.0839766399224257,0.0758,0.1751538461538461,0.1067801509635192,0.0408,0.5555316141369318,0.017,0.01399,0.402912,False,False,False,
Butobarbital,15,-0.1208734581197038,0.8885,0.9421502209131074,-0.1251100680459486,0.91,0.4650190112984269,0.008,0.00775,0.3158490566037735,False,False,False,
C1-Esterase inhibitor,3,-0.0177724684411291,0.3212,0.4985689655172413,-0.0075767089106418,0.119,0.0314672550011004,0.279,0.279,0.5653283302063791,False,False,False,
Cabergoline,42,0.5236956981616353,5e-05,0.0009473684210526,0.7416665096572133,0.0001,0.1075783266703271,0.135,0.135,0.4891603053435114,False,True,True,1.950278411541054
Cabotegravir,1,-0.0132113821138211,0.1444,0.2776868327402135,-0.0304878048780487,0.8155,0.0209318437324042,0.342,0.342,0.6145757071547421,False,False,False,
Cabozantinib,3,0.1254460453591584,0.0561,0.1418922716627634,0.0809917924778292,0.1308,0.0319602618310216,0.264,0.264,0.553094083414161,False,False,False,
Caffeine,29,0.115650690593852,0.0694,0.166190687361419,0.1021087619047322,0.0806,-0.1091338045461969,0.839,0.839,0.9307858243451465,False,False,False,
Caffeine citrate,8,0.1168964934289679,0.00919,0.0380275862068965,0.0525279021251738,0.0657,-0.0512788198425248,0.633,0.633,0.8187305389221556,False,True,True,
Calamine,42,0.3045422751846293,0.00386,0.0202893203883495,0.3180473824720222,0.0013,0.291919734856112,0.044,0.03926,0.4649999999999999,False,True,True,5.655963167935938
Calcifediol,36,-0.0430183376283385,0.6396,0.7899005145797597,-0.0165264207367467,0.3282,-0.0387281695362,0.561,0.561,0.7674224192526917,False,False,False,
Calcipotriol,42,0.3075310967043608,0.00118,0.0091354838709677,0.3263106928364381,0.0009,0.2962824183920194,0.005,0.00263,0.19008,False,True,True,1.3331503592543477
Calcitonin (Salmon),17,-0.0180054635333523,0.3196,0.4969553956834531,-0.0260914074253781,0.5232,-0.0352608959850913,0.54,0.54,0.7491329479768787,False,False,False,
Calcitriol,42,-0.0157746883886127,0.3926,0.5687565392354125,-0.0444600207146044,0.5786,-0.0845134787461207,0.776,0.776,0.8939520000000001,False,False,False,1.968325504521455
Calcium acetate,42,0.1417451958824518,0.05085,0.1310692124105011,0.123568481812009,0.0604,0.0228497751269237,0.328,0.328,0.6055384615384616,False,False,False,4.196821845265176
Calcium acetate/magnesium carbonate,41,0.0788936678757333,0.02227,0.07344,0.0283000709282893,0.0978,0.0441571661386755,0.227,0.227,0.5255305466237942,False,True,False,89.33539831174019
Calcium carbonate,42,0.0705570234353632,0.165,0.3056603773584906,0.1667887049973375,0.0316,0.1969652882088329,0.049,0.04093,0.4649999999999999,False,False,False,1.9278601741777326
Calcium chloride,20,0.3721129460667993,0.00038,0.0040433497536945,0.4351939149532968,0.0003,0.0170150085203922,0.344,0.344,0.6161194029850746,False,True,True,
Calcium folinate,42,0.1283397285179763,0.0583,0.14575,0.1384248709500841,0.0465,0.0208346726686868,0.302,0.302,0.5860916442048517,False,False,False,7.423213104536645
Calcium gluconate,42,0.3051460439956099,0.0018,0.0123428571428571,0.4667942491024085,0.0002,0.0200415171435487,0.347,0.347,0.6184158415841584,False,True,True,9.681068893908026
Calcium lactate,23,-0.1693812382651611,0.9547,0.9815007132667618,-0.0984163806651896,0.7959,0.0170316952801876,0.341,0.341,0.6145757071547421,False,False,False,
Calcium polystyrene sulfonate,42,0.031376068268935,0.0765,0.1759744408945687,0.0574130056947967,0.018,-0.0013224345530788,0.407,0.407,0.6619879518072288,False,False,False,8.198149392342765
Camellia sinensis extract,41,0.0244674708017011,0.2685,0.4377056603773585,-0.0114550824214364,0.4097,-0.0548293701435522,0.638,0.638,0.8227343283582089,False,False,False,7.584122922069522
Canagliflozin,42,0.1504373092752439,0.04115,0.1141001283697047,0.1805457870462909,0.0208,0.0265676522046711,0.328,0.328,0.6055384615384616,False,True,False,5.4046620849436415
Canagliflozin/metformin,42,0.1681015165076772,0.03377,0.0992424489795918,0.1651870967060762,0.0279,0.0832634443500641,0.174,0.174,0.4891603053435114,False,True,False,30.659420886894768
Candesartan cilexetil,42,0.3154541661191185,0.00104,0.0084769811320754,0.3026988571262182,0.0016,0.054692224082547,0.231,0.231,0.531373801916933,False,True,True,2.54962541277165
Cannabidiol,26,0.1263628630005766,0.02379,0.0756795287187039,0.2802223019087094,0.0001,-0.0104061026767781,0.446,0.446,0.6910760401721664,False,True,False,
Capecitabine,16,-0.0855460225950349,0.8469,0.918189663823382,-0.0619635827532005,0.7057,-0.1244310791215861,0.9,0.9,0.9647642679900744,False,False,False,
Capsaicin,42,0.108264516192135,0.0969,0.2086779661016949,0.1716545993148376,0.0309,-0.0024646564071634,0.487,0.487,0.7185245901639344,False,False,False,2.2516990539133728
Capsules delisted probiotic (0913531),27,0.0774195429182073,0.1055,0.2216731517509727,0.0642973059805296,0.1209,0.1714729250150227,0.07,0.07,0.4769716088328076,False,False,False,
Captopril,42,0.2440409219327352,0.0063,0.0285882352941176,0.2700137882662957,0.0027,-0.0317667051523237,0.589,0.589,0.7853333333333333,False,True,True,2.000647548579235
Carbamazepine,42,-0.0031233288737861,0.3903,0.5669455279085407,-0.0451222562657843,0.5661,0.2726291813107907,0.011,0.00965,0.3601241379310345,False,False,False,1.3496634251608777
Carbidopa,1,-0.0246225319396051,0.5258,0.6954856093080221,-0.0304878048780487,0.8062,-0.1216967874927097,0.928,0.928,0.9777951219512196,False,False,False,
Carbimazole,42,0.3642449893330645,0.00019,0.0023586206896551,0.3383670648651855,0.0004,0.146039136473075,0.082,0.082,0.4775879396984924,False,True,True,1.4980553170894453
Carbocisteine,42,0.153172835421979,0.04127,0.1142861538461538,0.1718380941856564,0.0272,0.0150694877597949,0.371,0.371,0.6329857819905214,False,True,False,1.5831624487684723
Carbomer,42,0.1103293671797577,0.0898,0.1985342886386898,0.0512197912260041,0.1994,-0.0262215025927917,0.566,0.566,0.7723057485786481,False,False,False,5.9498942689264025
Carbomer 940/980,42,0.141142810776553,0.04444,0.1204396486825595,0.1291539837580145,0.045,0.1275315962960703,0.101,0.101,0.4891603053435114,False,True,False,1.8158323609170448
Carbomer 974P,42,0.1499192535237936,0.04688,0.1250692682926829,0.2386111992644921,0.0069,0.2410900104393792,0.004,0.00406,0.22842,False,True,False,4.947775628037787
Carglumic acid,7,-0.0886738002352024,0.7481,0.8715728155339806,-0.1171451583366393,0.8984,-0.0711997757468774,0.689,0.689,0.8501996577296063,False,False,False,
Cariprazine,42,0.1240143146982163,0.0629,0.1538663646659116,0.3318455293558262,0.0016,-0.0693118443174998,0.703,0.703,0.8566985915492957,False,False,False,57.01722290702673
Carmellose sodium,42,0.1550213628430853,0.02514,0.0786991304347826,0.2714464572171021,0.0009,0.0096541815567282,0.379,0.379,0.6380670303975058,False,True,False,2.407579715486783
Carteolol hydrochloride,1,-0.0224545102593883,0.445,0.6198865979381444,-0.024390243902439,0.5698,0.029118154001614,0.325,0.325,0.6036113499570077,False,False,False,
Carvedilol,42,-0.0353993725722746,0.5466,0.7120965018094089,-0.0426904495181066,0.6093,-0.0518709275961697,0.621,0.621,0.8095111647555823,False,False,False,1.669677664166341
Caspofungin,3,-0.0084988926558294,0.2856,0.4576379821958457,-0.1100617744253889,0.9851,-0.0848454082033054,0.764,0.764,0.88859291084855,False,False,False,
Castor oil,14,-0.0342773289329486,0.3911,0.567344526527871,-0.0092810212131988,0.2374,0.038442981174778,0.281,0.281,0.5667226890756303,False,False,False,
Catheter Maintenance Products,42,-0.1093050613408131,0.9677,0.9854936350777936,-0.109852469645782,0.9597,0.6289108008061515,0.001,0.00076,0.1368,True,False,False,5.748275880210905
Catheter Valves,42,-0.1042693247373711,0.9625,0.9847840909090908,-0.0968701762321916,0.9207,0.6426933353203858,0.001,0.00064,0.1276363636363636,True,False,False,12.893799303473653
Catheters,42,-0.1297295956135704,0.9929,0.996707192575406,-0.1088350429368443,0.9514,0.7017000088208981,0.001,9e-05,0.054,True,False,False,7.547197253628492
Cefaclor,42,0.2340435020876655,0.00781,0.0338068136272545,0.2720113012980302,0.0031,-0.1118132146671953,0.877,0.877,0.9576946410515672,False,True,True,7.683342813534069
Cefadroxil,41,0.1975310283751106,0.02189,0.0728542372881356,0.1842806668994314,0.0207,-0.007079918844826,0.424,0.424,0.6724229074889867,False,True,False,41.65545696183738
Cefalexin,42,0.1816990183343778,0.02287,0.0743494736842105,0.1562288141423687,0.0326,-0.0191829722169619,0.533,0.533,0.7478529980657641,False,True,False,2.1278527928040925
Cefixime,42,0.0409096047811064,0.2492,0.4150131071703932,0.1026580928019796,0.0963,0.0778662799039172,0.17,0.17,0.4891603053435114,False,False,False,4.252349420311064
Cefotaxime sodium,30,0.3867398015971341,0.00048,0.0048676056338028,0.3623168819407983,0.0003,0.1847547540486765,0.073,0.073,0.4775879396984924,False,True,True,
Cefradine,42,0.1612489919670877,0.03856,0.1094475689881734,0.1353109480092445,0.0529,-0.0628727271476572,0.736,0.736,0.873974711379879,False,True,False,45.87768982630691
Ceftazidime pentahydrate,25,0.0837738200383772,0.02406,0.0762017595307918,0.023968377370272,0.1346,-0.0795099108510446,0.751,0.751,0.8820880913539968,False,True,False,
Ceftriaxone sodium,42,0.0978453055722353,0.0954,0.2064769539078156,-0.0064508266012076,0.3749,0.0073779015316961,0.37,0.37,0.6322784810126583,False,False,False,11.931112035340611
Cefuroxime axetil,42,0.3821671538080756,0.00016,0.0020945454545454,0.2618161660553735,0.0031,-0.0485526837657615,0.642,0.642,0.8244470868014269,False,True,True,3.4710702652391925
Cefuroxime sodium,40,0.0553793392482857,0.1696,0.3120408858603066,0.0175360567339873,0.2575,0.1371581036371576,0.108,0.108,0.4891603053435114,False,False,False,17.386400523271732
Celecoxib,42,0.3580757436208802,0.00047,0.0048342857142857,0.2804826730450467,0.0022,-0.0345770867019247,0.587,0.587,0.7841187384044526,False,True,True,2.980553119100489
Celiprolol hydrochloride,42,0.0406481678776303,0.219,0.3751308485329104,0.0493538092444686,0.1842,0.0057063976417758,0.401,0.401,0.6583169067475361,False,False,False,2.563334268122578
Cellulose Wadding BP 1988,10,0.0030137839244414,0.3008,0.4752948061448427,0.0363893065391546,0.1903,-0.0453836947748421,0.617,0.617,0.8067312348668281,False,False,False,
Cenobamate,42,0.3622662434352977,0.00046,0.004776923076923,0.3853122233075789,0.0005,0.0602220589243337,0.224,0.224,0.5219417475728155,False,True,True,7.3279210265874175
Certolizumab pegol,5,0.0949904513180508,0.083,0.1871398747390396,0.0949477994853252,0.0786,0.0777145293949821,0.181,0.181,0.4911557788944723,False,False,False,
Cervical Collar,40,-0.0277979107319281,0.4875,0.6601728240450846,0.0453098409354959,0.211,0.0686238803329983,0.194,0.194,0.4947343565525384,True,False,False,14.680572463357013
Cetirizine hydrochloride,42,0.1463275861913917,0.04843,0.126952427184466,0.1542657336468244,0.0385,0.0953525355927004,0.119,0.119,0.4891603053435114,False,True,False,1.9286891920295917
Cetomacrogol,42,0.2222390514275101,0.01149,0.0446374100719424,0.2131026279308474,0.0115,-0.0249177562131539,0.482,0.482,0.7150549450549449,False,True,True,56.89904019434023
Cetrimide,42,0.2317439038928009,0.00977,0.0397423728813559,0.2068936044006585,0.015,0.1692851491929138,0.085,0.085,0.4775879396984924,False,True,True,5.198884988807226
Cetrorelix,14,-0.0185289358856718,0.3408,0.5173070976809557,-0.0324729406645307,0.6799,-0.0336765166850294,0.52,0.52,0.7404087013843111,False,False,False,
Cetylpyridinium chloride,42,0.1075360077887413,0.0722,0.1706258205689277,0.0506661202598004,0.1606,0.1961555505895254,0.062,0.062,0.4649999999999999,False,False,False,8.097864234886584
Charcoal,42,0.1608529719413059,0.03219,0.0957719008264462,0.2605594327110704,0.0035,0.0540559140355504,0.236,0.236,0.537154899894626,False,True,False,7.171811419863786
Chenodeoxycholic acid,1,-0.0181184668989547,0.3397,0.5163631245601689,-0.0426829268292683,0.9288,0.0448398352830347,0.263,0.263,0.552069970845481,False,False,False,
Chiropody Appliances,42,0.0076769153257048,0.2103,0.3657391304347826,0.0329953651081586,0.1019,0.0263297749302638,0.293,0.293,0.5774452554744526,True,False,False,4.920845956995582
Chlohexidine gluconate (Emollient),42,-0.0046985183170568,0.3338,0.5124434968017058,-0.0325932683111733,0.4963,0.0964056703699633,0.144,0.144,0.4891603053435114,False,False,False,17.914553089911266
Chloral hydrate,42,0.2230804394297838,0.00959,0.0392318181818181,0.2204377746726643,0.0108,0.2073217910703061,0.036,0.03619,0.4649999999999999,False,True,True,4.025179690463834
Chlorambucil,27,0.0281839346462042,0.2771,0.4486776611694153,0.143994883245239,0.041,0.0162206312719908,0.338,0.338,0.6129974811083124,False,False,False,
Chloramphenicol,42,0.3741212490611182,0.00018,0.0022736842105263,0.4123300441661085,0.0001,0.1868641591881822,0.055,0.055,0.4649999999999999,False,True,True,1.6448384530616993
Chlordiazepoxide hydrochloride,42,-0.0911256828823242,0.7548,0.8751304347826088,-0.0704746499921907,0.6838,-0.0383034304862001,0.597,0.597,0.7930627306273063,False,False,False,2.3637611148558033
Chlorhex hydrochloride,40,-0.0576895399362504,0.6212,0.776050896471949,0.0079381771819947,0.3248,-0.0579983252820054,0.656,0.656,0.8305744431418524,False,False,False,9.314335873518782
Chlorhexidine acetate,41,0.2064600198382395,0.0079,0.0339920318725099,0.175273096595089,0.0112,0.009453952238603,0.366,0.366,0.6314376996805111,False,True,True,5.13413825704659
Chlorhexidine gluconate,42,0.3585211424222295,0.00108,0.0086721189591078,0.4007417536789465,0.0002,0.3272242353565096,0.028,0.0199,0.4649999999999999,False,True,True,3.2457434164698826
Chlorhexidine hydrochloride / Lidocaine hydrochloride,2,-0.0434066567155612,0.4871,0.6601728240450846,-0.0143896196101754,0.1627,-0.0883501486632316,0.761,0.761,0.8870804101457097,False,False,False,
Chloroprocaine hydrochloride,2,-0.0371687732067691,0.3318,0.5104615384615384,-0.0192334995980451,0.1866,0.0111335622313412,0.342,0.342,0.6145757071547421,False,False,False,
Chloroquine phosphate,39,0.2230151134155184,0.00572,0.0265703225806451,0.2107791667200042,0.0065,-0.009410432382519,0.47,0.47,0.70844382414515,False,True,True,85.03599822281176
Chloroquine phosphate with proguanil hydrochloride,3,0.0574200352639336,0.1542,0.2919123575810692,-0.0015690105883514,0.3029,-0.0490802080008249,0.592,0.592,0.7883600493218249,False,False,False,
Chlorothiazide,42,-0.0916987565943692,0.7472,0.8709940636805181,-0.0398910269339106,0.5377,-0.0189909117040495,0.522,0.522,0.7417894736842106,False,False,False,5.026556586491221
Chloroxylenol,32,0.0656892251885529,0.0758,0.1751538461538461,-0.0013616502567519,0.2791,0.088019930791652,0.149,0.149,0.4891603053435114,False,False,False,
Chlorphenamine maleate,42,0.2367463572568236,0.00641,0.0289052192066805,0.1897887964843466,0.0134,0.2377434263926998,0.042,0.03806,0.4649999999999999,False,True,True,1.6728369748770118
Chlorpromazine hydrochloride,42,0.2270281787932682,0.00859,0.0363099804305283,0.21700340852383,0.0101,0.029166976277813,0.322,0.322,0.6036113499570077,False,True,True,2.8075547063180646
Chlorpropamide,1,-0.0089430894308942,0.04746,0.1250692682926829,-0.0060975609756097,0.147,0.1160483841809574,0.081,0.081,0.4775879396984924,False,False,False,
Chlorprothixene,1,-0.0132113821138211,0.1444,0.2776868327402135,-0.0304878048780487,0.8155,0.0209318437324042,0.342,0.342,0.6145757071547421,False,False,False,
Chlortalidone,42,0.1106172758373085,0.02375,0.0756637168141592,0.1450649344563812,0.0072,0.6004708821536077,0.015,0.0133,0.3882162162162162,False,True,False,3.3258451198063836
Cholera,42,0.1098290465898103,0.0856,0.19160207253886,0.1328433809427114,0.0516,0.0887976424679877,0.136,0.136,0.4891603053435114,False,False,False,2.9836726231317923
Cholesterol,2,-0.0571292775545904,0.922,0.963949661181026,-0.039550906979758,0.5497,0.0710490746930044,0.187,0.187,0.4919853836784409,False,False,False,
Cholesterol/simvastatin,8,-0.0070056034571968,0.1763,0.32081550126369,-0.0003033466951589,0.1582,-0.0260127815111779,0.476,0.476,0.713009708737864,False,False,False,
Cholic acid,1,-0.0181184668989547,0.3397,0.5163631245601689,-0.0426829268292683,0.9288,0.0448398352830346,0.263,0.263,0.552069970845481,False,False,False,
Choline salicylate,42,0.2986908052125598,0.00318,0.0175224489795918,0.2948039952177793,0.002,0.2823871739058071,0.04,0.0333,0.4649999999999999,False,True,True,6.07829561891916
Choriogonadotropin alfa,33,0.2196649326144427,0.01347,0.0502013793103448,0.1903016049536197,0.0213,-0.0172021567645636,0.492,0.492,0.720976933514247,False,True,False,
Chorionic gonadotrophin,14,-0.1290894460658315,0.989,0.9963805970149252,-0.0945566386174621,0.8725,-0.0236929181452474,0.515,0.515,0.7366887417218544,False,False,False,
Ciclesonide,42,0.2730525557325566,0.005,0.024,0.3092896351985553,0.0021,-0.0378894645216837,0.541,0.541,0.750038510911425,False,True,True,7.009848804721014
Ciclosporin,42,0.3087995903937935,0.00121,0.0093010676156583,0.3738550936442014,0.0002,0.1404916755412988,0.062,0.062,0.4649999999999999,False,True,True,2.803501198944433
Ciclosporin (Eye Anti Inflammatory),42,0.0598428074852098,0.172,0.3156499575191164,0.1251161546790058,0.0518,-0.0551203645960929,0.643,0.643,0.82524064171123,False,False,False,2.524721736426119
Cilostazol,42,0.0989956803744558,0.098,0.2091699604743083,0.102962856104911,0.0821,0.0539872414832522,0.243,0.243,0.5405561277033986,False,False,False,10.934947095819766
Cimetidine,42,-0.0020772373381219,0.378,0.5558066712049013,-0.0603954338430723,0.6427,-0.0186796671686626,0.505,0.505,0.7301204819277108,False,False,False,1.830686386754051
Cinacalcet hydrochloride,42,0.0710470571883432,0.1561,0.2942198952879581,0.1100700581274111,0.0772,0.284922374755286,0.02,0.0212,0.4649999999999999,False,False,False,4.08824146390861
Cinnarizine,42,0.3191167492041422,0.00125,0.0094736842105263,0.4138064933950446,0.0001,0.1788743173732047,0.065,0.065,0.4664451827242525,False,True,True,2.2840557076116363
Ciprofibrate,42,0.0457275253260708,0.214,0.3686124401913875,0.0840642197294727,0.1123,-0.0934751982937619,0.819,0.819,0.916126359399275,False,False,False,3.5654887650883134
Ciprofloxacin,42,0.4267001736764467,6e-05,0.0010536585365853,0.372274780666292,0.0002,-0.0384243421553894,0.606,0.606,0.7966889835666464,False,True,True,2.0757292692333302
Ciprofloxacin/fluocinolone,42,-0.0304362680721314,0.4305,0.6075088177661659,-0.0659644897376505,0.6632,-0.1335166653011311,0.914,0.914,0.9701425061425062,False,False,False,7.225045584521377
Ciprofloxain/dexameth,42,0.3683146516497375,0.00019,0.0023586206896551,0.3589496881817589,0.0003,0.0121013350591276,0.345,0.345,0.616887417218543,False,True,True,3.4024338618590786
Citalopram hydrobromide,42,0.2647627181302302,0.0037,0.0197821782178217,0.3209181841480785,0.0008,0.1612931968756683,0.058,0.058,0.4649999999999999,False,True,True,1.3534524736027456
Citalopram hydrochloride,42,0.2203382525350515,0.0104,0.0416771799628942,0.2514853320373104,0.0043,-0.0049089512811684,0.446,0.446,0.6910760401721664,False,True,True,1.797224425974295
Cladribine (Immunomodulating),3,-0.0603277941039093,0.9107,0.9567665369649804,-0.0617274238679157,0.8967,0.6261021293513624,0.007,0.00563,0.2574,False,False,False,
Clarithromycin,42,0.3703717227032315,0.00015,0.0020377358490566,0.3546084345901808,0.0003,-0.0226188442687049,0.529,0.529,0.7478529980657641,False,True,True,1.599574952974674
Clascoterone,42,0.0005509797992859,0.3644,0.5413370013755159,-0.0180977958783908,0.4334,0.1593923820300647,0.1,0.1,0.4891603053435114,False,False,False,12.615105104851121
Clemastine fumarate,42,-0.1274265961174395,0.8599,0.9254529147982062,-0.0886312763020084,0.7472,0.0739450502248856,0.186,0.186,0.4919853836784409,False,False,False,4.936707606735492
Clindamycin hydrochloride,42,0.1331404237668485,0.03281,0.0972887671232876,0.2085148595782474,0.0035,-0.0120360146146232,0.44,0.44,0.6867052023121387,False,True,False,3.0039099307756607
Clindamycin phosphate,42,0.4128081529237679,3e-05,0.0006612244897959,0.5114891486956006,0.0001,0.1733840575160045,0.042,0.0481,0.4649999999999999,False,True,True,2.088251674077196
Clindamycin/tretinoin,42,0.5051632015210592,1e-05,0.0003176470588235,0.601141073145327,0.0001,0.1660666187507803,0.082,0.082,0.4775879396984924,False,True,True,3.02453743678387
Clobazam,42,0.1877090614847227,0.02038,0.0687825,0.1566928566509557,0.0341,0.1254957684563178,0.107,0.107,0.4891603053435114,False,True,False,1.8489004590293874
Clobetasol propionate,42,0.1503108041577092,0.04375,0.1194690265486725,0.1577658284897893,0.0367,0.2074858492151587,0.052,0.052,0.4649999999999999,False,True,False,1.4770387322415213
Clobetasone butyrate,42,0.1657222507596642,0.03348,0.0986881309686221,0.1654644022974708,0.0299,0.0986830615249648,0.143,0.143,0.4891603053435114,False,True,False,1.7900753808521161
Clofazimine,24,0.011292533849427,0.3083,0.4822070963070239,0.0007868379935544,0.3481,-0.046518095938907,0.571,0.571,0.7755569383945239,False,False,False,
Clomethiazole,42,-0.0723260893135086,0.6723,0.8181228169014085,-0.0751881303491672,0.6973,0.0754900412535477,0.181,0.181,0.4911557788944723,False,False,False,9.84622957069245
Clomethiazole edisilate,37,-0.0257137630397344,0.4687,0.6431969504447268,-0.0207362014822969,0.403,-0.1279063456164771,0.918,0.918,0.972953876349362,False,False,False,1158.0138700120547
Clomifene citrate,42,0.0919153797517023,0.1147,0.2368565965583174,0.0537610189858512,0.182,-0.1322747713872405,0.933,0.933,0.981148977604674,False,False,False,14.163152409660436
Clomipramine hydrochloride,42,0.1782234198681475,0.02588,0.0805260431654676,0.1542471192033218,0.0386,-0.0087347886038707,0.489,0.489,0.7195095367847412,False,True,False,1.8167449225671584
Clonazepam,42,0.4624363133440237,1e-05,0.0003176470588235,0.3936044468167512,0.0001,-0.0828599504487851,0.815,0.815,0.913544369486248,False,True,True,1.948194568432028
Clonidine hydrochloride,42,0.428720265812226,5e-05,0.0009473684210526,0.4719500600874792,0.0001,0.0791922313298732,0.153,0.153,0.4891603053435114,False,True,True,1.981361760890761
Clopidogrel,42,0.4601568804053566,1e-05,0.0003176470588235,0.2924116177168164,0.001,0.2795011508866752,0.014,0.01523,0.4149333333333333,False,True,True,1.3707479801632647
Cloral betaine,26,-0.0024346784551081,0.3246,0.5022464183381089,-0.0473106734272227,0.5737,-0.0924547814397452,0.81,0.81,0.9103017689906348,False,False,False,
Clotrimazole,42,0.2372139580265408,0.00403,0.0209754216867469,0.1493241532436804,0.0371,0.191088519092333,0.047,0.04137,0.4649999999999999,False,True,True,1.450018853261873
Clozapine,41,-0.0572610648060423,0.6479,0.7960546075085325,-0.0140974159894527,0.3567,-0.001351867240881,0.367,0.367,0.6320697858842188,False,False,False,44.181481816103634
Co-amilofruse (Amiloride hydrochloride/frusemide),42,0.0187164426214587,0.3269,0.5043083511777302,0.0052682146615989,0.3552,-0.0034860338892985,0.458,0.458,0.7006232294617565,False,False,False,2.78985406874121
Co-amilozide (Amiloride hydrochloride/hydrochlorothiazide),42,0.4649725090705512,4e-05,0.0008470588235294,0.3963848186839968,0.0002,-0.0355076256734244,0.579,0.579,0.7772778123057799,False,True,True,2.129723899475331
Co-amoxiclav (Amoxicillin/clavulanic acid),42,0.3753811770577592,0.00015,0.0020377358490566,0.3674324221480528,0.0001,0.0037073141544909,0.417,0.417,0.6689135254988913,False,True,True,1.9048966291687208
Co-beneldopa (Benserazide/levodopa),42,0.3064182002227227,0.00123,0.0094212765957446,0.3315036517064845,0.0006,0.1122263619572867,0.088,0.088,0.4775879396984924,False,True,True,2.5927478805629347
Co-careldopa (Carbidopa/levodopa),42,0.430319877833789,1e-05,0.0003176470588235,0.3976876627231026,0.0003,0.0003595016508509,0.456,0.456,0.6990489709013485,False,True,True,2.3046180968136127
Co-codamol (Codeine phosphate/paracetamol),42,0.129906250449093,0.0701,0.167310497237569,0.1836910671814943,0.023,0.2365439251144467,0.009,0.00967,0.3601241379310345,False,False,False,1.8645769261905512
Co-codaprin (Codeine phosphate/aspirin),8,-0.1228991050621302,0.9546,0.9815007132667618,-0.0757259958682899,0.7254,-0.1429083064725598,0.942,0.942,0.986086956521739,False,False,False,
Co-cyprindiol (Cyprote acetate/ethinylestradiol),42,0.395253060943327,8e-05,0.0012342857142857,0.5558454861158919,0.0001,0.0134850017530194,0.361,0.361,0.6292776886035313,False,True,True,2.5293617072974652
Co-danthramer (Dantron/poloxamer 188),42,0.0649677832681501,0.07,0.1672566371681416,0.0863180110180262,0.0296,-0.1261004000190201,0.91,0.91,0.9694488188976378,False,False,False,4.273709310835774
Co-danthrusate (Dantron/docusate sodium),40,-0.1102877996647802,0.8472,0.918189663823382,-0.0865688069986999,0.7591,0.3476096272493719,0.032,0.02706,0.4649999999999999,False,False,False,22.881426077653362
Co-dydramol (Dihydrocodeine/paracetamol),42,0.3293897462257969,0.00057,0.0054237885462555,0.4046133834584099,0.0002,0.1664623930348198,0.044,0.04139,0.4649999999999999,False,True,True,3.851854560562532
Co-fluampicil(Flucloxacillin/ampicillin),39,0.1474965254776759,0.04609,0.1238238805970149,0.1391429012313071,0.0462,-0.0033503774272616,0.424,0.424,0.6724229074889867,False,True,False,23.27502531249118
Co-flumactone (Hydroflumethiazide/spironolactone),33,0.0092467504752474,0.247,0.4123029366306027,0.0125114254175031,0.2346,-0.1236765441293978,0.907,0.907,0.9684231339594662,False,False,False,
Co-magaldrox (Magnesium/aluminium hydroxide),42,0.0896318202202426,0.1102,0.2295260115606936,0.0326805266563759,0.2272,0.265767352460154,0.032,0.03709,0.4649999999999999,False,False,False,7.6723468890081445
Co-phenotrope (Diphenox hydrochloride/atropine sulfate),42,-0.0626864877193236,0.8594,0.9254529147982062,-0.0718617767157225,0.9053,-0.0394347363096759,0.58,0.58,0.7781366459627329,False,False,False,12.8335892930956
Co-proxamol (Dextropropoxyphene hydrochloride/paracetamol),42,0.0466623999683247,0.2164,0.3712660841938046,0.0371780596270502,0.2371,0.0151061510412493,0.334,0.334,0.6098393913778529,False,False,False,4.090459787038904
Co-simalcite (Simeticone/hydrotalcite),35,0.0653300235142013,0.1381,0.2706860254083484,0.0508154591780899,0.1565,0.2038293800536662,0.064,0.064,0.4664451827242525,False,False,False,
Co-tenidone (Atenolol/chlortalidone),42,0.0270974201173286,0.2819,0.4533909158600149,0.0520626778268697,0.1963,0.0237349892505817,0.337,0.337,0.6122119428090833,False,False,False,1.9279098344098153
Co-triamterzide(Triamterene/hydrochlorothiazide),22,-0.0582237391997489,0.6311,0.7846302472685451,0.1169124803571057,0.0464,0.0449212236464358,0.239,0.239,0.539435736677116,False,False,False,
Co-trimoxazole(Trimethoprim/sulfamethoxazole),42,0.0452329059578875,0.2301,0.3904289080911233,0.0798917535991876,0.1352,0.1164817595967002,0.156,0.156,0.4891603053435114,False,False,False,1.776769608004494
Co-zidocapt (Hydrochlorothiazide/captopril),1,-0.0197444831591172,0.3803,0.5576700610997964,2.9660766502047758e-18,0.044,-0.0910208391982724,0.79,0.79,0.899242105263158,False,False,False,
Coal tar,42,0.2623823448991389,0.00444,0.0222515081206496,0.2328430748813585,0.0074,0.2446430432539309,0.035,0.03191,0.4649999999999999,False,True,True,2.3199122939755776
Coal tar and corticosteroid preparations,4,-0.0947549474400745,0.876,0.9353237765694512,-0.0862264729669692,0.8015,-0.2053785274207335,0.993,0.993,0.999944055944056,False,False,False,
Coal tar bath preparations,2,-0.0323899213748887,0.4329,0.6095593220338983,-0.0563827891418339,0.8955,0.0694597353180614,0.179,0.179,0.4906598984771573,False,False,False,
Cobicistat,1,-0.0114111498257839,0.0974,0.2089215491559086,-0.0426829268292683,0.927,0.0426897358185079,0.252,0.252,0.544864864864865,False,False,False,
Cocaine,3,0.1427872732501584,0.04497,0.121473,0.077583416000837,0.0846,-0.0950990091743419,0.807,0.807,0.909,False,True,False,
Cocois,42,0.261250418656958,0.00491,0.0237793721973094,0.2207248948200272,0.0103,0.2424992691985789,0.048,0.04446,0.4649999999999999,False,True,True,1.8672544346177138
Cod liver oil,42,0.2619039273691349,0.00706,0.0311852760736196,0.402644607170319,0.0005,0.1688906472880375,0.076,0.076,0.4775879396984924,False,True,True,29.25950697641177
Codeine phosphate,42,0.2720929216493517,0.004,0.0208695652173913,0.3215157972354067,0.0014,0.2413321126962807,0.051,0.051,0.4649999999999999,False,True,True,2.3998290802599924
Colchicine,42,0.3903585418978159,0.00011,0.0016054054054054,0.3638439486873069,0.0003,0.1362388671039335,0.045,0.05128,0.4649999999999999,False,True,True,1.517367525669716
Colecalciferol,42,0.1467496536242602,0.047,0.1250692682926829,0.2272635002568751,0.0082,0.1261568661585926,0.055,0.055,0.4649999999999999,False,True,False,1.5382079128795283
Colesevelam hydrochloride,42,0.1753747247927657,0.02735,0.0843942857142857,0.1515701187207919,0.0403,0.0507670335082598,0.274,0.274,0.5588668555240793,False,True,False,2.322168855433762
Colestipol hydrochloride,42,-0.0050719112791224,0.3996,0.5769625668449198,0.0320944644092358,0.256,0.0877980602251873,0.168,0.168,0.4891603053435114,False,False,False,2.987732308827213
Colestyramine,42,0.1130650883486709,0.0867,0.1934628099173553,0.1355426434167399,0.0548,0.1232587692675593,0.069,0.069,0.4746496815286625,False,False,False,1.7563769419137478
Colistimethate sodium,42,0.2520757147908609,0.00436,0.0219524475524475,0.2780438297469822,0.0027,0.1087752639702391,0.124,0.124,0.4891603053435114,False,True,True,3.3818497506323717
Colostomy Bags,42,-0.0882502191435121,0.9768,0.9894683544303796,-0.0636424854313767,0.7966,0.6497957629383843,0.003,0.00145,0.1386,True,False,False,17.71579942779346
Colostomy Sets,2,-0.0636010705586234,0.9847,0.993902803738318,-0.0443841016920192,0.6833,-0.0911469778578666,0.774,0.774,0.8930769230769231,True,False,False,
Combined ethinylestradiol 20mcg,42,0.4977401035100426,1e-05,0.0003176470588235,0.5818363159571981,0.0001,0.1390128712198234,0.093,0.093,0.4840481927710843,False,True,True,1.8771624163037663
Combined ethinylestradiol 30mcg,42,0.4557122662489413,2e-05,0.0004595744680851,0.4626530310042306,0.0001,0.083450787847419,0.19,0.19,0.4926770708283313,False,True,True,1.670918689503289
Combined ethinylestradiol 35mcg,42,0.4750907272523856,2e-05,0.0004595744680851,0.522275581936288,0.0001,0.0539419687078264,0.256,0.256,0.5485714285714286,False,True,True,2.3635415831506834
Combined mestranol,42,0.1044153979783654,0.1,0.211972522080471,0.061539611274526,0.1641,-0.0545054938254437,0.653,0.653,0.8296941176470588,False,False,False,6.64392771525838
Compound alginates and proprietary indigestion preparations,42,0.191765379523294,0.02086,0.0697486068111455,0.1959520057361523,0.0175,0.1573201793849135,0.043,0.0539,0.4649999999999999,False,True,False,3.91140004500385
Compound antispasmodic preparations,27,0.1234620729160313,0.0574,0.1445034965034965,0.0562654408441759,0.1241,0.1638517618915667,0.08,0.08,0.4775879396984924,False,False,False,
Compound iron preparations,12,-0.1052134846432651,0.8395,0.9135113350125944,-0.1208338555637786,0.9075,0.1795013730677176,0.059,0.059,0.4649999999999999,False,False,False,
Contraceptive Devices,42,0.2151221876750633,0.01067,0.0422884403669724,0.098536255187178,0.1018,-0.0578212822465701,0.702,0.702,0.8566985915492957,False,True,True,3.1857651574604744
Coronavirus vaccine,34,0.2873767776652452,0.00281,0.0160571428571428,0.4328868213406036,0.0002,0.0626892753843215,0.218,0.218,0.5170837867247008,False,True,True,
Cortisone acetate,13,-0.088854929471981,0.7496,0.8723747980613893,-0.0693858849172234,0.668,0.0126684944216111,0.35,0.35,0.6206896551724138,False,False,False,
Crotamiton,42,0.2377952877396224,0.00618,0.0282075949367088,0.1693222414966027,0.0275,0.0484061480804272,0.248,0.248,0.5438220424671386,False,True,True,1.7270798126855693
Cyanocobalamin,42,0.0084512252156702,0.3414,0.517642105263158,0.0702009017000963,0.15,-0.0007746944173093,0.412,0.412,0.6656095736724008,False,False,False,3.20214581778571
Cyclizine hydrochloride,42,0.3666749568872559,0.00027,0.0031187165775401,0.3961564835461147,0.0001,0.075676944808935,0.184,0.184,0.4912731767614338,False,True,True,1.5650799058678966
Cyclizine lactate,42,0.0248581082505079,0.2853,0.4574966592427617,0.083523599795482,0.1225,-0.1408052577079447,0.957,0.957,0.9879866730128508,False,False,False,8.693585461474926
Cycloidal Vibration Accessories,6,0.3078684330208584,0.00216,0.0138035502958579,0.2811743286528271,0.0013,-0.0749093141812655,0.699,0.699,0.8566985915492957,False,True,True,
Cyclopentolate hydrochloride,42,0.3174049053396453,0.00052,0.0051287671232876,0.4379667641692651,0.0001,0.0760038483122783,0.178,0.178,0.4891603053435114,False,True,True,3.823825361037713
Cyclophosphamide,39,0.1242577507063204,0.0592,0.1471484464902186,0.1646931598257404,0.0292,0.1182352140551048,0.116,0.116,0.4891603053435114,False,False,False,42.706402405292785
Cycloserine,8,-0.0132519295916785,0.2793,0.4498791946308725,-0.0014643938040199,0.2253,-0.1130752576123104,0.856,0.856,0.945276073619632,False,False,False,
Cyproheptadine hydrochloride,42,0.0850315828937178,0.1186,0.2430512333965844,0.103415727913866,0.0774,0.0747218973793925,0.167,0.167,0.4891603053435114,False,False,False,9.270200978763128
Cyproterone acetate,42,0.2010661484021167,0.01726,0.0608182707993474,0.1978329651056604,0.0184,0.0225636637839556,0.345,0.345,0.616887417218543,False,True,False,3.0633353863592045
Cytisinicline,42,0.0261308759270095,0.246,0.4119069767441861,0.0435278435039596,0.1912,-0.0825063714973957,0.77,0.77,0.8898876404494382,False,False,False,72.46711881702798
Dabigatran etexilate,42,0.237968648903525,0.00755,0.0330558704453441,0.1792329579834929,0.0223,0.059323650924892,0.197,0.197,0.4976842105263158,False,True,True,5.394799553776607
Dabrafenib,1,-0.0133081687959737,0.1961,0.3466252045826513,-0.024390243902439,0.569,-0.1035644354906416,0.872,0.872,0.9556164383561644,False,False,False,
Dalteparin sodium,42,-0.041017678601734,0.5386,0.7067897934386391,-0.0948115906167138,0.7614,0.1904886837239799,0.047,0.04707,0.4649999999999999,False,False,False,21.733858093074698
Danazol,42,0.0858667080216405,0.0947,0.2057867203219316,0.0692997742793261,0.1212,0.1361947857576068,0.105,0.105,0.4891603053435114,False,False,False,37.7763462116266
Dantrolene sodium,42,0.2390069917996301,0.00593,0.0274278372591006,0.1478406141972405,0.0398,0.0132821788293904,0.376,0.376,0.637875,False,True,True,2.187938212991036
Dapagliflozin,42,0.268084336937001,0.00251,0.0150364640883977,0.396365757661588,0.0001,0.1323135072565904,0.128,0.128,0.4891603053435114,False,True,True,1.658170435918655
Dapagliflozin/metformin,42,0.0998155866478168,0.0767,0.1762468085106383,0.0742154292983695,0.1069,0.1098713084313373,0.124,0.124,0.4891603053435114,False,False,False,19.59971103700647
Dapoxetine hydrochloride,42,0.2606762623716286,0.00471,0.0231218181818181,0.2663517843906786,0.0028,0.3265077369539925,0.026,0.02573,0.4649999999999999,False,True,True,12.681598574686303
Dapsone,42,0.076482156318531,0.1532,0.2907838312829526,0.0370353967027328,0.2398,0.0249560040844434,0.323,0.323,0.6036113499570077,False,False,False,2.4636532936453888
Daptomycin,7,0.0098440988912934,0.2611,0.4290433460076046,0.0523419615005294,0.1473,-0.1307483154159169,0.893,0.893,0.9620349127182044,False,False,False,
Darbepoetin alfa,42,-0.0287254801011612,0.2751,0.4461081081081081,-0.0305686106312398,0.3402,-0.0045588100934534,0.417,0.417,0.6689135254988913,False,False,False,19.00751029985583
Daridorexant,42,0.0378070717534661,0.2411,0.4046433566433567,0.0803167202632017,0.1297,0.0051083395726109,0.423,0.423,0.6724229074889867,False,False,False,4.415803533443976
Darifenacin hydrobromide,42,0.0620408991748032,0.1734,0.3166052409129332,0.1464621774895809,0.0437,0.0309263550278894,0.347,0.347,0.6184158415841584,False,False,False,11.568948295244924
Darunavir,28,0.1292617274827293,0.01128,0.0442192377495462,0.0395811451260601,0.0977,0.0964210971706419,0.122,0.122,0.4891603053435114,False,True,True,
Darunavir/cobicistat,12,0.2000035480733562,0.01674,0.0591790507364975,0.3239171709834728,0.0016,0.1044959144802286,0.147,0.147,0.4891603053435114,False,True,False,
Dasatinib,8,0.0058097125326439,0.3239,0.5015225806451613,0.0173432156379655,0.2757,-0.18673439901884,0.982,0.982,0.9934988290398126,False,False,False,
Debridement Device,42,0.2458972964053303,0.00995,0.0401719626168224,0.2458836182360979,0.0076,0.0412495715184054,0.291,0.291,0.5750777676120769,False,True,True,19.852096991265334
Deferasirox,30,0.0165903736674819,0.2582,0.4254096109839816,-0.0357138081345747,0.4928,0.4954534755476601,0.01,0.00882,0.3463854545454545,False,False,False,
Deferiprone,24,0.0865732516698217,0.1055,0.2216731517509727,0.0625106677791039,0.1423,-0.0912223228362429,0.793,0.793,0.9000945874934315,False,False,False,
Deflazacort,42,0.4135623270638291,6e-05,0.0010536585365853,0.3796190591929877,0.0003,0.0120607305626546,0.384,0.384,0.6419814241486068,False,True,True,5.123190189069122
Degarelix,42,0.1382984533288732,0.0537,0.1367830188679245,0.0482280831550159,0.1998,0.0174713146407225,0.363,0.363,0.6292776886035313,False,False,False,84.47784152597505
Delgocitinib,11,0.1767549930590219,0.02971,0.0899394957983193,0.0101096755094376,0.3159,-0.1608681506091807,0.965,0.965,0.9894915254237288,False,True,False,
Demeclocycline hydrochloride,42,0.1076706386785081,0.0897,0.1985163934426229,0.0392098362484369,0.2251,0.0005401431081157,0.399,0.399,0.6563899466869764,False,False,False,6.537335621465421
Dengue fever,4,0.0248214804404513,0.0989,0.210259842519685,0.0053767439349083,0.1853,-0.0014893014178096,0.427,0.427,0.6747037307973665,False,False,False,
Denosumab,42,0.3409461029673469,0.00167,0.011636129032258,0.2599973623602452,0.0056,0.0840574589565053,0.158,0.158,0.4891603053435114,False,True,True,23.926862853574153
Deodorants,42,-0.1032467785877881,0.9987,1.0,-0.0690569793398931,0.8715,0.6503369350560747,0.003,0.00217,0.1704857142857143,True,False,False,15.351455688445801
Depigmenting agents,42,0.42373685116767,0.00017,0.0021857142857142,0.5468622908493623,0.0001,0.1837771521283107,0.078,0.078,0.4775879396984924,False,True,True,24.7559491134693
Dequalinium chloride,42,0.2067456462200857,0.01465,0.0530939597315436,0.340331528618593,0.0009,0.0480232986272941,0.265,0.265,0.5546511627906977,False,True,False,10.233157952680834
Desferrioxamine mesilate,4,-0.0176496135575395,0.2778,0.4488017950635751,-0.0464572041638386,0.8944,-0.035872819160093,0.573,0.573,0.7755569383945239,False,False,False,
Desloratadine,42,0.1688589659781642,0.02936,0.0891949367088607,0.1410493266455311,0.0485,0.1811983088005941,0.048,0.05339,0.4649999999999999,False,True,False,2.387625826817724
Desmopressin acetate,42,0.0120884838942211,0.3462,0.5222011173184358,0.0577486379537633,0.1897,0.01702103244387,0.399,0.399,0.6563899466869764,False,False,False,1.5453352769075188
Desogestrel,42,0.2690492399017882,0.00291,0.0164114882506527,0.2952651806977703,0.0015,0.2172958294610236,0.014,0.00916,0.3533142857142857,False,True,True,1.5229480815883312
Detection Sensor Interstitial Fluid/Gluc,42,0.1853575254244214,0.02238,0.0736109589041096,0.1217006926219775,0.0684,0.0757192812926448,0.148,0.148,0.4891603053435114,True,True,False,1.6181967050380386
Dev For Fungal Nail Infections,42,0.3066056499658439,0.00235,0.0143796033994334,0.4095569390820858,0.0005,0.2387623208630827,0.043,0.04328,0.4649999999999999,False,True,True,5.764177417745803
Dexamethasone,42,0.5542067915101504,1e-05,0.0003176470588235,0.5463945082949879,0.0001,0.0810963292527214,0.138,0.138,0.4891603053435114,False,True,True,1.6176445719072627
Dexamethasone phosphate,42,0.2525053343817893,0.0052,0.0249046563192904,0.2958177459109496,0.0016,0.0627885487001314,0.222,0.222,0.5195232936078006,False,True,True,3.026293407587559
Dexamethasone sodium metasulphobenzoate,42,0.2101121997915977,0.01307,0.0492691099476439,0.132349977568248,0.0588,0.0641492780207958,0.211,0.211,0.5097986577181208,False,True,True,3.367167985552898
Dexamethasone sodium phosphate,42,-0.0425333724246263,0.5454,0.7109619794809898,-0.0560893458728615,0.6656,0.0008508203582833,0.39,0.39,0.648,False,False,False,5.171449149964718
Dexamfetamine sulfate,42,0.3312729404054655,0.0011,0.0088,0.4635042803218374,0.0002,0.0530139249099302,0.232,0.232,0.5319745222929937,False,True,True,3.2720453471751574
Dexibuprofen,3,-0.0508149898318422,0.5008,0.6731194029850747,-0.0599491940623108,0.6402,-0.0343401545574512,0.536,0.536,0.7478529980657641,False,False,False,
Dexketoprofen,42,0.0348543054042042,0.257,0.4247283856159143,0.0575032075042668,0.1765,-0.0138042852828309,0.457,0.457,0.7000851063829787,False,False,False,8.476118204277226
Dexpanthenol,42,0.3077922175272964,0.00163,0.011543606557377,0.3175362224462991,0.0012,0.223772786574481,0.041,0.03304,0.4649999999999999,False,True,True,3.703171260740949
Dextromethorphan hydrobrom compound prepartions,31,0.0558050225914747,0.1723,0.3156641221374046,0.0884190280630739,0.1036,0.1420079489243195,0.096,0.096,0.4867605633802817,False,False,False,
Dextromethorphan hydrobromide,42,0.2228999954879371,0.0126,0.0481699115044247,0.1491632331135262,0.0519,0.0100836255691568,0.36,0.36,0.629126213592233,False,True,True,8.51330008322144
Diamorphine hydrochloride,4,-0.0258775765404609,0.3869,0.5635225893459205,0.0445193245829652,0.1824,-0.0749514926919731,0.716,0.716,0.864,False,False,False,
Diamorphine hydrochloride (Systemic),42,0.2150965151087445,0.01422,0.0520962711864406,0.1155487019709633,0.0746,0.0405495013990076,0.293,0.293,0.5774452554744526,False,True,False,37.14016919716807
Diazepam,42,0.3796420522189323,7e-05,0.0012095999999999,0.3983187349635935,0.0001,0.180009164340881,0.031,0.03035,0.4649999999999999,False,True,True,1.8987033798397486
Diazoxide,42,-0.0462875627159832,0.5584,0.7221974865350089,0.0073522110133315,0.3219,-0.0834673953997641,0.766,0.766,0.88859291084855,False,False,False,5.527681642749208
Dibasic potassium phosphate,1,-0.0319783197831977,0.7633,0.8769829787234042,-0.0243902439024389,0.568,-0.1675989577180827,1.0,1.0,1.0,False,False,False,
Dibrompropamidine isetionate,41,0.1084662680590979,0.0793,0.1803031578947368,0.0368860324708503,0.215,-0.0122485619969085,0.461,0.461,0.7037173144876325,False,False,False,13.144460985925276
Diclofenac diethyl,42,0.2246143920162876,0.0104,0.0416771799628942,0.2878330424977558,0.0016,0.2207879057656695,0.038,0.04052,0.4649999999999999,False,True,True,3.1172713218491603
Diclofenac potassium,42,0.0832182146895943,0.1286,0.2583962790697675,0.0890839151009809,0.1076,0.1600729383695263,0.073,0.073,0.4775879396984924,False,False,False,2.943831402396397
Diclofenac sod,26,0.2064404319954559,0.0119,0.0458566844919786,0.1664598129828464,0.0224,-0.0172354349761676,0.481,0.481,0.7150549450549449,False,True,True,
Diclofenac sodium,42,0.4359936475006758,2e-05,0.0004595744680851,0.3958799766679579,0.0004,0.1533410722003163,0.064,0.064,0.4664451827242525,False,True,True,1.8028034914850442
Dicycloverine hydrochloride,42,0.0950124286582702,0.1152,0.2372087702573879,0.1700785248852722,0.0302,-0.0244312088529981,0.556,0.556,0.763969465648855,False,False,False,3.009587756018786
Dicycloverine hydrochloride compound preparations,42,0.106617508420902,0.0901,0.1985877551020408,0.082818389890136,0.1175,0.0321483284141904,0.314,0.314,0.5970422535211267,False,False,False,5.830794286752081
Dienogest,42,0.251312372263186,0.00568,0.0264413793103448,0.3736722788086985,0.0004,0.1339917773549042,0.08,0.08,0.4775879396984924,False,True,True,8.300061427831082
Diethylamine salicylate,42,0.1262159722369696,0.0677,0.1632053571428571,0.2695083989907066,0.0036,0.0889681107258028,0.168,0.168,0.4891603053435114,False,False,False,20.129956126232987
Diethylstilbestrol,41,0.0603716664982698,0.1727,0.316128813559322,0.0380516091350282,0.2187,-0.0725887514712539,0.723,0.723,0.866393351800554,False,False,False,16.819052191720104
Diflucortolone valerate,42,-0.0706119789696186,0.6819,0.8246942889137738,-0.0473521399298312,0.5741,0.0807539418596941,0.188,0.188,0.4922181818181818,False,False,False,4.9011047500750085
Digoxin,42,0.3899524165476442,8e-05,0.0012342857142857,0.457377784698052,0.0001,0.138453670456334,0.083,0.083,0.4775879396984924,False,True,True,1.4406306419581076
Dihydrocodeine tartrate,42,0.2125276460858911,0.01181,0.0456729874776386,0.1544927287467952,0.0328,-0.1204314239551054,0.935,0.935,0.9827737226277372,False,True,True,2.413388250524856
Diloxanide furoate,4,0.2089361227944603,0.01889,0.0649719745222929,0.2960908439047958,0.0047,-0.0958264494891428,0.798,0.798,0.9038699528054536,False,True,False,
Diltiazem hydrochloride,42,0.1000343467076869,0.1089,0.2272695652173913,0.0828754859128158,0.1268,0.0339623973880011,0.283,0.283,0.5674745605920444,False,False,False,1.5891956578391422
Dimenhydrinate/cinnarizine,42,0.2964946709115811,0.00113,0.0089406593406593,0.1923421621623331,0.0136,0.0451228555418275,0.26,0.26,0.552069970845481,False,True,True,5.447059834437964
Dimethyl fumar,33,-0.1504812273614163,0.9657,0.9848498583569404,-0.1239020288947805,0.9172,-0.0815807373244797,0.753,0.753,0.8829967426710098,False,False,False,
Dimethyl sulfoxide,2,-0.0258069162837675,0.4311,0.6078172323759791,-0.0238763310320152,0.3998,-0.1155173825720815,0.89,0.89,0.9620349127182044,False,False,False,
Dimeticone (Barrier),42,-0.0014360449541699,0.3559,0.5327401247401248,0.0269567693546482,0.2465,-0.1132638616032165,0.865,0.865,0.950356052899288,False,False,False,13.728734707546652
Dimeticone (Parasiticidal),42,0.1420067751856427,0.04812,0.1264467153284671,0.1366482684743487,0.0471,0.2245248624257166,0.056,0.056,0.4649999999999999,False,True,False,2.7832713387894086
Dinoprostone,3,-0.0056115863670207,0.22,0.3762470308788598,-0.0384430677792468,0.5198,0.0748082199934257,0.184,0.184,0.4912731767614338,False,False,False,
Diosmin/hesperidin,2,-0.0336597100354113,0.3424,0.5178558432470259,-0.0746408527771022,0.9673,0.002595192515305,0.402,0.402,0.6583169067475361,False,False,False,
Diphenhydramine hydrochloride,42,0.2032242202593781,0.01627,0.0578013157894736,0.2309343092263428,0.0083,0.0641609153685461,0.203,0.203,0.5028440366972478,False,True,False,4.359986349393241
Diphenhydramine hydrochloride/pholcodine,1,-0.0319783197831977,0.7633,0.8769829787234042,-0.0243902439024389,0.568,-0.1675989577180827,1.0,1.0,1.0,False,False,False,
Diphtheria,42,0.4981548439233107,2e-05,0.0004595744680851,0.4704457984767329,0.0001,-0.0104106108804648,0.473,0.473,0.7104867872044506,False,True,True,2.8614869291507716
Dipipanone hydrochloride,35,0.082159994647217,0.1373,0.2700983606557376,-0.0590818236585232,0.623,0.072636911442622,0.177,0.177,0.4891603053435114,False,False,False,
Dipyridamole,42,0.1735940036833918,0.02992,0.0903876923076923,0.1749846968826435,0.0261,0.0359841628138849,0.298,0.298,0.5814634146341463,False,True,False,2.07974789403714
Dipyridamole and aspirin,32,-0.1270676926776043,0.8798,0.938916996047431,-0.0556775382908539,0.6063,-0.0970693916537803,0.842,0.842,0.9331554643406876,False,False,False,
Discharge Solidifying Agents,42,-0.1231179982701778,0.9918,0.996707192575406,-0.0734193053798433,0.7789,0.5996485813500105,0.003,0.00273,0.1902193548387096,True,False,False,10.681749743087595
Disodium edetate,4,0.0480956012522041,0.0655,0.1591451068616423,0.0683371011674597,0.0414,-0.1392698281606344,0.946,0.946,0.986177606177606,False,False,False,
Disopyramide,42,0.4892300666998526,2e-05,0.0004595744680851,0.4275315506101803,0.0001,0.0996984460518629,0.114,0.114,0.4891603053435114,False,True,True,4.430196578440131
Disopyramide phosphate,42,0.0413230507040488,0.2061,0.3607585089141005,-0.005316885221228,0.3608,0.0947875767293955,0.144,0.144,0.4891603053435114,False,False,False,4.167504808487929
Distigmine bromide,8,-0.0851545211920943,0.8327,0.9106997468354432,-0.0604769445875464,0.6174,-0.01268887997642,0.447,0.447,0.6921290322580645,False,False,False,
Disulfiram,42,0.2963988537020692,0.00136,0.0100259385665529,0.3699915117055519,0.0003,0.1066952791335556,0.127,0.127,0.4891603053435114,False,True,True,5.6644236747429035
Dithranol,42,0.1211498185751661,0.075,0.1743810548977395,0.1903605422839746,0.0204,0.0099192938128592,0.377,0.377,0.637875,False,False,False,2.507612858966057
Docusate sodium,42,0.0021170967304428,0.3591,0.536414937759336,0.0395678853863936,0.2164,0.1309563029128183,0.101,0.101,0.4891603053435114,False,False,False,3.995550295051909
Dolutegravir,28,-0.0911079347913998,0.8944,0.9451585127201566,0.0287620995383905,0.16,-0.0533027027821057,0.642,0.642,0.8244470868014269,False,False,False,
Dolutegravir/lamivudine,23,-0.0255865058923419,0.4749,0.648819734345351,-0.027727847566922,0.4761,-0.1009086803914161,0.859,0.859,0.9466530612244898,False,False,False,
Dolutegravir/rilpivirine,8,-0.0215681564231735,0.3767,0.5542724795640326,-0.0154256856673424,0.328,0.0058776681338726,0.383,0.383,0.6413023255813953,False,False,False,
Domperidone,42,0.1437635863730473,0.0527,0.1348720379146919,0.2708220327927841,0.0028,0.0585132485922232,0.216,0.216,0.5161061946902655,False,False,False,1.8404062869038842
Donepezil hydrochloride,42,0.4291583218878137,1e-05,0.0003176470588235,0.5170548975204021,0.0001,0.1317445609733427,0.088,0.088,0.4775879396984924,False,True,True,2.2586854433940373
Doravirine,5,-0.0128809074499581,0.1467,0.2811641526175688,-0.0547851939269433,0.9927,-0.0368130020451376,0.604,0.604,0.796343692870201,False,False,False,
Doravirine/lamivudine/tenofovir disoproxil,1,-0.0246225319396051,0.5258,0.6954856093080221,-0.0304878048780487,0.8062,-0.1216967874927087,0.928,0.928,0.9777951219512196,False,False,False,
Dornase alfa,42,0.102747947356774,0.0887,0.1967063655030801,0.1847657943170256,0.0161,-0.0675183598024612,0.724,0.724,0.866393351800554,False,False,False,18.346671320293648
Dorzolamide,42,0.1164439982570765,0.0835,0.187875,0.0966921880111763,0.0999,0.0626551537943975,0.203,0.203,0.5028440366972478,False,False,False,2.401648317576086
Dorzolamide and timolol,42,0.4225721934967722,8e-05,0.0012342857142857,0.439436551810825,0.0002,0.0155332761212537,0.349,0.349,0.6204444444444444,False,True,True,1.784782119865494
Dosulepin hydrochloride,42,0.0742992698289222,0.1519,0.2895887025595763,-0.0114855156858879,0.4181,-0.0165274857500421,0.463,0.463,0.705772759350741,False,False,False,1.5782662861112233
Douches,10,0.0380108120328799,0.1599,0.2992928942807625,0.0786946230238603,0.0848,-0.0393075018145094,0.577,0.577,0.7755569383945239,False,False,False,
Doxazosin mesilate,42,0.4796450199684405,1e-05,0.0003176470588235,0.5429483876726925,0.0001,0.1029330480770474,0.123,0.123,0.4891603053435114,False,True,True,1.4771927254606252
Doxepin,42,0.0847925409761028,0.1232,0.2500732394366197,0.131272679606761,0.0553,-0.0574418516379721,0.665,0.665,0.8346310284718188,False,False,False,2.8217464471161016
Doxepin hydrochloride,42,0.1590157892752268,0.03639,0.1048032,0.1819628263645408,0.0214,-0.0156039169950385,0.535,0.535,0.7478529980657641,False,True,False,3.780293693161005
Doxycycline hyclate,42,0.3061009320664542,0.00129,0.0096082758620689,0.4017279426372265,0.0004,0.1747429692976756,0.056,0.056,0.4649999999999999,False,True,True,1.5522213358141161
Doxycycline monohydrate,42,0.3636169426868526,0.00016,0.0020945454545454,0.3527612043228701,0.0005,-0.0152651050121735,0.482,0.482,0.7150549450549449,False,True,True,2.203174111217131
Doxylamine succinate/pyridoxine hydrochloride,42,0.3436128347458762,0.00059,0.0055408695652173,0.2658572028932321,0.0032,-0.0219078849502425,0.53,0.53,0.7478529980657641,False,True,True,8.484186531140264
Drainable Dribbling Appliances,13,-0.0251831755918842,0.4389,0.6152005191434133,0.0118732774995873,0.1265,-0.0117835958142765,0.416,0.416,0.6689135254988913,True,False,False,
Dronabinol/cannabidiol,42,0.2928304445972156,0.0025,0.0150364640883977,0.1532504293234552,0.0346,-0.0804506767317311,0.779,0.779,0.8945454545454546,False,True,True,10.829959147869737
Dronedarone hydrochloride,42,0.1509905265235412,0.03817,0.1086260869565217,0.0738695694377369,0.1188,0.0014916666649902,0.395,0.395,0.6547966231772833,False,True,False,7.474510261976424
Drospirenone,42,0.2601122449551263,0.00236,0.0144,0.2837245946923029,0.0011,0.0754616960777691,0.155,0.155,0.4891603053435114,False,True,True,3.0312647999019298
Drospirenone and Estetrol,41,0.3143769452540706,0.00129,0.0096082758620689,0.4667032691666191,0.0002,-0.033569448820488,0.576,0.576,0.7755569383945239,False,True,True,6.704944225284926
Dry Mouth Products,42,0.2615063965694721,0.00353,0.019014463840399,0.2996682173761336,0.0014,0.0384004377577443,0.27,0.27,0.5586206896551724,False,True,True,1.5637391279461021
Dulaglutide,42,-0.1802696014147582,0.9556,0.9815007132667618,-0.0744033595178736,0.6903,-0.0326917372194549,0.586,0.586,0.7832673267326733,False,False,False,3.0408603430782706
Duloxetine hydrochloride,42,0.1615967418456137,0.03088,0.092383379501385,0.2698745151750318,0.0016,0.1950206429966259,0.036,0.03996,0.4649999999999999,False,True,False,1.793188962222798
Dutasteride,42,-0.0358480021520543,0.5208,0.694828906732551,0.0376591475886597,0.2323,0.0025935689339216,0.391,0.391,0.649162182936203,False,False,False,2.4299717602304964
Dydrogesterone,42,0.2551945675805538,0.00546,0.0255826464208242,0.2108326894503283,0.0138,0.0843826094958782,0.16,0.16,0.4891603053435114,False,True,True,5.25152551656931
Econazole nitrate,42,0.6559358009782703,1e-05,0.0003176470588235,0.7099493357646994,0.0001,0.069752626286763,0.193,0.193,0.4947343565525384,False,True,True,3.9199663734679704
Edoxaban,42,-0.0143619006773692,0.4428,0.6186597671410091,0.0575093159730014,0.1852,0.0801075486856301,0.142,0.142,0.4891603053435114,False,False,False,3.1274985366674994
Efavirenz,9,-0.121401224672411,0.9882,0.9963805970149252,-0.1076821498914167,0.9539,-0.0855968745040125,0.776,0.776,0.8939520000000001,False,False,False,
Efavirenz/emtricitabine/tenofovir disoproxil,15,0.1546084254192803,0.01593,0.0567801980198019,0.0657276115993463,0.087,0.0295447994812425,0.284,0.284,0.5674745605920444,False,True,False,
Eflornithine monohydrate chloride,42,0.0759527698614158,0.1524,0.289774647887324,0.099782915885765,0.1004,0.1854640751964248,0.009,0.00521,0.25008,False,False,False,7.231186517165667
Elafibranor,1,-0.0187282229965156,0.3578,0.5348429065743945,-0.0365853658536584,0.877,0.1099554414751097,0.12,0.12,0.4891603053435114,False,False,False,
Elastic Hosiery,42,-0.0139120889613667,0.4015,0.5785456971314209,-0.0557661147490039,0.6072,0.015876827858716,0.363,0.363,0.6292776886035313,False,False,False,2.7342175500186046
Elbasvir/grazoprevir,10,0.0054623064670814,0.0945,0.2055589123867069,-0.0098653443696504,0.2366,-0.1610584692735707,0.975,0.975,0.9905926622765756,False,False,False,
Eletriptan,42,-0.0569943749398784,0.6136,0.7712670157068062,0.0705960972994902,0.1281,-0.071411858508927,0.721,0.721,0.8652,False,False,False,4.299270981971088
Eltrombopag,32,0.0108309013491044,0.2741,0.4451548872180451,-0.016731240661936,0.3969,0.1327928546186757,0.114,0.114,0.4891603053435114,False,False,False,
Eluxadoline,4,-0.0301508985974683,0.3926,0.5687565392354125,-0.0438128892690933,0.6005,-0.0204722299428816,0.491,0.491,0.720976933514247,False,False,False,
Emedastine,1,-0.0089430894308942,0.04746,0.1250692682926829,-0.0060975609756097,0.147,0.1160483841809574,0.081,0.081,0.4775879396984924,False,False,False,
Emollient bath and shower preparations,42,0.064061601720063,0.1693,0.3117544757033248,0.0614061130772698,0.1652,0.1061181430681938,0.132,0.132,0.4891603053435114,False,False,False,3.35321059633964
Emollients,42,0.2023574174591245,0.01568,0.0560741721854304,0.1559266073332208,0.0371,0.344877546439179,0.006,0.00382,0.22842,False,True,False,1.852948702755048
Empagliflozin,42,0.2422602775286671,0.00626,0.0284665263157894,0.2025783809219316,0.0136,0.1891952168127135,0.042,0.03679,0.4649999999999999,False,True,True,2.2376740891404805
Empagliflozin/linagliptin,42,0.2935962039618717,0.00213,0.0137748502994011,0.3178429705345172,0.0004,0.1248610374414633,0.107,0.107,0.4891603053435114,False,True,True,10.20351914106978
Empagliflozin/metformin,42,0.0346279268630225,0.2036,0.356961038961039,-0.0092689840186457,0.3664,0.1294049004920447,0.112,0.112,0.4891603053435114,False,False,False,32.633022271029766
Emtricitabine,3,-0.0236673986038037,0.4551,0.6285268542199488,-0.0472483288680013,0.9126,0.1051825464164806,0.114,0.114,0.4891603053435114,False,False,False,
Emtricitabine and tenofovir alafenamide,29,0.0761659452123493,0.1334,0.2641099908340971,0.2867878334824748,0.0041,0.0011980353574762,0.419,0.419,0.6689135254988913,False,False,False,
Emtricitabine and tenofovir disoproxil,40,0.0137943933094355,0.14,0.2731707317073171,4.145075839457698e-05,0.1965,0.0127742433977938,0.363,0.363,0.6292776886035313,False,False,False,19.52550737766161
Emulsifying wax,42,0.4067213709846715,0.00049,0.0049457943925233,0.5632857285513465,0.0001,0.1659639626497162,0.083,0.083,0.4775879396984924,False,True,True,10.548271946636069
Enalapril maleate,42,0.3654578516561991,0.00034,0.0036904522613065,0.4034576284505236,0.0004,-0.0654370485977011,0.742,0.742,0.8758032786885246,False,True,True,2.5380446529886824
Enalapril maleate with diuretic,42,0.2907175867781497,0.00191,0.0128925,0.3376956467831444,0.0008,0.1792027867169431,0.06,0.06,0.4649999999999999,False,True,True,3.6370566305136784
Enoxaparin,42,-0.1262819312992013,0.8698,0.9323910669975186,-0.1605721254271603,0.9498,0.1120491589449832,0.103,0.103,0.4891603053435114,False,False,False,7.477288458665909
Enoximone,2,-0.0681789851155547,0.9629,0.9847840909090908,-0.0448570545116672,0.5916,-0.0997167437078897,0.802,0.802,0.9069738219895288,False,False,False,
Entacapone,42,0.053916969561047,0.1937,0.3437896466721446,0.0874786311178912,0.1181,0.0326229744023159,0.316,0.316,0.5982120946538125,False,False,False,3.2962783730540113
Entecavir,42,0.0496556348115293,0.1664,0.3074627887082977,0.071319308109337,0.1119,0.0304415895663403,0.295,0.295,0.5792727272727272,False,False,False,15.276089940303361
Enteral nutrition,42,0.0405714928062147,0.0967,0.2084550898203592,0.0100810404174491,0.2125,0.0928788480242963,0.144,0.144,0.4891603053435114,False,False,False,1.9125904347187979
Enzalutamide,40,0.0576115236816197,0.173,0.3164098221845893,0.0063939227381032,0.3166,0.0229205883169857,0.316,0.316,0.5982120946538125,False,False,False,7.984124176204645
Ephedrine hydrochloride,42,0.2616699394385025,0.00379,0.0201140049140049,0.2603140014120675,0.004,0.0065929820530144,0.388,0.388,0.6456702619414484,False,True,True,6.63157286899019
Epinastine hydrochloride,42,0.1202330864678365,0.0685,0.1644,0.0795179060992454,0.1209,-0.0935978493801289,0.816,0.816,0.9137169517884914,False,False,False,7.256816066563
Eplerenone,42,0.2715369131588164,0.0029,0.0163979057591623,0.2363091563668941,0.0063,0.1078094851235412,0.125,0.125,0.4891603053435114,False,True,True,2.6194232322883435
Epoetin alfa,38,0.0014688460709923,0.2778,0.4488017950635751,-0.003130133025088,0.3113,-0.0912906377270051,0.773,0.773,0.8928770053475936,False,False,False,209.19604614767917
Epoetin beta,38,0.0054385496114373,0.1782,0.3237275021026072,-0.0292891551666899,0.494,0.0550546938225519,0.221,0.221,0.5183061889250814,False,False,False,145.26306244368197
Epoetin zeta,27,0.3965661061258451,0.00036,0.003849504950495,0.2614853364357749,0.0043,-0.1640263859569335,0.958,0.958,0.9879866730128508,False,True,True,
Eprosartan,42,-0.0818003062062619,0.7281,0.8570550408719345,-4.465508043451324e-05,0.338,-0.1248579379781391,0.908,0.908,0.96901185770751,False,False,False,4.886173701162647
Erdosteine,42,0.1198792893602599,0.01868,0.0645580799999999,0.1427997867597691,0.0064,-0.0573019253041034,0.638,0.638,0.8227343283582089,False,True,False,10.911011074870572
Erectile Dysfunction Devices,42,-0.044172028878092,0.5672,0.7292571428571429,-0.0935887190571728,0.8058,0.1460050746313033,0.087,0.087,0.4775879396984924,False,False,False,5.173106102264433
Erenumab,4,-0.0369225709114587,0.7234,0.8529170305676856,-0.0163005642198608,0.3261,-0.0897507052214282,0.779,0.779,0.8945454545454546,False,False,False,
Erenumab (old),3,-0.0754650098505079,0.831,0.9106997468354432,-0.0506665263292796,0.5236,-0.0988106047610258,0.801,0.801,0.9067924528301888,False,False,False,
Ergocalciferol,42,0.1406976998992235,0.0564,0.1424842105263158,0.2579030712774784,0.0049,0.0835933490902948,0.189,0.189,0.4924487334137515,False,False,False,5.41324140701375
Ergometrine maleate,1,-0.0089430894308943,0.04746,0.1250692682926829,-0.0060975609756097,0.147,0.1160483841809561,0.081,0.081,0.4775879396984924,False,False,False,
Ergotamine tartrate,29,0.113449886370735,0.0777,0.1779766702014846,0.1515649293532871,0.0348,0.050525887030695,0.223,0.223,0.5207351351351351,False,False,False,
Erlotinib,3,0.1732619059078597,0.02273,0.0741643504531722,0.0462922127626605,0.1432,-0.0809886491021742,0.714,0.714,0.8630330162283156,False,True,False,
Ertapenem sodium,27,0.1010962338881654,0.04748,0.1250692682926829,0.0784046370513206,0.0703,-0.0744484926775952,0.726,0.726,0.866865671641791,False,True,False,
Ertugliflozin,42,0.1941115751913268,0.01857,0.064383948635634,0.064781063959234,0.1593,0.0205456867079826,0.336,0.336,0.6114237573715249,False,True,False,8.565233213134437
Erythromycin,42,0.3670413340093139,0.00013,0.001835294117647,0.3514091666297762,0.0004,0.0237198175878354,0.327,0.327,0.6055384615384616,False,True,True,1.8812023264779363
Erythromycin ethylsuccinate,42,0.3618191619977723,0.00025,0.0029189189189189,0.3212404412277136,0.0008,0.0409913934064171,0.281,0.281,0.5667226890756303,False,True,True,4.263993289655308
Erythromycin lactobionate,2,-0.04525074085558,0.573,0.7332227488151658,-0.0526915513247706,0.6852,0.1360194844359122,0.093,0.093,0.4840481927710843,False,False,False,
Erythromycin stearate,42,0.344858633722084,0.00074,0.0064975609756097,0.3964831360497791,0.0003,0.1822877102663391,0.063,0.063,0.4664451827242525,False,True,True,3.4787813657460407
Escitalopram,42,0.303862988321048,0.00135,0.009986301369863,0.1497374299125803,0.0377,0.0024647157999027,0.411,0.411,0.6656095736724008,False,True,True,2.349324477868647
Eslicarbazepine acetate,42,0.287668381748824,0.00262,0.0154622950819672,0.2658522499677115,0.0032,0.0734516118691992,0.206,0.206,0.5062116040955631,False,True,True,10.229895885838644
Esomeprazole,42,-0.0266139006892203,0.4879,0.6601728240450846,0.0651827283582394,0.1628,0.0983313823610262,0.12,0.12,0.4891603053435114,False,False,False,2.299600855214119
Estradiol,42,0.4481101331336879,2e-05,0.0004595744680851,0.456548915861332,0.0001,0.2100774655055498,0.029,0.03236,0.4649999999999999,False,True,True,2.233917925595194
Estradiol and estriol with progestogen,42,-0.0438515146875949,0.5627,0.7259248658318426,-0.0959870863514291,0.7765,-0.0106381499053978,0.456,0.456,0.6990489709013485,False,False,False,1.8575389954363961
Estradiol and nomegestrol,42,0.4657982910172055,5e-05,0.0009473684210526,0.5089868596914436,0.0001,0.0913871486907354,0.175,0.175,0.4891603053435114,False,True,True,6.512081696288671
Estradiol valandestradiol valerate with dienogest,42,0.4680573941272899,1e-05,0.0003176470588235,0.5176022388769326,0.0001,0.1349336246318022,0.102,0.102,0.4891603053435114,False,True,True,5.8921707238418985
Estradiol valerate,42,0.4081273366114734,8e-05,0.0012342857142857,0.2394608270781924,0.0045,0.029305679536691,0.31,0.31,0.5967914438502674,False,True,True,2.344383565870679
Estradiol with progestogen,42,0.2397748570355859,0.00601,0.0276204255319148,0.2746003258592558,0.002,0.2502535798234747,0.017,0.01556,0.4149333333333333,False,True,True,1.6457883925734011
"Estradiol, estriol and estrone",2,-0.0323789105427538,0.627,0.7814117647058823,-0.0378177411907575,0.7585,-0.1425716059835847,0.951,0.951,0.9879866730128508,False,False,False,
Estriol,42,0.0818731738200647,0.138,0.2706860254083484,0.1443881951907653,0.0429,0.2156300762958608,0.021,0.0222,0.4649999999999999,False,False,False,2.195306698283793
Eszopiclone,27,-0.1463994123795524,0.935,0.9733012048192772,-0.1136205348409738,0.8676,-0.0673261426040338,0.703,0.703,0.8566985915492957,False,False,False,
Etamsylate,5,0.0266493323572582,0.2107,0.3661399839098954,0.0268811687001906,0.1954,-0.1781485440483532,0.987,0.987,0.9962242990654206,False,False,False,
Etanercept,36,-0.0235334068083159,0.4479,0.620844130853111,-0.0247656812759447,0.4976,-0.0536540306395977,0.663,0.663,0.8335739231664727,False,False,False,
Ethambutol hydrochloride,42,-0.1087240670170823,0.8187,0.908731757451182,-0.1160354298474177,0.8518,0.0540610471160149,0.239,0.239,0.539435736677116,False,False,False,10.7311484378095
Ethinylestradiol,32,0.0706579503356114,0.1418,0.2748914798206278,0.0905695548254341,0.0996,0.0601739094099847,0.235,0.235,0.5360084477296726,False,False,False,
Ethosuximide,42,0.0903793414853637,0.1178,0.2416410256410256,0.0283058464628631,0.2599,-0.0442737206729488,0.606,0.606,0.7966889835666464,False,False,False,1.6600713268346956
Etidronate disodium,2,-0.0016521585557518,0.1058,0.2220756547041706,0.0027996548658197,0.1059,-0.1700967530474328,0.985,0.985,0.9956013102480112,False,False,False,
Etilefrine hydrochloride,7,0.2109573801514903,0.02056,0.0690662519440124,0.3465765708437191,0.0012,0.1198225962660665,0.131,0.131,0.4891603053435114,False,True,False,
Etodolac,42,0.3185215715892533,0.00211,0.0136864864864864,0.3112256226251104,0.0021,0.283192839672354,0.027,0.03027,0.4649999999999999,False,True,True,11.263751980777139
Etomidate,1,-0.0136469221835075,0.214,0.3686124401913875,1.4004057425962024e-18,0.0456,-0.0287866620060516,0.47,0.47,0.70844382414515,False,False,False,
Etonogestrel,42,0.2838455178434658,0.002,0.0132515337423312,0.2772028951683786,0.0017,0.0768548654105111,0.177,0.177,0.4891603053435114,False,True,True,4.255573416417316
Etonogestrel/ethinylestradiol,42,0.4981591457572478,7e-05,0.0012095999999999,0.7383520380397878,0.0001,0.1462641284417885,0.095,0.095,0.4862559241706161,False,True,True,7.5728215701672905
Etoposide,2,-0.0267494198460758,0.1864,0.335240632805995,-0.0197233036191718,0.1947,-0.0844019935808653,0.757,0.757,0.8843266630611142,False,False,False,
Etoricoxib,42,0.0207460269230517,0.3023,0.4769671292914537,0.1070338751985659,0.0774,-0.012910605276881,0.499,0.499,0.7267833109017496,False,False,False,4.626599338084395
Etravirine,1,-0.0409794812233837,0.9525,0.9815007132667618,-0.048780487804878,1.0,-0.0332754414414832,0.537,0.537,0.7478529980657641,False,False,False,
Etynodiol diacetate,1,-0.0319783197831977,0.7633,0.8769829787234042,-0.0243902439024389,0.568,-0.1675989577180839,1.0,1.0,1.0,False,False,False,
Everolimus,13,0.0051794026478067,0.2706,0.4398013544018058,0.0099939801105023,0.2621,-0.0385593871464015,0.576,0.576,0.7755569383945239,False,False,False,
Evolocumab,30,0.4791239218831932,8e-05,0.0012342857142857,0.299049432457826,0.0006,0.0871188441200438,0.167,0.167,0.4891603053435114,False,True,True,
Exemestane,42,0.3527492188685476,0.00073,0.0064975609756097,0.3910180127296447,0.0002,0.0539957507773164,0.27,0.27,0.5586206896551724,False,True,True,2.5133745069652615
Exenatide,42,0.1068940932276201,0.0961,0.2073686313686314,0.1679655074041899,0.0339,0.0625950066243922,0.217,0.217,0.5167805953693495,False,False,False,3.7176631044870536
Eye Products,42,0.2816685467702723,0.0025,0.0150364640883977,0.3115719923814267,0.0008,0.1901936507091887,0.05,0.05,0.4649999999999999,False,True,True,1.8133092483613136
Ezetimibe,42,0.0908605290107536,0.1233,0.2500732394366197,0.1668654608521108,0.0278,0.1483076679294744,0.065,0.065,0.4664451827242525,False,False,False,1.7299627904589105
Faecal Collectors,42,-0.0781136874997617,0.9904,0.996707192575406,-0.0598186076347401,0.8907,0.6675136473538309,0.002,0.00114,0.1386,True,False,False,16.563380722826977
Famciclovir,42,0.0961024283180048,0.084,0.1886070686070686,0.0224320223013865,0.2598,0.0485098509306452,0.229,0.229,0.529593147751606,False,False,False,2.646678057977291
Famotidine,42,0.1195354393077855,0.0783,0.1788215417106652,0.1449628251008837,0.0421,0.0635294720524483,0.218,0.218,0.5170837867247008,False,False,False,2.013971109398401
Fampridine,15,-0.016207967655345,0.2153,0.3699665871121718,-0.0483372613674045,0.5433,-0.1619190086346287,0.977,0.977,0.9912259276655708,False,False,False,
Febuxostat,42,0.1005828560355583,0.1037,0.2191702544031311,0.0836143374052569,0.1226,-0.0540285035123826,0.64,0.64,0.8238379022646007,False,False,False,1.7292254765040904
Felbamate,11,0.0830870793672338,0.0977,0.2089425742574257,0.1469328302983611,0.0276,-0.0729444111226281,0.677,0.677,0.8416551724137931,False,False,False,
Felbinac,42,0.2624703432145212,0.00471,0.0231218181818181,0.2063699388863122,0.0119,0.0949686830359421,0.14,0.14,0.4891603053435114,False,True,True,18.405558041578075
Felodipine,42,0.1223380981918551,0.0735,0.1724723726977248,0.1732715305702692,0.0271,0.034196254974262,0.334,0.334,0.6098393913778529,False,False,False,2.427300476580715
Fenofibrate,42,0.0159590407833737,0.3348,0.5136136363636363,0.0445673293901944,0.2221,-0.0455553062741433,0.705,0.705,0.8574324324324324,False,False,False,2.199952188329571
Fenofibrate/simvastatin,28,-0.0363257074879742,0.4979,0.6709070492825951,-0.039164991119101,0.5197,0.0987579680803779,0.161,0.161,0.4891603053435114,False,False,False,
Fenoterol hydrobromide,1,-0.0319783197831978,0.7651,0.8785837320574162,-0.0304878048780487,0.8122,-0.103195611094814,0.846,0.846,0.9361475409836064,False,False,False,
Fentanyl,42,0.2199858024705253,0.01032,0.0415880597014925,0.3400557753750691,0.0009,0.0861403479845589,0.133,0.133,0.4891603053435114,False,True,True,2.081364071708949
Fentanyl citrate,39,-0.0155647534648338,0.2982,0.4729162995594714,-0.0390989957919951,0.4894,0.0081318911393785,0.373,0.373,0.6353943217665615,False,False,False,328.25007575761117
Fenticonazole nitrate,4,0.0787508013654684,0.1139,0.2354296650717703,0.0641689935612931,0.1314,-0.1327322949671741,0.901,0.901,0.9653571428571428,False,False,False,
Ferric maltol,42,0.2741023235260897,0.00413,0.0211924528301886,0.2074811464910084,0.0119,0.07641614962022,0.2,0.2,0.5005793742757821,False,True,True,12.766308384137119
Ferrous calcium citrate,1,-0.0105981416957026,0.0722,0.1706258205689277,-0.048780487804878,1.0,-0.0346768546837539,0.605,0.605,0.796343692870201,False,False,False,
Ferrous fumarate,42,0.2337587999323899,0.00667,0.0298904564315352,0.2481047270436335,0.0033,0.1437078657405333,0.077,0.077,0.4775879396984924,False,True,True,2.2822322358459943
Ferrous gluconate,42,0.531429201453854,1e-05,0.0003176470588235,0.3350850229902583,0.001,0.0408096142868462,0.278,0.278,0.5643609022556391,False,True,True,3.1810364971310894
Ferrous sulfate,42,0.0058868109236602,0.3622,0.5399254658385094,0.0674000582633272,0.1614,0.0629805606856195,0.206,0.206,0.5062116040955631,False,False,False,2.909163293060425
Fesoterodine fumarate,42,0.2037617640375016,0.01471,0.0532221105527638,0.1565442024303029,0.0361,0.2090629448403107,0.023,0.02433,0.4649999999999999,False,True,False,6.44181893083763
Fexofenadine hydrochloride,42,0.3227247394399243,0.00069,0.0062886075949367,0.315804096304308,0.0012,0.1198285043847841,0.113,0.113,0.4891603053435114,False,True,True,1.6071460829233886
Fezolinetant,42,0.2102460847838341,0.01402,0.0516778156996587,0.1926872571424939,0.0187,0.0240927473549701,0.343,0.343,0.614838174273859,False,True,False,15.247136041662216
Fidaxomicin,42,0.1630040358485182,0.03515,0.1020483870967742,0.2263879687533257,0.0082,0.0771562690664602,0.187,0.187,0.4919853836784409,False,True,False,4.918381615012292
Filgotinib,8,0.1034819239495481,0.0503,0.130273381294964,-0.0264171128869147,0.4345,-0.0243354901998403,0.481,0.481,0.7150549450549449,False,False,False,
Filgrastim,41,0.0473658918868269,0.1379,0.2706860254083484,0.0758051141227895,0.0722,-0.1188277250079199,0.874,0.874,0.956352583586626,False,False,False,31.308219619616583
Filters/Bridges,42,-0.1324505353302235,0.9924,0.996707192575406,-0.1064363189999037,0.9434,0.6145413918501129,0.004,0.00165,0.14256,True,False,False,23.454969280170754
Finasteride,42,0.4489966444918401,2e-05,0.0004595744680851,0.418567842799688,0.0002,0.1539919587896127,0.081,0.081,0.4775879396984924,False,True,True,1.7384314507777896
Finerenone,42,0.2590071996688175,0.00476,0.0233142857142857,0.2090005449296326,0.0143,0.1410448821753997,0.084,0.084,0.4775879396984924,False,True,True,9.826817144110008
Fingolimod,17,-0.0827586034011449,0.7509,0.8724819795589026,-0.1137530118812676,0.9095,-0.1026044019435303,0.811,0.811,0.9104781704781706,False,False,False,
Flanges,25,-0.0076629953973864,0.2648,0.4323265306122448,-0.0549435644016476,0.7722,0.1229507934489175,0.103,0.103,0.4891603053435114,False,False,False,
Flavoxate hydrochloride,42,0.1116676905156515,0.0784,0.1788215417106652,0.1345976289783333,0.0481,0.1107846767283929,0.121,0.121,0.4891603053435114,False,False,False,4.110753516340087
Flecainide acetate,42,0.1770350538787847,0.02547,0.0795017341040462,0.2026774571861859,0.0138,0.053709772790663,0.252,0.252,0.544864864864865,False,True,False,2.6212120630112254
Flubiprofen,42,0.1151654086819921,0.0779,0.1782457627118643,0.1493574933332246,0.0406,0.0439177825856558,0.238,0.238,0.5394333683105981,False,False,False,10.804641588725628
Flucloxacillin magnesium,12,-0.0476121452562472,0.5378,0.7061689969604863,-0.02008981380551,0.4018,-0.1333126072716694,0.928,0.928,0.9777951219512196,False,False,False,
Flucloxacillin sodium,42,0.1034137874586852,0.1037,0.2191702544031311,0.131201430113563,0.0583,0.028109263150402,0.313,0.313,0.5970422535211267,False,False,False,1.4061079309117088
Fluconazole,42,0.3598318507131934,0.00028,0.0031999999999999,0.3057018727899205,0.0021,0.1330750897730091,0.109,0.109,0.4891603053435114,False,True,True,1.5659156531266742
Fludarabine phosphate,6,0.093041176567243,0.1059,0.2220756547041706,0.065836181517933,0.1448,-0.0505220110093889,0.602,0.602,0.7957894736842105,False,False,False,
Fludrocortisone acetate,42,0.0103443681310839,0.3478,0.5235177700348432,0.0184878360949661,0.2939,0.0961935173260289,0.156,0.156,0.4891603053435114,False,False,False,1.3602578155998826
Fludroxycortide,42,0.1238002966915757,0.0731,0.172,0.2335510561471208,0.0073,0.0864219964168785,0.142,0.142,0.4891603053435114,False,False,False,2.013521548238587
Flumazenil,4,0.0291323214280654,0.243,0.4071993793638479,-0.03335044452484,0.4796,-0.0575349544688474,0.649,0.649,0.8280212640283521,False,False,False,
Flumetasone pivalate,42,0.1873111787696819,0.0021,0.0136626506024096,0.0626172061101782,0.0615,-0.0241708552302042,0.517,0.517,0.7380832782551223,False,True,True,2.9242690831007385
Flunarizine dihydrochloride,42,-0.0114888713934727,0.4141,0.5931405835543767,-0.0200937095176447,0.4481,-0.1747479638084464,0.993,0.993,0.999944055944056,False,False,False,12.035426360756478
Flunisolide,3,-0.054820088741565,0.9022,0.9520039081582804,-0.023855845774043,0.3957,-0.1239161678521882,0.888,0.888,0.9620349127182044,False,False,False,
Fluocinolone acetonide,42,0.1107298295139088,0.0729,0.1717164667393675,0.0843352753634021,0.1031,0.0743162352738485,0.178,0.178,0.4891603053435114,False,False,False,2.7613349134667446
Fluocinonide,42,0.2795860590493684,0.0047,0.0231218181818181,0.4492175614874231,0.0001,-0.0156351592558672,0.471,0.471,0.7089616724738675,False,True,True,9.438910705725283
Fluocortolone,42,0.1475209155649073,0.04681,0.1250692682926829,0.0544390846212377,0.1794,-0.082056997250537,0.785,0.785,0.897617787188989,False,True,False,4.015815652936975
Fluorescein sodium,41,0.2724709506345628,0.00055,0.00528,0.1329172026294109,0.0177,0.10593068015836,0.13,0.13,0.4891603053435114,False,True,True,36.11448119458174
Fluorometholone,42,0.3421000222353876,0.00065,0.0059999999999999,0.3763899903660946,0.0003,0.0734896198407586,0.194,0.194,0.4947343565525384,False,True,True,2.5260728397677203
Fluorouracil (Antimetabolites),42,0.2199780620893789,0.01056,0.0420066298342541,0.2616922970326678,0.0028,0.2058937836006215,0.041,0.04334,0.4649999999999999,False,True,True,6.305437155444024
Fluorouracil (Sunscreen),42,0.5380743050104364,1e-05,0.0003176470588235,0.6026127143760226,0.0001,0.125978714399023,0.047,0.05761,0.4649999999999999,False,True,True,4.37576923035003
Fluoxetine hydrochloride,42,0.3472984603048958,0.0003,0.003392670157068,0.3966841819407623,0.0002,0.2513717084872835,0.028,0.02825,0.4649999999999999,False,True,True,1.490864385144119
Flupentixol decanoate,42,-0.1390067523659603,0.8843,0.9404667651403248,-0.0887348050002456,0.7464,0.2464305421532073,0.007,0.00693,0.3054857142857143,False,False,False,5.265606874601558
Flupentixol hydrochloride,42,0.0472267602998759,0.189,0.3381258278145695,0.022069082431252,0.2589,-0.1064801082794514,0.846,0.846,0.9361475409836064,False,False,False,2.5250910871414276
Fluphenazine decanoate,31,-0.0167735567553612,0.4159,0.5949298013245032,0.0410523841373114,0.1949,0.0549545538259879,0.221,0.221,0.5183061889250814,False,False,False,
Fluphenazine hydrochloride,13,-0.0492579403602356,0.5252,0.6954856093080221,-0.0805109993257374,0.7511,-0.0696704392283674,0.678,0.678,0.8416551724137931,False,False,False,
Flurazepam hydrochloride,8,0.1101540341144993,0.0715,0.1700881057268722,0.104164099946085,0.0765,-0.0740742370913801,0.703,0.703,0.8566985915492957,False,False,False,
Flurbiprofen,42,0.0006726508814676,0.36,0.5373876986869385,0.0077344831983584,0.3268,0.0773080010184661,0.167,0.167,0.4891603053435114,False,False,False,6.004228131621146
Flurbiprofen sodium,39,0.0301992778375524,0.2061,0.3607585089141005,-0.0361436195104548,0.5027,-0.1180405022522131,0.873,0.873,0.9562271805273834,False,False,False,41.745772275202235
Flutamide,31,0.0443882057050491,0.2025,0.3558991049633849,-0.0074126839600031,0.3765,0.0654824320352265,0.214,0.214,0.5124611973392461,False,False,False,
Fluticasone furoate,42,0.041684868896757,0.226,0.3843779527559055,0.0395132257693022,0.2187,0.1145996218640438,0.144,0.144,0.4891603053435114,False,False,False,2.339748229686175
Fluticasone furoate (Inhalation),42,0.3228529080909398,0.00074,0.0064975609756097,0.4092993480846866,0.0002,0.1082221528668479,0.126,0.126,0.4891603053435114,False,True,True,3.9423435529832704
Fluticasone furoate/vilanterol,42,0.285501653929519,0.00194,0.0130542056074766,0.3683593912630948,0.0004,0.0711762693389421,0.219,0.219,0.5170837867247008,False,True,True,3.386638501056605
Fluticasone propionate (Inhalation),42,0.1827527712283596,0.02239,0.0736109589041096,0.1490008364357959,0.0378,-0.0816438074613983,0.797,0.797,0.9036850393700788,False,True,False,1.7891360955197717
Fluticasone propionate (Nasal),42,0.2253198305293709,0.00932,0.0383451428571428,0.16849094605558,0.0254,-0.025703455526913,0.518,0.518,0.7390224570673712,False,True,True,2.0800876735821086
Fluticasone propionate (Topical),42,0.0869332659447656,0.0624,0.1531636363636363,0.1625909795158177,0.0106,0.0211366605537394,0.34,0.34,0.6145757071547421,False,False,False,7.499788350202868
Fluticasone propionate/azelastine hydrochloride (Nasal),42,0.2758665778143244,0.00277,0.0159127659574468,0.2634029759272162,0.0046,0.1591728105899204,0.024,0.0211,0.4649999999999999,False,True,True,4.021697687445503
Fluticasone/umeclidinium/vilanterol,42,0.3868490191956616,0.00014,0.0019261146496815,0.4650425606726935,0.0001,0.2237615473513561,0.029,0.02402,0.4649999999999999,False,True,True,2.8887454084504633
Fluvastatin sodium,42,0.2416473722647491,0.00536,0.0253894736842105,0.2561464538643545,0.0046,-0.0267970077410233,0.572,0.572,0.7755569383945239,False,True,True,2.300605378889493
Fluvoxamine maleate,42,0.1285888550134429,0.0662,0.1606651685393258,0.0760723941055775,0.1403,-0.0354177359547449,0.634,0.634,0.8195332136445242,False,False,False,2.433642002803133
Foam,16,-0.0480394608493797,0.5312,0.7004835164835165,-0.0637113117629296,0.7218,-0.0451468588288922,0.572,0.572,0.7755569383945239,False,False,False,
Folic acid,42,-0.0502955449073494,0.5882,0.7473599999999999,-0.0313310268869252,0.5161,0.1007214320742834,0.147,0.147,0.4891603053435114,False,False,False,1.4187943134572925
Follitropin alfa,22,0.0714017147835076,0.1572,0.2955195822454308,0.0652611247807725,0.1507,0.0776992762853337,0.18,0.18,0.4911557788944723,False,False,False,
Follitropin alfa and lutropin alfa,3,0.0232174911024437,0.2214,0.3783417721518988,-0.0104247142549034,0.3107,0.0958262514461133,0.172,0.172,0.4891603053435114,False,False,False,
Fondaparinux sodium,42,-0.0673860148037208,0.6525,0.8007954545454544,-0.0145406830062358,0.4207,0.1342380689498895,0.104,0.104,0.4891603053435114,False,False,False,8.791854003044282
Food replacer discontinued or OTC cakes (0913451),1,-0.0228900503290747,0.4969,0.6699775280898876,-0.024390243902439,0.5772,0.0171343623460881,0.378,0.378,0.637875,False,False,False,
Food replacer discontinued or OTC egg replacer (0913451),12,0.0670101935459152,0.1407,0.2741837837837838,0.0878391593526062,0.0968,0.1387541257085181,0.133,0.133,0.4891603053435114,False,False,False,
Food replacer discontinued or OTC meat/fish (0913451),5,-0.0572706013360519,0.6966,0.8354558578567463,-0.0372568417682704,0.4565,-0.0809141876754306,0.742,0.742,0.8758032786885246,False,False,False,
Food replacer discontinued or OTC milk (0913451),10,-0.0456358343164364,0.5273,0.6961907090464549,-0.0345825311052377,0.4711,-0.0186424674683923,0.478,0.478,0.7150138504155125,False,False,False,
Food replacer discontinued or OTC pasta (0913451),2,0.0067066050416219,0.0632,0.1544253393665158,0.0325264362631314,0.0094,-0.1515470174425291,0.98,0.98,0.9928705440900564,False,False,False,
Food replacer discontinued or OTC pizza bases (0913451),6,-0.0877870727953713,0.7605,0.8769829787234042,-0.1222751842278754,0.9347,0.0575016158948329,0.262,0.262,0.552069970845481,False,False,False,
Food replacer discontinued or OTC rolls/baguettes (0913451),9,-0.0462482302703726,0.5316,0.7005832824893227,-0.0308693757932817,0.4672,-0.1692358218273582,0.972,0.972,0.9894915254237288,False,False,False,
Food replacer discontinued or OTC savoury biscuits (0913451),12,-0.0355350712364395,0.6869,0.8274980479643056,-0.0170975082259255,0.3602,-0.1554554257198651,0.978,0.978,0.991774647887324,False,False,False,
Food replacer discontinued or OTC spreads (0913451),4,-0.0150202113941874,0.2078,0.3622663438256658,-0.0033825014251124,0.0953,-0.1412680210742251,0.959,0.959,0.9879866730128508,False,False,False,
Formaldehyde,41,0.0080085987886396,0.3376,0.5163631245601689,0.0524222021658101,0.176,0.0946961823900088,0.174,0.174,0.4891603053435114,False,False,False,10.959677949723085
Formoterol fumarate,42,0.1063040663059872,0.0737,0.1724723726977248,0.1440235190966168,0.0417,0.1076944375163457,0.124,0.124,0.4891603053435114,False,False,False,3.7727333750695666
Formoterol/glycopyrronium/budesonide,42,0.1440614323663445,0.04989,0.1296778846153846,0.2346172139339897,0.0093,0.0516075029028653,0.187,0.187,0.4919853836784409,False,True,False,14.211394246643223
Fosamprenavir calcium,1,-0.0392857142857142,0.9044,0.9529287804878048,-0.0060975609756097,0.1421,-0.012703303169689,0.384,0.384,0.6419814241486068,False,False,False,
Fosfomycin calcium,18,-0.0106666403802155,0.3254,0.5027639484978541,0.0293174231233749,0.1718,0.1695650131661051,0.084,0.084,0.4775879396984924,False,False,False,
Fosfomycin trometamol,42,0.1022818352698391,0.0903,0.1986232179226069,0.0354499610081546,0.2368,-0.0830021595251472,0.78,0.78,0.8952178533475026,False,False,False,8.007974690121085
Fosinopril sodium,42,0.1045825745769227,0.0971,0.2086925373134328,0.0928117905980569,0.1034,0.0278544998964336,0.328,0.328,0.6055384615384616,False,False,False,6.574236947683605
Fosphenytoin sodium,6,-0.066476759390959,0.6346,0.7859724770642202,-0.0971320880333825,0.7954,0.2100878006177073,0.071,0.071,0.4775879396984924,False,False,False,
Freeze sprays and gels,32,0.1437918279766066,0.04995,0.1296778846153846,0.0941461309877248,0.1039,0.0624208289356017,0.232,0.232,0.5319745222929937,False,True,False,
Fremanezumab,11,-0.0566406059688697,0.6026,0.7611789473684211,-0.0596201175755674,0.65,-0.1695091529431649,0.969,0.969,0.9894915254237288,False,False,False,
Frovatriptan,42,-0.0380880429088844,0.522,0.6952749691738594,-0.0220241109204224,0.4602,-0.1354832666480853,0.92,0.92,0.9745953898970084,False,False,False,2.286072665007431
Fructose,3,0.0023927828253149,0.1178,0.2416410256410256,-0.0143118263022514,0.2157,-0.0471558266031669,0.599,0.599,0.7942541436464088,False,False,False,
Fulvestrant,15,-0.0231162369690889,0.4709,0.6444433185560482,-0.0201485412427443,0.3849,0.0156810818115079,0.371,0.371,0.6329857819905214,False,False,False,
Fumaric acid,1,-0.0319783197831977,0.7633,0.8769829787234042,-0.0243902439024389,0.568,-0.1675989577180827,1.0,1.0,1.0,False,False,False,
Furosemide,42,0.1525965350856393,0.04249,0.1170642857142857,0.1423098990894655,0.0442,0.064186693205236,0.201,0.201,0.5013394919168591,False,True,False,1.3149913841949115
Fusidic acid,42,0.5325707469707074,1e-05,0.0003176470588235,0.5783281151227334,0.0001,0.2373429799996535,0.008,0.00572,0.2574,False,True,True,2.1069265327389317
Gabapentin,42,0.4859238361714138,1e-05,0.0003176470588235,0.5605351278072314,0.0001,0.0767857828728087,0.201,0.201,0.5013394919168591,False,True,True,1.7453703922870483
Gabapentin (Neuropathic Pain),34,-0.018200154200123,0.3896,0.5663095558546434,-0.0219299589382423,0.43,-0.0546270718009574,0.627,0.627,0.814383644016837,False,False,False,
Galantamine,42,0.119191657490839,0.0758,0.1751538461538461,0.0845909781097734,0.1172,-0.0739220132165902,0.796,0.796,0.9030252100840336,False,False,False,5.961277137289376
Galcanezumab,15,-0.0030666555680363,0.2349,0.3973249804228661,-0.0190668698712114,0.3822,-0.0246106863819455,0.477,0.477,0.7140124740124739,False,False,False,
Gamolenic acid,42,0.3808966196291168,0.0005,0.0050232558139534,0.551941802695418,0.0001,0.1905428893300099,0.052,0.052,0.4649999999999999,False,True,True,11.234778870642383
Ganciclovir,42,-0.032090669173636,0.5003,0.6731194029850747,0.0278157752982487,0.2583,0.0212557158482372,0.334,0.334,0.6098393913778529,False,False,False,3.654188840482106
Gauzes & Gauze Tissue,42,0.0462238691012218,0.1834,0.3312240802675585,0.0262231508745219,0.2411,-0.0196253088798642,0.5,0.5,0.7267833109017496,False,False,False,6.144964408777073
Gel OTC glucose for diabetic hypo treatment (0913541),42,-0.1105726671063488,0.8244,0.9106997468354432,-0.0544311963634732,0.6044,-0.1154033927173207,0.884,0.884,0.9614501510574018,False,False,False,6.849993259037232
Gelatin,2,-0.0172792165171858,0.3136,0.4897874186550976,-0.0256939524066949,0.4082,-0.0441655151179186,0.651,0.651,0.8295929203539824,False,False,False,
Gemfibrozil,42,0.0481660850932796,0.2159,0.3707027027027027,0.0229031569704519,0.2837,-0.0179740919178352,0.497,0.497,0.725841784989858,False,False,False,3.2275345097838404
Generic Orgran GF pasta rice & corn veg animal shapes,1,-0.0409794812233837,0.9525,0.9815007132667618,-0.048780487804878,1.0,-0.0332754414414832,0.537,0.537,0.7478529980657641,False,False,False,
Gentamicin sulfate,42,0.0972490433212438,0.105,0.2212631578947368,0.1119058231646696,0.0758,0.0985141521595062,0.132,0.132,0.4891603053435114,False,False,False,4.383720084439885
Glatiramer acetate,13,-0.0295396781301893,0.6474,0.7960546075085325,-0.0228448795828308,0.4678,-0.1756314463613466,0.997,0.997,1.0,False,False,False,
Glecaprevir/pibrentasvir,2,-0.0557039399973855,0.7508,0.8724819795589026,-0.082928629091999,0.9923,0.0747283186748661,0.178,0.178,0.4891603053435114,False,False,False,
Glibenclamide,34,0.0728117725643513,0.1288,0.2585576208178438,-0.0310402954549743,0.4724,0.1405531805324529,0.109,0.109,0.4891603053435114,False,False,False,
Gliclazide,42,0.326045599734392,0.00111,0.0088472324723247,0.465007986141219,0.0003,0.1378427766380332,0.091,0.091,0.4817647058823529,False,True,True,1.975755165914417
Glimepiride,42,0.0897928344541436,0.0592,0.1471484464902186,0.1556151283790178,0.0111,-0.0254536857798521,0.529,0.529,0.7478529980657641,False,False,False,9.152448637693066
Glipizide,42,0.4833045609009465,5e-05,0.0009473684210526,0.4410324215106192,0.0001,0.2083055153988834,0.051,0.051,0.4649999999999999,False,True,True,12.580562783888416
Glten free /wheat/free /low/protein cooking aids,10,0.0016216641769834,0.3186,0.4961614996395097,-0.0052975030315477,0.3389,0.1920707903334753,0.082,0.082,0.4775879396984924,False,False,False,
Glucagon,42,0.331685230824723,0.00053,0.0051336322869955,0.3228065582036669,0.0009,0.0175083914348433,0.376,0.376,0.637875,False,True,True,1.7179070758095891
Glucosamine hydrochloride (Rheumatic),21,0.0198396623211872,0.1412,0.2745202520252024,0.0318031344748915,0.0919,0.2487575396448467,0.04,0.04427,0.4649999999999999,False,False,False,
Glucosamine sulfate (Rheumatic),3,-0.0243421177340682,0.2695,0.4388364732479277,-0.0088377523391201,0.2289,-0.013762658799812,0.452,0.452,0.696376604850214,False,False,False,
Glucose,42,0.0034825682662256,0.363,0.5399999999999999,-0.0020684251224827,0.3717,0.1102215501792248,0.129,0.129,0.4891603053435114,False,False,False,1.6621038454635153
Glucose and ketone blood testing reagents,24,0.058991741522434,0.0748,0.174103448275862,0.018709417117146,0.173,-0.0341466317512118,0.515,0.515,0.7366887417218544,False,False,False,
Glucose blood testing reagents,42,0.2603431470357386,0.00443,0.0222515081206496,0.2057123234288993,0.0147,0.2015575965608868,0.045,0.04583,0.4649999999999999,False,True,True,1.6369634622397737
Glucose/glycerol,6,-0.0678414954003948,0.752,0.8732853304674906,-0.0639433257168009,0.7238,-0.0768970133157733,0.701,0.701,0.8566985915492957,False,False,False,
Glutaraldehyde,41,0.1457359024633527,0.04889,0.1278479418886198,0.2170636462469648,0.0112,-0.0642728688046783,0.712,0.712,0.861097424412094,False,True,False,6.081576563348133
Gluten free bread,42,0.0751448374853126,0.1549,0.2924685314685314,0.1309228263896222,0.063,0.0524895964295879,0.162,0.162,0.4891603053435114,False,False,False,54.81260207449442
Gluten free breads,42,0.0868604035467274,0.1302,0.2604,0.1395254558188149,0.0534,0.0596287682556713,0.157,0.157,0.4891603053435114,False,False,False,43.643805967997686
Gluten free mixes,42,0.0819213184438456,0.1365,0.2687693710118505,0.1621610159129742,0.035,0.0408406285074628,0.244,0.244,0.5411088295687885,False,False,False,44.0239097470051
Gluten free pasta,11,-0.1119512663795073,0.9733,0.987936090225564,-0.0600141945511548,0.7032,-0.0659234059500037,0.69,0.69,0.8501996577296063,False,False,False,
Gluten free pastas,16,-0.1109495433601226,0.8824,0.9402603550295858,-0.0817713101673426,0.7711,-0.0585492678852726,0.675,0.675,0.8411059907834102,False,False,False,
Gluten free/low protein biscuits,42,-0.0255422913878323,0.5438,0.7101620314389359,-0.0110526004896002,0.2194,-0.1335842334603005,0.942,0.942,0.986086956521739,False,False,False,5.604299063966441
Gluten free/low protein bread,42,-0.0199182791460807,0.3875,0.5636363636363636,-0.0067001210947485,0.1443,-0.1365819589064043,0.945,0.945,0.986086956521739,False,False,False,3.3922091001345445
Gluten free/low protein cereals,42,-0.0389757458206421,0.7792,0.8881646437994724,-0.0185884553584671,0.4021,-0.1300843314935648,0.945,0.945,0.986086956521739,False,False,False,19.100617696922345
Gluten free/low protein cooking aids,1,-0.0319783197831978,0.7633,0.8769829787234042,-0.024390243902439,0.568,-0.1675989577180842,1.0,1.0,1.0,False,False,False,
Gluten free/low protein drink,36,-0.0180782892201921,0.3324,0.5106571834992887,-0.0067715063010698,0.1853,-0.1349249503198892,0.952,0.952,0.9879866730128508,False,False,False,
Gluten free/low protein grains/flours,42,-0.0275145214395507,0.5961,0.7547338804220399,-0.0081532574881278,0.1773,-0.1309351953732292,0.941,0.941,0.986086956521739,False,False,False,5.7453983834508735
Gluten free/low protein mixes,42,-0.0224172468568515,0.451,0.6240614990390776,-0.0067398430794988,0.1818,-0.1414141220681367,0.963,0.963,0.9886311787072244,False,False,False,5.507883178907961
Gluten free/low protein pasta,42,-0.0184802184632607,0.3528,0.5292,-0.0016840629315117,0.0786,-0.1306593973728601,0.943,0.943,0.986086956521739,False,False,False,3.842980578403323
Gluten free/wheat free biscuits,12,-0.1049048906792784,0.8177,0.908731757451182,-0.0386419435448889,0.5128,-0.1252073457247138,0.889,0.889,0.9620349127182044,False,False,False,
Gluten free/wheat free cereals,13,-0.0155242900601481,0.421,0.5998416886543536,0.0141449569511168,0.2853,0.0414559657733399,0.273,0.273,0.5588668555240793,False,False,False,
Gluten free/wheat free grains/flours,30,0.1833282367448702,0.02353,0.075616,0.113397314977945,0.0719,0.0480754219120263,0.24,0.24,0.5394380853277836,False,True,False,
Glyc Pdr disc or non-ACBS carbohyd SfI metabol cond (091344),8,0.010325608745521,0.2312,0.3919874411302982,0.0055547101694457,0.2493,0.024347632436894,0.312,0.312,0.5970422535211267,False,False,False,
Glycerol,42,0.6497648338379144,1e-05,0.0003176470588235,0.785458486443939,0.0001,0.1604192343963023,0.038,0.04936,0.4649999999999999,False,True,True,1.9883152220557612
Glycerol phenylbutyrate,10,-0.1245038899875272,0.9259,0.9661565217391304,-0.1349766751860965,0.9548,0.0102424603501806,0.37,0.37,0.6322784810126583,False,False,False,
Glyceryl trinitrate,42,0.537956716195095,1e-05,0.0003176470588235,0.4793473434969737,0.0001,0.0398735088005894,0.249,0.249,0.5438220424671386,False,True,True,1.620570383360348
Glycopyrronium bromide,42,0.1705029701800405,0.03036,0.091333704735376,0.0206327988606692,0.2929,0.1067304808698632,0.126,0.126,0.4891603053435114,False,True,False,4.203478307290313
Glycopyrronium/formoterol,42,0.117960932091101,0.0759,0.1751538461538461,0.2668583873590278,0.0033,0.1015422735684944,0.133,0.133,0.4891603053435114,False,False,False,5.475229436319318
Golimumab,8,-0.0645448434781505,0.6835,0.8257046979865771,-0.0657461562029522,0.686,-0.0081635811346968,0.427,0.427,0.6747037307973665,False,False,False,
Gonadorelin,7,-0.0842669465512247,0.7806,0.8888223510806537,-0.0645472562004433,0.6561,-0.095056000989499,0.791,0.791,0.899242105263158,False,False,False,
Goserelin acetate,42,0.3574505062532622,0.00048,0.0048676056338028,0.2949819464657096,0.0021,-0.0132587960981448,0.489,0.489,0.7195095367847412,False,True,True,3.963738879224942
Granisetron,42,0.1882621809732879,0.02333,0.0752453731343283,0.1759022552151016,0.0251,0.0525290289275236,0.236,0.236,0.537154899894626,False,True,False,15.285650606387385
Granisetron hydrochloride,37,0.0834143324912323,0.1266,0.2553277310924369,-0.0049461279305728,0.3637,-0.0758127772208502,0.729,0.729,0.8694864715626724,False,False,False,2271.0886401704865
Gripe mixtures,8,-0.0442738317139523,0.6712,0.8172446448703495,-0.0451778678642397,0.6763,-0.0452428654418152,0.574,0.574,0.7755569383945239,False,False,False,
Griseofulvin,42,0.3584259684373337,0.0015,0.0109090909090909,0.4955564030992747,0.0002,0.1912894514385437,0.072,0.072,0.4775879396984924,False,True,True,4.517706186806747
Guaifenesin,42,0.0855837326941711,0.0959,0.207144,0.0462333827697994,0.1589,0.1527071978504094,0.096,0.096,0.4867605633802817,False,False,False,6.8957058396298265
Guanfacine,42,0.1499940424976065,0.0441,0.1201720754716981,0.0708293457436275,0.1423,-0.0033451780143528,0.445,0.445,0.6905172413793104,False,True,False,5.641680152024471
Guanfacine hydrochloride,37,-0.1287291881923626,0.8631,0.9284342629482072,-0.1052830093686728,0.8069,0.0443379468692242,0.25,0.25,0.5443548387096774,False,False,False,158.9982671217136
Guselkumab,1,-0.0227932636469222,0.4778,0.6507238335435057,-0.0365853658536585,0.8793,0.1974765846810386,0.069,0.069,0.4746496815286625,False,False,False,
Haem arginate,2,-0.0354015839098148,0.5088,0.6817667493796526,-0.0488909395796552,0.8144,0.0004019527145498,0.363,0.363,0.6292776886035313,False,False,False,
Haemophilus influenzae B/meningococcal C,42,0.1997120635214388,0.01435,0.0522393277310924,0.2528272037203781,0.0031,0.5025871821172947,0.011,0.01162,0.3678171428571428,False,True,False,4.741690666597354
Halogenated phenols with phenol,29,0.0702781350054743,0.1547,0.2923464566929133,0.1399056720388649,0.0444,-0.0720289540189312,0.721,0.721,0.8652,False,False,False,
Haloperidol,42,-0.0440446329461171,0.5651,0.726989874925551,0.0269795434728537,0.2754,0.1084891183282774,0.131,0.131,0.4891603053435114,False,False,False,2.0857651395206256
Haloperidol decanoate,42,-0.1001858478529563,0.7886,0.8945820660723649,-0.0360834099975732,0.5223,0.0897578945684739,0.15,0.15,0.4891603053435114,False,False,False,7.888725505466419
Hamamalis,42,0.1344143764651048,0.0605,0.1495194508009153,-0.0087564775606233,0.415,-0.003256517507219,0.484,0.484,0.7165455791638109,False,False,False,4.947974642829494
Hamamelis,41,-0.0184963616389029,0.4396,0.6153830200907323,-0.0184479480460594,0.4428,0.1093745613188822,0.107,0.107,0.4891603053435114,False,False,False,12.109936519768123
Helicobacter pylori eradication therapy,41,0.5366397885672887,5e-05,0.0009473684210526,0.5759629753715414,0.0001,0.0604494556552343,0.212,0.212,0.5099331848552338,False,True,True,34.50862892624939
Heparin calcium,25,0.2703764585270383,0.00264,0.0155378746594005,0.3076655143356296,0.0009,0.0417612273794755,0.259,0.259,0.551715976331361,False,True,True,
Heparin flushes,42,-0.0243129122290263,0.4839,0.6577872876022656,-0.0639528067894459,0.6401,-0.090914432133037,0.835,0.835,0.9268242548818088,False,False,False,6.210506985660867
Heparin sodium,39,0.2874027995790341,0.00316,0.0174567774936061,0.2093436052394281,0.0152,-0.0973543858384791,0.861,0.861,0.9478899082568808,False,True,True,35.37481556802534
Heparinoid,42,0.251835017640496,0.00479,0.02340814479638,0.355123255325254,0.0001,0.2059295048947371,0.037,0.03973,0.4649999999999999,False,True,True,3.240535040270465
Hepatitis A,42,0.6486944247100855,1e-05,0.0003176470588235,0.7245585391593411,0.0001,0.117300211529447,0.096,0.096,0.4867605633802817,False,True,True,2.672485594646597
Hepatitis A/hepatitis B,42,0.1828657618317199,0.02353,0.075616,0.2555408778889282,0.0041,0.0297453903771799,0.336,0.336,0.6114237573715249,False,True,False,8.619908043797178
Hepatitis A/typhoid vaccine,42,0.626605633654377,1e-05,0.0003176470588235,0.7180175067366323,0.0001,0.0428296680724597,0.256,0.256,0.5485714285714286,False,True,True,4.72809613985752
Hepatitis B,42,0.5368735995468283,1e-05,0.0003176470588235,0.6688570413884021,0.0001,0.1738309908053691,0.05,0.05,0.4649999999999999,False,True,True,2.699575960232438
Hepatitis B immunoglobulin,1,-0.0136469221835075,0.214,0.3686124401913875,1.4004057425962024e-18,0.0456,-0.0287866620060516,0.47,0.47,0.70844382414515,False,False,False,
Hernia Support Garments,42,0.0845058131666666,0.1137,0.2352413793103448,0.1011446114975295,0.0779,-0.029376143064064,0.536,0.536,0.7478529980657641,False,False,False,3.645856427779431
Hexetidine,42,0.2146782220313972,0.01381,0.0511150684931506,0.2534164913050547,0.0059,0.1673623417509242,0.069,0.069,0.4746496815286625,False,True,False,8.134984047536202
Hexylresorcinol,24,-0.0620242458148001,0.7352,0.8616559956592512,-0.1169952547031206,0.9754,0.0774815156691309,0.174,0.174,0.4891603053435114,False,False,False,
Hexylresorcinol and benzalkonium chloride,1,-0.0223577235772357,0.4287,0.6062984293193717,-0.0304878048780487,0.8153,-0.0323260095004018,0.5,0.5,0.7267833109017496,False,False,False,
Homatropine hydrobromide,2,0.1585685225258835,0.03157,0.0940568275862068,0.1570698681460526,0.0536,-0.0847471961052554,0.778,0.778,0.8945454545454546,False,True,False,
House dust mites allergen extract,34,0.0563599078331245,0.1415,0.2748561151079136,-0.0026263939515183,0.3196,0.2266772465135042,0.059,0.059,0.4649999999999999,False,False,False,
"Human papillomavirus (Type 16,18)",4,0.0882862889757105,0.0555,0.1407042253521126,0.0256913436495319,0.1732,-0.0606268322851166,0.671,0.671,0.839235668789809,False,False,False,
"Human papillomavirus (Type 6,11,16,18)",41,-0.1340217551659009,0.8879,0.9419764243614932,-0.0063419906417036,0.3875,-0.0360683809218041,0.569,0.569,0.7754195583596214,False,False,False,5.653487011542438
"Humpapvirus(Type 6,11,16,18,31,33,45,52,58)",42,0.1758010296526428,0.02759,0.0850134094151212,0.1559834132366633,0.0343,0.2031387761122944,0.053,0.053,0.4649999999999999,False,True,False,8.564911172878602
Hyaluronic acid sodium,1,-0.0223577235772357,0.4287,0.6062984293193717,-0.0304878048780487,0.8153,-0.0323260095004018,0.5,0.5,0.7267833109017496,False,False,False,
Hyaluronidase,7,0.1578485013583185,0.02596,0.0805655172413793,0.0838981955799554,0.0845,-0.0517261949742797,0.625,0.625,0.8132530120481928,False,True,False,
Hydralazine hydrochloride,42,0.268554821548313,0.00382,0.0201740831295843,0.3939433471697763,0.0002,-0.0003572820333964,0.415,0.415,0.6684563758389261,False,True,True,4.229607082729712
Hydrochlorothiazide,42,0.2332782171012699,0.00853,0.0362404715127701,0.3041721146780958,0.0021,0.2383609844520839,0.001,0.00058,0.1276363636363636,False,True,True,5.1323096421160646
Hydrocort sodiumphos,42,0.0938810258247073,0.115,0.2370229007633587,0.1292959476977675,0.0589,0.0116311972158954,0.373,0.373,0.6353943217665615,False,False,False,5.135020889619164
Hydrocortisone,42,0.2621825351698699,0.00235,0.0143796033994334,0.2316567446755067,0.0043,0.2204794320265611,0.037,0.03337,0.4649999999999999,False,True,True,1.3657775641821193
Hydrocortisone (Sodium succinate),42,0.4830240819975515,1e-05,0.0003176470588235,0.5369266337579951,0.0001,0.0271863761668723,0.289,0.289,0.5721723189734189,False,True,True,1.6660842257599
Hydrocortisone acetate,42,0.4910455452620422,1e-05,0.0003176470588235,0.5004569699898164,0.0001,0.2171823253667104,0.021,0.02022,0.4649999999999999,False,True,True,2.123234234986541
Hydrocortisone butyrate,42,0.121233915638131,0.0363,0.1046835781041388,0.1379198984015761,0.0175,0.5467325751837646,0.021,0.0198,0.4649999999999999,False,True,False,3.3103942368487678
Hydrocortisone sodium phosphate,42,0.2317184625384358,0.00836,0.0356165680473372,0.3209766201653409,0.0008,0.0877997683031229,0.146,0.146,0.4891603053435114,False,True,True,2.7553273002653063
Hydrocortisone sodium succinate,42,0.2078482113203741,0.01297,0.0489776223776223,0.2367191660502118,0.0065,0.0359015996256635,0.294,0.294,0.5783606557377049,False,True,True,2.916326171456379
Hydrogen peroxide,42,0.247610341631635,0.00528,0.0251207048458149,0.2368620553610831,0.0046,0.1977948306059929,0.054,0.054,0.4649999999999999,False,True,True,2.7288304351400816
Hydromorphone hydrochloride,42,0.1482778136158513,0.02474,0.0778985422740524,0.1921277346090879,0.0067,0.0138332894685849,0.357,0.357,0.6269268292682927,False,True,False,63.36617713423365
Hydroxocobalamin,42,0.2742423238324801,0.0032,0.0175431472081218,0.3192616150880757,0.001,0.1394892821136437,0.07,0.07,0.4769716088328076,False,True,True,2.531490680745172
Hydroxycarbamide,42,0.3620604441309298,0.00032,0.0035446153846153,0.3959833123511116,0.0007,0.1686495068546458,0.05,0.05,0.4649999999999999,False,True,True,13.45465797475937
Hydroxychloroquine sulfate,42,0.1449491029024051,0.04786,0.1259166869671132,0.1552084703880867,0.0326,0.0771847090950685,0.233,0.233,0.533135593220339,False,True,False,1.987410751835701
Hydroxyzine hydrochloride,42,0.1559979335204342,0.04108,0.114052442159383,0.1508838787024515,0.0401,-0.0439090709914086,0.637,0.637,0.8224267782426778,False,True,False,2.2237975258815905
Hyetellose,42,0.3935231318563831,0.0002,0.0024685714285714,0.4788110387592155,0.0002,0.0467959609258155,0.268,0.268,0.5566153846153846,False,True,True,3.9771065038586983
Hyoscine,42,0.2020663914142791,0.01616,0.0575051070840197,0.2149223028757,0.0119,0.0851640732189498,0.109,0.109,0.4891603053435114,False,True,False,1.5494552588692623
Hyoscine butylbromide,42,0.6402388602479225,1e-05,0.0003176470588235,0.7392772456556913,0.0001,0.2245276836734291,0.005,0.00356,0.2197028571428571,False,True,True,1.9450473617197201
Hyoscine hydrobromide,42,0.3548940972991383,0.0003,0.003392670157068,0.2868429868143958,0.0025,0.0250682379298683,0.322,0.322,0.6036113499570077,False,True,True,2.546227078649687
Hypromellose,42,0.3203375338177926,0.00097,0.0080275862068965,0.3161671107138508,0.0011,0.1160132897349383,0.104,0.104,0.4891603053435114,False,True,True,2.1112555730766465
INR blood testing reagents,42,0.0463757265951093,0.2111,0.3662457831325301,0.0644873320676857,0.1565,0.0603271364804581,0.231,0.231,0.531373801916933,False,False,False,2.5066839079868
Ibandronic acid,42,0.3412665664908239,0.00053,0.0051336322869955,0.3323940343397394,0.0008,0.1045689925502571,0.117,0.117,0.4891603053435114,False,True,True,4.026123892151064
Ibrutinib,12,0.23419502185058,0.00986,0.0399579737335834,0.206905298288012,0.0119,-0.1221692078113946,0.869,0.869,0.953780487804878,False,True,True,
Ibuprofen,42,0.4592596102656641,1e-05,0.0003176470588235,0.4786807476157568,0.0001,0.2019547337551973,0.038,0.03912,0.4649999999999999,False,True,True,2.1197888106825413
Ibuprofen lysine,42,-0.077065368827765,0.9139,0.959195335276968,-0.0453816924202226,0.696,-0.0510686152136561,0.616,0.616,0.8059115687462144,False,False,False,9.776062740986527
Ibuprofen sodium dihydrate,24,0.0690006383782862,0.095,0.2058174523570712,0.0398678675934076,0.1409,-0.0006381756845426,0.39,0.39,0.648,False,False,False,
Ichthammol,33,0.0011665030993779,0.3403,0.5169113924050633,0.0312390006851518,0.2353,-0.0264018843054478,0.503,0.503,0.7291812080536912,False,False,False,
Icosapent,42,-0.0356878409799283,0.5752,0.7356021314387211,-0.0084744098650354,0.3205,-0.0862258822384279,0.767,0.767,0.8890032154340837,False,False,False,14.925760241209412
Idebenone,11,-0.0544672390966632,0.7989,0.8989875,-0.0335441727014048,0.5087,-0.0765066582849468,0.724,0.724,0.866393351800554,False,False,False,
Ileostomy Bags,42,-0.0954947274562598,0.9915,0.996707192575406,-0.0689036268372557,0.8608,0.6577279423617567,0.004,0.00154,0.1386,True,False,False,13.526567105205233
Iloprost,9,0.0424466149248418,0.1992,0.3512424489795918,0.0142184228693537,0.2706,-0.013608308809404,0.459,0.459,0.7016560509554141,False,False,False,
Imatinib mesilate,33,-0.0139469730187269,0.3617,0.5395524861878453,0.0387802514990909,0.1628,-0.1492930794227171,0.94,0.94,0.986086956521739,False,False,False,
Imidapril hydrochloride,42,-0.0271528828457934,0.4507,0.6240461538461538,0.0518678552420773,0.1547,0.0270105708284633,0.308,0.308,0.5945308310991957,False,False,False,46.68087519289033
Imipramine hydrochloride,42,0.0161543619364339,0.3198,0.4969553956834531,-0.0385551138853889,0.5234,0.0682269430852309,0.187,0.187,0.4919853836784409,False,False,False,2.704645190978253
Imiquimod,42,0.1692858113159879,0.03085,0.092383379501385,0.2268797764415883,0.0073,-0.0047353860590488,0.46,0.46,0.7026874115983027,False,True,False,4.945701917086842
Inclisiran,42,0.1463630725608044,0.04106,0.114052442159383,0.1223954005049732,0.0583,-0.0652320345891249,0.72,0.72,0.8652,False,True,False,7.495170507147003
Incontinence Belts,20,0.0922299337558166,0.04423,0.1201720754716981,0.0439172060631654,0.1231,0.0055613505368191,0.374,0.374,0.6365957446808511,True,True,False,
Incontinence Sheath Fixing Strips & Adh,42,-0.0543018204859427,0.7121,0.8461880153930732,-0.0626002601495466,0.7923,0.4084862179808752,0.027,0.02463,0.4649999999999999,True,False,False,51.47230920290861
Incontinence Sheaths,42,-0.0899835967981587,0.8198,0.9094853620955315,-0.1030722269329574,0.8998,0.6581595770932627,0.001,8e-05,0.054,True,False,False,9.270630407446077
Indacaterol maleate,42,0.1959615075502627,0.01372,0.0509195876288659,0.23658409037481,0.005,0.0300976213159414,0.302,0.302,0.5860916442048517,False,True,False,7.085261113794956
Indacaterol/glycopyrronium,42,0.1640636327978716,0.03476,0.1014412955465586,0.036255004986399,0.2352,0.0885682395496973,0.163,0.163,0.4891603053435114,False,True,False,18.316814098217513
Indacaterol/mometasone,37,0.0200403915603741,0.284,0.456089219330855,0.1203300440269465,0.0673,0.1770241007156185,0.078,0.078,0.4775879396984924,False,False,False,783.817029546989
Indapamide,42,0.1274772661293539,0.0582,0.14575,0.1696113386592648,0.0214,0.1273180695872612,0.099,0.099,0.4891603053435114,False,False,False,1.5150295483902856
Indometacin,42,0.0504703052626032,0.2199,0.3762470308788598,0.0169493404862813,0.3019,-0.0243501547118615,0.54,0.54,0.7491329479768787,False,False,False,1.784934316282508
Indoramin,42,0.1906101110735654,0.02003,0.0679874411302982,0.1993362491784634,0.0159,0.0960347104089508,0.145,0.145,0.4891603053435114,False,True,False,3.3412908697626773
Indwelling Pleural Cath Drain System,42,0.1496809091211043,0.03815,0.1086260869565217,0.1609075878112841,0.0251,0.1241134058104458,0.093,0.093,0.4840481927710843,False,True,False,6.381247722359019
Infliximab,9,-0.0335506546314554,0.4886,0.6604355444305382,-0.0028147038732995,0.3411,-0.0170976635484732,0.472,0.472,0.7099721448467966,False,False,False,
Influenza,42,0.4515929220933328,3e-05,0.0006612244897959,0.5029252365803575,0.0001,0.1773359138401034,0.027,0.02936,0.4649999999999999,False,True,True,1.7000533413119903
Ingenol mebutate,12,0.0052396104373561,0.2997,0.4739033674963397,-0.0407404037521271,0.523,-0.0215645030998424,0.499,0.499,0.7267833109017496,False,False,False,
Inhalation Solutions,42,0.0804765545219557,0.138,0.2706860254083484,0.0469603788539225,0.2091,0.0226968297961675,0.342,0.342,0.6145757071547421,False,False,False,4.74290332436832
Inosine pranobex,35,-0.1286028585156749,0.8898,0.9427091711623344,-0.0730491863126815,0.6867,0.0117634781169161,0.387,0.387,0.6454980694980695,False,False,False,
Ins degludec/liraglutide,42,-0.0400441661476425,0.525,0.6954856093080221,0.0417980517855357,0.214,0.0335015729281146,0.296,0.296,0.5801814882032668,False,False,False,15.217821313989917
Insert For Female Stress Incont,42,-0.0376975066896866,0.527,0.6961907090464549,0.0174377581943932,0.2673,0.1106029236386865,0.128,0.128,0.4891603053435114,False,False,False,6.813957994750244
Insulin Lispro,42,0.0437778321374905,0.2354,0.3978591549295774,0.0428189403499387,0.2143,-0.0422589774501815,0.671,0.671,0.839235668789809,False,False,False,2.039865479773694
Insulin aspart,42,0.3566122378255611,0.00025,0.0029189189189189,0.2747127895707881,0.0025,0.0345631972429591,0.29,0.29,0.5736263736263736,False,True,True,1.4318780822209796
Insulin degludec,42,0.1540728177008995,0.04045,0.112738064516129,0.1292648681659857,0.054,-0.1291325817380475,0.928,0.928,0.9777951219512196,False,True,False,2.091300592720365
Insulin detemir,42,0.3360463227665037,0.00061,0.0056793103448275,0.2931715267409999,0.0022,-0.0140264309922441,0.521,0.521,0.7413438735177866,False,True,True,3.1948787640753484
Insulin glargine,42,0.4532754287090496,2e-05,0.0004595744680851,0.4906084542712176,0.0001,0.1082170933201888,0.121,0.121,0.4891603053435114,False,True,True,2.1890349583679405
Insulin glargine/lixisenatide,39,-0.0552774099026533,0.5729,0.7332227488151658,-0.0706484025230787,0.7023,-0.0804730186311853,0.717,0.717,0.8642410714285714,False,False,False,202.6310840533018
Insulin glulisine,42,0.1979065548859998,0.01953,0.066642654028436,0.1528211362812425,0.0344,0.0523523597741311,0.246,0.246,0.5427466937945066,False,True,False,4.763925819219333
Insulin human,35,-0.0807951609791951,0.744,0.8682009724473257,-0.0982955400898401,0.8456,0.0898457704519083,0.178,0.178,0.4891603053435114,False,False,False,
Interferon alpha,2,-0.0137457125996847,0.1311,0.2609917050691244,-0.017160787858062,0.2903,0.0542591823653043,0.217,0.217,0.5167805953693495,False,False,False,
Interferon beta,8,-0.0679483687076546,0.959,0.98312292358804,-0.0518808836151734,0.728,-0.1736618930843077,0.976,0.976,0.9906766917293232,False,False,False,
Intravenous nutrition supplements,3,-0.0265062694983871,0.4249,0.6034082840236686,-0.0467118910913408,0.8067,-0.0401240706631243,0.597,0.597,0.7930627306273063,False,False,False,
Iodine,17,0.0128167174973987,0.3277,0.5048730385164051,0.0050875544075285,0.3444,-0.0219420831719045,0.508,0.508,0.7324966622162884,False,False,False,
Iodine compounds,42,-0.0724997879178359,0.6735,0.8183217097862766,-0.0058037459298409,0.3812,0.0269862458420316,0.32,0.32,0.6036113499570077,False,False,False,7.70003429384795
Ipratropium bromide,42,0.0715094162264839,0.1521,0.2897142857142857,0.1407370096183519,0.0428,0.103063942531263,0.141,0.141,0.4891603053435114,False,False,False,1.686026615362226
Irbesartan,42,0.5204096007093579,1e-05,0.0003176470588235,0.5773866527839958,0.0001,0.0574854115202554,0.202,0.202,0.5020943613348677,False,True,True,4.116367524867048
Irbesartan with diuretic,42,0.4264233507335578,0.00012,0.0017052631578947,0.5834195169461182,0.0001,0.1536911522557418,0.07,0.07,0.4769716088328076,False,True,True,5.0594240603322564
Iron and folic acid,42,0.288718084330153,0.00103,0.0084272727272727,0.3724221458219522,0.0001,0.0700098336346082,0.2,0.2,0.5005793742757821,False,True,True,6.483170053338172
Iron carboxymaltose,20,0.0434292053290258,0.1714,0.3148163265306122,0.000197398568339,0.3199,-0.0280056378753161,0.514,0.514,0.7366887417218544,False,False,False,
Iron dextran,37,0.0258981496148994,0.2225,0.3793212312549329,-0.0214464711452698,0.4044,-0.0607818529479308,0.648,0.648,0.8277232406859847,False,False,False,2474.646381698514
Iron sucrose,21,-0.037428344263339,0.6138,0.7712670157068062,-0.0511863714615462,0.7864,-0.1592852557953206,0.985,0.985,0.9956013102480112,False,False,False,
Irrigation Solutions,42,0.102223984508302,0.0883,0.1964243048403707,0.1122093835452364,0.0737,0.0488793666368469,0.256,0.256,0.5485714285714286,True,False,False,7.502052299864922
Irrigation Washout Appliances,42,-0.0991290149338753,0.9769,0.9894683544303796,-0.0688459843404972,0.8224,0.6611625810849057,0.002,0.00112,0.1386,True,False,False,12.02368909207449
Isavuconazole,32,-0.0664953658605793,0.6683,0.8150920383963862,-0.0831894836399952,0.7649,-0.0066102771100744,0.424,0.424,0.6724229074889867,False,False,False,
Isocarboxazid,39,0.0212617222959653,0.2074,0.3618610662358643,0.0423500294048308,0.1268,0.0190260228452892,0.331,0.331,0.6092778249787596,False,False,False,235.09614827311933
Isometheptene mucate,39,0.075468272469557,0.1585,0.2977043478260869,-0.0035000447983559,0.3861,0.0910112973568407,0.137,0.137,0.4891603053435114,False,False,False,48.372797854588676
Isoniazid,42,0.2271467562474168,0.0082,0.0350732673267326,0.26290274004321,0.0016,0.1109503151435458,0.116,0.116,0.4891603053435114,False,True,True,42.315895774517486
Isophane insulin,42,0.1947021118429809,0.01828,0.0636521739130434,0.1964347731442732,0.0149,-0.0766224693403184,0.77,0.77,0.8898876404494382,False,True,False,3.518752175354201
Isoprenaline hydrochloride,1,-0.0260743321718931,0.5636,0.7259248658318426,-0.024390243902439,0.5728,0.0177814718926703,0.369,0.369,0.6320697858842188,False,False,False,
Isopropyl alcohol,29,0.1039467322593816,0.0977,0.2089425742574257,0.0958768704180426,0.0949,-0.0416275119457744,0.576,0.576,0.7755569383945239,False,False,False,
Isosorbide dinitrate,42,0.4357992631840881,0.00021,0.0025483146067415,0.5150087848421167,0.0001,0.1345990555256033,0.101,0.101,0.4891603053435114,False,True,True,4.284867588560257
Isosorbide mononitrate,42,0.424754612609999,2e-05,0.0004595744680851,0.1907805085646703,0.0184,-0.0114641186801324,0.449,0.449,0.6942304939155333,False,True,True,1.488637281166961
Isotretinoin,42,0.1889709107696666,0.02289,0.0743494736842105,0.0849548160030705,0.1214,0.003661222455543,0.412,0.412,0.6656095736724008,False,True,False,15.09972954401489
Ispaghula husk,42,0.2050937085015399,0.01485,0.0535492487479131,0.2589318931146871,0.0051,0.0017643122908915,0.432,0.432,0.677155297532656,False,True,False,1.6778995551515232
Isradipine,1,-0.0136469221835075,0.214,0.3686124401913875,1.4004057425962024e-18,0.0456,-0.0287866620060516,0.47,0.47,0.70844382414515,False,False,False,
Itraconazole,42,0.3874988740311577,0.00014,0.0019261146496815,0.4267680323524614,0.0001,0.0514618031056979,0.254,0.254,0.5464541832669323,False,True,True,1.8315555162131687
Ivabradine,42,0.0505450727767899,0.2068,0.3613980582524272,0.086661481949391,0.1081,0.1938847164999456,0.044,0.04788,0.4649999999999999,False,False,False,1.9906020169982264
Ivacaftor,7,-0.1147898376093202,0.9453,0.98071469740634,-0.1182321643214933,0.9478,-0.1603966868424676,0.969,0.969,0.9894915254237288,False,False,False,
Ivermectin,42,0.5537880712078961,1e-05,0.0003176470588235,0.4883150758701251,0.0001,0.0683666629588232,0.212,0.212,0.5099331848552338,False,True,True,2.059854677637717
Ixekizumab,3,-0.0039254155966238,0.2096,0.3648154713940371,-0.0485898455156958,0.6563,0.0008680940109356,0.417,0.417,0.6689135254988913,False,False,False,
"Japanese encephalitis vaccine (Inactivated,adsorbed)",30,0.0961472190281615,0.0891,0.1973907692307692,0.0783595093905937,0.1037,0.0152476847003816,0.353,0.353,0.6234505314799672,False,False,False,
Jaw Rehabilitation Device,42,0.117442542963792,0.04563,0.1228937655860349,0.1123547035156093,0.0406,0.0906654262056608,0.15,0.15,0.4891603053435114,False,True,False,18.31273797955099
Kaolin heavy,2,-0.0270109231404177,0.1878,0.3371970074812967,-0.0783216320081387,0.9681,-0.0121277834277147,0.425,0.425,0.673514306676449,False,False,False,
Kaolin light,3,-0.062001440961678,0.6816,0.8246942889137738,-0.0229132394127023,0.3068,0.0200011930323366,0.336,0.336,0.6114237573715249,False,False,False,
Ketamine,32,-0.0623798921616485,0.6271,0.7814117647058823,-0.0817364206461571,0.7318,0.0281445934513641,0.313,0.313,0.5970422535211267,False,False,False,
Ketamine hydrochloride,36,0.0979141504563851,0.0982,0.2093899308983218,0.056370828514689,0.1768,0.0368458860985892,0.245,0.245,0.5422131147540984,False,False,False,
Ketoconazole,42,0.3282337178874521,0.00131,0.0097237113402061,0.3896852280831573,0.0002,0.2507171328028322,0.044,0.04336,0.4649999999999999,False,True,True,1.9161703466643354
Ketone blood testing reagents,42,0.2657935115702312,0.00382,0.0201740831295843,0.2594373007370171,0.0042,0.2230327476237123,0.03,0.02624,0.4649999999999999,False,True,True,1.9732982525225966
Ketoprofen,42,-0.0089323033802653,0.3146,0.4909942196531791,0.0156256173905302,0.2168,0.4979638681567072,0.012,0.01186,0.3678171428571428,False,False,False,3.7638657260809043
Ketorolac trometamol,42,0.2357932646594746,0.00761,0.0331171026156941,0.3084875023123912,0.0018,0.0329597832726289,0.284,0.284,0.5674745605920444,False,True,True,3.362324658300959
Ketotifen fumarate,42,0.0983314567794913,0.1077,0.2252003872216844,0.1312653114318946,0.0524,0.1416199429737662,0.065,0.065,0.4664451827242525,False,False,False,3.045605172808111
L-Alanyl-l-gutamine,1,-0.0181184668989547,0.3397,0.5163631245601689,-0.0426829268292683,0.9288,0.0448398352830346,0.263,0.263,0.552069970845481,False,False,False,
L-Ornithine-L-Aspartate,17,-0.1018354839013774,0.8579,0.925144283574638,-0.1245734599723746,0.9457,-0.0607583716337818,0.652,0.652,0.8296941176470588,False,False,False,
Labetalol hydrochloride,42,0.4155632884182212,6e-05,0.0010536585365853,0.3948784170030135,0.0003,0.2297196541968893,0.03,0.03186,0.4649999999999999,False,True,True,2.2604651011465893
Lacidipine,42,-0.050286542525978,0.5866,0.745765744555621,-0.0264889728669866,0.4834,0.041566660588911,0.258,0.258,0.5512166172106825,False,False,False,5.327660438613557
Lacosamide,42,0.340921525619377,0.00051,0.0050532110091743,0.3634751426637926,0.0007,0.1255901185258547,0.107,0.107,0.4891603053435114,False,True,True,2.4157962829815287
Lactic acid,5,-0.040640807421488,0.6847,0.8265921787709498,-0.0557995444579319,0.9113,-0.0464305978263952,0.583,0.583,0.7807067575945443,False,False,False,
Lactulose,42,0.2593120655141981,0.0042,0.0213458823529411,0.3156972498744415,0.0011,0.2142268788746542,0.033,0.0335,0.4649999999999999,False,True,True,1.8767067859362732
Lamivudine,42,0.3203427017728623,0.00188,0.0127698113207547,0.4921278168929309,0.0001,0.0638274668998983,0.209,0.209,0.5097986577181208,False,True,True,19.501203235282798
Lamivudine and zidovudine,7,-0.050979297681922,0.8697,0.9323910669975186,-0.0532915528490493,0.8727,-0.1176085800817409,0.899,0.899,0.9647642679900744,False,False,False,
Lamivudine/tenofovir disoproxil/doravirine,8,-0.0428439864499028,0.5221,0.6952749691738594,-0.0842748991810691,0.7449,-0.0732158466290168,0.701,0.701,0.8566985915492957,False,False,False,
Lamotrigine,42,0.2623365764374201,0.00341,0.0184601503759398,0.1578740231197815,0.0359,0.0610236184119974,0.249,0.249,0.5438220424671386,False,True,True,1.3827716887332138
Lanreotide,42,0.0265900020411683,0.2785,0.449260642270351,-0.0015091347699635,0.3765,0.1548490990694741,0.065,0.065,0.4664451827242525,False,False,False,13.706251486349933
Lansoprazole,42,0.4363295554874181,4e-05,0.0008470588235294,0.3409139402833998,0.0008,0.2215696429379037,0.012,0.01448,0.4115368421052631,False,True,True,1.9851662236521102
Lanthanum carbonate,42,0.0357645831078832,0.2594,0.4267357197258188,-0.0496782610543019,0.5944,0.2632620433617439,0.033,0.02762,0.4649999999999999,False,False,False,7.6019500898532355
Latanoprost,42,0.4254612846095112,6e-05,0.0010536585365853,0.4816599799534574,0.0001,-0.0147297181956474,0.493,0.493,0.7219525423728813,False,True,True,1.4614843961906612
Latanoprost and Netarsudil,42,0.2908488128534057,0.002,0.0132515337423312,0.2029202711707733,0.0159,-0.0748211867237037,0.814,0.814,0.912897196261682,False,True,True,8.507828265055522
Latanoprost and timolol,42,0.3484474832586445,0.00053,0.0051336322869955,0.2384402483517522,0.0063,-0.053560324146124,0.653,0.653,0.8296941176470588,False,True,True,2.646089990705385
Leakage Notification System,34,-0.0528464044336092,0.9936,0.996707192575406,-0.038943286365292,0.8273,0.6524907918018517,0.002,0.00221,0.1704857142857143,True,False,False,
Ledipasvir/sofosbuvir,3,0.1038033247693808,0.0862,0.1925460186142709,-0.0382050415998568,0.3937,0.0128843159743669,0.352,0.352,0.6234505314799672,False,False,False,
Leflunomide,42,0.3133245968295667,0.00112,0.0088941176470588,0.2240958583421892,0.0112,0.0867286006745062,0.115,0.115,0.4891603053435114,False,True,True,2.952482954415691
Leg Bags,42,-0.1132778429481166,0.9771,0.9894683544303796,-0.1077766381930305,0.9547,0.6552088103499366,0.001,0.00032,0.1276363636363636,True,False,False,9.23647385037889
Leg Ulcer Wrap,6,-0.0702481516853897,0.6424,0.7922465753424657,-0.022412270832204,0.4349,-0.0554594198900235,0.64,0.64,0.8238379022646007,False,False,False,
Lenalidomide,11,-0.0428269501592235,0.525,0.6954856093080221,-0.0410684979300955,0.5349,-0.1161675080512602,0.863,0.863,0.9496077432501272,False,False,False,
Lenograstim,18,-0.0167970914017844,0.3803,0.5576700610997964,0.0503502325959558,0.1582,-0.1002134039241792,0.806,0.806,0.909,False,False,False,
Lenvatinib,1,-0.0187282229965156,0.3578,0.5348429065743945,-0.0365853658536584,0.877,0.1099554414751097,0.12,0.12,0.4891603053435114,False,False,False,
Lercanidipine hydrochloride,42,0.2777681061930248,0.00268,0.0157304347826086,0.2560737729751009,0.0037,0.0207553227020761,0.338,0.338,0.6129974811083124,False,True,True,3.702067661300432
Letermovir,11,-0.0385052975381463,0.5035,0.6759229334990677,-0.1033916635884256,0.827,0.2854230559264218,0.035,0.0392,0.4649999999999999,False,False,False,
Letrozole,42,0.2915167291292883,0.00166,0.011636129032258,0.2437096597196437,0.0062,0.0338988989444681,0.34,0.34,0.6145757071547421,False,True,True,2.433869436010941
Leuprorelin acetate,42,0.0610501034573592,0.1906,0.3405260545905706,0.1933648891950264,0.0205,-0.0723069181289358,0.786,0.786,0.8978106821787414,False,False,False,3.7218345438930376
Levamisole hydrochloride,38,-0.073202084360732,0.6794,0.8230532809871003,0.008756606870952,0.3149,-0.0791321871319149,0.768,0.768,0.8890032154340837,False,False,False,28.727069496719306
Levetiracetam,42,0.405385379345308,5e-05,0.0009473684210526,0.4500381760000645,0.0001,0.0870073443501735,0.161,0.161,0.4891603053435114,False,True,True,1.5707866992628492
Levobunolol hydrochloride,42,0.026665993076,0.2744,0.4453072877535687,0.1419260056626266,0.0442,-0.1110304120067495,0.892,0.892,0.9620349127182044,False,False,False,5.717632554009021
Levobupivacaine hydrochloride,38,-0.0463053084490582,0.9686,0.985728813559322,-0.0146925688331626,0.2789,-0.0444635263421539,0.655,0.655,0.8302816901408451,False,False,False,10.714862710680958
Levocarnitine,42,0.0336544188832341,0.2572,0.4247339449541285,-0.0005115595688827,0.371,-0.043830567242189,0.641,0.641,0.8244470868014269,False,False,False,13.423298563451338
Levocetirizine,42,0.0555075128204007,0.1803,0.326992443324937,0.0459666913594795,0.1958,0.0397936641047593,0.285,0.285,0.5689463955637707,False,False,False,3.3130999292755194
Levodopa,3,-0.039660788089149,0.3748,0.5522291950886767,0.0119571783110519,0.2275,-0.0322148573636031,0.517,0.517,0.7380832782551223,False,False,False,
Levodopa/carbidopa/entacapone,42,0.0821067086314482,0.1329,0.2633614678899082,0.1382500126416092,0.0471,-0.0478975907609612,0.629,0.629,0.8155102040816327,False,False,False,2.544277604874036
Levofloxacin,42,0.1042023051225547,0.0942,0.2051129032258064,0.0771161963600561,0.1314,0.0465507752658071,0.249,0.249,0.5438220424671386,False,False,False,3.3289066927440847
Levomepromazine hydrochloride,42,0.2249497055453225,0.00992,0.0401258426966292,0.2744723666934646,0.0032,0.1082268562763514,0.101,0.101,0.4891603053435114,False,True,True,8.951609070837442
Levomepromazine maleate,42,-0.0141664251713194,0.4385,0.615038961038961,-0.0404800715191986,0.542,-0.0470320381019153,0.676,0.676,0.8411059907834102,False,False,False,2.6227623166183953
Levonorgestrel,42,0.3423400605948845,0.00046,0.004776923076923,0.3063231952701983,0.0013,-0.0003749225371355,0.433,0.433,0.6782306018854242,False,True,True,3.052852865106523
Levothyroxine sodium,42,0.2598478741822658,0.00274,0.0158670241286863,0.267817966963895,0.0022,0.0546246516782183,0.246,0.246,0.5427466937945066,False,True,True,1.264463672062268
Levothyroxine sodium and liothyronine,42,0.0530669743875974,0.203,0.3561982128350934,-0.0752482269603006,0.694,-0.050118246716223,0.663,0.663,0.8335739231664727,False,False,False,10.61224113152778
Lidocaine,42,0.4762554168018942,2e-05,0.0004595744680851,0.4513646288753078,0.0001,0.0481338975662284,0.259,0.259,0.551715976331361,False,True,True,1.8142101908167734
Lidocaine hydrochloride,42,0.4449487158033693,5e-05,0.0009473684210526,0.4914064098951335,0.0001,0.2054804545297702,0.012,0.01177,0.3678171428571428,False,True,True,1.9694315779449143
Lidocaine/cetylpyridinium,2,-0.0337433717913069,0.5489,0.7142313253012048,-0.0516692409909042,0.8945,0.1669887209171862,0.073,0.073,0.4775879396984924,False,False,False,
Lidocaine/prilocaine (Premature Ejaculation),14,-0.0384538034849167,0.779,0.8881646437994724,-0.0360092215025206,0.7009,0.0241834805609121,0.312,0.312,0.5970422535211267,False,False,False,
Light liquid paraffin,42,0.1257691561685957,0.067,0.162060470324748,0.1132075541226577,0.0753,0.2396998345173274,0.042,0.03849,0.4649999999999999,False,False,False,5.388804502352412
Linaclotide,42,0.0895201126113469,0.1195,0.2444318181818182,0.0990418500750248,0.0993,-0.0612624087053473,0.744,0.744,0.8762486368593239,False,False,False,2.7016245559129155
Linagliptin,42,0.170706597417477,0.02309,0.0746622754491018,0.238864319142201,0.0042,0.2512855858798364,0.035,0.03618,0.4649999999999999,False,True,False,2.3825806044950224
Linagliptin/metformin,42,0.1244809376135179,0.0348,0.1014412955465586,0.0841194671816766,0.0709,0.2613827417532579,0.038,0.03392,0.4649999999999999,False,True,False,15.020853685450207
Linezolid,42,-0.0143457409274067,0.4129,0.591814200398142,0.0184394951656109,0.275,-0.0567597814549098,0.679,0.679,0.8424124066628375,False,False,False,7.349512240307444
Lints,34,-0.0160978556319675,0.4392,0.6152217898832685,0.0426947001656839,0.2264,0.0058327634398192,0.399,0.399,0.6563899466869764,False,False,False,
Linzagolix,39,-0.0072680729528292,0.384,0.561190798376184,0.039358902704784,0.2104,-0.1606070259639807,0.972,0.972,0.9894915254237288,False,False,False,30.84157821478134
Liothyronine sodium,42,0.1753565632573311,0.02768,0.0850480796586059,0.0309536677343073,0.2515,0.0662638133921463,0.177,0.177,0.4891603053435114,False,True,False,5.318378831887248
Liquefied phenol,1,-0.0365853658536584,0.8562,0.9237722277722276,-0.0121951219512194,0.2852,-0.0413228371194607,0.651,0.651,0.8295929203539824,False,False,False,
Liquid OTC cond specific vitamin & mineral supp (0913473),36,0.3770668718413578,0.00014,0.0019261146496815,0.3870428282306036,0.0002,0.0655283577358868,0.199,0.199,0.500395809080326,False,True,True,
Liquid OTC glucose for diabetic hypo treatment (0913541),42,-0.0473493428302747,0.5789,0.739458308693081,-0.0449920377654704,0.5713,0.1336293729862916,0.083,0.083,0.4775879396984924,False,False,False,3.231635727262015
Liquid OTC probiotic (0913531),20,0.1866547717442847,0.02334,0.0752453731343283,0.2372093296171262,0.0096,-0.0563019600643155,0.645,0.645,0.8263345195729538,False,True,False,
Liquid additive lactase (0913121),42,0.3247784500854943,0.00177,0.012214696485623,0.3147448975324949,0.0003,0.1059934752262272,0.142,0.142,0.4891603053435114,False,True,True,5.794891122409189
Liquid disc or non ACBS thickener - gum based (0913411),1,-0.0089430894308943,0.04746,0.1250692682926829,-0.0060975609756097,0.147,0.1160483841809587,0.081,0.081,0.4775879396984924,False,False,False,
Liquid micronutrient supplement (0913282),42,0.0928085743319753,0.1173,0.2410732635585157,0.1129952008886812,0.0809,-0.1382897959299647,0.952,0.952,0.9879866730128508,False,False,False,2.866677984838844
Liquid paraffin,42,0.0043203096176648,0.3698,0.5482278654770075,0.0870197626413164,0.1148,0.0550983545692009,0.197,0.197,0.4976842105263158,False,False,False,3.4852857532752686
Liraglutide,42,-0.0347997704774027,0.5268,0.6961907090464549,0.1033995072137923,0.0942,0.0850065175026478,0.135,0.135,0.4891603053435114,False,False,False,2.7089160710324385
Lisdexamfetamine dimesylate,42,0.4557194812030382,6e-05,0.0010536585365853,0.4605881428099574,0.0001,0.0276933399254955,0.321,0.321,0.6036113499570077,False,True,True,2.8196612190954924
Lisinopril,42,0.0313396090479842,0.2392,0.4020793774319066,-0.0310793696011328,0.4908,0.3595297617056134,0.024,0.02403,0.4649999999999999,False,False,False,2.6565931184276574
Lisinopril with diuretic,42,0.0341643596093183,0.247,0.4123029366306027,0.1855394190924612,0.0162,0.0616308767395146,0.194,0.194,0.4947343565525384,False,False,False,4.405802381099411
Lithium carbonate,42,0.1824632545918149,0.02264,0.0740151285930408,0.2060391227591691,0.0124,-0.0063802706600475,0.456,0.456,0.6990489709013485,False,True,False,1.7634753506667677
Lithium citrate,42,0.0949160955346206,0.1133,0.2346385426653883,0.0668248788101386,0.1615,0.150683948523719,0.061,0.061,0.4649999999999999,False,False,False,2.3385013945295805
Lixisenatide,42,-0.0234079815047384,0.4616,0.6366896551724138,-0.0358983965252297,0.5189,0.0340093922163687,0.272,0.272,0.5588668555240793,False,False,False,9.30289627649775
Lodoxamide trometamol,42,0.1486253210237905,0.04516,0.1217797752808988,0.0978916593804741,0.0997,-0.0704376224943885,0.768,0.768,0.8890032154340837,False,True,False,2.664609170234224
Lofepramine hydrochloride,42,0.1846043266003804,0.02043,0.0688436817472698,0.1994125755764057,0.0135,0.1289103024306815,0.116,0.116,0.4891603053435114,False,True,False,2.497896717577547
Loperamide hydrochloride,42,0.6854678978172348,1e-05,0.0003176470588235,0.7090004595146879,0.0001,0.2953053684972458,0.01,0.01104,0.3678171428571428,False,True,True,1.5373731999345832
Loperamide hydrochloride and simeticone,42,0.0364239855909029,0.2623,0.4301958997722095,-0.0025832566564595,0.3777,-0.0154030833571772,0.512,0.512,0.7366887417218544,False,False,False,3.1616538101450953
Lopinavir and ritonavir,5,-0.0926191111863647,0.7546,0.8751304347826088,-0.107821393058417,0.843,-0.0435749364049503,0.574,0.574,0.7755569383945239,False,False,False,
Loprazolam mesilate,42,0.2018478027596915,0.01639,0.0581320197044334,0.1892377471179142,0.0181,0.1076247647778841,0.134,0.134,0.4891603053435114,False,True,False,4.360578662787129
Loratadine,42,0.3548881740537462,0.00035,0.00378,0.2635397561575803,0.0041,0.1313775238569386,0.102,0.102,0.4891603053435114,False,True,True,1.806513035739994
Lorazepam,42,0.2842562740560307,0.00215,0.013780415430267,0.3905158747864823,0.0003,0.033663296116928,0.304,0.304,0.5883870967741935,False,True,True,1.867539549863579
Lormetazepam,42,-0.062738570900447,0.6334,0.7858037865748709,0.078855397776619,0.1301,-0.0677803011093109,0.735,0.735,0.8732673267326733,False,False,False,4.187829247017794
Losartan potassium,42,0.1842603122991135,0.02384,0.0757270588235294,0.2215881838655018,0.0097,-0.021693748243798,0.577,0.577,0.7755569383945239,False,True,False,2.1299666584292782
Losartan potassium with diuretic,42,0.3639879350391519,0.00034,0.0036904522613065,0.492261414651821,0.0001,0.1877170317161144,0.039,0.04023,0.4649999999999999,False,True,True,6.734960767458668
Loteprednol etabonate,42,0.1309250235288858,0.0542,0.1377317647058823,0.1968854320830476,0.0131,0.0132949569736919,0.353,0.353,0.6234505314799672,False,False,False,4.271842313311356
Low Friction Products,42,0.2710112226818659,0.00416,0.0211924528301886,0.2734725588892437,0.0028,-0.0108644637656789,0.499,0.499,0.7267833109017496,False,True,True,14.70196626885001
Low protein biscuits,42,-0.0612024654366456,0.7946,0.8976652719665272,-0.0354442565212547,0.3775,-0.0112756489651791,0.441,0.441,0.6872727272727274,False,False,False,4.719593642302098
Low protein bread,42,-0.0649835164077264,0.8427,0.915609657947686,-0.0358189806867627,0.3642,-0.0333841121858187,0.532,0.532,0.7478529980657641,False,False,False,4.931964674759304
Low protein breads,42,-0.0226117305544274,0.3391,0.5163631245601689,-0.0005540572750501,0.1525,-0.1196331237199583,0.891,0.891,0.9620349127182044,False,False,False,6.700894181707982
Low protein cakes,42,-0.0375735705514624,0.8043,0.902447327451998,-0.0209047005001294,0.4285,-0.1349670379822031,0.95,0.95,0.9879634087626384,False,False,False,8.231366387346291
Low protein cereals,40,-0.0441976273000396,0.9525,0.9815007132667618,-0.0332415980638456,0.7416,0.083076330608626,0.158,0.158,0.4891603053435114,False,False,False,9.243925081167468
Low protein cooking aids,41,-0.055698982910496,0.9381,0.9751183830606353,-0.0383358675861727,0.6208,0.0505524488738549,0.23,0.23,0.5307692307692308,False,False,False,7.971062256488128
Low protein desserts,40,-0.0271814807132184,0.5569,0.7211654676258993,-0.0101188288419972,0.2322,-0.1101661373149806,0.881,0.881,0.9601210898082744,False,False,False,22.4022603623194
Low protein grains/flours,42,-0.0460307289587187,0.9247,0.9653707104881584,-0.031015178660982,0.5786,0.0700864161964013,0.177,0.177,0.4891603053435114,False,False,False,9.00448023762568
Low protein meals,42,-0.0227659078233955,0.4626,0.6371242829827916,-0.0075363883353251,0.1748,-0.129347409930814,0.945,0.945,0.986086956521739,False,False,False,10.064983128720337
Low protein miscellaneous,35,-0.0213361530679704,0.417,0.5957142857142856,-0.0070680651249624,0.142,-0.1476328364884164,0.982,0.982,0.9934988290398126,False,False,False,
Low protein mixes,42,0.0303026611957508,0.2223,0.3792796208530806,0.0442114958247953,0.184,-0.0767238554039016,0.741,0.741,0.8758032786885246,False,False,False,3.083550960141031
Low protein pasta,42,-0.0458880482060042,0.9888,0.9963805970149252,-0.0331974481560418,0.7582,0.0845370253088469,0.153,0.153,0.4891603053435114,False,False,False,3.754282312316267
Low protein pastas,42,-0.045391540872724,0.9807,0.9917191011235954,-0.0321976355592869,0.7226,0.0820723030294166,0.168,0.168,0.4891603053435114,False,False,False,4.848327117809394
Low protein risotto,20,-0.0245742506375905,0.5168,0.6903450834879407,-0.0131426301792495,0.2581,-0.1373987701192635,0.946,0.946,0.986177606177606,False,False,False,
Low protein snacks,37,-0.0154688282325921,0.2623,0.4301958997722095,-0.0011791966784815,0.103,-0.1400048836964714,0.961,0.961,0.9879866730128508,False,False,False,248.6879026305368
Lubiprostone,4,-0.0503780355860165,0.57,0.7324211778703151,-0.0511212318395483,0.5976,-0.0916224365468104,0.784,0.784,0.8974244833068363,False,False,False,
Lubricant Gels,42,-0.1180132136532349,0.9814,0.9919625643425364,-0.1075047496723138,0.9448,0.6363589691520661,0.001,0.00053,0.1276363636363636,True,False,False,9.47065465833694
Lumacaftor/ivacaftor,5,0.100544223902531,0.0848,0.1902056074766355,0.1817035210429635,0.024,-0.0254684571999762,0.466,0.466,0.7068539325842697,False,False,False,
Lurasidone,42,0.2758674315176245,0.00356,0.0191283582089552,0.3659908450322485,0.0005,-0.0344949725651271,0.588,0.588,0.784484249536751,False,True,True,10.207695509299723
Lymecycline,42,0.1648302179788974,0.03044,0.091447009735744,0.1482528947066829,0.0382,-0.0069751063027817,0.432,0.432,0.677155297532656,False,True,False,1.4344978058771916
Lymphoedema Garments,42,-0.070713649019813,0.8463,0.9181356102461076,-0.0651407984393984,0.7668,0.0403002115951437,0.254,0.254,0.5464541832669323,False,False,False,3.019283235123293
Macitentan,19,0.2392469372193941,0.00683,0.0303555555555555,0.2510982091464034,0.0032,0.1019569431506836,0.145,0.145,0.4891603053435114,False,True,True,
Macrogol 3350,42,0.2452355750360317,0.00562,0.0262185745140388,0.2695666144315009,0.0038,0.0471539255301961,0.216,0.216,0.5161061946902655,False,True,True,1.288472605289739
Macrogol 4000,4,0.0058225774587011,0.1882,0.337354356846473,-0.0051040763450293,0.239,-0.1289866516538428,0.918,0.918,0.972953876349362,False,False,False,
Magnesium aspartate,42,0.3603880726041633,0.00021,0.0025483146067415,0.3964611714462817,0.0002,0.0082703114353743,0.395,0.395,0.6547966231772833,False,True,True,4.110778702685914
Magnesium carbonate,31,0.1135672603052983,0.053,0.1353191489361702,0.0890559031035153,0.0726,-0.0218749806278652,0.509,0.509,0.7334489659773182,False,False,False,
Magnesium citrate,42,0.2952046471042941,0.00284,0.0161857519788918,0.3790973372274541,0.0004,0.0694756982558527,0.214,0.214,0.5124611973392461,False,True,True,3.9911363594832583
Magnesium glycerophosphate,42,0.3400998863095393,0.00041,0.0043411764705882,0.3593747652277416,0.0003,0.0489854639985068,0.254,0.254,0.5464541832669323,False,True,True,2.523061314391863
Magnesium hydroxide,42,0.2469580681865505,0.00868,0.0364762645914396,0.3337111163355149,0.0001,-0.0936373604570112,0.791,0.791,0.899242105263158,False,True,True,11.963879115471276
Magnesium lactate,37,0.3313891614461427,0.00055,0.00528,0.3045434481714607,0.001,0.5062763975162646,0.014,0.01683,0.4327714285714286,False,True,True,1472.5104453293563
Magnesium oxide,42,-0.041104199920437,0.5363,0.7050566037735848,-0.1309731775675898,0.9517,-0.0019954889862667,0.405,0.405,0.6612244897959184,False,False,False,5.502842052808098
Magnesium sulfate,42,0.4188825679834396,6e-05,0.0010536585365853,0.4592649630743667,0.0002,0.1347060242489514,0.044,0.0469,0.4649999999999999,False,True,True,3.9522321574555788
Magnesium sulphate,4,-0.0146246646980017,0.2971,0.4722119205298013,-0.0046956809241993,0.2827,0.0358828818981488,0.297,0.297,0.5810869565217391,False,False,False,
Magnesium trisilicate,42,0.1944211415638648,0.01295,0.0489776223776223,0.2103367000849869,0.006,0.1864606503637973,0.06,0.06,0.4649999999999999,False,True,True,9.917288876738596
Malathion,42,0.2577021783012962,0.00406,0.0210807692307692,0.1534154832564292,0.0384,0.1312619686950336,0.084,0.084,0.4775879396984924,False,True,True,2.2819096192326453
Maltodextrin,42,-0.061884468923011,0.8965,0.9469144254278729,-0.0256539662196364,0.469,0.0630908037172318,0.191,0.191,0.4940838323353293,False,False,False,7.233757874853514
Mannitol,7,-0.0787901821786427,0.7704,0.8817330508474578,-0.0784991476007208,0.7522,-0.1360305739817315,0.913,0.913,0.9700344318740778,False,False,False,
Maraviroc,9,0.0211311622967695,0.2335,0.3952664576802508,-0.0055393271553841,0.3351,0.0014949230676727,0.403,0.403,0.6589553368660106,False,False,False,
"Measles, mumps and rubella vaccine",42,0.1615975966499457,0.03474,0.1014412955465586,0.1694846015735354,0.0279,0.1130698218250475,0.129,0.129,0.4891603053435114,False,True,False,11.211408961370578
"Measles, mumps, rubella and varicella vaccine",1,-0.0089430894308943,0.04746,0.1250692682926829,-0.0060975609756097,0.147,0.1160483841809605,0.081,0.081,0.4775879396984924,False,False,False,
Mebendazole,42,0.345932150606825,0.00058,0.0054707423580786,0.3429250103697822,0.0007,0.2393357071849588,0.048,0.04077,0.4649999999999999,False,True,True,2.3641049334913853
Mebeverine hydrochloride,42,0.6726276707069495,1e-05,0.0003176470588235,0.7687067583057764,0.0001,0.1653573601665668,0.025,0.03429,0.4649999999999999,False,True,True,1.8597218871015524
Mebeverine hydrochloride compound preparations,42,0.1236791146726555,0.0696,0.166485049833887,0.1913535646586107,0.02,-0.0648623917182529,0.758,0.758,0.8845380875202593,False,False,False,2.480625171035157
Mecasermin,2,-0.0475761073229507,0.7427,0.8671524324324325,-0.0537893176734799,0.8411,-0.0628289467931698,0.667,0.667,0.8366550522648084,False,False,False,
Meclozine hydrochloride,1,-0.041753774680604,1.0,1.0,-0.0304878048780488,0.8053,-0.053816331479016,0.678,0.678,0.8416551724137931,False,False,False,
Mecysteine hydrochloride,2,-0.0517664022174115,0.7015,0.8370447266703478,-0.0551499238067793,0.754,-0.093739744525447,0.791,0.791,0.899242105263158,False,False,False,
Medicated stockings,42,0.2703963477887751,0.00203,0.0134091743119266,0.1539178060395467,0.0112,-0.014222129638605,0.48,0.48,0.7150549450549449,False,True,True,5.791565145373082
Medroxyprogesterone acetate,42,0.4021511602561364,5e-05,0.0009473684210526,0.5452748572159556,0.0001,0.1348650945925264,0.111,0.111,0.4891603053435114,False,True,True,1.7960704306941861
Mefenamic acid,42,0.458109125939281,1e-05,0.0003176470588235,0.4798466896296868,0.0001,0.267119006305803,0.002,0.00305,0.205875,False,True,True,2.6654190693206363
Mefloquine hydrochloride,42,0.3615154464125519,0.00183,0.0125088607594936,0.5159177938975298,0.0001,0.1366766214890861,0.111,0.111,0.4891603053435114,False,True,True,13.422848284366173
Megestrol acetate,42,0.3158018652167419,0.00127,0.009525,0.3477203743338495,0.0004,0.0612910977345277,0.204,0.204,0.5041647597254004,False,True,True,7.602227391544144
Melatonin,42,0.2153869517143966,0.01191,0.0458566844919786,0.1956884965227157,0.0168,0.0442111180122289,0.258,0.258,0.5512166172106825,False,True,True,2.399352181101159
Meloxicam,42,0.2840550059761794,0.00156,0.0112695652173913,0.3768764894945992,0.0003,0.1584598734408774,0.059,0.059,0.4649999999999999,False,True,True,4.6020244484625294
Melperone hydrochloride,1,-0.0409794812233836,0.9525,0.9815007132667618,-0.048780487804878,1.0,-0.0332754414414833,0.537,0.537,0.7478529980657641,False,False,False,
Melphalan,31,0.1151098318365303,0.0852,0.1909045643153527,0.0107091909613265,0.329,-0.0048455516657795,0.449,0.449,0.6942304939155333,False,False,False,
Memantine hydrochloride,42,0.1938376321937834,0.01572,0.0561242975206611,0.2086984710766979,0.0104,0.1066563931444171,0.138,0.138,0.4891603053435114,False,True,False,2.43715692418227
Menadiol sodium phosphate,42,0.4266253654646139,0.00011,0.0016054054054054,0.5321828718220514,0.0002,0.048920903578195,0.23,0.23,0.5307692307692308,False,True,True,5.503472097411854
Meningococcal A + C + W135 + Y vaccine,42,-0.0005585661086893,0.3095,0.4837337192474674,-0.0092534838335018,0.3438,0.1733624069557755,0.079,0.079,0.4775879396984924,False,False,False,10.60166463687005
Meningococcal B vaccine,42,-0.1077338657986825,0.818,0.908731757451182,-0.1008349746269398,0.8075,0.1582975895261807,0.083,0.083,0.4775879396984924,False,False,False,8.008031264735923
Meningococcal C vaccine,2,-0.0194949892620029,0.1632,0.3027708154506437,-0.0393712249778454,0.5733,0.0536767324147498,0.22,0.22,0.5170837867247008,False,False,False,
Menotrophin,27,0.0205485175391025,0.01658,0.0587095081967213,0.0093036628163884,0.0456,-0.0433512752281448,0.61,0.61,0.7999999999999999,False,True,False,
Menthol,42,0.2242453922271638,0.00914,0.037893282149712,0.1988910857377973,0.018,0.0131169882370938,0.41,0.41,0.6648648648648648,False,True,True,2.2784386340779967
Mepacrine hydrochloride,42,0.166060616982268,0.02786,0.0853001414427157,0.2560347294668681,0.0049,0.0850484819112067,0.164,0.164,0.4891603053435114,False,True,False,7.053186942077138
Mepivacaine hydrochloride,36,0.0108740168305066,0.2135,0.3686124401913875,-0.008176563156987,0.3453,0.0037409187233235,0.398,0.398,0.6563899466869764,False,False,False,
Mepolizumab,2,-0.0433379695749391,0.5358,0.704828258221681,-0.0496244502851517,0.6831,0.2316018388742902,0.042,0.05597,0.4649999999999999,False,False,False,
Meprobamate,3,-0.0599869874482337,0.6149,0.7721278326554328,-0.0390096355816461,0.4122,-0.1040036279936513,0.825,0.825,0.9199793495095508,False,False,False,
Meptazinol hydrochloride,42,0.5147055036457013,0.00016,0.0020945454545454,0.4500475614171927,0.0002,0.1862061031858371,0.087,0.087,0.4775879396984924,False,True,True,19.71725589204575
Mepyramine maleate,42,0.062130826519557,0.1768,0.3214545454545455,-0.0142022893812911,0.4198,0.2117310347321728,0.058,0.058,0.4649999999999999,False,False,False,4.311826398762361
Mercaptamine,41,-0.0784466876184514,0.6934,0.8325425236242358,-0.0334467524531522,0.5041,-0.1183588257215901,0.886,0.886,0.9620349127182044,False,False,False,48.51484145280569
Mercaptamine hydrochloride,15,-0.0906621100272148,0.8545,0.9223988005997,-0.0528355342164769,0.6113,-0.1330869163093085,0.909,0.909,0.969121421520237,False,False,False,
Mercaptopurine,42,0.1608967748770203,0.03572,0.1032867469879518,0.2191151923109719,0.0108,0.05669320935908,0.227,0.227,0.5255305466237942,False,True,False,2.3384862147212684
Meropenem,31,0.3419420681063542,0.00199,0.0132515337423312,0.2969689905280238,0.0042,0.1073824219718668,0.167,0.167,0.4891603053435114,False,True,True,
Mesalazine (Systemic),42,0.2985515136385685,0.00152,0.0110174496644295,0.3412396925072331,0.0005,0.011075718599152,0.401,0.401,0.6583169067475361,False,True,True,1.6170728567149866
Mesna,16,-0.0783963665523017,0.9426,0.978383469485824,-0.0420763935844904,0.6561,-0.0267077025419613,0.519,0.519,0.739960396039604,False,False,False,
Mesuximide,1,-0.0228900503290747,0.4969,0.6699775280898876,-0.024390243902439,0.5772,0.0171343623460881,0.378,0.378,0.637875,False,False,False,
Metformin hydrochloride,42,0.4857674427175898,2e-05,0.0004595744680851,0.6008569552911741,0.0001,0.2751528350979717,0.03,0.03059,0.4649999999999999,False,True,True,1.532125859407617
Metformin hydrochloride/pioglitazone,42,0.2523659260211861,0.00495,0.0238129175946547,0.16855581610717,0.0232,0.1543143697133698,0.072,0.072,0.4775879396984924,False,True,True,5.9401772408590805
Metformin hydrochloride/rosiglitazone,1,-0.0319783197831978,0.7633,0.8769829787234042,-0.024390243902439,0.568,-0.1675989577180823,1.0,1.0,1.0,False,False,False,
Metformin hydrochloride/sitagliptin,42,0.5020088620501587,2e-05,0.0004595744680851,0.6817137382147765,0.0001,0.2418522359440572,0.038,0.04211,0.4649999999999999,False,True,True,16.121239240571306
Metformin hydrochloride/vildagliptin,42,0.2687592746285185,0.00222,0.0140431486880466,0.256193602637194,0.0027,0.2631297180825457,0.034,0.03103,0.4649999999999999,False,True,True,12.087281332988415
Methadone hydrochloride,42,0.2145992574340665,0.01148,0.0446374100719424,0.1656185272998726,0.0325,0.0570045770909507,0.264,0.264,0.553094083414161,False,True,True,2.359169957385229
Methenamine hippurate,42,0.1621656801980447,0.02031,0.0686535211267605,0.1551634613990307,0.0206,0.2631383611856753,0.032,0.03015,0.4649999999999999,False,True,False,4.679500437100547
Methocarbamol,42,0.1934909464935128,0.01735,0.0608376623376623,0.1787750800821428,0.0189,0.0932622400638081,0.137,0.137,0.4891603053435114,False,True,False,8.226938474499798
Methotrexate,42,0.4351002647317885,1e-05,0.0003176470588235,0.5812575139880831,0.0001,0.2037773905369158,0.019,0.01913,0.4649999999999999,False,True,True,2.2081357612871075
Methoxsalen,5,-0.0388470152752528,0.5302,0.6995919364691509,-0.0064574963037091,0.2315,-0.0313142232988246,0.513,0.513,0.7366887417218544,False,False,False,
Methoxy polyethylene glycol-epoetin beta,37,0.1304693547157997,0.03958,0.1106545924967658,0.062820163856286,0.1161,-0.0803626808356213,0.751,0.751,0.8820880913539968,False,True,False,185.43446850799546
Methoxyflurane,8,0.0694257535755926,0.144,0.2776868327402135,0.0316459056583153,0.2298,-0.0887954270081642,0.756,0.756,0.8836363636363637,False,False,False,
Methyl salicylate,42,0.2650596177118465,0.00713,0.0313661914460285,0.2836589279996683,0.0037,0.2455537898174178,0.051,0.051,0.4649999999999999,False,True,True,9.174152606693667
Methyl salicylate/levomenthol,38,-0.0396405497683741,0.5156,0.6900223048327137,-0.0188151943694846,0.4136,-0.0982463656488728,0.821,0.821,0.9174133471288152,False,False,False,49.24229591188307
Methylcellulose,42,-0.1186429915095124,0.9093,0.9557605839416058,-0.0964981587394082,0.8394,0.0839159297468486,0.174,0.174,0.4891603053435114,False,False,False,6.658317130318623
Methyldopa,42,0.0808473966239243,0.1282,0.2578324022346369,0.0570510523592143,0.1726,0.0676589279706335,0.19,0.19,0.4926770708283313,False,False,False,2.108060484976675
Methylnaltrexone bromide,34,-0.0652928399460018,0.6334,0.7858037865748709,0.0959068222986552,0.0983,0.0292606880781131,0.309,0.309,0.5959285714285714,False,False,False,
Methylphenidate hydrochloride,42,0.1341791794943101,0.0575,0.1445867287543655,0.0797721982495274,0.1296,-0.0257700113320781,0.534,0.534,0.7478529980657641,False,False,False,2.1259277009383064
Methylprednisolone,42,0.2694479736053745,0.00427,0.0216,0.2618179950406661,0.0035,0.030058357146163,0.318,0.318,0.6004195804195804,False,True,True,3.7068744142676353
Methylprednisolone aceponate,4,-0.1003603202138745,0.7955,0.898212232096184,-0.0210655721460093,0.4466,0.0162410040154339,0.359,0.359,0.629126213592233,False,False,False,
Methylprednisolone acetate,42,0.0852029939284469,0.1392,0.2718553345388788,0.2241336049200538,0.0088,0.0750440337705619,0.163,0.163,0.4891603053435114,False,False,False,2.72191979732118
Methylprednisolone sodium succinate,42,0.1417620538047861,0.04418,0.1201720754716981,0.1791978663556671,0.0211,0.3834825407564005,0.025,0.02528,0.4649999999999999,False,True,False,9.107929025871622
Methyltestosterone,1,-0.0197444831591172,0.3803,0.5576700610997964,2.9660766502047758e-18,0.044,-0.0910208391982724,0.79,0.79,0.899242105263158,False,False,False,
Metoclopramide hydrochloride,42,0.4524593963129759,2e-05,0.0004595744680851,0.4218354186911148,0.0004,0.0580826382585275,0.242,0.242,0.54,False,True,True,2.0811482747890135
Metolazone,42,0.110176442853475,0.0923,0.2019939209726443,0.0104387235509012,0.3268,0.0919853938993134,0.147,0.147,0.4891603053435114,False,False,False,3.331920981727607
Metoprolol tartrate,42,0.1542069657391895,0.04276,0.117359085133418,0.1478574356905625,0.0446,0.1642587240959442,0.05,0.05,0.4649999999999999,False,True,False,2.703187013507059
Metronidazole,42,0.4420345018801281,6e-05,0.0010536585365853,0.522943597699049,0.0001,0.1725014470631159,0.048,0.05849,0.4649999999999999,False,True,True,1.636840160385772
Metyrapone,41,0.0690898661412563,0.1383,0.2708322756119674,0.0700003989016293,0.1248,0.04467886458368,0.258,0.258,0.5512166172106825,False,False,False,16.986484001442697
Mexiletine hydrochloride,41,0.2571605944775894,0.00526,0.0251207048458149,0.203664031220832,0.013,0.0872885899379619,0.155,0.155,0.4891603053435114,False,True,True,11.492999699061945
Mianserin hydrochloride,41,-0.0825088360142886,0.7222,0.8529170305676856,-0.0107442784281127,0.4068,-0.0768697440709258,0.768,0.768,0.8890032154340837,False,False,False,4.93330914916966
Micafungin,1,-0.0181184668989547,0.3397,0.5163631245601689,-0.0426829268292683,0.9288,0.0448398352830346,0.263,0.263,0.552069970845481,False,False,False,
Miconazole,42,0.1413841242630228,0.0542,0.1377317647058823,0.0473854966593488,0.2091,0.1000455794514205,0.143,0.143,0.4891603053435114,False,False,False,1.4732076606199185
Miconazole nitrate,42,0.4743487294239871,2e-05,0.0004595744680851,0.469339143525821,0.0001,0.3110902363271853,0.003,0.00323,0.2114181818181818,False,True,True,2.5942980201734858
Micro-Enema - Sodium Citrate,42,0.0708236708094339,0.1542,0.2919123575810692,0.0393021977166113,0.2275,0.0423709413336059,0.283,0.283,0.5674745605920444,False,False,False,4.251835509736188
Midazolam hydrochloride,42,0.3922308113555388,9e-05,0.0013787234042553,0.4320795320570192,0.0002,0.1234058059692921,0.086,0.086,0.4775879396984924,False,True,True,1.8382002115006573
Midazolam maleate,42,0.1826662125633052,0.02265,0.0740151285930408,0.1927636655484019,0.0168,-0.1065191885782343,0.878,0.878,0.9578181818181818,False,True,False,2.360436515057797
Midodrine hydrochloride,42,0.1487635768782765,0.0504,0.1303760479041916,0.1495426547024921,0.0389,-0.0755740631545241,0.763,0.763,0.88859291084855,False,False,False,2.2425562601445157
Mifepristone/misoprostol,3,-0.0391178754352778,0.3421,0.5178558432470259,-0.021710887319959,0.3276,-0.1094962489947715,0.857,0.857,0.9454136874361592,False,False,False,
Miglustat,1,-0.0089430894308943,0.04746,0.1250692682926829,-0.0060975609756097,0.147,0.1160483841809605,0.081,0.081,0.4775879396984924,False,False,False,
Milrinone lactate,1,-0.0227932636469222,0.4778,0.6507238335435057,-0.0365853658536585,0.8793,0.1974765846810386,0.069,0.069,0.4746496815286625,False,False,False,
Minocycline hydrochloride,42,0.1724465462358617,0.02846,0.0865825352112676,0.1615208931963793,0.0308,0.1008609223969213,0.132,0.132,0.4891603053435114,False,True,False,2.3753838442313775
Minoxidil,42,0.3861894513774374,0.00017,0.0021857142857142,0.4894882005111587,0.0002,0.0696859462050053,0.201,0.201,0.5013394919168591,False,True,True,3.810419404626471
Mirabegron,42,0.3100016683261793,0.00089,0.0075685039370078,0.4334548487054767,0.0001,0.1643579848672454,0.052,0.052,0.4649999999999999,False,True,True,1.5160742100803102
Mirtazapine,42,0.2716414835003676,0.00348,0.018792,0.2947699733380067,0.0018,0.0441229433511551,0.266,0.266,0.5551304347826087,False,True,True,1.5051000364679226
Misoprostol,42,0.0439919877863335,0.2368,0.3999124315871775,0.1257361657315933,0.0651,0.0460618707583144,0.259,0.259,0.551715976331361,False,False,False,4.957033758058717
Misoprostol (Gynaecology),16,-0.0361867801902586,0.6056,0.7636287215411559,-0.0506747287317847,0.7934,-0.0530749490255214,0.662,0.662,0.8332867132867133,False,False,False,
Mitomycin,2,-0.0407198842788982,0.5424,0.7100509090909092,-0.0332673044418339,0.4054,0.2712278382247367,0.048,0.03903,0.4649999999999999,False,False,False,
Mitotane,10,-0.0298602667256665,0.3433,0.518551048951049,0.0431232908749624,0.1137,-0.0134321682295006,0.442,0.442,0.6878386167146974,False,False,False,
Mizolastine,42,0.0535676844806502,0.185,0.3332777314428691,0.0052587576021922,0.3515,-0.0148525866004435,0.481,0.481,0.7150549450549449,False,False,False,2.610461442833588
Moclobemide,42,-0.0038998489802035,0.412,0.5909163346613545,-0.0768459647735236,0.6977,0.1676920099793354,0.048,0.04898,0.4649999999999999,False,False,False,3.320488820503205
Modafinil,42,0.2673822430386653,0.00299,0.0166883720930232,0.2735267102468132,0.0028,0.0793189061345734,0.195,0.195,0.496113074204947,False,True,True,2.402864663926698
Molnupiravir,40,0.2199948197873264,0.01235,0.0474661921708185,0.0873856717054776,0.1102,-0.054523068450494,0.695,0.695,0.8544109277177006,False,True,True,117.37924649984168
Mometasone furoate,42,0.1725599646207202,0.02709,0.0837115879828326,0.1691039614917849,0.0272,0.1484750952040694,0.085,0.085,0.4775879396984924,False,True,False,1.5604921089641774
Mometasone furoate/olopatadine hydrochloride,42,-0.0854087138896653,0.7234,0.8529170305676856,-0.0528361026887548,0.5989,-0.0609768023076253,0.756,0.756,0.8836363636363637,False,False,False,4.4697075971277185
Mometasone/glycopyrronium/indacaterol,42,0.1182371154706717,0.0736,0.1724723726977248,0.1142375961789489,0.0686,-0.0324383600602919,0.492,0.492,0.720976933514247,False,False,False,28.303229767449007
Mometasone/glycoyrronium/indacaterol,27,-0.0328956612296099,0.4711,0.6444433185560482,-0.0187377197941411,0.3947,-0.0484518032574556,0.603,0.603,0.796343692870201,False,False,False,
Monobasic potassium phosphate,8,0.0156677076053293,0.2501,0.4158706697459584,0.0662762430987041,0.1287,-0.087198713893993,0.766,0.766,0.88859291084855,False,False,False,
Montelukast,42,0.2604435577714898,0.00375,0.02,0.3556620407956335,0.0002,0.0091940941611962,0.418,0.418,0.6689135254988913,False,True,True,1.5064986916657004
Morphine (Opium Tincture),5,-0.0678611838553832,0.7888,0.8945820660723649,-0.0914668376230148,0.9498,-0.1545694068249019,0.958,0.958,0.9879866730128508,False,False,False,
Morphine hydrochloride,24,-0.1306566010746823,0.8943,0.9451585127201566,-0.0992482208440294,0.8045,-0.1140276873114978,0.9,0.9,0.9647642679900744,False,False,False,
Morphine sulfate,42,0.5607723275335235,1e-05,0.0003176470588235,0.6826320765386332,0.0001,0.2135016320794483,0.027,0.03537,0.4649999999999999,False,True,True,2.5585866945291524
Morphine tartrate and cyclizine tartrate,23,-0.099880451779663,0.7915,0.8950994764397905,-0.1203473871096584,0.8784,0.1378415719483044,0.103,0.103,0.4891603053435114,False,False,False,
Moxifloxacin,42,0.3267001488625362,0.00159,0.0114099667774086,0.197244235191639,0.0145,-0.0820769349644535,0.756,0.756,0.8836363636363637,False,True,True,4.482280014978017
Moxifloxacin hydrochloride,42,0.6404000270467765,1e-05,0.0003176470588235,0.7968812716229485,0.0001,0.0560032631740492,0.25,0.25,0.5443548387096774,False,True,True,27.837756956110827
Moxisylyte hydorchloride,30,0.1245179665109817,0.0667,0.1615156950672645,0.1017024663469705,0.0896,-0.1480987799078125,0.973,0.973,0.9894915254237288,False,False,False,
Moxisylyte hydrochloride,15,-0.0164166947577148,0.3703,0.5485925925925926,-0.0075229091969826,0.3196,0.2149477134658567,0.052,0.052,0.4649999999999999,False,False,False,
Moxonidine,42,0.0137686542229918,0.3228,0.5005369705671213,-0.0116046385672299,0.4071,0.0963633639946428,0.127,0.127,0.4891603053435114,False,False,False,2.520795012332692
Mupirocin,42,0.252594138735567,0.00485,0.023647855530474,0.3506126959878241,0.0004,0.1017503501960185,0.115,0.115,0.4891603053435114,False,True,True,1.9062384658781009
Mycophenolate mofetil,42,0.3966859927281337,8e-05,0.0012342857142857,0.4394861653768205,0.0001,0.2781572651398719,0.002,0.00129,0.1386,False,True,True,3.341813159832463
Mycophenolic sodium,42,0.3211519763387911,0.00223,0.0140431486880466,0.2197853990209721,0.008,0.0881602892365994,0.158,0.158,0.4891603053435114,False,True,True,8.052595503541095
Nabilone,32,0.1205464314234124,0.0737,0.1724723726977248,0.1804166903434307,0.0215,0.2649582865343693,0.033,0.0313,0.4649999999999999,False,False,False,
Nabumetone,42,0.2576884926524441,0.00416,0.0211924528301886,0.2440223805400784,0.0045,0.03251646599294,0.3,0.3,0.5843101893597836,False,True,True,6.379467087225751
Nadolol,42,0.3142943079825829,0.00074,0.0064975609756097,0.3584582098104548,0.0001,-0.0792414906785708,0.804,0.804,0.9087598116169544,False,True,True,3.0744216666456796
Nafarelin acetate,42,0.2381906853494957,0.00783,0.0338256,0.227177426609871,0.0094,-0.0143959428340091,0.474,0.474,0.7114940931202223,False,True,True,3.8777288370984127
Naftidrofuryl oxalate,42,0.2233597561861846,0.00252,0.0150364640883977,0.1626311789986723,0.0099,-0.1333068519594467,0.929,0.929,0.9783715260848368,False,True,True,4.172959925265714
Naldemedine,42,0.0203606759036597,0.1425,0.2755595344673231,0.0174286521570369,0.1591,0.0494453703830006,0.22,0.22,0.5170837867247008,False,False,False,6.544806465566341
Nalmefene,41,0.0670996440729214,0.1443,0.2776868327402135,0.1056197396329785,0.071,-0.1125997326896466,0.891,0.891,0.9620349127182044,False,False,False,21.785207288016167
Naloxegol,42,0.0843406454407128,0.1273,0.2565,0.0364226852594748,0.2299,0.0729447841393703,0.177,0.177,0.4891603053435114,False,False,False,3.970863154935203
Naloxone hydrochloride,38,-0.1124192122651627,0.8532,0.9223491745872936,-0.0980664429189951,0.8144,0.2510854162841701,0.038,0.04162,0.4649999999999999,False,False,False,48.07089284349327
Naltrexone hydrochloride,42,-0.0357111562258417,0.524,0.6954856093080221,0.0207724847723606,0.294,0.0625946086393834,0.241,0.241,0.5399999999999999,False,False,False,4.132690608170359
Naltrexone/bupropion,22,0.1108538799071437,0.0555,0.1407042253521126,0.096786395701457,0.0667,0.0728800852259356,0.209,0.209,0.5097986577181208,False,False,False,
Nandrolone decanoate,10,0.1170948510270723,0.0743,0.1735005405405405,0.1097228951427312,0.0723,0.0269069783451614,0.295,0.295,0.5792727272727272,False,False,False,
Naphazoline hydrochloride,41,0.0830573592075758,0.1473,0.2818139946855624,0.1291837215646546,0.0619,0.1131939189960406,0.052,0.052,0.4649999999999999,False,False,False,28.22543266388175
Naproxen,42,0.2596775218396312,0.00407,0.0210820143884892,0.1927861801394197,0.018,0.0299650901536045,0.316,0.316,0.5982120946538125,False,True,True,1.3080111060944217
Naratriptan hydrochloride,42,0.0864433926959219,0.1323,0.2626544117647059,0.2139520672496071,0.0115,0.0684970968452259,0.182,0.182,0.4912731767614338,False,False,False,2.191226274460129
Nasal Products,42,0.2057928179883308,0.01509,0.0542336106489184,0.1463226915949117,0.0352,0.1854641722670935,0.059,0.059,0.4649999999999999,False,True,False,5.76445388392441
Natalizumab,3,-0.0873910912827519,0.9542,0.9815007132667618,-0.0678384079002375,0.737,-0.1011197719934256,0.808,0.808,0.909,False,False,False,
Natamycin,15,0.3036632939293401,0.00198,0.0132515337423312,0.206729918799175,0.0089,-0.0954654474009772,0.831,0.831,0.9238085434894492,False,True,True,
Nateglinide,30,0.1553635156546498,0.02513,0.0786991304347826,0.1021895590772808,0.0592,0.1502701505456492,0.093,0.093,0.4840481927710843,False,True,False,
Nebivolol,42,0.3843431096766016,0.00023,0.0027447513812154,0.1595220447854464,0.0312,0.0577941616064163,0.234,0.234,0.5348571428571429,False,True,True,3.9885353053256614
Nedocromil sodium,36,-0.010551639817159,0.3988,0.5761926421404683,0.0386525892600919,0.2107,-0.0675164617284671,0.688,0.688,0.8501601830663615,False,False,False,
Nefazodone hydrochloride,8,-0.1239950787454627,0.9188,0.9618014527845036,-0.0910847290153,0.7877,-0.0814731813192004,0.726,0.726,0.866865671641791,False,False,False,
Nefopam hydrochloride,42,0.0481211615470441,0.1836,0.3313082706766918,0.0079711970781877,0.3079,-0.0044990955170893,0.435,0.435,0.6798842257597685,False,False,False,12.322178303180142
Nelarabine,1,-0.0089430894308942,0.04746,0.1250692682926829,-0.0060975609756097,0.147,0.1160483841809574,0.081,0.081,0.4775879396984924,False,False,False,
Neomycin sulfate,42,0.4914906718240551,1e-05,0.0003176470588235,0.517074808202084,0.0001,0.2013387060214795,0.028,0.02603,0.4649999999999999,False,True,True,1.5506101835769968
Neostigmine bromide,15,-0.0601535660620605,0.7094,0.8437797356828194,-0.0207606823484304,0.4231,-0.1743884244328536,0.989,0.989,0.9973109243697478,False,False,False,
Neostigmine metilsulfate,12,-0.0498982593777823,0.554,0.7189621621621622,-0.0394677955385192,0.5097,-0.0646744477211351,0.675,0.675,0.8411059907834102,False,False,False,
Nepafenac,42,0.1330217765900151,0.0579,0.1454232558139535,0.1841914464739295,0.0235,0.0495979241866129,0.271,0.271,0.5588668555240793,False,False,False,20.96251991092948
Netilmicin (Eye),3,0.0712222949395199,0.1211,0.2467698113207547,0.0561146102055312,0.1336,-0.1279851687198097,0.898,0.898,0.9647642679900744,False,False,False,
Netilmicin/Dexamethasone,13,0.1282112212771579,0.0558,0.1412989449003517,0.1883118429995327,0.0162,-0.0704055414205349,0.676,0.676,0.8411059907834102,False,False,False,
Netupitant/palonosetron hydrochloride,13,0.0666433983693889,0.1607,0.3004567474048443,0.0864989728888058,0.1068,0.1945249074166785,0.06,0.06,0.4649999999999999,False,False,False,
Nevirapine,13,0.1337291027719143,0.0568,0.1433271028037383,0.13753438095623,0.0452,0.0894954710299189,0.168,0.168,0.4891603053435114,False,False,False,
Nicardipine hydrochloride,42,0.2259235388867146,0.01036,0.0416715083798882,0.203278991602793,0.0139,0.0426563014577732,0.292,0.292,0.5765265082266909,False,True,True,4.50472648418047
Nicorandil,42,0.2555050233243823,0.00425,0.0215492957746478,0.1213012612877857,0.0681,-0.177537676978162,0.987,0.987,0.9962242990654206,False,True,True,1.9714078288533268
Nicotinamide,42,0.4377298244651343,0.00011,0.0016054054054054,0.4960616570925497,0.0001,0.0443652887154161,0.273,0.273,0.5588668555240793,False,True,True,8.592784364633683
Nicotinates,40,0.3417107888920508,0.002,0.0132515337423312,0.4062636343697999,0.0003,0.2375264715973411,0.054,0.054,0.4649999999999999,False,True,True,114.37148736983177
Nicotine,42,0.1004179323003752,0.099,0.2102654867256637,0.0508128403980441,0.193,0.1148825766054242,0.109,0.109,0.4891603053435114,False,False,False,12.94293117377489
Nicotine bitartrate,41,0.3153026923964447,0.00164,0.0115764705882352,0.1767610141187926,0.0201,0.0125796317673483,0.366,0.366,0.6314376996805111,False,True,True,16.758078206895476
Nicotinic acid,3,-0.0270464023201441,0.4372,0.6140130039011703,-0.0366031317670939,0.5732,-0.1177729404963542,0.892,0.892,0.9620349127182044,False,False,False,
Nicotinic acid derivatives,1,-0.0211962833914053,0.4039,0.5800691489361702,-0.0304878048780488,0.8124,0.1046499832600976,0.153,0.153,0.4891603053435114,False,False,False,
Nifedipine,42,0.1553281532213132,0.03349,0.0986881309686221,0.182399572897074,0.0171,0.0126752459565583,0.382,0.382,0.6401241272304111,False,True,False,1.4564686073012625
Night Drainage Bags,42,-0.119081453447082,0.9792,0.9906660421545668,-0.1140276370602245,0.9616,0.6735788714719122,0.001,0.0001,0.054,True,False,False,9.810116335423528
Nilotinib,5,0.0717572259423302,0.1086,0.2268626692456479,0.0851197060610918,0.0792,-0.0616871780362125,0.621,0.621,0.8095111647555823,False,False,False,
Nimodipine,42,0.0125035645886771,0.2993,0.4736175824175824,0.1412050109473561,0.0336,0.1183927799037918,0.118,0.118,0.4891603053435114,False,False,False,19.73120484297226
Nintedanib,12,-0.0364647635626362,0.5076,0.6805810055865923,-0.0065587586120423,0.3493,-0.1716602449390667,0.979,0.979,0.9923228531206006,False,False,False,
Niraparib,1,-0.0246225319396051,0.5258,0.6954856093080221,-0.0304878048780487,0.8062,-0.1216967874927087,0.928,0.928,0.9777951219512196,False,False,False,
Nirmatrelvir with Ritonavir,42,0.1947254909995979,0.01838,0.0638276527331189,0.2062458235564696,0.0132,0.1070501046337871,0.094,0.094,0.4857416267942583,False,True,False,31.295387622223554
Nitazoxanide,11,-0.0815601680792832,0.7177,0.8501447368421052,-0.0513423433660413,0.581,-0.10686110112502,0.814,0.814,0.912897196261682,False,False,False,
Nitisinone,2,-0.0375378522032847,0.4239,0.6031778656126482,-0.0599775129853126,0.8514,0.1441410853653908,0.113,0.113,0.4891603053435114,False,False,False,
Nitrazepam,42,0.2706501442847156,0.00387,0.0202893203883495,0.3395118775543325,0.0005,0.0237328829362518,0.346,0.346,0.6181637717121587,False,True,True,1.9406060680424646
Nitrofurantoin,42,0.3800390205682962,0.00012,0.0017052631578947,0.3432355763992599,0.0003,0.0168053510311353,0.356,0.356,0.6266992665036675,False,True,True,1.470853673619398
Nitrous oxide,5,-0.1003457510385462,0.9667,0.9849396226415096,-0.0581828123020179,0.6199,-0.1039462671118364,0.808,0.808,0.909,False,False,False,
Nizatidine,42,0.1615135193608519,0.0342,0.1002333785617367,0.2236259261131532,0.0091,-0.0862157133644627,0.775,0.775,0.8937533368926855,False,True,False,2.873585036778179
Nonoxinol 9,42,0.1647390825950239,0.02025,0.0685579937304075,0.1595593591045688,0.0164,0.0535943567667706,0.195,0.195,0.496113074204947,False,True,False,5.239647159832607
Norethisterone,42,0.3164172208581722,0.00071,0.0064167364016736,0.3057191075655036,0.0014,0.1620282197998963,0.074,0.074,0.4775879396984924,False,True,True,1.7216624923322714
Norethisterone enantate,25,0.0898719419655548,0.1095,0.2283011583011583,0.0381888975658587,0.2194,-0.1022964146637657,0.83,0.83,0.9231719876416066,False,False,False,
Norfloxacin,8,0.0160104600889311,0.2375,0.40078125,0.1033765977653667,0.0758,-0.1223122812291424,0.9,0.9,0.9647642679900744,False,False,False,
Normal immunoglobulin (Gamma globulin),10,0.1520394154063103,0.03784,0.1079714663143989,0.0451828752475923,0.1759,-0.1085673799248224,0.825,0.825,0.9199793495095508,False,True,False,
Nortriptyline,42,0.0697901592534707,0.1625,0.3027708154506437,0.0898699708898812,0.1104,0.0133171639604161,0.405,0.405,0.6612244897959184,False,False,False,2.103490638973441
Nystatin,42,0.1407264335928977,0.0465,0.1247701863354037,0.0380830371300346,0.2363,0.0873967144007801,0.155,0.155,0.4891603053435114,False,True,False,1.275330641085066
Obeticholic acid,8,-0.0460951518269758,0.5539,0.7189621621621622,0.0158586468590799,0.2733,-0.0450793074268066,0.595,0.595,0.7918669131238447,False,False,False,
Octreotide acetate,42,-0.0806607971148953,0.7073,0.8422094818081588,-0.0896851585757607,0.7704,-0.0038937067686128,0.426,0.426,0.6746041055718475,False,False,False,5.569939818709166
Oestrogens conjugated,42,0.300178742608511,0.0021,0.0136626506024096,0.2126353904235624,0.0117,-0.0634632696870668,0.696,0.696,0.8551535836177474,False,True,True,2.0379002799957355
Oestrogens conjugated with bazedoxifene,2,-0.0728580337473226,0.9634,0.9848170212765958,-0.0669238529143972,0.8683,-0.085042857511796,0.732,0.732,0.8721014892443463,False,False,False,
Oestrogens conjugated with progestogen,42,0.1513697643706978,0.04365,0.1194562025316455,0.2476347369795477,0.0061,0.0452631022835355,0.268,0.268,0.5566153846153846,False,True,False,2.5458427029523194
Ofatumumab,1,-0.0181184668989547,0.3397,0.5163631245601689,-0.0426829268292683,0.9288,0.0448398352830346,0.263,0.263,0.552069970845481,False,False,False,
Ofloxacin,42,0.1410163159822464,0.05152,0.13248,0.2286719866770346,0.0084,-0.0775125509340914,0.758,0.758,0.8845380875202593,False,False,False,2.2247517752612933
Oils for the ear,42,-0.042115915080463,0.5336,0.7024936014625228,-0.0615463085099767,0.6416,0.0017252363433202,0.403,0.403,0.6589553368660106,False,False,False,7.434013958038785
Olanzapine,42,0.4070033043461464,8e-05,0.0012342857142857,0.6600568145810672,0.0001,0.1791989093453568,0.074,0.074,0.4775879396984924,False,True,True,1.9580753659968118
Olanzapine embonate,29,0.2468655306158138,0.01169,0.0453328545780969,0.3156878506298883,0.0023,-0.0484608247280502,0.602,0.602,0.7957894736842105,False,True,True,
Olaparib,5,-0.065697042852927,0.6978,0.8359667221297837,-0.0649632294763708,0.7003,-0.0989958525424753,0.809,0.809,0.9096512233211868,False,False,False,
Olmesartan medoxomil,42,0.2528329435998172,0.0065,0.0292499999999999,0.1376859138773852,0.0492,-0.0632621986167919,0.734,0.734,0.8725591634562466,False,True,True,6.803832868809501
Olmesartan medoxomil/amlodipine,42,0.3571936565223439,0.0009,0.0076235294117647,0.3057998843570722,0.0026,0.0701512312763982,0.206,0.206,0.5062116040955631,False,True,True,9.940733485541791
Olmesartan medoxomil/amlodipine/hydrochlorothiazide,42,0.2486032378206058,0.00101,0.0083267175572519,0.2645433645538059,0.0002,0.1997672096096618,0.052,0.052,0.4649999999999999,False,True,True,15.198935113919996
Olmesartan medoxomil/hydrochlorothiazide,42,0.3188800513694525,0.00084,0.0072867469879518,0.2511105020637156,0.0054,5.389852761308501e-05,0.408,0.408,0.6626165413533834,False,True,True,3.9078738919087614
Olodaterol,42,0.1592535435278504,0.03928,0.1106545924967658,0.1003627583627677,0.0968,-0.0168932204924774,0.483,0.483,0.7155555555555555,False,True,False,15.970363764624093
Olopatadine,42,0.6169045681506019,1e-05,0.0003176470588235,0.7937469329695698,0.0001,0.2262774470418118,0.05,0.05,0.4649999999999999,False,True,True,4.644402839330191
Olsalazine sodium,42,0.1348883233173219,0.0585,0.1460809248554913,0.100569792013462,0.0928,-0.106690889417173,0.874,0.874,0.956352583586626,False,False,False,4.253985609948587
Omalizumab,9,-0.0867576219495981,0.992,0.996707192575406,-0.0248246826055527,0.365,-0.140931298653928,0.933,0.933,0.981148977604674,False,False,False,
Omega-3-acid ethyl esters,42,0.3458351087727481,0.00069,0.0062886075949367,0.4883080808796899,0.0001,0.1547170592985895,0.046,0.06131,0.4649999999999999,False,True,True,4.332896523738844
Omeprazole,42,0.3332982467992248,0.00051,0.0050532110091743,0.26774699241972,0.0044,0.2402453993962041,0.017,0.01298,0.3882162162162162,False,True,True,1.7758871544833104
Ondansetron hydrochloride,42,-0.011383367701297,0.4248,0.6034082840236686,-0.0721181543682581,0.6842,-0.0277253126074229,0.564,0.564,0.7710379746835442,False,False,False,1.6658900980670825
Opicapone,42,0.2907877784480805,0.00262,0.0154622950819672,0.2763560305482528,0.0042,-0.0188895710806708,0.487,0.487,0.7185245901639344,False,True,True,4.2424162547751285
Opium and morphine,41,0.0404213235636241,0.214,0.3686124401913875,-0.0841556482903836,0.7672,-0.0713562056367566,0.744,0.744,0.8762486368593239,False,False,False,7.573077286716172
Oral Film Forming Agents,42,0.2066923388228376,0.01423,0.0520962711864406,0.1882794572725181,0.0181,-0.0050424506252077,0.443,0.443,0.6879079798705967,False,True,False,4.245983533503778
Oral rehydration salts,42,0.310100632209761,0.00312,0.0173244215938303,0.3220724108601586,0.0013,0.2860528816699391,0.043,0.04069,0.4649999999999999,False,True,True,2.9575497060290585
Orlistat,42,0.2520575183137722,0.0049,0.0237793721973094,0.2803031910820138,0.0022,0.3105782741100532,0.001,0.00497,0.25008,False,True,True,2.2433953248898817
Orphenadrine hydrochloride,42,0.4065573421677357,0.0001,0.0015211267605633,0.4705682947790464,0.0001,0.1419589055275874,0.076,0.076,0.4775879396984924,False,True,True,5.106935571826209
Oseltamivir phosphate,42,0.1786527672201597,0.02375,0.0756637168141592,0.100355535540047,0.0893,0.1742081776208309,0.065,0.065,0.4664451827242525,False,True,False,5.531753200003367
Osimertinib,6,-0.0696999668781323,0.7245,0.8537479541734861,0.0197041540180152,0.2101,-0.0599220507523608,0.637,0.637,0.8224267782426778,False,False,False,
Ospemifene,42,0.1746898717983865,0.02821,0.085943018335684,0.2126290768950685,0.0136,0.0875683755840756,0.165,0.165,0.4891603053435114,False,True,False,14.87554334170356
Other Appliances,42,0.3512636548469056,0.00047,0.0048342857142857,0.2329901738220481,0.0077,0.192438635271087,0.071,0.071,0.4775879396984924,True,True,True,1.3935045577467906
Other HIV infection preparations,32,-0.0179355927637581,0.4034,0.5800691489361702,0.0054712394091619,0.307,0.0276740758018299,0.302,0.302,0.5860916442048517,False,False,False,
Other acid preparations,24,-0.1040244370316524,0.7941,0.8975698587127159,-0.0855680600952768,0.7434,-0.0884250255423839,0.82,0.82,0.9167701863354036,False,False,False,
Other alcohol and saline preparations,16,0.1744973983966137,0.03285,0.0972887671232876,0.1616521123040318,0.0375,0.0195186801473918,0.314,0.314,0.5970422535211267,False,True,False,
"Other alcohol, wine and spirit preparations",2,-0.0576328304882738,0.7991,0.8989875,0.0705847236578525,0.1011,-0.0789737805632171,0.73,0.73,0.8701986754966887,False,False,False,
Other amino acidandnutritional agent preparations,42,-0.0354349471122944,0.573,0.7332227488151658,-0.0325136644222355,0.5314,0.0627020339242904,0.192,0.192,0.4947343565525384,False,False,False,9.03945237961329
Other anti-inflammatory preparations,1,-0.0369918699186991,0.8822,0.9402603550295858,-0.0121951219512195,0.2875,-0.1168820932693015,0.912,0.912,0.9694488188976378,False,False,False,
Other antiperspirant preparations,14,-0.0380849473850568,0.4696,0.6436142131979695,-0.0536103689692948,0.5687,0.2058432489735597,0.082,0.082,0.4775879396984924,False,False,False,
Other antiviral preparations,16,-0.0769034374544224,0.7462,0.8702980561555075,-0.0939805346116526,0.8615,0.0539015916535409,0.244,0.244,0.5411088295687885,False,False,False,
Other aromatic inhalation preparations,11,-0.0757638300943901,0.7337,0.8616559956592512,0.0154894137026587,0.2214,0.048664675437885,0.247,0.247,0.5427466937945066,False,False,False,
Other aural preparations,1,-0.0256387921022067,0.5431,0.7101065375302663,-0.0121951219512195,0.2843,-0.0722949126616457,0.71,0.71,0.8601233875490746,False,False,False,
Other barrier preparations,42,0.2363330979389088,0.00888,0.0371720930232558,0.2407642774867632,0.0078,0.1062216944593405,0.145,0.145,0.4891603053435114,False,True,True,3.139768101843133
Other base/diluent/suspending agent/stabiliser preparations,42,0.1829657209468702,0.02357,0.075616,0.1782924173123704,0.0231,-0.0002486480365241,0.422,0.422,0.67171702284451,False,True,False,1.9199562486628199
Other bisphosphonate and other preparations,25,0.0540601439275018,0.1948,0.3448918032786885,0.0692890835280857,0.1408,-0.0436717460713956,0.616,0.616,0.8059115687462144,False,False,False,
Other bitter and tonic preparations,1,-0.0321138211382113,0.7898,0.8945820660723649,-0.0182926829268292,0.3369,-0.1397462835310202,0.96,0.96,0.9879866730128508,False,False,False,
Other calcium supplement preparations,42,0.1492047040627435,0.04478,0.1212090225563909,0.179945953148084,0.0239,0.3206851897036327,0.004,0.00423,0.22842,False,True,False,3.8661103341809158
Other camouflage preparations,42,0.2948073941989542,0.00227,0.0140896551724137,0.2292442855256362,0.0081,0.219252054896581,0.056,0.056,0.4649999999999999,False,True,True,4.414870922222609
Other chromium preparations,2,-0.0565174190154799,0.9554,0.9815007132667618,-0.0676397722956475,0.9943,-0.0609707242370771,0.658,0.658,0.8306721215663354,False,False,False,
"Other colour, flavour and sweetening preparations",23,-0.0053071918752833,0.1629,0.3027708154506437,-0.0461697105464582,0.5531,-0.0842446509432091,0.766,0.766,0.88859291084855,False,False,False,
Other compound vitamin/mineral formulation preparations,42,0.2008981925987601,0.01401,0.0516778156996587,0.1969030915988853,0.014,-0.0439910539675184,0.577,0.577,0.7755569383945239,False,True,False,7.591181570236325
Other concentrated water preparations,42,0.3602288652094902,0.00031,0.0034515463917525,0.418108395275261,0.0001,0.0413588029873324,0.286,0.286,0.5698892988929889,False,True,True,9.472711442766942
Other cordial/soft drink preparations,36,0.1023148252304659,0.1006,0.213035294117647,0.2348631577965858,0.0075,0.0283969897951503,0.332,0.332,0.6092778249787596,False,False,False,
Other digestive aid preparations,42,0.3000517599766266,0.00272,0.0158361185983827,0.4911043069872103,0.0001,0.0469725962079888,0.261,0.261,0.552069970845481,False,True,True,5.885984093786212
"Other disinfectant,preservative and sterilising preparations",7,-0.0045132960953419,0.267,0.4355891238670695,0.0177273754225885,0.1485,-0.0289096364338899,0.514,0.514,0.7366887417218544,False,False,False,
Other dusting powder preparations,2,-0.0277540233733239,0.4685,0.6431969504447268,-0.0476321855577509,0.8897,0.1178387566949395,0.1,0.1,0.4891603053435114,False,False,False,
Other eczema preparations,35,0.0610588216173147,0.1705,0.3134297872340426,0.0414054064231742,0.222,0.0125933604803547,0.369,0.369,0.6320697858842188,False,False,False,
Other emollient preparations,42,0.2382728732548631,0.00601,0.0276204255319148,0.2210429199846611,0.0083,0.2435626764860496,0.035,0.03427,0.4649999999999999,False,True,True,2.587432424537585
Other enzyme preparations 0911020,42,0.1865309564858726,0.02263,0.0740151285930408,0.1663812681460832,0.0304,0.1815000521685965,0.064,0.064,0.4664451827242525,False,True,False,3.5361649173019676
Other expectorantand demulcent cough preparations,33,0.0969028468732774,0.01929,0.0661371428571428,0.0365486342118162,0.0855,0.1130160151811208,0.107,0.107,0.4891603053435114,False,True,False,
Other eye tear/lubricant/astringent preparations,42,0.1524132657960033,0.0378,0.1079714663143989,0.1362497317565686,0.0457,0.078195274019059,0.193,0.193,0.4947343565525384,False,True,False,3.2005803740069303
Other food for special diet preparations,42,0.0317679002206764,0.1149,0.2370229007633587,-0.0011221073578859,0.2954,0.0806044648077417,0.157,0.157,0.4891603053435114,False,False,False,2.7005969266042396
Other food preparations,42,0.0235565064189988,0.2765,0.4480420105026256,0.106913864411732,0.0766,-0.1837730092101159,0.99,0.99,0.9978534764349044,False,False,False,2.3746629494351996
Other health supplement preparations,42,0.0309080578485923,0.1306,0.26071719038817,-0.0001882553058369,0.1938,-0.090209071941157,0.779,0.779,0.8945454545454546,False,False,False,12.290000529468763
Other homeopathic preparations,42,0.0016874750426769,0.3425,0.5178558432470259,-0.0177259431022573,0.4248,0.0050140479085811,0.397,0.397,0.6555963302752295,False,False,False,12.068586476161203
Other household and over the counter preparations,10,-0.0218478249190403,0.306,0.4806981818181818,-0.0493713824241435,0.5672,0.0467521021358942,0.251,0.251,0.544864864864865,False,False,False,
Other individually formulated bought in preparations,42,0.3141494695004828,0.00162,0.011543606557377,0.3611990365606384,0.0004,0.1670535766794812,0.075,0.075,0.4775879396984924,False,True,True,1.8549109694726127
Other intravenous nutrition preparations,7,0.0446026266154845,0.1817,0.3292550335570469,0.0403915999075736,0.1886,-0.1013692480299104,0.791,0.791,0.899242105263158,False,False,False,
Other lozenge and spray preparations,32,-0.0233446855605513,0.46,0.634888178913738,0.0280223308393862,0.2509,-0.0116490556874852,0.466,0.466,0.7068539325842697,False,False,False,
Other magnesium preparations,40,0.3215688640981345,0.0018,0.0123428571428571,0.484726333344774,0.0002,0.1798587822387581,0.083,0.083,0.4775879396984924,False,True,True,207.39870058708203
Other mineral formulation preparations,30,-0.0453169408328188,0.5507,0.71571119133574,0.0310149947023214,0.2171,-0.1329463680787524,0.912,0.912,0.9694488188976378,False,False,False,
Other minor cut and abrasion preparations,5,-0.0175356818089933,0.2978,0.4726289493019838,-0.0364394648102977,0.7652,0.0123333444919146,0.377,0.377,0.637875,False,False,False,
Other miscellaneous topical preparations,41,-0.0419033315782269,0.5503,0.7156219145093318,0.0024174425445802,0.3532,0.096145386468345,0.157,0.157,0.4891603053435114,False,False,False,13.047970674377176
"Other mouth wash, gargle and dentifrice preparations",42,0.2320804446588399,0.00854,0.0362404715127701,0.3277116305154482,0.001,0.0819947736897307,0.162,0.162,0.4891603053435114,False,True,True,19.119208138211196
Other multivitamin preparations,42,0.2297641270405385,0.00894,0.0372787644787644,0.3611635008052293,0.0004,0.1390283513937283,0.061,0.061,0.4649999999999999,False,True,True,3.507970970052107
Other nasal infection preparations,3,-0.0127344523976076,0.2962,0.4711281296023564,0.0098529054731577,0.2606,0.1154162459346784,0.147,0.147,0.4891603053435114,False,False,False,
Other neuromuscularar transmisson preparations,10,0.0052097249436848,0.2646,0.4323265306122448,0.0463454475424884,0.1595,-0.2236129711639692,0.997,0.997,1.0,False,False,False,
Other non-opioid analgesic preparations,33,0.1317352315823786,0.0581,0.14575,0.1177663110173943,0.0684,0.037013451444471,0.288,0.288,0.5721723189734189,False,False,False,
Other oil preparations,42,0.2071619466534252,0.00955,0.0391423149905123,0.1193465098669877,0.0444,0.1059372713861258,0.134,0.134,0.4891603053435114,False,True,True,11.014677271925805
Other oral iron preparations,42,-0.0630030180073278,0.6307,0.7846302472685451,-0.0687643821670527,0.6638,-0.080449609995094,0.79,0.79,0.899242105263158,False,False,False,6.490713516950737
Other oral ulceration and inflammation preparations,3,-0.05293428974504,0.6415,0.7917942857142857,-0.0737737009621153,0.8841,0.0427385439924831,0.239,0.239,0.539435736677116,False,False,False,
Other osmotic laxative preparations,42,-0.0363236775694457,0.4696,0.6436142131979695,-0.0475231750773155,0.6761,-0.0781148600064424,0.721,0.721,0.8652,False,False,False,27.340239103009257
Other otitis external preparations,38,0.1558875052194794,0.03417,0.1002333785617367,0.2090791702717361,0.01,0.207557118912731,0.058,0.058,0.4649999999999999,False,True,False,20.86804145462955
Other pancreatin preparations,1,-0.0337688734030197,0.8322,0.9106997468354432,-0.024390243902439,0.5656,0.0842211470407205,0.169,0.169,0.4891603053435114,False,False,False,
Other pantothenic acid preparations,1,-0.0409794812233836,0.9525,0.9815007132667618,-0.048780487804878,1.0,-0.0332754414414833,0.537,0.537,0.7478529980657641,False,False,False,
Other phosphate supplement preparations,42,0.3314509936133979,0.00086,0.0074303999999999,0.2108027883672699,0.0119,0.0669069077825484,0.217,0.217,0.5167805953693495,False,True,True,2.852976910671898
Other preparations,42,0.2307329764013295,0.00873,0.0366151456310679,0.3159208265402151,0.0008,0.0607313893273058,0.212,0.212,0.5099331848552338,False,True,True,4.967946505102958
Other preparations for biliary disorders,7,-0.0268698971144479,0.5563,0.7208206358728254,-0.0179357086349767,0.3791,-0.1433033272526368,0.955,0.955,0.9879866730128508,False,False,False,
Other psoriasis preparations,42,0.1773667453461422,0.02372,0.0756637168141592,0.1550635496212577,0.0308,0.1287504690604286,0.103,0.103,0.4891603053435114,False,True,False,2.707366048479386
Other purified water preparations,42,0.1122452655241017,0.00256,0.0152330578512396,0.0859977213866357,0.0024,0.1992003078559573,0.054,0.054,0.4649999999999999,False,True,True,9.565812050476199
Other rubefacient and topical antirheumatic preparations,3,-0.0820906938467499,0.8536,0.9223491745872936,-0.0429612055632682,0.4376,-0.0303323376539213,0.501,0.501,0.7277471418964359,False,False,False,
Other screening and monitoring agent preparations,12,-0.0393459094973258,0.906,0.953176241480039,-0.0061520938934265,0.0867,-0.0130039553197297,0.378,0.378,0.637875,False,False,False,
Other selenium preparations,42,0.1424850026168584,0.01699,0.0599647058823529,0.2075287534288838,0.0023,0.0610012296585221,0.207,0.207,0.5080909090909091,False,True,False,5.840141119189558
Other shampoo and scalp preparations,14,0.0494514259506364,0.1825,0.3304274937133277,0.051502089390255,0.1706,-0.0694013564651769,0.689,0.689,0.8501996577296063,False,False,False,
Other single substance preparations,42,0.1645823226490819,0.0236,0.075616,0.2549324532706325,0.0031,0.1261485873194181,0.112,0.112,0.4891603053435114,False,True,False,9.686210628396767
Other soothing haemorrhoidal preparations,42,0.0932791878916542,0.1051,0.2212631578947368,0.1037304692490899,0.0824,0.1514720399353047,0.085,0.085,0.4775879396984924,False,False,False,14.89762880793357
Other stimulant laxative preparations,2,-0.0812883899125898,1.0,1.0,-0.059484328193609,0.7946,0.296050913365727,0.055,0.055,0.4649999999999999,False,False,False,
Other sunscreening preparations,42,0.2615665764755838,0.00543,0.0254973913043478,0.252280733902339,0.0052,0.2888156827357459,0.019,0.0158,0.4161951219512195,False,True,True,3.294642679976603
Other test for helicobacter pylori preparations,42,-0.0521903964831131,0.6089,0.7668944606413993,-0.0457261847299296,0.5712,-0.0234051355334926,0.491,0.491,0.720976933514247,False,False,False,126.48338288642809
Other tincture preparations,24,0.0322149736465784,0.2497,0.4155254237288135,0.2042497192112268,0.0135,0.0322298662822816,0.267,0.267,0.5561427193828351,False,False,False,
Other toiletry preparations,42,0.1653523801728477,0.03261,0.0968880330123796,0.1416993754573041,0.0443,0.1522401464031649,0.09,0.09,0.48,False,True,False,3.2665660089407536
Other topical anaesthetic and antipruritic preparations,29,-0.0739797996872025,0.6767,0.8202424242424242,-0.0793228717424838,0.715,0.0087282815931224,0.397,0.397,0.6555963302752295,False,False,False,
Other topical circulatory preparations,14,-0.0968403715399211,0.8349,0.9117209302325582,-0.0972815259950612,0.8456,0.0135200833941506,0.342,0.342,0.6145757071547421,False,False,False,
Other topical corticosteroid preparations,30,0.2811124667169503,0.00097,0.0080275862068965,0.3482331482204719,0.0001,0.0354676086386945,0.289,0.289,0.5721723189734189,False,True,True,
Other topical nasal decongestant preparations,42,-0.0789068647464615,0.7234,0.8529170305676856,-0.0273987523815282,0.4763,-0.1188869229386234,0.909,0.909,0.969121421520237,False,False,False,3.6444967958660253
Other treatment of dry mouth preparations,42,-0.0702396716682248,0.7572,0.8769715817694369,-0.0040565932621237,0.3263,-0.0311994910760345,0.515,0.515,0.7366887417218544,False,False,False,3.1171384966387534
Other urological pain preparations,23,0.0958398654346834,0.095,0.2058174523570712,0.0669763842880573,0.1282,-0.0937356121704442,0.798,0.798,0.9038699528054536,False,False,False,
Other vaginal/vulva changes preparations,14,0.1192074735380469,0.00693,0.0307367556468172,0.046115729980692,0.0655,-0.105702596729896,0.828,0.828,0.9218969072164948,False,True,True,
Other vehicle and emulsifying agent preparations,2,0.1516082645392427,0.02768,0.0850480796586059,0.1258972842966715,0.058,0.0352033895579726,0.252,0.252,0.544864864864865,False,True,False,
Other vitamin A preparations 0906011,42,0.20677271974994,0.01542,0.0553275747508305,0.0528588694236215,0.1951,-0.048042742456355,0.658,0.658,0.8306721215663354,False,True,False,11.44529709282589
Other vitamin B compound preparations,33,0.2916925989603794,0.00387,0.0202893203883495,0.5476440986860466,0.0001,0.0707829482783394,0.192,0.192,0.4947343565525384,False,True,True,
Other vitamin B preparations,42,0.1224805968692027,0.0719,0.170476399560922,0.0322018867298391,0.2567,-0.024355010668764,0.539,0.539,0.7491329479768787,False,False,False,9.08464877390925
Other vitamin C (Ascorbic acid) preparations,18,0.0663680157218351,0.1608,0.3004567474048443,0.0400905260816818,0.2114,0.1531607009442216,0.088,0.088,0.4775879396984924,False,False,False,
Other vitamin C preparations,1,-0.0276713124274099,0.6195,0.7748233931673423,-0.0121951219512194,0.2912,-0.0838262042173649,0.765,0.765,0.88859291084855,False,False,False,
Other vitamin D preparations,9,0.2524403694592456,0.00868,0.0364762645914396,0.2398541633946465,0.0079,0.155207371363884,0.091,0.091,0.4817647058823529,False,True,True,
Other x-ray contrast media preparations,33,0.1325352361750969,0.0522,0.1339097387173397,0.0769908323002365,0.1228,-0.0906938535424045,0.79,0.79,0.899242105263158,False,False,False,
Other zinc preparations,40,0.1034789489281192,0.0915,0.200446247464503,0.1739684826658173,0.0232,-0.1092814330864562,0.875,0.875,0.9564777327935222,False,False,False,71.40631897830316
Oxandrolone,14,0.0180844362649134,0.2577,0.4249099236641221,0.0480506422134246,0.1582,0.0092110551930245,0.367,0.367,0.6320697858842188,False,False,False,
Oxazepam,42,0.1903138743273642,0.01348,0.0502013793103448,-0.0244568287364878,0.4643,-0.1190797325939139,0.893,0.893,0.9620349127182044,False,True,False,3.6034474878065392
Oxcarbazepine,42,0.5994465473039791,1e-05,0.0003176470588235,0.8192479740186973,0.0001,0.1893139605252392,0.044,0.04959,0.4649999999999999,False,True,True,2.911519570227767
Oxitriptan,11,0.0670224149542587,0.0884,0.1964444444444444,0.051048840525639,0.1005,0.0728726357204203,0.21,0.21,0.5097986577181208,False,False,False,
Oxprenolol hydrochloride,1,-0.0319783197831977,0.7633,0.8769829787234042,-0.0243902439024389,0.568,-0.1675989577180827,1.0,1.0,1.0,False,False,False,
Oxybuprocaine hydrochloride,39,0.0310983827896626,0.225,0.3832807570977918,0.1115784621614832,0.0671,-0.1140073427020702,0.865,0.865,0.950356052899288,False,False,False,27.39968995623506
Oxybutynin,42,0.2928407736215342,0.00167,0.011636129032258,0.2445482983402954,0.0054,0.1172673758974229,0.125,0.125,0.4891603053435114,False,True,True,1.4812345484592022
Oxybutynin hydrochloride,4,0.0050373353019066,0.1661,0.3073561643835616,-0.0158205457364529,0.2634,-0.1348251594677125,0.911,0.911,0.9694488188976378,False,False,False,
Oxycodone hydrochloride,42,0.3223721844850536,0.00092,0.0077322957198443,0.2988797470164766,0.0022,0.0679669064726102,0.21,0.21,0.5097986577181208,False,True,True,2.6671972548954224
Oxycodone hydrochloride/naloxone hydrochloride,42,0.0040894885328915,0.3717,0.5494555403556771,-0.073034277269966,0.6888,0.0180895851823977,0.353,0.353,0.6234505314799672,False,False,False,4.2806065019906345
Oxymetazoline hydrochloride,9,0.1011610218074219,0.0902,0.1986055045871559,0.0920409107230339,0.0935,-0.0118252258069668,0.442,0.442,0.6878386167146974,False,False,False,
Oxymetholone,2,-0.0641228820262036,0.8709,0.9326105054509416,-0.0407160944558277,0.4523,-0.0441206870198033,0.561,0.561,0.7674224192526917,False,False,False,
Oxytetracycline,42,0.352874807892795,0.00019,0.0023586206896551,0.3350058022552639,0.0003,0.2838755778454596,0.027,0.02627,0.4649999999999999,False,True,True,2.143873841169734
Oxytocin,1,-0.0089430894308943,0.04746,0.1250692682926829,-0.0060975609756097,0.147,0.1160483841809588,0.081,0.081,0.4775879396984924,False,False,False,
Ozanimod,1,-0.0319783197831977,0.7633,0.8769829787234042,-0.0243902439024389,0.568,-0.1675989577180827,1.0,1.0,1.0,False,False,False,
Padimate O,1,-0.0415214866434378,0.9763,0.9894683544303796,-0.0304878048780487,0.8085,0.6477741137314688,0.024,0.0237,0.4649999999999999,False,False,False,
Palbociclib,3,0.0189380597204655,0.1916,0.3411838417147568,0.016229555571933,0.1978,-0.1250434975917972,0.906,0.906,0.9678338278931752,False,False,False,
Paliperidone,42,-0.0196093172009999,0.4533,0.6264414587332053,0.0165669545873531,0.3013,-0.0142965261904764,0.489,0.489,0.7195095367847412,False,False,False,38.64296562383781
Pamidronate disodium,4,-0.024496141841911,0.3036,0.4779708454810495,-0.0184144949364604,0.3156,-0.0479037974719396,0.6,0.6,0.7946045370938075,False,False,False,
Pancreatin,42,0.3212609953064216,0.00092,0.0077322957198443,0.3146090861554488,0.0006,0.0597476597266573,0.214,0.214,0.5124611973392461,False,True,True,1.4185623095685964
Pantoprazole,42,0.1777255422054995,0.01564,0.0560238805970149,0.1569227351407643,0.0233,-0.0842325646456355,0.786,0.786,0.8978106821787414,False,True,False,2.3252841376560633
Pantothenic acid (Calcium pantothenate),1,-0.0409794812233836,0.9525,0.9815007132667618,-0.048780487804878,1.0,-0.0332754414414831,0.537,0.537,0.7478529980657641,False,False,False,
Papaveretum,1,-0.0369918699186992,0.8822,0.9402603550295858,-0.0121951219512195,0.2875,-0.1168820932693023,0.912,0.912,0.9694488188976378,False,False,False,
Papaverine hydrochloride,4,0.0143760602631936,0.136,0.268029197080292,-0.0223783738265816,0.3821,-0.1223228687548401,0.888,0.888,0.9620349127182044,False,False,False,
Paracetamol,42,0.4957975653215812,1e-05,0.0003176470588235,0.5326183030935921,0.0001,0.1756697932080642,0.06,0.06,0.4649999999999999,False,True,True,1.6783396516991325
Paracetamol and caffeine,34,-0.0847874075099374,0.7184,0.8502706849315069,-0.0258907623159921,0.4749,-0.1240237546753729,0.961,0.961,0.9879866730128508,False,False,False,
Paracetamol and ibuprofen,40,-0.1081021722856888,0.826,0.9106997468354432,-0.0651585945624457,0.6544,-0.1196120514538369,0.911,0.911,0.9694488188976378,False,False,False,40.28180341703946
Paracetamol and phenylephrine hydrochloride,22,0.0332985273691126,0.2594,0.4267357197258188,-0.0596123365961023,0.628,0.0062068744691699,0.402,0.402,0.6583169067475361,False,False,False,
Paracetamol combined preparations,42,-0.0812188420478272,0.7089,0.8436495867768594,-0.1140323597834571,0.8435,0.0167566252683904,0.349,0.349,0.6204444444444444,False,False,False,4.175881478468135
Paraffin hard,18,-0.0104508342966526,0.3415,0.517642105263158,-0.0125807327187761,0.364,-0.0655506326988979,0.7,0.7,0.8566985915492957,False,False,False,
Paraffin soft white,42,0.2680940378235386,0.00429,0.0216504672897196,0.2257518859626286,0.0065,0.2558621722870063,0.038,0.03418,0.4649999999999999,False,True,True,4.96658823149571
Paraffin soft yellow,42,0.0700803299587858,0.1554,0.2931563318777292,0.1102791483894968,0.0747,0.1069799359969366,0.137,0.137,0.4891603053435114,False,False,False,4.377978000663661
Paraldehyde,42,0.4193798885488466,2e-05,0.0004595744680851,0.3401187454700871,0.0006,-0.0432520367208173,0.626,0.626,0.8135740072202167,False,True,True,17.99411659286657
Parecoxib sodium,36,0.1098281819455868,0.0807,0.1829087093389296,0.2097254003067478,0.0115,-0.077769999206531,0.752,0.752,0.8827826086956522,False,False,False,
Paricalcitol,39,0.1496395450827222,0.0354,0.1026362416107382,0.2120453003426443,0.0087,0.4857606308528406,0.01,0.01264,0.3845408450704225,False,True,False,103.63119341032767
Paromomycin sulfate,28,-0.0445528931489874,0.5416,0.7098640776699029,0.0154809501475515,0.2144,0.0213716587356711,0.33,0.33,0.6081911262798635,False,False,False,
Paroxetine hydrochloride,42,-0.0805284600288381,0.7018,0.8370447266703478,-0.035158522863156,0.528,-0.1132021363745245,0.903,0.903,0.9660624071322436,False,False,False,1.4149282562595913
Patiromer calcium,38,0.1033264242951881,0.0755,0.1751538461538461,0.0381586444834719,0.1687,0.0347316214114368,0.268,0.268,0.5566153846153846,False,False,False,382.6846571795461
"Pdr 2.4 kcal/ml m/sk lower volume, higher protein (0913011)",42,-0.1352476460128243,0.8936,0.9451585127201566,-0.1134212531099617,0.8464,0.0736511247127181,0.194,0.194,0.4947343565525384,False,False,False,6.160593665994794
Pdr 3.7 kcal/g energy and higher protein fortifier (0913141),41,-0.0475620047502581,0.9517,0.9815007132667618,-0.0372511085710008,0.7766,0.0870918604979341,0.149,0.149,0.4891603053435114,False,False,False,10.246605305930578
Pdr 3.8 - 4.9 kcal/g energy (carbohyd) fortifier (0913142),42,-0.0215789834533191,0.4011,0.5783551401869159,-0.0194153510481049,0.3869,0.079548952624983,0.164,0.164,0.4891603053435114,False,False,False,3.2899486734420407
Pdr disc or non ACBS energy and protein fortifier (0913391),24,-0.0256949188561747,0.5582,0.7221974865350089,-0.0212557863004506,0.3925,0.0834375976889282,0.156,0.156,0.4891603053435114,False,False,False,
Pdr disc/non ACBS Protein SfI metabolic cond (inf) (091357),4,-0.030397588912234,0.4157,0.5949298013245032,-0.0381557809279621,0.4646,0.0366010502771572,0.284,0.284,0.5674745605920444,False,False,False,
Pdr disc/non ACBS protein SfI metabolic condition (0913442),1,-0.0181184668989547,0.3397,0.5163631245601689,-0.0426829268292682,0.9288,0.0448398352830352,0.263,0.263,0.552069970845481,False,False,False,
Pdr disc/non ACBS protein SfI metabolic condition (0913445),30,-0.036394815057246,0.7875,0.8945820660723649,-0.0260364109220946,0.474,0.0796216354908823,0.165,0.165,0.4891603053435114,False,False,False,
Pdr disc/non ACBS protein SfI metabolic condition (0913447),2,-0.0345685051068646,0.8276,0.9106997468354432,-0.0254184732124119,0.5746,0.0848539805283964,0.15,0.15,0.4891603053435114,False,False,False,
Pdr disc/non ACBS single L-amino acid supplement (0913445),30,-0.0812627581772312,0.7008,0.8370447266703478,-0.0580385232405619,0.6138,0.1749585372448271,0.09,0.09,0.48,False,False,False,
Peak Flow Meters,42,0.5362528585246722,1e-05,0.0003176470588235,0.5455497417110968,0.0001,0.0607599216125368,0.219,0.219,0.5170837867247008,False,True,True,1.830360856884017
Pegfilgrastim,2,-0.0558444868754839,0.8591,0.9254529147982062,-0.0254649580391993,0.2947,-0.0298614973239861,0.496,0.496,0.724871447902571,False,False,False,
Peginterferon alpha,18,-0.1214317021928414,0.8857,0.940566371681416,-0.1794638447744501,0.989,0.099110882016362,0.163,0.163,0.4891603053435114,False,False,False,
Peginterferon beta,2,-0.0709544862583964,0.9606,0.9842960151802658,-0.0530325553728034,0.6788,-0.1689405159034801,0.974,0.974,0.9900423529411764,False,False,False,
Pelvic Toning Devices,42,0.0101857830383109,0.3047,0.4790043668122271,-0.0164545203709889,0.4137,-0.0424714755013683,0.575,0.575,0.7755569383945239,False,False,False,11.500800533668134
Penciclovir,32,-0.0539407686722828,0.6341,0.7858037865748709,-0.0896334903860056,0.8477,-0.0820205604082855,0.745,0.745,0.8764705882352941,False,False,False,
Penicillamine,42,-0.0436819332130313,0.5587,0.7221974865350089,-0.0224547345837716,0.4587,-0.0467063041598673,0.62,0.62,0.8095111647555823,False,False,False,3.5280946554872474
Pentamidine isetionate,4,0.0456322215103736,0.0999,0.2119685658153241,0.039519841667722,0.1063,-0.0704632250105205,0.704,0.704,0.8566985915492957,False,False,False,
Pentazocine hydrochloride,40,-0.0199192829268303,0.4631,0.6371312101910829,-0.0291321411642455,0.4938,0.1818352568694789,0.044,0.05334,0.4649999999999999,False,False,False,30.249404777050113
Pentosan polysulfate sodium,42,-0.0284156588660956,0.4802,0.653168765743073,-0.0355585188522472,0.5073,-0.0552967215090544,0.644,0.644,0.8260332541567695,False,False,False,8.432226925300144
Pentoxifylline,42,0.1045165070386712,0.0927,0.202663967611336,0.1732322627776153,0.0243,-0.0231685645195853,0.479,0.479,0.7150241879751209,False,False,False,4.330684912892818
Peppermint oil,42,0.3517511678940036,0.00031,0.0034515463917525,0.2784547498400123,0.0035,0.2406764612831342,0.026,0.02502,0.4649999999999999,False,True,True,1.64858512175675
Perampanel,42,0.3144979719760904,0.00108,0.0086721189591078,0.2230677243083174,0.0086,0.0383621553451481,0.278,0.278,0.5643609022556391,False,True,True,2.756745840343072
Pergolide mesilate,1,-0.0152439024390243,0.2887,0.4610554323725055,-0.0121951219512194,0.2855,-0.1106415005073104,0.894,0.894,0.962152466367713,False,False,False,
Pericyazine,42,-0.0043695521764238,0.01149,0.0446374100719424,0.0011072205079495,0.0157,0.0313825483728526,0.275,0.275,0.5598491988689915,False,False,False,10.338394516806835
Perindopril arginine,42,-0.0004534269505335,0.3724,0.5498181818181819,-0.0006067917193263,0.3561,0.0145239083512311,0.327,0.327,0.6055384615384616,False,False,False,3.318854516990912
Perindopril arginine with diuretic,42,0.0322679069513122,0.2518,0.418053804765565,0.0147021040274113,0.2992,0.0261642396020058,0.31,0.31,0.5967914438502674,False,False,False,3.9898754572491266
Perindopril erbumine,42,0.1192489304977401,0.0718,0.1704263736263736,0.1576633951842877,0.0321,0.0581189579811497,0.211,0.211,0.5097986577181208,False,False,False,4.983058894391648
Perindopril erbumine with diuretic,3,-0.039203927220422,0.3729,0.5501803278688525,-0.0383337762830991,0.4103,-0.1287752004969259,0.925,0.925,0.9777951219512196,False,False,False,
Perindopril tosilate,3,0.0423180325245102,0.1662,0.3073561643835616,-0.0247327340354579,0.3498,-0.0704205913992879,0.683,0.683,0.8459174311926607,False,False,False,
Perindopril tosilate/indapamide,2,-0.0220032943473448,0.4197,0.5983841584158416,-0.0315623383387019,0.7783,0.1026973371375792,0.149,0.149,0.4891603053435114,False,False,False,
Perindopril with calcium channel blocker,31,0.1595152772513657,0.01735,0.0608376623376623,0.1292485583937035,0.03,0.2054515403891599,0.052,0.052,0.4649999999999999,False,True,False,
Permethrin,42,0.3842033997877409,0.00016,0.0020945454545454,0.2929029798985773,0.0021,0.1433283587179802,0.086,0.086,0.4775879396984924,False,True,True,2.1534231849412167
Perphenazine,27,-0.0951252693591643,0.7806,0.8888223510806537,-0.030829224398418,0.4896,-0.0281479168294322,0.502,0.502,0.7287096774193548,False,False,False,
Pethidine hydrochloride,42,0.1539008939115822,0.04098,0.114052442159383,0.1320919306681211,0.0554,-0.0987103176846126,0.886,0.886,0.9620349127182044,False,True,False,4.798929195900926
Phased formulations of ethinylestradiol,42,0.0529627578683029,0.1862,0.33516,0.0467669001116325,0.1878,0.1021627305655801,0.158,0.158,0.4891603053435114,False,False,False,1.9060187627486225
Phenazone/lidocaine,42,0.3950283138007862,8e-05,0.0012342857142857,0.3612195971461207,0.0004,0.1363566799860453,0.087,0.087,0.4775879396984924,False,True,True,2.3026735788917447
Phenelzine sulfate,42,0.17066762153185,0.03079,0.09237,0.1629344975880222,0.0326,0.2614897000594797,0.016,0.01111,0.3678171428571428,False,True,False,6.416218207480269
Phenindione,37,0.024340669064748,0.2888,0.4610554323725055,-0.1045489660978521,0.8191,-0.0154126833501142,0.482,0.482,0.7150549450549449,False,False,False,843.5622338778871
Phenobarbital,42,0.0382527956126865,0.2487,0.4145,0.073987693164211,0.1474,0.0368700640928128,0.303,0.303,0.5869775784753364,False,False,False,1.7099263125515338
Phenobarbital sodium,41,0.0817029292769984,0.1418,0.2748914798206278,0.0737396704314631,0.1449,-0.0885364570241156,0.827,0.827,0.9212583806085612,False,False,False,7.023605733105499
Phenol,40,0.0169521304606294,0.3067,0.4810980392156863,-0.0316725395733947,0.4965,0.0279986438657946,0.314,0.314,0.5970422535211267,False,False,False,80.84100483213003
Phenothrin,1,-0.0409794812233836,0.9525,0.9815007132667618,-0.048780487804878,1.0,-0.0332754414414833,0.537,0.537,0.7478529980657641,False,False,False,
Phenoxybenzamine hydrochloride,40,0.1559460621525699,0.03825,0.1087105263157894,0.1451198167993604,0.044,-0.0007597882220722,0.415,0.415,0.6684563758389261,False,True,False,35.28904287719253
Phenoxymethylpenicillin (Penicillin V),42,0.3466471898312134,0.00034,0.0036904522613065,0.3221634037903486,0.001,0.0279405639906749,0.299,0.299,0.5828880866425992,False,True,True,1.459131990256804
Phenprocoumon,2,-0.019919353358146,0.1567,0.2948362369337979,-0.0322531520290323,0.4147,-0.0358771692630158,0.544,0.544,0.7527482383087766,False,False,False,
Phentolamine/aviptadil,42,0.284334966811713,0.0023,0.0142349570200573,0.2279721426863487,0.0079,0.1100129271445462,0.132,0.132,0.4891603053435114,False,True,True,5.8994953703530895
Phenylbutazone,20,0.1737825711964591,0.02792,0.0853001414427157,0.1709550104407886,0.0252,0.1337096548231315,0.119,0.119,0.4891603053435114,False,True,False,
Phenylephrine hydrochloride,41,0.1131897583621245,0.0812,0.1838490566037735,0.1221957225222849,0.0683,0.0426054072850668,0.278,0.278,0.5643609022556391,False,False,False,22.77022874880867
Phenylephrine hydrochloride and tropicamide,3,0.1297374670221026,0.0677,0.1632053571428571,0.2217205110343446,0.0073,-0.0658154387504395,0.654,0.654,0.829988249118684,False,False,False,
Phenytoin,42,0.2541827363539172,0.00457,0.0226379862700228,0.275017838649035,0.0026,0.0391092793953482,0.324,0.324,0.6036113499570077,False,True,True,2.4031811699165253
Phenytoin sodium,42,0.131840483063793,0.0627,0.1535510204081633,0.1391669254278184,0.0482,0.0578710598045704,0.237,0.237,0.5382965299684542,False,False,False,1.6143629699998692
Pholcodine,42,0.2262869488142198,0.00632,0.0286188679245283,0.1518947471383665,0.022,0.1896025979352323,0.061,0.061,0.4649999999999999,False,True,True,4.519069634785728
Phosphates,38,0.0820378309402266,0.1313,0.2611491712707182,0.0123315167815041,0.3132,-0.051065594474186,0.654,0.654,0.829988249118684,False,False,False,10.890331560048429
Phosphates (Rectal),42,0.0126521333285438,0.3358,0.5147821149751597,0.1024831999981381,0.0913,0.1227537378057825,0.061,0.061,0.4649999999999999,False,False,False,2.393248844452169
Physical Debridement Device,42,0.333006970893093,0.00234,0.0143796033994334,0.3581165287010577,0.0009,0.0461093291073071,0.281,0.281,0.5667226890756303,False,True,True,17.227936441601624
Phytomenadione,42,0.2540205993143737,0.00494,0.0238129175946547,0.3462373070579786,0.0005,-0.0066841386064873,0.492,0.492,0.720976933514247,False,True,True,3.922069020224557
Pilocarpine hydrochloride,42,-0.0653537218099188,0.6648,0.8131189127972819,0.0470716376392638,0.1817,0.0315050178533505,0.312,0.312,0.5970422535211267,False,False,False,1.8121385567816892
Pilocarpine nitrate,42,0.0046737519525502,0.3213,0.4985689655172413,0.041611834479881,0.1961,0.0203207955278926,0.36,0.36,0.629126213592233,False,False,False,11.570780535229133
Pimecrolimus,42,0.4372361873837538,5e-05,0.0009473684210526,0.5083082791792597,0.0001,0.0430964761629192,0.26,0.26,0.552069970845481,False,True,True,3.2532667320426443
Pimozide,42,0.1341549557772625,0.04877,0.1276887272727272,0.1259003024580565,0.0503,0.0493125210979061,0.249,0.249,0.5438220424671386,False,True,False,6.7733778097908655
Pindolol,8,0.0088670938595208,0.1386,0.2711739130434782,0.0177575674400504,0.1193,-0.0434239279650126,0.571,0.571,0.7755569383945239,False,False,False,
Pioglitazone hydrochloride,42,-0.0484855714684832,0.5721,0.7332227488151658,-0.0794331896645409,0.7079,0.0088159326879823,0.382,0.382,0.6401241272304111,False,False,False,2.8578766905091455
Piperacillin sodium/tazobactam sodium,17,-0.0343208905566359,0.5725,0.7332227488151658,-0.0251950497706881,0.4019,-0.1142010774700041,0.875,0.875,0.9564777327935222,False,False,False,
Pipotiazine palmitate,1,-0.0260743321718931,0.5636,0.7259248658318426,-0.024390243902439,0.5728,0.0177814718926703,0.369,0.369,0.6320697858842188,False,False,False,
Piracetam,42,0.1453139633178022,0.04369,0.1194562025316455,0.1948010563423786,0.0151,0.0061939185181337,0.375,0.375,0.6377952755905512,False,True,False,6.708984479242191
Pirenzepine,42,0.1583739712115539,0.0387,0.1097007874015748,0.1723626319382292,0.0271,0.1161287591918599,0.139,0.139,0.4891603053435114,False,True,False,16.56845637257223
Pirfenidone,21,-0.115318638395914,0.9144,0.9592540067994172,-0.0990988372612934,0.865,-0.0173253882321367,0.454,0.454,0.6979644128113879,False,False,False,
Piroxicam,42,0.1564062503046144,0.03917,0.1105976470588235,0.2495158716984439,0.0069,0.0585896633891745,0.212,0.212,0.5099331848552338,False,True,False,6.7306458413853605
Pitolisant hydrochloride,33,0.0867955797251936,0.0507,0.1308387096774193,0.1240994194485811,0.0153,-0.0043322659018275,0.432,0.432,0.677155297532656,False,False,False,
Pivmecillinam hydrochloride,42,0.234410850381925,0.00298,0.0166756476683937,0.1740885451358495,0.0107,0.2643601997104606,0.031,0.03011,0.4649999999999999,False,True,True,5.517507035740567
Pizotifen malate,42,0.3556946822087727,0.00036,0.003849504950495,0.426398086155093,0.0002,0.1285258759270673,0.062,0.062,0.4649999999999999,False,True,True,2.0477120786776988
Pneumococcal,42,0.4723117942058616,1e-05,0.0003176470588235,0.5766720612375915,0.0001,0.0467956650471825,0.274,0.274,0.5588668555240793,False,True,True,2.031400384817379
Podophyllotoxin,42,0.2176759072418644,0.01092,0.0429639344262295,0.2134548608738954,0.0083,0.0641030168626689,0.205,0.205,0.5054794520547945,False,True,True,3.7677048070547783
Podophyllum resin,3,-0.0641860096869303,0.8499,0.9201924812030076,-0.026051008288869,0.3601,-0.1268903834870114,0.893,0.893,0.9620349127182044,False,False,False,
Policosanol,1,-0.015040650406504,0.2382,0.4013354134165366,-0.0365853658536585,0.8783,-0.0425478281105699,0.672,0.672,0.8395141700404858,False,False,False,
Polihexanide,22,-0.0169349137871634,0.4166,0.595536730641959,-0.0451542492553444,0.5621,-0.0323303676727227,0.54,0.54,0.7491329479768787,False,False,False,
Pollen allergy preparations,1,-0.0224545102593883,0.445,0.6198865979381444,-0.024390243902439,0.5698,0.029118154001614,0.325,0.325,0.6036113499570077,False,False,False,
Polymyxins,8,-0.0328870517173787,0.4675,0.6423664122137405,-0.0373111070761235,0.5498,-0.1583572379171538,0.966,0.966,0.9894915254237288,False,False,False,
Polyvinyl alcohol,19,0.1737931042804547,0.0315,0.0939779005524862,0.1456256972400246,0.0452,-0.0148209586044771,0.476,0.476,0.713009708737864,False,True,False,
Ponatinib,1,-0.0224545102593883,0.445,0.6198865979381444,-0.024390243902439,0.5698,0.029118154001614,0.325,0.325,0.6036113499570077,False,False,False,
Posaconazole,42,0.262012400101086,0.00458,0.0226379862700228,0.2949106106193553,0.0015,0.0598916707966295,0.189,0.189,0.4924487334137515,False,True,True,11.32552835069684
Potassium bicarbonate,27,0.0187099592295712,0.1932,0.3431842105263158,0.0090606111311278,0.2181,-0.1234005211440428,0.896,0.896,0.9638247011952192,False,False,False,
Potassium chloride,42,0.243319724230744,0.00528,0.0251207048458149,0.2889236513410642,0.0018,0.0328909739788509,0.286,0.286,0.5698892988929889,False,True,True,1.5772132131816108
Potassium citrate,42,0.2542518445706259,0.00698,0.0308950819672131,0.2515911335904599,0.0053,0.0812316886400912,0.165,0.165,0.4891603053435114,False,True,True,3.153627073846895
Potassium iodide,1,-0.0260743321718931,0.5636,0.7259248658318426,-0.024390243902439,0.5728,0.0177814718926703,0.369,0.369,0.6320697858842188,False,False,False,
Potassium permanganate,42,0.4231846204062899,8e-05,0.0012342857142857,0.3708281950341179,0.0001,0.0874065907221342,0.114,0.114,0.4891603053435114,False,True,True,3.2853677724199453
Povidone iodine,32,-0.0408776835099446,0.48,0.653168765743073,-0.0323773195516707,0.4363,-0.0143022089391706,0.464,0.464,0.7058028169014084,False,False,False,
Powder 1 - 2.2 kcal/ml soup (0913011),42,0.1834434051177235,0.02207,0.0730364471669219,0.2220102003212349,0.0087,0.0610820691042333,0.208,0.208,0.5093877551020408,False,True,False,5.772076943111807
Powder 1 kcal/g peptide based formula (0913091),34,-0.0543825080741236,0.8279,0.9106997468354432,-0.0294062497710702,0.5039,0.0850413006655642,0.155,0.155,0.4891603053435114,False,False,False,
Powder 1.3 kcal/ml milkshake pre-thickened (0913051),28,0.0193694588302766,0.2887,0.4610554323725055,0.0483801693348934,0.1912,-0.0464253878100959,0.626,0.626,0.8135740072202167,False,False,False,
Powder 1.3 kcal/ml milkshake pre-thickened (0913671),29,0.0407509160252738,0.2068,0.3613980582524272,0.1130231608728306,0.0654,0.0312622066655627,0.306,0.306,0.5911985688729875,False,False,False,
Powder 1.4 - 1.6 kcal/ml milkshake with fibre (0913011),42,-0.0638991426855279,0.6442,0.7937661152310325,0.0978247338769795,0.1052,-0.0782603613926067,0.805,0.805,0.909,False,False,False,5.631214429645473
Powder 1.4 kcal/ml milkshake (0913021),42,0.2770607652260837,0.00276,0.0159127659574468,0.3869060786081095,0.0002,0.2450363504290808,0.028,0.03153,0.4649999999999999,False,True,True,5.013938051734406
Powder 1.5 kcal/ml smoothie (0913011),42,-0.1145259641815174,0.8249,0.9106997468354432,-0.0186028096721601,0.4472,0.0530922142068621,0.243,0.243,0.5405561277033986,False,False,False,3.267423957356241
Powder 1.5 kcal/ml smoothie plant based (0913011),42,-0.130808006131039,0.872,0.9328974739970284,-0.0798113450648163,0.7141,-0.011290230371637,0.496,0.496,0.724871447902571,False,False,False,3.3105184338608744
Powder 1.6 kcal/ml milkshake (0913011),42,-0.0141565625259968,0.4365,0.6134287573194535,0.0471950388583286,0.206,0.1280642965444656,0.113,0.113,0.4891603053435114,False,False,False,2.901486164715106
Powder 1.6 kcal/ml milkshake with fibre (0913011),42,-0.0364283541108935,0.5183,0.6919208899876391,0.0631289909136771,0.1556,-0.0783579747279478,0.782,0.782,0.8960848806366049,False,False,False,6.798911328899877
Powder 1.7 kcal/ml milkshake pre-thickened (0913051),38,-0.1061332820173197,0.8246,0.9106997468354432,-0.0799638430368468,0.7292,-0.1595503946773782,0.973,0.973,0.9894915254237288,False,False,False,72.00075232571378
Powder 1.7 kcal/ml milkshake pre-thickened (0913671),41,-0.1022599890341669,0.7886,0.8945820660723649,-0.0742168729335058,0.703,-0.0638381960523209,0.725,0.725,0.8666297731045932,False,False,False,63.94040272691574
Powder 10g GMP protein equivalent (0913205),15,-0.0417710186204765,0.8249,0.9106997468354432,-0.0277616118102104,0.4453,0.0642659020451375,0.192,0.192,0.4947343565525384,False,False,False,
Powder 10g GMP protein equivalent (0913206),6,-0.0379144018378841,0.8695,0.9323910669975186,-0.0283403942407499,0.6165,0.082342779190597,0.158,0.158,0.4891603053435114,False,False,False,
Powder 10g protein equivalent (0913205),21,-0.0273713497623852,0.5811,0.740516814159292,-0.0367145943230395,0.7511,0.0710108890922299,0.17,0.17,0.4891603053435114,False,False,False,
Powder 10g protein equivalent (0913221),31,-0.0587214085167631,0.9657,0.9848498583569404,-0.0441601400007944,0.7799,0.0695960342519104,0.18,0.18,0.4911557788944723,False,False,False,
Powder 10g protein equivalent (0913222),9,-0.0410570539340218,0.8841,0.9404667651403248,-0.0292598082376242,0.5436,0.0754215811384756,0.169,0.169,0.4891603053435114,False,False,False,
Powder 10g protein equivalent (0913225),14,-0.0378756346684115,0.876,0.9353237765694512,-0.0278400368682903,0.6189,0.0790192001309358,0.169,0.169,0.4891603053435114,False,False,False,
Powder 10g protein equivalent (0913226),33,-0.0441712181805111,0.8828,0.9402603550295858,-0.0312238182302927,0.5557,0.0764122059164095,0.172,0.172,0.4891603053435114,False,False,False,
Powder 10g protein equivalent (0913227),8,-0.0077095272759728,0.168,0.3098889837745516,0.0101405658961352,0.0902,0.0870186931854013,0.155,0.155,0.4891603053435114,False,False,False,
Powder 15g GMP protein equivalent (0913205),20,0.0059030879970638,0.0626,0.1534801362088536,0.0100803893509666,0.0487,-0.084458165990216,0.748,0.748,0.8795209580838323,False,False,False,
Powder 15g protein equivalent (0913201),7,-0.0019577485578755,0.03959,0.1106545924967658,0.006717321851711,0.0153,-0.0746799613085078,0.709,0.709,0.8598764738910724,False,False,False,
Powder 15g protein equivalent (0913204),7,0.1184658710924374,0.0535,0.1364344746162928,0.0717675939093772,0.1036,-0.0724202357943831,0.722,0.722,0.8659189339255969,False,False,False,
Powder 15g protein equivalent (0913205),23,-0.0315725507245453,0.5943,0.7535296187683285,-0.0206948303087472,0.424,-0.0516349303962676,0.664,0.664,0.8338604651162791,False,False,False,
Powder 15g protein equivalent (0913206),3,0.104326787695551,0.0596,0.1478025258323765,0.070458577743809,0.0759,-0.1196387694289579,0.902,0.902,0.9654707631318138,False,False,False,
"Powder 2 kcal/ml m/sk higher volume, higher energy (0913011)",42,0.1706995158731939,0.02777,0.085203409090909,0.1688055617061733,0.0251,0.1080029357981535,0.131,0.131,0.4891603053435114,False,True,False,3.009335278160035
Powder 2.3 - 2.4 kcal/ml milkshake lower volume (0913011),42,0.1167395831229177,0.0754,0.1751225806451612,0.1963310233053497,0.0164,-0.0107085164021452,0.468,0.468,0.7083952347582342,False,False,False,5.213488803948664
Powder 2.6 kcal/g dessert style (milk based) (0913011),42,0.0159567640594359,0.3175,0.4948051948051947,0.0636011424520457,0.1709,-0.056924120017967,0.709,0.709,0.8598764738910724,False,False,False,12.430806834527244
Powder 2.6 kcal/ml dessert style (milk based) (0913011),42,-0.0134437519448645,0.4289,0.6062984293193717,0.0194200669509865,0.2908,0.0043773166421928,0.43,0.43,0.6769679300291545,False,False,False,18.402139662532402
Powder 2.7 kcal/ml milkshake pre-thickened (0913051),4,-0.0457044901903072,0.6123,0.7702783925451369,-0.0518767764662647,0.6772,-0.0785937000726923,0.755,0.755,0.8836363636363637,False,False,False,
Powder 2.7 kcal/ml milkshake pre-thickened (0913671),1,-0.0319783197831977,0.7633,0.8769829787234042,-0.0243902439024389,0.568,-0.1675989577180827,1.0,1.0,1.0,False,False,False,
Powder 20g GMP protein equivalent (0913205),41,0.0329946712752422,0.0743,0.1735005405405405,0.030580718729901,0.0786,-0.0888660676135998,0.778,0.778,0.8945454545454546,False,False,False,15.162484336252797
Powder 20g protein equivalent (0913201),17,-0.0592483451457392,0.9392,0.975323076923077,-0.0343938371423682,0.5043,0.0641125775526591,0.202,0.202,0.5020943613348677,False,False,False,
Powder 20g protein equivalent (0913204),9,-0.0617258041811249,0.7179,0.8501447368421052,-0.0364268404832206,0.4117,0.0454928709784008,0.272,0.272,0.5588668555240793,False,False,False,
Powder 20g protein equivalent (0913205),40,-0.0623800910881761,0.9643,0.9848170212765958,-0.0426720972387142,0.6344,0.0641721721238695,0.2,0.2,0.5005793742757821,False,False,False,68.35444474095216
Powder 20g protein equivalent (0913206),8,-0.0447139692543937,0.841,0.9142224458983392,-0.029102873272015,0.4698,0.0738302820276935,0.182,0.182,0.4912731767614338,False,False,False,
Powder 25g protein equivalent per 100g (0913207),13,-0.0520303994774058,0.6669,0.8138440677966102,-0.0427537152261822,0.5888,0.0775909465039856,0.178,0.178,0.4891603053435114,False,False,False,
Powder 28g protein equivalent per 100g (0913223),2,-0.0341889740727354,0.8175,0.908731757451182,-0.0246901928204313,0.3915,0.0852621296659473,0.144,0.144,0.4891603053435114,False,False,False,
Powder 3.7 kcal/g energy and protein fortifier (0913081),42,0.3391082450066549,0.00246,0.0148840336134453,0.3623176095207015,0.0007,0.0327702009040436,0.283,0.283,0.5674745605920444,False,True,True,64.20053815765165
Powder 39g protein equivalent per 100g (0913201),2,-0.0399131622076264,0.8259,0.9106997468354432,-0.0327706852799327,0.6194,0.0887528700725273,0.149,0.149,0.4891603053435114,False,False,False,
Powder 39g protein equivalent per 100g (0913204),3,-0.0367110329845545,0.8512,0.921138276553106,-0.0268907619758071,0.5096,0.0787900392050156,0.171,0.171,0.4891603053435114,False,False,False,
Powder 39g protein equivalent per 100g (0913205),27,-0.0524617284989312,0.8933,0.9451585127201566,-0.0420082700125684,0.7613,0.0983192351280685,0.144,0.144,0.4891603053435114,False,False,False,
Powder 3:1 formula (0913181),41,-0.0275397872573659,0.6167,0.7735609756097561,-0.0171608526398664,0.2966,0.0862737092697945,0.147,0.147,0.4891603053435114,False,False,False,10.764130853998727
Powder 4.4 kcal/g amino acid based ONS with MCT (0913061),15,-0.0627808047309969,0.7198,0.8509950738916257,-0.0283643303303245,0.4188,0.0547364778150814,0.24,0.24,0.5394380853277836,False,False,False,
Powder 4.4 kcal/g juice style (0913061),42,-0.0669822828249155,0.9665,0.9849396226415096,-0.0415963568943894,0.6635,0.0786578601827883,0.167,0.167,0.4891603053435114,False,False,False,6.322043084279702
Powder 4.6 kcal/g peptide based formula (0913091),33,-0.058423495992885,0.8481,0.918704112337011,-0.034420001227557,0.541,0.0769451299174343,0.169,0.169,0.4891603053435114,False,False,False,
Powder 4.7 kcal/g formula (0913093),21,0.6017601010705917,1e-05,0.0003176470588235,0.6981833726881485,0.0001,0.1661791496100579,0.059,0.059,0.4649999999999999,False,True,True,
Powder 4.8 kcal/g milk replacer (0913081),3,-0.065035863092517,0.8678,0.9323910669975186,-0.0359103995638693,0.3955,0.0756745416936453,0.198,0.198,0.499626168224299,False,False,False,
Powder 4:1 formula (0913181),40,-0.0322222165407504,0.7591,0.8769829787234042,-0.024336194690062,0.4427,0.0850774036473644,0.147,0.147,0.4891603053435114,False,False,False,12.145778076073416
Powder 5 kcal/g formula (0913092),21,-0.0567716031598035,0.9195,0.9618014527845036,-0.042227714408054,0.7212,0.0604793235420698,0.19,0.19,0.4926770708283313,False,False,False,
Powder 5 kcal/g formula (0913093),21,0.2806023484426594,0.00448,0.0223999999999999,0.4852666617857668,0.0001,0.0226442081440448,0.314,0.314,0.5970422535211267,False,True,True,
"Powder 5 kcal/g high energy, low protein formula (0913094)",35,-0.0422900703288053,0.8111,0.9068198757763976,-0.023487890933637,0.431,0.0766187703197299,0.17,0.17,0.4891603053435114,False,False,False,
Powder 5 kcal/g milkshake (0913062),42,0.3663725256021196,0.00033,0.0036367346938775,0.5562493082404305,0.0001,0.0211932279652959,0.363,0.363,0.6292776886035313,False,True,True,8.681421929515038
Powder 5g protein equivalent (0913203),6,-0.0438824890665012,0.5548,0.7193085234093637,-0.066223096245239,0.8417,-0.0687410988354157,0.702,0.702,0.8566985915492957,False,False,False,
Powder 5g protein equivalent (0913204),15,-0.0276281498802977,0.5628,0.7259248658318426,-0.0114364893433341,0.2287,-0.0823730208507825,0.738,0.738,0.8744267690619857,False,False,False,
Powder 5g protein equivalent (0913207),25,0.0388387825695486,0.0621,0.1529486887115165,0.0621296898550399,0.0227,-0.090711696231731,0.782,0.782,0.8960848806366049,False,False,False,
Powder 5g protein equivalent (0913209),21,-0.053821735041926,0.6754,0.8195865168539326,-0.038261256570432,0.5179,-0.0383654284876176,0.567,0.567,0.7731818181818181,False,False,False,
Powder 5g protein equivalent (0913221),14,-0.0474229769091699,0.8323,0.9106997468354432,-0.0289147201512214,0.49,-0.0522159336801893,0.646,0.646,0.8271250740960285,False,False,False,
Powder 5g protein equivalent (0913222),5,-0.0246118527755382,0.5168,0.6903450834879407,-0.0117528317587095,0.1841,-0.0733848151190041,0.703,0.703,0.8566985915492957,False,False,False,
Powder 5g protein equivalent (0913224),6,-0.0430547804552816,0.8899,0.9427091711623344,-0.0346373358484059,0.6998,0.0786322983840798,0.161,0.161,0.4891603053435114,False,False,False,
Powder 5g protein equivalent (0913225),8,-0.017142999596194,0.2802,0.4509925484351714,-0.0031725994647842,0.0775,-0.0735413451427638,0.703,0.703,0.8566985915492957,False,False,False,
Powder 5g protein equivalent (0913226),29,-0.0544767916581025,0.8713,0.9326105054509416,-0.0361796734387671,0.4662,0.0569437072926807,0.219,0.219,0.5170837867247008,False,False,False,
Powder 5g protein equivalent (0913227),2,-0.0318964792528569,0.5542,0.7189621621621622,-0.0228603167863676,0.38,-0.0640602627131498,0.694,0.694,0.8536674259681093,False,False,False,
Powder 6.7 kcal/g energy and protein fortifier (0913141),42,0.1440820527846101,0.0444,0.1204396486825595,0.0764032925405471,0.127,0.0268449622379697,0.326,0.326,0.6049484536082474,False,True,False,7.329676482048248
Powder 77g protein equivalent per 100g (0913202),3,-0.0341976875620228,0.8248,0.9106997468354432,-0.0246750208912381,0.4129,0.0838625258523217,0.16,0.16,0.4891603053435114,False,False,False,
Powder 77g protein equivalent per 100g (0913203),1,-0.0089430894308942,0.04746,0.1250692682926829,-0.0060975609756097,0.147,0.1160483841809588,0.081,0.081,0.4775879396984924,False,False,False,
Powder 77g protein equivalent per 100g (0913204),3,-0.0445309602820909,0.869,0.9323910669975186,-0.031684956344939,0.5251,0.0635260792896463,0.193,0.193,0.4947343565525384,False,False,False,
Powder 77g protein equivalent per 100g (0913206),3,-0.0418343465938357,0.6035,0.7614252336448599,-0.0376724209892917,0.5227,0.0807404160760778,0.176,0.176,0.4891603053435114,False,False,False,
Powder 79g protein equivalent per 100g (0913205),6,-0.0354107224754862,0.8312,0.9106997468354432,-0.0259896993893811,0.4582,0.1034886989600131,0.137,0.137,0.4891603053435114,False,False,False,
Powder OTC ONS (0913311),42,0.2711479333586224,0.00079,0.0068806451612903,0.2661605127244422,0.0001,0.1277263701402614,0.095,0.095,0.4862559241706161,False,True,True,31.887110226128247
Powder OTC follow on formula (0913511),37,0.0940766016314974,0.097,0.2086852589641434,0.0551314774618678,0.1697,0.0602910067757796,0.214,0.214,0.5124611973392461,False,False,False,177.8142362984883
Powder OTC infant formulae (0913501),33,-0.1042367412955004,0.7857,0.8936872037914692,-0.1340457422174736,0.8901,-0.0064132105555117,0.464,0.464,0.7058028169014084,False,False,False,
Powder OTC milkshake meal replacer (0913521),1,-0.0409794812233837,0.9525,0.9815007132667618,-0.048780487804878,1.0,-0.0332754414414832,0.537,0.537,0.7478529980657641,False,False,False,
Powder OTC or discontinued soup (0913311),42,0.0945339873219858,0.00187,0.0127419558359621,0.0651144534537028,0.0044,0.1084488283283527,0.104,0.104,0.4891603053435114,False,True,True,21.11223283595976
Powder amino acid formula (0913107),42,0.1043803128108452,0.0985,0.2098224852071006,0.0427347692190124,0.2297,-0.0386261902191042,0.656,0.656,0.8305744431418524,False,False,False,2.2789716820174175
Powder amino acid formula (0913131),42,-0.0147855841954656,0.239,0.4020560747663551,-0.0247761207980359,0.4195,0.0792329801263224,0.17,0.17,0.4891603053435114,False,False,False,3.664143222425138
Powder amino acid semi solid  (0913131),40,-0.0037423332182977,0.3637,0.540668960770819,0.0201366799130482,0.248,0.0319582666128056,0.288,0.288,0.5721723189734189,False,False,False,10.025240503329881
Powder carbohydrate supplement (0913191),3,-0.0031816392031352,0.1633,0.3027708154506437,-0.0171788540751793,0.2905,-0.0578807925205038,0.648,0.648,0.8277232406859847,False,False,False,
Powder carbohydrate supplement (0913193),42,0.2193181095741626,0.01135,0.0444130434782608,0.2384948592135012,0.0069,-0.0105292707390145,0.505,0.505,0.7301204819277108,False,True,True,8.982805318939572
Powder delisted probiotic (0913531),42,0.2526418818189018,0.00541,0.0254588235294117,0.3041323925763061,0.0021,0.1073675429233369,0.103,0.103,0.4891603053435114,False,True,True,5.65573992607852
Powder disc or non ACBS carbohydrate supplement (091344),13,-0.0060888159752238,0.3257,0.502867762687634,0.0059681443366482,0.2694,0.0071535489341233,0.36,0.36,0.629126213592233,False,False,False,
Powder disc or non ACBS infant formula (0913444),6,-0.0542711744937623,0.8877,0.9419764243614932,-0.0337378106706801,0.4815,0.0602897679177728,0.203,0.203,0.5028440366972478,False,False,False,
Powder disc or non ACBS lactose free formula (0913352),42,0.2193010900110895,0.01277,0.0485525483304042,0.3896665161441517,0.0003,-0.0235749233636089,0.52,0.52,0.7404087013843111,False,True,True,5.270963459715127
Powder disc or non ACBS pre-thickened formula (0913356),42,0.2352121607022076,0.00925,0.0381297709923664,0.3937440217826075,0.0002,0.0778748877957041,0.166,0.166,0.4891603053435114,False,True,True,11.722156867359928
Powder disc or non ACBS thickener - gum based (0913411),26,0.3289455373030872,0.00287,0.0163136842105263,0.2793611720020756,0.0037,-0.0747314832003075,0.739,0.739,0.8746520547945206,False,True,True,
Powder disc or non ACBS thickener - starch based (0913411),36,0.0432240203313192,0.2382,0.4013354134165366,-0.0406906376525076,0.5354,0.1200880034032309,0.118,0.118,0.4891603053435114,False,False,False,
Powder discontinued amino acid formula (0913355),11,-0.0654840166227196,0.636,0.7863537492844876,-0.07879705151807,0.7138,6.514205019232933e-05,0.417,0.417,0.6689135254988913,False,False,False,
Powder discontinued amino acid formula (0913361),18,-0.0350102767351842,0.7911,0.8950994764397905,-0.0319646272780167,0.682,0.0866988343931637,0.149,0.149,0.4891603053435114,False,False,False,
Powder discontinued extensively hydrolysed formula (0913351),18,-0.0212209793828117,0.4349,0.611578125,-0.0426828511744067,0.5542,-0.0524600750789447,0.642,0.642,0.8244470868014269,False,False,False,
Powder energy (carbohydrate and fat) fortifier (0913211),30,-0.0320683732473023,0.3869,0.5635225893459205,-0.0032260372664144,0.2747,0.01452004230307,0.355,0.355,0.6259591836734694,False,False,False,
Powder energy (carbohydrate) fortifier (0913211),42,-0.0072142056310199,0.3467,0.5222259414225942,0.0354912924622972,0.17,0.0627004438681168,0.202,0.202,0.5020943613348677,False,False,False,4.635101749595744
Powder essential fatty acid supplement (0913212),36,-0.0784103801905032,0.9029,0.9521288433382138,-0.0374143708843514,0.5169,0.043844011215676,0.261,0.261,0.552069970845481,False,False,False,
Powder extensively hydrolysed formula (0913101),42,0.2150532530110047,0.01085,0.0428446069469835,0.1210147567232423,0.0654,0.1047222645776856,0.124,0.124,0.4891603053435114,False,True,True,1.8638956227950314
Powder extensively hydrolysed formula (0913132),42,0.0838756149327907,0.1245,0.2515622076707203,0.1441008467752051,0.0425,-0.0284606101230966,0.543,0.543,0.7518461538461539,False,False,False,3.047647470804023
Powder extensively hydrolysed formula rice based (0913101),38,0.2987123332906357,0.00259,0.0153692307692307,0.2334205194182554,0.0068,0.052304221421993,0.232,0.232,0.5319745222929937,False,True,True,26.30724568683855
Powder extensively hydrolysed formula with MCT (0913102),42,0.1598488254224102,0.01052,0.0419247232472324,0.1590851427124883,0.0096,0.1099901396852199,0.115,0.115,0.4891603053435114,False,True,True,4.619928241006551
Powder fibre fortifier (0913151),42,-0.0309840038725858,0.5213,0.6950666666666667,-0.0555128753468524,0.7955,0.0631286013551451,0.194,0.194,0.4947343565525384,False,False,False,7.715987078787322
Powder flavour additive (0913301),41,-0.0288724018631249,0.6273,0.7814117647058823,-0.0235598233944348,0.466,0.085562430739229,0.149,0.149,0.4891603053435114,False,False,False,11.973394926798788
Powder flavour additive (0913302),29,-0.0009035974992246,0.1292,0.2591197771587744,0.0039688571607406,0.1065,-0.0445134193723256,0.629,0.629,0.8155102040816327,False,False,False,
Powder infant formula (0913231),17,-0.0387491802292644,0.8842,0.9404667651403248,-0.0297204296718529,0.6411,0.0825824406871731,0.159,0.159,0.4891603053435114,False,False,False,
Powder infant formula (0913232),6,-0.0289036574222214,0.6666,0.8138440677966102,-0.019080839438541,0.326,0.0809972479015157,0.168,0.168,0.4891603053435114,False,False,False,
Powder infant formula (0913233),2,-0.0366604862510523,0.8542,0.9223988005997,-0.0260252514592595,0.4592,0.0802509484933207,0.165,0.165,0.4891603053435114,False,False,False,
Powder infant formula (0913234),3,0.0045147367964666,0.0873,0.1946006191950464,0.0227410639147006,0.0264,0.1016806796314855,0.13,0.13,0.4891603053435114,False,False,False,
Powder infant formula (0913235),1,-0.0337688734030198,0.8322,0.9106997468354432,-0.024390243902439,0.5656,0.0842211470407222,0.169,0.169,0.4891603053435114,False,False,False,
Powder infant formula (0913236),10,-0.0414794532412292,0.9064,0.953176241480039,-0.0318819171733089,0.696,0.0842511410592168,0.15,0.15,0.4891603053435114,False,False,False,
Powder infant formula (0913237),36,-0.0493087049203945,0.9117,0.957351482741857,-0.0335951751632325,0.5526,0.0713047895295818,0.184,0.184,0.4912731767614338,False,False,False,
Powder infant formula (0913238),4,-0.0352723986447171,0.8377,0.9122298387096774,-0.0262931664559205,0.5733,0.0840249717817539,0.152,0.152,0.4891603053435114,False,False,False,
Powder infant formula (0913242),20,-0.1455277595446548,0.998,0.999851576994434,-0.0976622302159041,0.9213,0.0976730004919586,0.124,0.124,0.4891603053435114,False,False,False,
Powder infant formula (0913251),41,-0.0327997013954315,0.7028,0.8377748344370861,-0.0189890581983464,0.3876,0.080576809889674,0.164,0.164,0.4891603053435114,False,False,False,13.25078637236948
Powder lactose free formula (0913105),42,0.2819435607833219,0.00408,0.0210832535885167,0.4671061757283581,0.0001,0.1447082098268843,0.088,0.088,0.4775879396984924,False,True,True,4.385521989512061
Powder low calcium infant formula (0913109),39,-0.0031143317212571,0.2545,0.4212413793103448,0.0156567162425684,0.1236,0.0785768756936386,0.159,0.159,0.4891603053435114,False,False,False,25.375101617039125
Powder micronutrient supplement (0913284),40,-0.0423344925050208,0.846,0.9181356102461076,-0.0329443890547275,0.646,0.0798464367251192,0.163,0.163,0.4891603053435114,False,False,False,17.583632136058366
Powder micronutrient supplement (0913291),42,-0.0519914039226101,0.906,0.953176241480039,-0.0371225847262224,0.6738,0.074638047059484,0.169,0.169,0.4891603053435114,False,False,False,4.224466600373466
Powder pre-thickened drink (0913171),8,-0.0227497725761765,0.3625,0.5399999999999999,-0.0305264781141691,0.4189,-0.1254239674368521,0.898,0.898,0.9647642679900744,False,False,False,
Powder pre-thickened formula (0913108),42,0.1112927638227487,0.0748,0.174103448275862,0.2618493935564236,0.0037,-0.0042207550359385,0.419,0.419,0.6689135254988913,False,False,False,6.3399375738570996
Powder preterm human milk fortifier (0913651),39,0.0183662609024747,0.2635,0.4311818181818182,0.0177259383216034,0.2659,-0.013840093524215,0.443,0.443,0.6879079798705967,False,False,False,104.7570935845917
Powder preterm infant formula (0913111),42,0.3108559175376611,0.00127,0.009525,0.2525327534387606,0.0046,0.2006411876567864,0.049,0.05086,0.4649999999999999,False,True,True,2.9183450363727466
Powder single L-amino acid supplement (0913213),35,-0.0085233104971109,0.1733,0.3166052409129332,0.0023962696125539,0.072,-0.0796806486460618,0.734,0.734,0.8725591634562466,False,False,False,
Powder slow release carbohydrate supplement (0913192),38,-0.019748895805893,0.3465,0.5222259414225942,0.0240146813233843,0.1745,0.0110446178440908,0.377,0.377,0.637875,False,False,False,33.70456679237216
Powder soya based formula,21,-0.0450775943811711,0.5443,0.710385498489426,-0.0219915645473773,0.4238,-0.0098814102720276,0.467,0.467,0.7078736842105263,False,False,False,
Powder soya based formula (0913106),42,0.3036008568452219,0.00215,0.013780415430267,0.3591844150588738,0.0008,0.150546285951526,0.098,0.098,0.4891603053435114,False,True,True,7.030662201101827
Powder thickener - gum based (0913161),42,0.1261608240987455,0.0724,0.1709114754098361,0.1319225009524048,0.0553,-0.0177817362512187,0.531,0.531,0.7478529980657641,False,False,False,2.216776833686565
Powder thickener - starch based (0913161),42,0.2292186812892598,0.00761,0.0331171026156941,0.2120318362139652,0.0066,0.1060120915388405,0.146,0.146,0.4891603053435114,False,True,True,2.451143267768208
Powder: 5g protein equivalent (0913691),7,-0.0471870915526492,0.624,0.7790982658959537,-0.0226303349124888,0.3897,-0.0205620288700082,0.485,0.485,0.7170431211498973,False,False,False,
Pramipexole,42,0.4334210683291009,2e-05,0.0004595744680851,0.4577379169678131,0.0001,0.2029386135792102,0.033,0.02555,0.4649999999999999,False,True,True,3.0034808023776547
Prasterone,42,0.0209549850367524,0.299,0.4734897360703812,0.1321645159205308,0.0549,-0.0202211054539282,0.503,0.503,0.7291812080536912,False,False,False,4.096215390538407
Prasugrel,42,0.2414485071734195,0.00708,0.0312097959183673,0.2332739304729787,0.0078,0.1631516827433091,0.028,0.03044,0.4649999999999999,False,True,True,5.634582254683768
Pravastatin sodium,42,0.2676601874381442,0.00341,0.0184601503759398,0.2788089535174474,0.003,-0.0194506272316543,0.554,0.554,0.7617059197963082,False,True,True,1.7017619538819726
Praziquantel,42,0.0502216886624951,0.1943,0.3442887612797374,0.1280273684218363,0.0499,-0.0033495296884096,0.413,0.413,0.6667264573991031,False,False,False,4.303119090142904
Prazosin hydrochloride,42,0.4280376573955499,5e-05,0.0009473684210526,0.2161689430899583,0.0114,0.0099323601116626,0.406,0.406,0.6613574660633484,False,True,True,3.1479685863527167
Prednisolone,42,0.2726072587902521,0.00296,0.0166067532467532,0.3692930712628696,0.0004,0.1880902938172272,0.02,0.03017,0.4649999999999999,False,True,True,1.4471184199911966
Prednisolone acetate,42,0.4933567257826785,1e-05,0.0003176470588235,0.48921019473208,0.0001,0.0511133404886604,0.242,0.242,0.54,False,True,True,4.428851779681506
Prednisolone sodium metasulphobenzoate,42,-0.0353227883371897,0.5337,0.7024936014625228,-0.0254841698517784,0.4815,-0.0125703237425469,0.471,0.471,0.7089616724738675,False,False,False,2.548364558958221
Prednisolone sodium phosphate,42,0.2883439677605487,0.00226,0.0140680115273775,0.3861789117953693,0.0003,0.1060541676467668,0.133,0.133,0.4891603053435114,False,True,True,3.3723111447167664
Prednisone,4,-0.0460824678778242,0.4384,0.615038961038961,-0.075809398492666,0.7539,-0.0717893581402634,0.717,0.717,0.8642410714285714,False,False,False,
Pregabalin,42,0.2455516196233893,0.00597,0.0275538461538461,0.2619116076775395,0.0037,0.073059399776617,0.171,0.171,0.4891603053435114,False,True,True,1.5635428126974122
Pressure Offloading Device,42,0.1043049578149441,0.0784,0.1788215417106652,0.1025476735452365,0.0791,0.0333598587071809,0.297,0.297,0.5810869565217391,False,False,False,4.999686183844312
Pressure Plates/Shields,41,-0.0725798894271046,0.984,0.9936605890603086,-0.0567563966830489,0.8732,0.6620444168853007,0.004,0.0015,0.1386,True,False,False,17.027373098111894
Pridinol mesilate,42,0.1354212273198104,0.03888,0.1100665792922673,0.1279100550958935,0.0365,-0.0622168474522054,0.681,0.681,0.8444087256027555,False,True,False,102.55225685508347
Prilocaine hydrochloride,28,0.2874387345726805,0.00018,0.0022736842105263,0.1055332689548626,0.0009,0.0364686367171855,0.273,0.273,0.5588668555240793,False,True,True,
Primaquine,17,0.0269021072602411,0.2428,0.4071801242236024,0.0579172280904634,0.1626,0.0721785911610521,0.199,0.199,0.500395809080326,False,False,False,
Primidone,42,0.1765378433310599,0.02466,0.07776,0.1544225327039822,0.0344,0.0101139777358468,0.366,0.366,0.6314376996805111,False,True,False,1.7305388268751392
Pristinamycin,8,0.0434041925177643,0.1563,0.2943400174367916,-0.0521666548820872,0.5748,-0.0061265207460796,0.421,0.421,0.6706194690265487,False,False,False,
Probenecid,38,-0.0920958334874191,0.7677,0.8793467656415695,-0.0858297418942434,0.7574,-0.034920416629715,0.566,0.566,0.7723057485786481,False,False,False,148.13244231967366
Procarbazine hydrochloride,26,-0.071026001847969,0.6641,0.8131189127972819,-0.0655257147917958,0.6462,-0.0308027114626671,0.538,0.538,0.7482807469414038,False,False,False,
Prochlorperazine maleate,42,0.1960288065273982,0.01816,0.0633693053311793,0.2680028022322939,0.0035,0.0929327831156833,0.157,0.157,0.4891603053435114,False,True,False,1.303399145023183
Prochlorperazine mesilate,42,0.2965287029516907,0.00174,0.012084887459807,0.3495164054966301,0.0006,0.0602452340838002,0.22,0.22,0.5170837867247008,False,True,True,2.5678384469465327
Procyclidine hydrochloride,42,0.3094891659956799,0.00166,0.011636129032258,0.3318474898077832,0.0009,0.3132478311950554,0.024,0.02506,0.4649999999999999,False,True,True,2.5740363661914527
Progesterone,42,0.463279501307783,1e-05,0.0003176470588235,0.4483830892867496,0.0001,0.1721087964985209,0.046,0.05129,0.4649999999999999,False,True,True,2.346688196806403
Proguanil hydrochloride,28,0.030597468908034,0.2575,0.4249045072574485,-0.0312800745867409,0.5012,0.0261367303783172,0.296,0.296,0.5801814882032668,False,False,False,
Proguanil hydrochloride with atovaquone,42,0.4775956778265278,3e-05,0.0006612244897959,0.6848406125565557,0.0001,0.1528105931120746,0.089,0.089,0.4782089552238805,False,True,True,5.991482738578931
Promazine hydrochloride,42,0.0682945109675807,0.0832,0.1873952033368091,0.0426927217242867,0.1124,0.0512966356290657,0.252,0.252,0.544864864864865,False,False,False,15.969621616230343
Promethazine hydrochloride,42,0.5204010915988522,1e-05,0.0003176470588235,0.5456511763079039,0.0001,0.0537366678603056,0.223,0.223,0.5207351351351351,False,True,True,3.716943001356624
Promethazine teoclate,42,0.0981516853958697,0.0979,0.2091632047477744,0.1187363190079827,0.0604,-0.0310622071836211,0.573,0.573,0.7755569383945239,False,False,False,3.337247313748904
Propafenone hydrochloride,42,-0.1160179394213014,0.8366,0.9121938414941948,-0.0715920322349294,0.6827,-0.0113271559943004,0.483,0.483,0.7155555555555555,False,False,False,2.923485606374434
Propamidine isetionate,42,0.1591195807280605,0.03932,0.1106545924967658,0.1853935616763267,0.0215,-0.0333130843586384,0.625,0.625,0.8132530120481928,False,True,False,5.9493290183111345
Propantheline bromide,42,0.2080693605586391,0.01313,0.049275,0.2407646892731118,0.006,0.3566537575220239,0.001,0.00065,0.1276363636363636,False,True,True,1.8498360511549772
Propiverine hydrochloride,42,0.0583329467786729,0.1829,0.330597489539749,0.118249519899611,0.0636,0.0195431478067939,0.35,0.35,0.6206896551724138,False,False,False,5.321884076280109
Propranolol hydrochloride,42,0.5857462697439826,1e-05,0.0003176470588235,0.6447611108762633,0.0001,0.0639529168285164,0.238,0.238,0.5394333683105981,False,True,True,1.5485009706602029
Propylthiouracil,42,0.3661759766496449,0.00016,0.0020945454545454,0.4043917938295703,0.0001,0.157199138898154,0.063,0.063,0.4664451827242525,False,True,True,2.1198074742707824
Prosthetic Adhesives,35,0.068137101585422,0.1352,0.2671838975297346,0.0839230879928874,0.0941,0.2144486246786351,0.045,0.04595,0.4649999999999999,True,False,False,
Proxymetacaine hydrochloride,40,0.1879906225976327,0.0205,0.0689719626168224,0.1348966830326011,0.0486,-0.0659211651379481,0.706,0.706,0.8581654473832301,False,True,False,17.687621144831848
Prucalopride,42,0.144568967584539,0.04724,0.1250692682926829,0.1711164961680762,0.0258,0.0012580023078371,0.436,0.436,0.6809544468546638,False,True,False,2.2412292219968015
Pseudoephedrine hydrochloride,42,0.1337740663503726,0.02257,0.0740151285930408,0.090807327935142,0.0499,0.1246099495477845,0.109,0.109,0.4891603053435114,False,True,False,3.332646595741922
Pseudoephedrine hydrochloride combinations,2,-0.0618781017022891,0.8357,0.9121090909090908,-0.0878106382394458,0.9967,0.0550756850718652,0.2,0.2,0.5005793742757821,False,False,False,
Pulsed Electromagnetic Stimulator,27,-0.0289507197415006,0.6373,0.7875102974828375,-0.0155658454957391,0.2983,-0.1428555477437482,0.972,0.972,0.9894915254237288,False,False,False,
Pyrazinamide,37,0.0185068161190498,0.3066,0.4810980392156863,-0.0040898631544972,0.3788,0.1463263896606806,0.079,0.079,0.4775879396984924,False,False,False,267.2410831440151
Pyridostigmine bromide,42,0.0001191449602351,0.3821,0.559609756097561,0.038166373770208,0.2442,0.1007762594068307,0.118,0.118,0.4891603053435114,False,False,False,1.5016741180024638
Pyridoxine hydrochloride,42,0.3286179836607074,0.00105,0.0085263157894736,0.3789549059064602,0.0007,0.0486550051402597,0.247,0.247,0.5427466937945066,False,True,True,2.581199810714823
Pyrimethamine,41,0.2563244856450308,0.00828,0.0353454545454545,0.3472502184735846,0.0014,-0.1190572705928918,0.876,0.876,0.9570864946889228,False,True,True,52.782700012580875
Quetiapine,42,0.1214621463783123,0.0788,0.1793551106427818,0.0587652729847697,0.176,-0.0384628509829765,0.602,0.602,0.7957894736842105,False,False,False,1.6224898785722608
Quinagolide hydrochloride,42,-0.0179089280727414,0.4481,0.620844130853111,0.0073347640350484,0.3337,-0.1527984850937754,0.973,0.973,0.9894915254237288,False,False,False,5.5018271440180095
Quinapril hydrochloride,42,0.0267832632391314,0.2556,0.4227381316998468,-0.0356902480898873,0.5202,0.0310397148235655,0.314,0.314,0.5970422535211267,False,False,False,5.831932881985533
Quinapril hydrochloride with diuretic,33,-0.0489497037039191,0.6172,0.7737388276262334,-0.0052011793981253,0.3603,-0.1092266735598396,0.871,0.871,0.9554900964956832,False,False,False,
Quinidine sulfate,21,-0.0037397295186287,0.3552,0.5320610263522886,-0.0034611055166652,0.3501,-0.0540222647729876,0.632,0.632,0.8179269023367286,False,False,False,
Quinine bisulfate,42,0.2652697746631799,0.00308,0.0171463917525773,0.2707029996744018,0.0029,0.0995675676896077,0.135,0.135,0.4891603053435114,False,True,True,2.6270309846681994
Quinine sulfate,42,0.1430545617112345,0.04955,0.1292608695652173,0.1165202754709081,0.0751,-0.0571179061879032,0.652,0.652,0.8296941176470588,False,True,False,1.5890838457066572
Rabeprazole sodium,42,0.2820208036930416,0.0028,0.0160424403183023,0.3542264943708044,0.0005,0.1854236086602605,0.047,0.04246,0.4649999999999999,False,True,True,4.704772907759009
Rabies,42,0.0286931674715103,0.2639,0.4315094625283875,0.0960755194691626,0.0985,0.0475075275046339,0.24,0.24,0.5394380853277836,False,False,False,3.383340719395817
Rabies immunoglobulin,6,0.0006745657165281,0.3374,0.5163631245601689,0.0307510381170025,0.2262,-0.0506325178071953,0.624,0.624,0.8129312424607961,False,False,False,
Racecadotril,1,-0.0246225319396051,0.5258,0.6954856093080221,-0.0304878048780487,0.8062,-0.1216967874927097,0.928,0.928,0.9777951219512196,False,False,False,
Raloxifene hydrochloride,42,0.1928170504550007,0.01878,0.0648,0.1571904280636416,0.0338,0.0352228598827037,0.328,0.328,0.6055384615384616,False,True,False,2.4433878280573715
Raltegravir,29,-0.0320030075016468,0.6923,0.8316840934371524,-0.0358764846474265,0.7502,0.0291791837177386,0.302,0.302,0.5860916442048517,False,False,False,
Ramipril,42,-0.0040795679314015,0.3933,0.569007367716008,-0.0639313694309753,0.6479,0.2388018360243824,0.025,0.02775,0.4649999999999999,False,False,False,1.5048712499745531
Ramipril with calcium channel blocker,42,0.1129069137464045,0.0929,0.2028958543983822,0.0820605463456832,0.1278,-0.0161512953241239,0.507,0.507,0.7320320855614975,False,False,False,6.401151555623352
Ranibizumab,5,-0.0654799356811961,0.6152,0.7721278326554328,-0.100299711080782,0.8203,-0.0394151562384353,0.559,0.559,0.7671156289707751,False,False,False,
Ranitidine hydrochloride,42,0.4294238056180628,8e-05,0.0012342857142857,0.4816112827562179,0.0001,0.1524748703079512,0.088,0.088,0.4775879396984924,False,True,True,3.9001735645077513
Ranolazine,42,0.398673808852045,0.00028,0.0031999999999999,0.3251865709710269,0.0007,0.0078399381714152,0.402,0.402,0.6583169067475361,False,True,True,3.546932322665204
Rasagiline mesilate,42,-0.0092313339599429,0.4215,0.6001582069874752,-0.1247045676538188,0.8728,0.0427429178229869,0.279,0.279,0.5653283302063791,False,False,False,2.0587004411402536
Ready to serve 0.9 kcal/ml juice style liquid (0913061),42,-0.0780886970709418,0.9324,0.9715311143270622,-0.0368087343562404,0.5504,0.1032967561976956,0.127,0.127,0.4891603053435114,False,False,False,7.288942085582838
Ready to serve 1 - 1.3 kcal/ml m/sk lower energy (0913011),42,0.2263265128543045,0.00985,0.0399579737335834,0.2355679781405677,0.0092,0.1506329816716859,0.073,0.073,0.4775879396984924,False,True,True,5.92247480850285
Ready to serve 1 kcal/ml milkshake (0913061),35,-0.0712759954258926,0.7725,0.882504494976203,-0.0585417611641538,0.6708,0.0428511016963328,0.266,0.266,0.5551304347826087,False,False,False,
Ready to serve 1 kcal/ml milkshake lower energy (0913021),42,0.0131580021432292,0.2926,0.4657450257921887,0.0097973285999782,0.3014,-0.0374059608794136,0.582,0.582,0.7803351955307262,False,False,False,6.26313815981662
Ready to serve 1 kcal/ml milkshake style (0913091),42,-0.0574789871688475,0.7387,0.8634155844155844,-0.0171626569917644,0.2387,-0.0282967899778802,0.513,0.513,0.7366887417218544,False,False,False,8.485158730966777
Ready to serve 1.3 - 1.5 kcal/ml milkshake (0913031),23,-0.077334984429667,0.7126,0.8461880153930732,-0.1178094610852883,0.8967,-0.0543386995629725,0.648,0.648,0.8277232406859847,False,False,False,
Ready to serve 1.3 - 1.5 kcal/ml milkshake (0913631),2,-0.0646699964250897,0.8739,0.934004948045522,-0.0452834438017567,0.5182,-0.1368849213829431,0.945,0.945,0.986086956521739,False,False,False,
Ready to serve 1.5 kcal/ml juice style (0913011),42,0.3365335113443296,0.00053,0.0051336322869955,0.3676081287359777,0.0003,0.1183050640219685,0.048,0.05161,0.4649999999999999,False,True,True,2.47877860649545
Ready to serve 1.5 kcal/ml juice style (0913021),42,-0.0168599709949666,0.4411,0.616683495145631,0.0006494643108445,0.3523,0.0455844094086969,0.241,0.241,0.5399999999999999,False,False,False,4.018444721333075
Ready to serve 1.5 kcal/ml milkshake (0913011),42,0.4271807467426363,1e-05,0.0003176470588235,0.3961216419087389,0.0002,0.1389404865711634,0.08,0.08,0.4775879396984924,False,True,True,3.576610278763779
Ready to serve 1.5 kcal/ml milkshake (0913021),42,-0.0078225650820425,0.3271,0.5043083511777302,0.0715804370779122,0.1193,0.0633970187953605,0.219,0.219,0.5170837867247008,False,False,False,5.057638322611911
Ready to serve 1.5 kcal/ml milkshake (0913091),40,-0.0775851836330302,0.9184,0.9618014527845036,-0.0517690464254371,0.6217,0.0067050717554353,0.368,0.368,0.6320697858842188,False,False,False,44.35887236876463
Ready to serve 1.5 kcal/ml milkshake (0913311),32,0.0821517835254904,0.1223,0.2487457627118644,0.0842313561692763,0.1036,0.1298067747416543,0.127,0.127,0.4891603053435114,False,False,False,
Ready to serve 1.5 kcal/ml milkshake lower volume (0913041),11,0.0418844850797172,0.1983,0.3499411764705882,0.127326900770287,0.0529,0.0304377492460726,0.294,0.294,0.5783606557377049,False,False,False,
Ready to serve 1.5 kcal/ml milkshake lower volume (0913641),1,-0.0333623693379791,0.8184,0.908731757451182,-0.0304878048780488,0.8105,0.0559338838110234,0.197,0.197,0.4976842105263158,False,False,False,
Ready to serve 1.5 kcal/ml milkshake plant based (0913011),42,0.0254163591764727,0.0683,0.1641023359288097,0.0340346492098679,0.0351,0.0778059488341852,0.161,0.161,0.4891603053435114,False,False,False,2.687973669168922
Ready to serve 1.5 kcal/ml milkshake with fibre (0913021),42,-0.0186626789738544,0.3082,0.4822070963070239,0.0205019352231883,0.14,0.0699984349931425,0.189,0.189,0.4924487334137515,False,False,False,2.431275341815394
Ready to serve 1.5 kcal/ml smoothie (0913021),42,0.00881439958173,0.1916,0.3411838417147568,0.0511116981776842,0.0309,0.1076765102001771,0.116,0.116,0.4891603053435114,False,False,False,3.119036834566527
Ready to serve 1.5 kcal/ml yoghurt style drink (0913011),42,0.0669612045522923,0.1631,0.3027708154506437,0.045668261738479,0.2097,0.0227066853044107,0.313,0.313,0.5970422535211267,False,False,False,3.986578546321505
Ready to serve 1.5 kcal/ml yoghurt style drink (0913311),41,-0.0432287080759251,0.5594,0.7226698564593302,-0.0271791858117455,0.4851,0.0360865354451835,0.262,0.262,0.552069970845481,False,False,False,19.988898303840127
Ready to serve 1.6 kcal/ml milkshake lower volume (0913031),31,0.1536609203962033,0.03908,0.1104879581151832,0.074757718313185,0.1308,-0.0244150351779424,0.522,0.522,0.7417894736842106,False,True,False,
Ready to serve 1.6 kcal/ml milkshake lower volume (0913631),2,-0.0190104346395195,0.1237,0.2501797752808989,-0.0632405558548207,0.8571,0.0240368580176453,0.311,0.311,0.5970422535211267,False,False,False,
Ready to serve 1.8 kcal/ml milkshake (0913081),37,0.2059575643732722,0.01408,0.0518105621805792,0.2242244529848845,0.0081,-0.0671064714477626,0.74,0.74,0.875355969331873,False,True,False,1839.3788213567955
Ready to serve 100% MCT liquid (0913181),42,-0.03033217739256,0.6706,0.8172446448703495,-0.0190903960119971,0.3763,0.0842012782202201,0.158,0.158,0.4891603053435114,False,False,False,5.784665245808672
Ready to serve 10g GMP protein equivalent (0913205),3,-0.0357602799830467,0.8454,0.918081447963801,-0.026559671497015,0.5841,0.0901744108507459,0.146,0.146,0.4891603053435114,False,False,False,
Ready to serve 10g protein equivalent (0913201),4,0.0031501029922625,0.04248,0.1170642857142857,0.0079770335674296,0.0291,-0.0812632716549573,0.737,0.737,0.8744267690619857,False,True,False,
Ready to serve 10g protein equivalent (0913204),8,-0.0550067971660723,0.7146,0.8476309719934102,-0.0315553929591988,0.28,-0.003935562388901,0.43,0.43,0.6769679300291545,False,False,False,
Ready to serve 10g protein equivalent (0913205),29,-0.048744510617089,0.8296,0.9106997468354432,-0.0336430185407691,0.5014,0.0588072253595472,0.21,0.21,0.5097986577181208,False,False,False,
Ready to serve 10g protein equivalent (0913206),3,-0.0416736464655735,0.6355,0.7861855670103092,-0.0228386280620714,0.2964,-0.0429842744272934,0.588,0.588,0.784484249536751,False,False,False,
Ready to serve 10g protein equivalent (0913222),2,-0.034727631902075,0.8309,0.9106997468354432,-0.0256251652212324,0.5746,0.0849783976835598,0.15,0.15,0.4891603053435114,False,False,False,
Ready to serve 10g protein equivalent (0913225),6,-0.0496202073958867,0.8121,0.9069989658738368,-0.0282414313055501,0.4715,-0.0759981088419172,0.728,0.728,0.8687734806629834,False,False,False,
Ready to serve 10g protein equivalent (0913226),19,-0.0475335920368591,0.8855,0.940566371681416,-0.034160950816608,0.5624,0.0716777331956,0.183,0.183,0.4912731767614338,False,False,False,
Ready to serve 10g protein equivalent (0913227),2,-0.0347824365112504,0.8379,0.9122298387096774,-0.0251420602164653,0.5017,0.0818077390819867,0.169,0.169,0.4891603053435114,False,False,False,
Ready to serve 15g GMP protein equivalent (0913205),23,-0.0201868023207787,0.3707,0.5488087731322824,-0.0070814447578827,0.1733,-0.1432447759454133,0.963,0.963,0.9886311787072244,False,False,False,
Ready to serve 15g protein equivalent (0913201),10,-0.0025956345644553,0.04976,0.1296521109770808,0.0064334486444224,0.0185,-0.0736547033210936,0.7,0.7,0.8566985915492957,False,False,False,
Ready to serve 15g protein equivalent (0913204),7,-0.0384131169360067,0.6474,0.7960546075085325,-0.0299357864797321,0.4819,-0.0552353562356546,0.66,0.66,0.8322241681260947,False,False,False,
Ready to serve 15g protein equivalent (0913205),27,-0.021907773304416,0.4404,0.6161036269430051,-0.0095729909922021,0.1693,-0.0732306496844495,0.704,0.704,0.8566985915492957,False,False,False,
Ready to serve 15g protein equivalent (0913206),9,-0.0306759876225799,0.6478,0.7960546075085325,-0.0182058385235319,0.3653,-0.066492613447197,0.699,0.699,0.8566985915492957,False,False,False,
Ready to serve 15g protein equivalent (0913226),6,-0.0587686192764887,0.8919,0.944364705882353,-0.0430628809509204,0.5665,-0.1247396866859324,0.884,0.884,0.9614501510574018,False,False,False,
"Ready to serve 2 kcal/ml milkshake, lower volume (0913081)",39,-0.0191011805582964,0.3654,0.5424494845360824,-0.0176143816505236,0.3847,0.0868564077016837,0.157,0.157,0.4891603053435114,False,False,False,94.60256908501972
Ready to serve 2.4 kcal/ml milkshake higher volume (0913011),42,0.0463308014062974,0.2113,0.366298555377207,-0.0086049934350732,0.3923,-0.0215196399562922,0.506,0.506,0.7310769230769231,False,False,False,8.950905556372229
Ready to serve 2.4 kcal/ml milkshake lower volume (0913011),42,0.2793572711733118,0.00224,0.0140651162790697,0.2391046283633424,0.0054,0.0760871330315345,0.184,0.184,0.4912731767614338,False,True,True,2.8164962208398814
Ready to serve 2.4 kcal/ml milkshake lower volume (0913021),42,-0.0089266662672972,0.3501,0.5262463465553237,0.0511511574155416,0.14,-0.0064058849686417,0.427,0.427,0.6747037307973665,False,False,False,10.448836269848774
Ready to serve 2.4 kcal/ml milkshake lower volume (0913051),42,0.4317400196363454,0.00012,0.0017052631578947,0.339034412839695,0.0004,0.2155027510277375,0.044,0.04421,0.4649999999999999,False,True,True,9.77561448400378
Ready to serve 2.5:1 milkshake with fibre (0913181),26,-0.0323241929787534,0.7661,0.879141795007966,-0.0245653687036219,0.4417,0.085099733710066,0.148,0.148,0.4891603053435114,False,False,False,
Ready to serve 20% MCT liquid (0913181),35,-0.0490730151840113,0.6483,0.7960932347924957,-0.0444134844854092,0.6303,-0.0700424946813368,0.725,0.725,0.8666297731045932,False,False,False,
Ready to serve 20g GMP protein equivalent,33,-0.015413713209802,0.239,0.4020560747663551,-0.0049077916945469,0.1251,-0.0712941795779886,0.704,0.704,0.8566985915492957,False,False,False,
Ready to serve 20g GMP protein equivalent (0913206),13,-0.0205552668392112,0.4006,0.5780200400801604,-0.0098111442466183,0.176,-0.0742280446788422,0.709,0.709,0.8598764738910724,False,False,False,
Ready to serve 20g protein equivalent (0913201),17,-0.0751844173490653,0.9322,0.9715311143270622,-0.0445448560307023,0.5211,0.0193279920842683,0.343,0.343,0.614838174273859,False,False,False,
Ready to serve 20g protein equivalent (0913204),16,-0.0635182853002925,0.9487,0.9815007132667618,-0.0439963810062327,0.6762,0.0548799552712055,0.22,0.22,0.5170837867247008,False,False,False,
Ready to serve 20g protein equivalent (0913205),41,-0.0538274897577825,0.8342,0.9114172989377846,-0.036798584421653,0.4827,0.0515561449890166,0.242,0.242,0.54,False,False,False,20.564960621262497
Ready to serve 20g protein equivalent (0913206),11,-0.0584973513423427,0.6956,0.83472,-0.0358386178055552,0.3664,-0.0028145151247096,0.419,0.419,0.6689135254988913,False,False,False,
Ready to serve 3.3 kcal/ml higher protein dessert (0913141),42,-0.1546531912492793,0.9363,0.9737159364467984,-0.0470802321259362,0.5706,0.2927453789985625,0.031,0.03227,0.4649999999999999,False,False,False,10.006647663099491
Ready to serve 33.5% MCT liquid (0913181),38,-0.0290832839040787,0.593,0.7525734430082256,-0.0103987101225108,0.2446,-0.079391170734564,0.733,0.733,0.8725591634562466,False,False,False,47.94185769854839
Ready to serve 3:1 dessert (0913181),42,-0.0763602291839959,0.9032,0.9521288433382138,-0.0532276078984209,0.6543,-0.032683759874932,0.551,0.551,0.7595149968091895,False,False,False,4.498741050727636
Ready to serve 4.5 - 5 kcal/ml energy (fat) liquid (0913142),42,-0.0736578369874365,0.9657,0.9848498583569404,-0.0621105852629766,0.8897,0.0711853598939997,0.178,0.178,0.4891603053435114,False,False,False,5.68230104531831
Ready to serve 4:1 milkshake with fibre (0913181),42,-0.029817057145666,0.6541,0.8018479001135074,-0.0230171902207956,0.4162,0.0775530456081291,0.171,0.171,0.4891603053435114,False,False,False,11.638624167412448
Ready to serve 50% MCT liquid (0913181),41,-0.0279377824400016,0.6211,0.776050896471949,-0.0186709676438002,0.3463,0.0829341181334268,0.164,0.164,0.4891603053435114,False,False,False,7.294491796578354
Ready to serve disc or non ACBS m/sk higher protein (091334),1,-0.0256387921022067,0.5431,0.7101065375302663,-0.0121951219512195,0.2843,-0.0722949126616457,0.71,0.71,0.8601233875490746,False,False,False,
Ready to serve discontinued  pre-thickened drinks (0913421),8,-0.0157204538472534,0.2696,0.4388364732479277,-0.0556036388256411,0.6112,0.0085339992998585,0.38,0.38,0.6382581648522551,False,False,False,
Ready to serve discontinued dessert (0913311),13,0.0989401869883574,0.04175,0.1153196930946291,0.0583982861310283,0.0934,-0.000749344360915,0.399,0.399,0.6563899466869764,False,True,False,
Ready to serve discontinued juice (0913311),1,-0.0333623693379791,0.8184,0.908731757451182,-0.0304878048780488,0.8105,0.0559338838110234,0.197,0.197,0.4976842105263158,False,False,False,
"Ready to serve infant formula, high energy (0913104)",42,0.04127645233352,0.1131,0.2344491362763915,0.0378616938796657,0.1201,0.1252753773200778,0.1,0.1,0.4891603053435114,False,False,False,2.342200667189207
Ready to serve non ACBS oil (0913481),3,-0.0485348801110256,0.8652,0.9302299651567943,-0.0404031758243637,0.6944,0.0753562718984113,0.169,0.169,0.4891603053435114,False,False,False,
Ready to serve non ACBS preparation for surgery ONS(0913341),26,0.1074707791227691,0.091,0.1997560975609756,0.0981839514503868,0.0896,0.3135347203988878,0.009,0.01061,0.3678171428571428,False,False,False,
Ready to serve pre-thickened drink (0913171),33,-0.055321850738107,0.5948,0.7535296187683285,0.0728944680829198,0.1374,0.0138498801475581,0.377,0.377,0.637875,False,False,False,
Ready to serve preterm infant formula (0913111),42,0.3044652232640161,0.00125,0.0094736842105263,0.1754424494673379,0.0229,0.054159448037196,0.209,0.209,0.5097986577181208,False,True,True,4.738091140782933
Reboxetine,42,0.2970984842673519,0.00163,0.011543606557377,0.3112714969025585,0.0019,0.191062289320877,0.033,0.02938,0.4649999999999999,False,True,True,2.7960784260176426
Relugolix,42,0.1848113836309604,0.02208,0.0730364471669219,0.1450570788693181,0.0436,0.1301898462032024,0.088,0.088,0.4775879396984924,False,True,False,64.4244062688411
Repaglinide,42,0.0676750723416009,0.00225,0.0140680115273775,0.0651158228785766,0.0005,0.2245477108134364,0.046,0.04767,0.4649999999999999,False,True,True,4.560564677041459
Respiratory Syncytial Virus (RSV),42,0.1489871990690643,0.04415,0.1201720754716981,0.1001048710040156,0.083,-0.1722208380377542,0.967,0.967,0.9894915254237288,False,True,False,26.940905554269953
Ribavirin,6,-0.0651843948914865,0.7905,0.8949056603773585,-0.0906370143273003,0.9467,-0.00501560169922,0.418,0.418,0.6689135254988913,False,False,False,
Ribociclib,5,0.1917900958582721,0.02224,0.07344,0.040179012675551,0.1919,-0.0845546778358878,0.739,0.739,0.8746520547945206,False,True,False,
Riboflavin,42,0.2489526056825993,0.00093,0.0077860465116279,0.3504823038310254,0.0001,0.0730144528022513,0.169,0.169,0.4891603053435114,False,True,True,4.422927319926024
Rifabutin,42,0.4834539660235149,2e-05,0.0004595744680851,0.5314322354425103,0.0001,0.068799577695675,0.222,0.222,0.5195232936078006,False,True,True,9.60446364800127
Rifampicin,42,0.0459963796524251,0.2263,0.3845853658536585,0.039781087774781,0.2306,0.1218663557087484,0.084,0.084,0.4775879396984924,False,False,False,3.3052182685293476
Rifampicin combined preparations,42,0.0048363494443323,0.1914,0.3411838417147568,0.004273707494194,0.1909,0.1905057023412323,0.062,0.062,0.4649999999999999,False,False,False,5.174017139259448
Rifaximin,42,0.0558555058884501,0.1871,0.3362196339434276,0.1238942059605156,0.0521,0.1566822129680652,0.083,0.083,0.4775879396984924,False,False,False,2.6510563605642945
Rilpivirine,7,0.0393990206233016,0.188,0.3372757475083056,0.1536641273090012,0.0306,-0.0066948785690406,0.443,0.443,0.6879079798705967,False,False,False,
Riluzole,42,0.2048407296901074,0.01495,0.05382,0.1449620164851357,0.0388,0.1292456594699442,0.101,0.101,0.4891603053435114,False,True,False,1.8774088096776778
Rimegepant,42,0.1451536519662172,0.0505,0.1304784688995215,0.1731179936262672,0.0259,-0.0417354142379461,0.64,0.64,0.8238379022646007,False,False,False,5.257091843758003
Rimexolone,6,-0.0818440456227002,0.7347,0.8616559956592512,-0.0614911652648713,0.6388,-0.0577017421019686,0.645,0.645,0.8263345195729538,False,False,False,
Riociguat,5,-0.0801775846095531,0.7005,0.8370447266703478,-0.1236242743143187,0.9384,-0.0126175387825797,0.43,0.43,0.6769679300291545,False,False,False,
Risankizumab (Crohn's),1,-0.0409794812233837,0.9525,0.9815007132667618,-0.048780487804878,1.0,-0.0332754414414832,0.537,0.537,0.7478529980657641,False,False,False,
Risedronate sodium,42,0.0245549620017883,0.2897,0.4621506646971935,0.0629245557105595,0.1613,-0.0029127094665263,0.42,0.42,0.669520295202952,False,False,False,2.1092726878761026
Risperidone,42,0.3572305691652022,0.00048,0.0048676056338028,0.4717249141186203,0.0001,0.2344362803575515,0.035,0.04027,0.4649999999999999,False,True,True,2.0289187007635086
Ritlecitinib,2,0.0657992226176326,0.0987,0.2100413793103448,0.1298658262228074,0.0623,-0.0413894801522975,0.573,0.573,0.7755569383945239,False,False,False,
Ritonavir,29,0.1835747375032523,0.00764,0.0331373493975903,0.1672408359712334,0.0084,0.1436882829392897,0.088,0.088,0.4775879396984924,False,True,True,
Rituximab,7,0.1440776217414018,0.0523,0.1340071174377224,0.0790048165570964,0.1127,0.128980784235015,0.127,0.127,0.4891603053435114,False,False,False,
Rivaroxaban,42,0.1405531910997164,0.03946,0.1106545924967658,0.0603619077991867,0.1566,0.1200154785970816,0.104,0.104,0.4891603053435114,False,True,False,2.201418130584833
Rivastigmine,42,0.2034030766318983,0.01437,0.0522393277310924,0.1905530670787272,0.0191,0.0303062614547953,0.362,0.362,0.6292776886035313,False,True,False,2.148950437790503
Rizatriptan,42,0.1465814475660035,0.04833,0.1268442284325638,0.1358185554489722,0.0533,-0.0086996645215172,0.476,0.476,0.713009708737864,False,True,False,2.012607499613552
Roflumilast,42,0.3018833808566288,0.00223,0.0140431486880466,0.2325203787672849,0.009,-0.0296083967787588,0.53,0.53,0.7478529980657641,False,True,True,10.958409186471629
Romiplostim,4,-0.0934194693502003,0.8316,0.9106997468354432,-0.1264643477367771,0.9742,0.0130776759371419,0.359,0.359,0.629126213592233,False,False,False,
Romosozumab,4,-0.0321698584985941,0.4327,0.6095593220338983,-0.0644099615015954,0.9017,0.0352502499163809,0.254,0.254,0.5464541832669323,False,False,False,
Ropinirole hydrochloride,42,0.3575184647218912,0.00026,0.0030193548387096,0.3573157027357368,0.0003,0.1763525805607057,0.049,0.05635,0.4649999999999999,False,True,True,1.7592232739416642
Ropivacaine hydrochloride,2,-0.0143493493513522,0.1927,0.3425777777777778,-0.0322136013772531,0.7463,0.0212687103989506,0.332,0.332,0.6092778249787596,False,False,False,
Rosiglitazone,1,-0.0319783197831977,0.7633,0.8769829787234042,-0.0243902439024389,0.568,-0.1675989577180827,1.0,1.0,1.0,False,False,False,
Rosuvastatin calcium,42,0.093036385304566,0.1154,0.2373942857142857,0.0595223977710061,0.1774,0.2624906434126823,0.011,0.01084,0.3678171428571428,False,False,False,1.7299040168444721
Rotavirus,25,-0.0777079699393982,0.6899,0.8301860724233983,-0.0961970433570739,0.7799,-0.1031773090184714,0.83,0.83,0.9231719876416066,False,False,False,
Rotigotine,42,0.1087062971900101,0.0887,0.1967063655030801,0.1289930044806044,0.0601,-0.0240918417460012,0.56,0.56,0.7674224192526917,False,False,False,2.153684688477917
Roxadustat,35,0.0601398385283466,0.1329,0.2633614678899082,-0.0651262404333427,0.6972,0.0259669503204044,0.311,0.311,0.5970422535211267,False,False,False,
"RtS  2.4 kcal/ml m/sk high volume, higher protein (0913011)",8,-0.024438037708637,0.4519,0.6249065300896287,0.0078374264815511,0.312,-0.1249739892487384,0.893,0.893,0.9620349127182044,False,False,False,
"RtS  2.4 kcal/ml m/sk lower volume, higher protein (0913011)",42,0.1813503134254457,0.02506,0.0786991304347826,0.1703986068210122,0.0272,0.159806782055569,0.081,0.081,0.4775879396984924,False,True,False,6.293920623950398
RtS 1 kcal/ml milkshake lower energy with fibre (0913021),42,0.0127085654402482,0.1614,0.3013171996542783,0.0458003714114505,0.1164,-0.0082290341430533,0.431,0.431,0.6770618181818182,False,False,False,4.212548955699987
RtS 1.3 kcal/g dessert style (fruit based) (0913051),42,0.4713061393215552,0.00012,0.0017052631578947,0.4576645485520877,0.0002,0.0542813873912594,0.233,0.233,0.533135593220339,False,True,True,38.6272853149099
RtS 1.3 kcal/ml dessert style (fruit based) (0913051),42,0.4138962965822718,0.00121,0.0093010676156583,0.2752584758829932,0.0041,0.0691059936468632,0.191,0.191,0.4940838323353293,False,True,True,13.39683910546461
RtS 1.4 - 2 kcal/g dessert style (milk based) (0913011),42,0.3503122728454549,0.00061,0.0056793103448275,0.4025299034141101,0.0005,0.0431495529892499,0.274,0.274,0.5588668555240793,False,True,True,5.264544453186701
RtS 1.4 - 2 kcal/ml dessert style (milk based) (0913011),42,0.3338561778868182,0.00072,0.00648,0.3437489450912654,0.0006,0.014108610319038,0.362,0.362,0.6292776886035313,False,True,True,5.6856928436816006
RtS 1.4 - 2 kcal/ml dessert style (milk based) (0913311),39,-0.1441990106472874,0.9333,0.972,-0.1720990715428791,0.981,-0.1249170343814549,0.914,0.914,0.9701425061425062,False,False,False,21.457091555105194
RtS 1.4 kcal/ml energy and higher protein liquid (0913141),42,0.6772017086599905,1e-05,0.0003176470588235,0.6452386291902913,0.0001,0.1046899181106579,0.162,0.162,0.4891603053435114,False,True,True,26.689284418518415
RtS 1.4-1.5kcal/ml energy & higher protein liquid (0913141),42,0.6373903757524211,1e-05,0.0003176470588235,0.6198359786906413,0.0001,0.1203424677496233,0.134,0.134,0.4891603053435114,False,True,True,9.019796943962081
RtS 1.5 - 1.6 kcal/ml milkshake higher protein (0913011),42,0.0757761075540239,0.1409,0.2741837837837838,0.1320498524198461,0.0488,-0.0513037193021475,0.607,0.607,0.7970334346504558,False,False,False,5.757860703806488
RtS 1.5 - 1.6 kcal/ml milkshake with fibre (0913011),42,-0.0313831038765115,0.5164,0.6903450834879407,0.0286227896233254,0.1719,-0.0951621932061674,0.817,0.817,0.914362694300518,False,False,False,7.46616683756998
RtS 1.5 kcal/g dessert style (milk based) (0913021),42,0.0882211985794561,0.01914,0.0657271860095389,0.0699820723528755,0.0275,0.1369841030937726,0.089,0.089,0.4782089552238805,False,True,False,4.253775618708422
"RtS 1.5 kcal/ml m/sk higher protein, higher energy (0913061)",42,-0.0499534987884518,0.5844,0.7442262816735415,-0.0364945393803668,0.446,0.0151802409755381,0.343,0.343,0.614838174273859,False,False,False,3.969468003678384
"RtS 1.5kcal/ml m/sk, higher protein, pre-thickened (0913051)",42,0.2034508361472293,0.0178,0.0622135922330097,0.2516426727575179,0.0059,-0.0405181018648515,0.62,0.62,0.8095111647555823,False,True,False,11.797436504283949
RtS 1.6 kcal/g dessert style (fruit based) (0913011),27,0.0617347596714873,0.0877,0.1952907216494845,0.044607362553609,0.1244,-0.0652100732712257,0.664,0.664,0.8338604651162791,False,False,False,
RtS 1.6 kcal/ml dessert style (fruit based) (0913011),30,0.1775253009130137,0.0142,0.0520962711864406,0.1474035629376329,0.0197,-0.0622957140372733,0.66,0.66,0.8322241681260947,False,True,False,
RtS 2 - 2.4 kcal/ml m/sk lower volume with fibre (0913011),42,-0.0076135126768086,0.1592,0.2986875,-0.0053328402651234,0.155,0.0871058664931244,0.15,0.15,0.4891603053435114,False,False,False,6.7358345004898075
"RtS 2 kcal/ml m/sk high protein, high energy+fibre (0913011)",42,-0.0832566934492604,0.7791,0.8881646437994724,-0.0525788201197337,0.6185,-0.0667551356458919,0.692,0.692,0.8521778791334093,False,False,False,21.673560875840504
RtS 2-2.4 kcal/ml m/sk hi prot hi eng plant based (0913011),40,0.0206242089287787,0.1626,0.3027708154506437,0.011824449314359,0.1882,0.0682838018621243,0.181,0.181,0.4911557788944723,False,False,False,8.458846185179826
"RtS 2-2.4 kcal/ml m/sk higher protein,higher energy(0913011)",42,-0.0484804168086343,0.5723,0.7332227488151658,-0.0506239386151088,0.5942,0.0208843380002417,0.322,0.322,0.6036113499570077,False,False,False,8.896249042680152
RtS 2.4 kcal/ml dessert style (milk based) (0913051),39,0.1967738974752054,0.00891,0.0372255319148936,0.2181308618149006,0.0046,0.0899986943171121,0.127,0.127,0.4891603053435114,False,True,True,18.522401268341927
RtS 2.4 kcal/ml milkshake lower volume with fibre (0913021),42,0.0191199843623912,0.069,0.165416204217536,0.0270339535853882,0.0341,0.0939713818661326,0.142,0.142,0.4891603053435114,False,False,False,7.763856985237953
RtS 2.5 kcal/ml energy (carbohydrate) liquid (0913142),40,0.0264635410285195,0.03949,0.1106545924967658,0.0396220241060533,0.0094,0.0789274901274212,0.162,0.162,0.4891603053435114,False,True,False,42.4201880346289
RtS 3.3 - 4 kcal/ml energy with protein liquid (0913141),42,0.2377032522445271,0.00326,0.0177818181818181,0.1423549070921989,0.025,0.099315961489791,0.132,0.132,0.4891603053435114,False,True,True,5.839970777603635
RtS 3.3 kcal/ml energy and higher protein liquid (0913141),42,-0.0226792806660088,0.3737,0.5509843003412969,-0.0355525076834848,0.4944,0.0161871312760344,0.349,0.349,0.6204444444444444,False,False,False,7.00159165195826
RtS OTC dietary supp for early alzheimers disease (0913551),19,-0.021098551807515,0.4477,0.620844130853111,-0.047966152682653,0.5661,-0.1385732478278019,0.924,0.924,0.9777951219512196,False,False,False,
RtS disc condition specific complete infant formula(0913381),1,-0.0276713124274099,0.6195,0.7748233931673423,-0.0121951219512195,0.2912,-0.0838262042173644,0.765,0.765,0.88859291084855,False,False,False,
RtS disc or non ACBS energy and protein fortifier (0913391),40,-0.0076952136244348,0.3716,0.5494555403556771,-0.059926642013957,0.6416,-0.0969532893370575,0.811,0.811,0.9104781704781706,False,False,False,6.2263445375389015
"RtS extensively hydrolysed formula, high energy (0913103)",42,-0.0324455203356347,0.5374,0.7060729927007299,-0.0182733984229835,0.3406,0.088620554809694,0.151,0.151,0.4891603053435114,False,False,False,2.8914232630534054
Rufinamide,42,0.1131803055340615,0.084,0.1886070686070686,0.151855601130377,0.0383,0.0895112811286555,0.177,0.177,0.4891603053435114,False,False,False,3.921699609479709
Rupatadine fumarate,42,0.1988813459147558,0.01779,0.0622135922330097,0.3371244311506117,0.0016,0.0026783035240464,0.388,0.388,0.6456702619414484,False,True,False,5.731343071195922
Rutosides,42,0.3380672925588848,0.00087,0.0074571428571428,0.3328919504822529,0.0015,-0.1173478607159576,0.881,0.881,0.9601210898082744,False,True,True,6.024438306696346
Ruxolitinib,14,-0.094518078211156,0.8051,0.902447327451998,-0.0518728635877485,0.5843,-0.0804748049764656,0.734,0.734,0.8725591634562466,False,False,False,
Ryeqo,42,0.0871954869952674,0.1197,0.2446092715231788,0.1226657051690394,0.0561,-0.0618570985302778,0.719,0.719,0.8652,False,False,False,7.174874592913582
Sacrosidase,2,-0.0606030633327935,0.9549,0.9815007132667618,-0.0152271290556905,0.1982,-0.0213231953419613,0.453,0.453,0.6974198146828225,False,False,False,
Sacubitril/valsartan,42,-0.1516458215235042,0.9195,0.9618014527845036,-0.0664910862863115,0.6583,0.1301787112031132,0.103,0.103,0.4891603053435114,False,False,False,2.0424206213177714
Safinamide,42,0.3154099128606404,0.00277,0.0159127659574468,0.4419139033248863,0.0003,0.1274982097422095,0.129,0.129,0.4891603053435114,False,True,True,16.189817649073856
Salbutamol,42,0.4612530161552193,1e-05,0.0003176470588235,0.4582117877076475,0.0001,0.3299304513154701,0.001,0.00037,0.1276363636363636,False,True,True,1.3392200559308067
Salicylic acid,42,0.3326998738665417,0.00157,0.011304,0.3425402385099553,0.001,0.3150220667160681,0.033,0.02309,0.4649999999999999,False,True,True,4.073792353338828
Salmeterol,42,0.1569142627344573,0.03568,0.1032867469879518,0.1351266213329919,0.0477,-0.0156317452396981,0.466,0.466,0.7068539325842697,False,True,False,2.137368089411986
Sapropterin,1,-0.0211962833914053,0.4039,0.5800691489361702,-0.0304878048780487,0.8124,0.1046499832600969,0.153,0.153,0.4891603053435114,False,False,False,
Sarilumab,2,-0.0164836594078065,0.215,0.3697452229299363,-0.0333124949649083,0.6245,-0.0688245559978345,0.715,0.715,0.8637583892617449,False,False,False,
Saxagliptin,42,0.1727756809623653,0.02394,0.0759330396475771,0.128362652271442,0.0437,-0.0154520370671945,0.466,0.466,0.7068539325842697,False,True,False,5.886153946666097
Saxagliptin/dapagliflozin,42,0.1564167140890832,0.04269,0.117359085133418,0.0929099671671987,0.1004,-0.0982949899790405,0.855,0.855,0.9451381780962128,False,True,False,52.86293495649983
Saxagliptin/metformin,39,0.2116924803093452,0.0054,0.0254588235294117,0.220296665150328,0.0035,0.070112176541201,0.171,0.171,0.4891603053435114,False,True,True,32.84162214931798
Secnidazole,1,-0.0114111498257839,0.0974,0.2089215491559086,-0.0426829268292683,0.927,0.0426897358185086,0.252,0.252,0.544864864864865,False,False,False,
Secobarbital sodium,25,0.1293139984584555,0.0622,0.1530205011389521,0.1336428682465273,0.0495,-0.1034425383216644,0.853,0.853,0.943410138248848,False,False,False,
Secukinumab,10,-0.0609934155891244,0.9862,0.9949518916394208,-0.0496492866394847,0.8862,-0.0516623382588532,0.658,0.658,0.8306721215663354,False,False,False,
Selegiline hydrochloride,42,0.1495089970129066,0.04172,0.1153196930946291,0.1718819457072609,0.0209,0.0179752438450675,0.322,0.322,0.6036113499570077,False,True,False,4.986615183837968
Selenium,42,-0.0498556053977094,0.5809,0.740516814159292,-0.0469294369341492,0.5691,-0.0205141815587217,0.468,0.468,0.7083952347582342,False,False,False,11.557158279099356
Selenium sulfide,42,0.341801459065979,0.00115,0.009,0.3577473953997725,0.0006,0.330700951571458,0.018,0.01147,0.3678171428571428,False,True,True,3.223084329871379
Semaglutide,42,-0.0266649151555925,0.4852,0.6591396226415095,0.0301111176473759,0.259,-0.0458389536068866,0.675,0.675,0.8411059907834102,False,False,False,2.2939858429470696
Senna,42,0.2813460900485865,0.00274,0.0158670241286863,0.3291214108176896,0.0005,0.2619490720532823,0.005,0.00504,0.25008,False,True,True,2.2475292693661144
Sennosides,42,0.1894272656567888,0.02063,0.0690865116279069,0.1445509002921284,0.0439,0.0087461808881374,0.38,0.38,0.6382581648522551,False,True,False,2.359092013793511
Sertraline hydrochloride,42,0.2788282430524318,0.00208,0.0136145454545454,0.2883032878092473,0.0019,0.1087255668149562,0.157,0.157,0.4891603053435114,False,True,True,1.2676002692033967
Sevelamer,42,0.2521124938458013,0.0054,0.0254588235294117,0.2117329630086396,0.0095,0.2684708922150963,0.04,0.03868,0.4649999999999999,False,True,True,4.339837835032029
Shingles (H/Z),42,-0.0116771299510781,0.4176,0.5961771315267681,0.0571714136995102,0.1654,-0.1655121386424354,0.982,0.982,0.9934988290398126,False,False,False,5.027258093586353
Sildenafil (Erectile Dysfunction),42,0.0825426957246701,0.1419,0.2748914798206278,0.0369211678678184,0.2408,0.0468153914055903,0.275,0.275,0.5598491988689915,False,False,False,1.2255417420194377
Sildenafil(Vasodilator Antihypertensive),42,0.21365870937823,0.01255,0.048063829787234,0.1815423617174252,0.0219,0.0823924556042451,0.13,0.13,0.4891603053435114,False,True,True,3.979408176982755
Silk Garments,42,0.1598549388919755,0.03682,0.1057595744680851,0.1794063212929527,0.0197,0.1036706297265449,0.178,0.178,0.4891603053435114,False,True,False,10.288994745031616
Silver nitrate,42,0.2270427992267374,0.00899,0.0374150289017341,0.3097158009517662,0.0019,0.222109499845125,0.009,0.01076,0.3678171428571428,False,True,True,3.185801208883277
Silver sulfadiazine,42,0.1041100178479859,0.077,0.1765605095541401,0.1407114281072663,0.0395,0.2619837226693964,0.045,0.04286,0.4649999999999999,False,False,False,4.420665928633985
Simeticone,42,0.2060650216223945,0.0109,0.042963503649635,0.1943788817617968,0.0105,0.291169002981389,0.031,0.02809,0.4649999999999999,False,True,True,2.98065858438931
Simple,42,0.1957016049113998,0.00972,0.0396135849056603,0.138507782657137,0.0247,0.2073385961975373,0.052,0.052,0.4649999999999999,False,True,True,9.124936137688623
Simvastatin,42,0.1182810940153575,0.0763,0.175889007470651,0.1339214899136386,0.0567,0.0059035884271461,0.441,0.441,0.6872727272727274,False,False,False,1.5629286293068452
Simvastatin and ezetimibe,42,0.2282256513991248,0.00672,0.0300521739130434,0.1981014468698554,0.0122,0.1088481013976468,0.122,0.122,0.4891603053435114,False,True,True,5.284519105868986
Siponimod,4,0.0204619589850177,0.107,0.223953488372093,0.0198249315836286,0.1079,-0.1757325666851042,0.988,0.988,0.9967678654834188,False,False,False,
Sirolimus,42,0.4900223793018038,4e-05,0.0008470588235294,0.3904117153757737,0.0003,0.2198726173256656,0.055,0.055,0.4649999999999999,False,True,True,11.236854139747921
Sitagliptin,42,0.4755012966305335,8e-05,0.0012342857142857,0.7097342086172582,0.0001,0.189624209487401,0.073,0.073,0.4775879396984924,False,True,True,4.555321074848728
"Skin Adhesive, Sterile",42,0.4333101953614823,0.00021,0.0025483146067415,0.3193738515531968,0.001,0.1676048170320441,0.102,0.102,0.4891603053435114,True,True,True,48.00339748260438
"Skin Closure Strips, Sterile",42,0.4145797993956127,0.00016,0.0020945454545454,0.4337429386679031,0.0002,0.0827178108689142,0.179,0.179,0.4906598984771573,False,True,True,4.877117843259669
Skin Fillers And Protectives,42,-0.100792196349752,0.8597,0.9254529147982062,-0.1220663374964145,0.9292,0.6761972561389094,0.001,1e-05,0.0216,True,False,False,2.75332699725502
Skin Protectors,42,-0.095316938601759,0.9922,0.996707192575406,-0.0713388222828312,0.8835,0.6567667950826616,0.003,0.00142,0.1386,True,False,False,10.776768403170559
"Skin protectives,fillers and cleansers",8,-0.0333930001793107,0.4454,0.6198865979381444,-0.0420522889004334,0.6018,-0.0421054578902609,0.578,0.578,0.7764179104477612,True,False,False,
Sodium aurothiomalate,4,-0.0843340661998357,0.9944,0.996707192575406,-0.0663655882979103,0.8771,0.13837299695028,0.117,0.117,0.4891603053435114,False,False,False,
Sodium benzoate,37,-0.0610678757973833,0.6307,0.7846302472685451,-0.0407507448887919,0.5324,-0.0473982047606276,0.621,0.621,0.8095111647555823,False,False,False,1180.0756524001888
Sodium bicarbonate,42,0.5030412891079477,2e-05,0.0004595744680851,0.6977530136699164,0.0001,0.1439558458072667,0.11,0.11,0.4891603053435114,False,True,True,3.4056129053672968
Sodium chloride,42,0.4824924247577481,1e-05,0.0003176470588235,0.2775184303514062,0.0024,-0.015297571228797,0.536,0.536,0.7478529980657641,False,True,True,1.894403755057444
Sodium citrate,42,0.048884783304742,0.2145,0.3691792828685259,-0.1360132011535998,0.9045,0.0362467618189436,0.282,0.282,0.5674745605920444,False,False,False,4.449428652396153
Sodium citrate (Rectal),42,0.2725346307155317,0.00376,0.0200039408866995,0.2222702532644224,0.0085,0.0255156841405067,0.356,0.356,0.6266992665036675,False,True,True,1.9276563826960162
Sodium clodronate,42,-0.0278055906195185,0.4306,0.6075088177661659,-0.0492418836178029,0.578,-0.034766769026765,0.525,0.525,0.7445830597504924,False,False,False,4.427091340184782
Sodium cromoglicate,42,0.2886967403753426,0.00288,0.0163275590551181,0.3603300908812126,0.0007,0.281184824337218,0.035,0.0277,0.4649999999999999,False,True,True,2.2600846102918997
Sodium dihydrogen phosphate dihydrate,25,0.4051922921318081,0.0007,0.0063529411764705,0.3513987265857023,0.0014,-0.0319871523979079,0.532,0.532,0.7478529980657641,False,True,True,
Sodium feredetate,42,0.1986725567026886,0.0183,0.0636521739130434,0.1366412645636723,0.0487,0.2111546291334344,0.056,0.056,0.4649999999999999,False,True,False,3.5598587696254604
Sodium fluoride,42,0.5021319401193973,1e-05,0.0003176470588235,0.5613057202727957,0.0001,0.237565541755803,0.018,0.02217,0.4649999999999999,False,True,True,1.99591807422969
Sodium fusidate,42,0.2316986226181116,0.00583,0.0270231759656652,0.23917557719387,0.0044,0.0538842712635402,0.211,0.211,0.5097986577181208,False,True,True,4.466283323535179
Sodium hypochlorite,19,0.0573165499705228,0.1674,0.3090461538461538,0.0542606638162137,0.1625,-0.0654125473979148,0.672,0.672,0.8395141700404858,False,False,False,
Sodium lactate,9,-0.0028457662363672,0.2701,0.4393192771084337,-0.047972930479504,0.5291,0.00237933949468,0.409,0.409,0.6637415477084898,False,False,False,
Sodium oxybate,42,0.2406702016924577,0.00762,0.0331171026156941,0.2106563218225174,0.0098,0.1022988935049522,0.164,0.164,0.4891603053435114,False,True,True,49.39381638083304
Sodium phenylbutyrate,9,-0.0693272544035418,0.906,0.953176241480039,-0.0317282916353526,0.3048,-0.1242322612142437,0.883,0.883,0.9613306451612904,False,False,False,
Sodium picosulfate,42,0.1867449700453815,0.01182,0.0456729874776386,0.348370508059395,0.0002,0.0782299554636718,0.182,0.182,0.4912731767614338,False,True,True,2.677551350104206
Sodium polystyrene sulfonate,41,-0.0085664075324996,0.3873,0.5636363636363636,-0.088954936479195,0.7719,0.1748473223581702,0.084,0.084,0.4775879396984924,False,False,False,42.25020117547148
Sodium tetradecyl sulphate,4,-0.0152773359782388,0.2252,0.3833191489361702,-0.0374016751346009,0.6669,-0.0024951082313793,0.412,0.412,0.6656095736724008,False,False,False,
Sodium valproate,42,0.4164261775808134,6e-05,0.0010536585365853,0.5924929654742254,0.0001,0.2290012899272968,0.038,0.04159,0.4649999999999999,False,True,True,1.7071136874638977
Sodium zirconium cyclosilicate,42,0.0254126184056561,0.2774,0.4488017950635751,-0.0213473978615456,0.4454,0.0429522222881472,0.283,0.283,0.5674745605920444,False,False,False,12.277110869958245
Sofosbuvir/ledipasvir,3,0.1498303645724115,0.026,0.080573888091822,-0.0182861772909286,0.2601,-0.106891031926516,0.832,0.832,0.9244444444444444,False,True,False,
Sofosbuvir/velpatasvir,10,-0.024241352323033,0.4623,0.6371242829827916,-0.0226677596839527,0.4495,-0.1120316500564542,0.882,0.882,0.9607261724659608,False,False,False,
Sofosbuvir/velpatasvir/voxilaprevir,1,-0.0321138211382113,0.7898,0.8945820660723649,-0.0182926829268292,0.3369,-0.1397462835310202,0.96,0.96,0.9879866730128508,False,False,False,
Soft soap,5,0.0225654094932459,0.1202,0.2451671388101983,0.0445193612775738,0.0503,-0.0333564214271036,0.515,0.515,0.7366887417218544,False,False,False,
Solifenacin,42,-0.0757971593109713,0.6832,0.8257046979865771,-0.0735524425684038,0.6854,0.1287316013319157,0.081,0.081,0.4775879396984924,False,False,False,1.5495460489520811
Solifenacin/tamsulosin,42,-0.0927574608566379,0.7664,0.879141795007966,-0.1329997340274733,0.9099,0.0167877461186144,0.333,0.333,0.6098393913778529,False,False,False,8.383528888054773
Soluble insulin (Neutral insulin),42,0.1871395263788557,0.02298,0.0745151424287856,0.1711248057456449,0.0253,0.0936748849244921,0.155,0.155,0.4891603053435114,False,True,False,4.748586174521226
Somapacitan,1,-0.0305845915602013,0.7125,0.8461880153930732,-0.0121951219512195,0.2838,-0.0982701008776507,0.808,0.808,0.909,False,False,False,
Somatrogon,11,0.0578528453084771,0.1108,0.2299020172910663,0.0612201737907235,0.0946,-0.0060235987254914,0.431,0.431,0.6770618181818182,False,False,False,
Somatropin,42,-0.0175903376503666,0.4468,0.6206353697749196,0.0780884064093122,0.1321,0.0725545616383126,0.193,0.193,0.4947343565525384,False,False,False,33.364650384754874
Sorafenib,1,-0.0173054587688733,0.3076,0.4818100072516316,-0.0304878048780487,0.8123,-0.0134878345052884,0.431,0.431,0.6770618181818182,False,False,False,
Sotalol hydrochloride,42,0.1838749766623597,0.01269,0.0484282685512367,0.1650983520773855,0.0174,0.0103770317536381,0.378,0.378,0.637875,False,True,True,3.280047128903648
Specialist food replacer 3:1 bread (0913181),41,0.0755268041919708,0.1486,0.2840495575221239,0.0609546476148084,0.1666,0.0397499233294627,0.298,0.298,0.5814634146341463,False,False,False,25.91240953407382
Specialist food replacer 3:1 breakfast cereal (0913181),41,0.0670047077365103,0.1422,0.2752258064516129,0.0534356101073473,0.1618,-0.033931464076764,0.548,0.548,0.7563450479233227,False,False,False,7.430872046356923
Specialist food replacer 3:1 confectionery (0913181),42,0.1914693189949484,0.02156,0.071977743431221,0.1563435586002372,0.0362,-0.017107232165528,0.524,0.524,0.7441420118343196,False,True,False,13.115702795333661
Specialist food replacer 3:1 ready meal (0913181),39,-0.1502085956452709,0.9242,0.9653152804642166,-0.1556270137028488,0.9481,-0.0360249769709117,0.574,0.574,0.7755569383945239,False,False,False,25.80774277540695
Specialist food replacer 3:1 savoury biscuit (0913181),41,0.0541555721950784,0.2017,0.3547817589576547,0.0935179821498712,0.1055,-0.0756456899523626,0.823,0.823,0.9191726990692864,False,False,False,14.231322087769101
Specialist food replacer 4.3:1 flour type mixes (0913181),24,-0.001179272521797,0.2883,0.4610554323725055,-0.0189944595473091,0.4093,-0.1460877718056514,0.962,0.962,0.9885442435775452,False,False,False,
Specialist food replacer 4.5:1 flour type mixes (0913181),26,-0.0538372054742712,0.673,0.8183217097862766,-0.0738031333161319,0.8389,-0.148988000706944,0.97,0.97,0.9894915254237288,False,False,False,
Specialist food replacer 4.8:1 confectionary (0913181),36,0.0877398037697813,0.1236,0.2501797752808989,0.1003824614920417,0.0884,0.0535685739246034,0.244,0.244,0.5411088295687885,False,False,False,
Specialist food replacer OTC or disc bread (0913461),14,0.1547895162948976,0.03695,0.1059920318725099,0.1591829581039915,0.0287,0.0139662449254303,0.341,0.341,0.6145757071547421,False,True,False,
Specialist food replacer OTC or disc pasta (0913461),11,0.1932745649978797,0.02416,0.0764064421669106,0.2858029040509037,0.0023,-0.0160418131308151,0.458,0.458,0.7006232294617565,False,True,False,
Specialist food replacer OTC pasta (0913461),7,-0.1618386292820384,0.9936,0.996707192575406,-0.0854503940384046,0.7565,-0.1409789707800231,0.923,0.923,0.9772941176470588,False,False,False,
Specialist food replacer OTC pizza bases (0913461),7,0.1734657712140345,0.02557,0.0796987012987013,0.0872426129220988,0.0827,0.1256484199780516,0.125,0.125,0.4891603053435114,False,True,False,
Specialist food replacer OTC/disc breakfast cereal (0913461),11,-0.103879854074732,0.7974,0.8989478079331942,-0.0132074595919206,0.4025,-0.0704656061539067,0.716,0.716,0.864,False,False,False,
Specialist food replacer OTC/disc flour additives (0913461),25,0.3393102808645862,0.00126,0.0095160839160839,0.2959229122124758,0.0024,0.0137616075195213,0.366,0.366,0.6314376996805111,False,True,True,
Specialist food replacer OTC/disc flour type mixes (0913461),14,-0.0293392132550044,0.4282,0.6062984293193717,-0.0320976967059613,0.4681,-0.0668391149582487,0.661,0.661,0.8329988331388565,False,False,False,
Specialist food replacer OTC/disc rolls/baguettes (0913461),17,0.0147054197515692,0.2321,0.3932047058823529,-0.0539158403474829,0.6286,0.0660739528622908,0.187,0.187,0.4919853836784409,False,False,False,
Specialist food replacer OTC/disc savoury biscuits (0913461),2,-0.0335304615330902,0.6972,0.8357114317425083,-0.0344781099000993,0.6981,-0.1468101650535815,0.97,0.97,0.9894915254237288,False,False,False,
Specialist food replacer OTC/disc sweet biscuits (0913461),3,0.0563027520405604,0.1305,0.26071719038817,0.1180735884765935,0.0678,0.064953060161891,0.196,0.196,0.4976842105263158,False,False,False,
Specialist food replacer bread (0913261),42,-0.0221495647398081,0.4478,0.620844130853111,-0.0071878321763165,0.1469,-0.1354048609469616,0.943,0.943,0.986086956521739,False,False,False,4.008064043046952
Specialist food replacer bread (0913271),42,0.0657597658986577,0.1746,0.318527027027027,0.1326418075420543,0.0594,0.0511870378197138,0.183,0.183,0.4912731767614338,False,False,False,61.73914118282483
Specialist food replacer breakfast cereal (0913261),42,-0.0635027485886383,0.9317,0.9715311143270622,-0.0455985050406006,0.6227,0.0214305269116371,0.332,0.332,0.6092778249787596,False,False,False,8.45972805784512
Specialist food replacer cake mix (0913261),42,0.0437699489936781,0.1848,0.333195325542571,0.0299758732553209,0.2151,-0.0633986116326648,0.668,0.668,0.8374230992455021,False,False,False,8.665758422681625
Specialist food replacer cakes (0913261),42,-0.0359903070733911,0.7963,0.8986457680250783,-0.0198915039804746,0.4059,-0.1397264788401977,0.95,0.95,0.9879634087626384,False,False,False,16.66965064473924
Specialist food replacer confectionery (0913261),42,0.0967213171531071,0.0603,0.1491958762886598,0.0669292486453998,0.08,-0.1501651531908474,0.972,0.972,0.9894915254237288,False,False,False,7.1812243172868016
Specialist food replacer desserts (0913261),42,-0.0233917718855668,0.4875,0.6601728240450846,-0.0044318898556813,0.1017,-0.1392072378432826,0.961,0.961,0.9879866730128508,False,False,False,24.58192282764678
Specialist food replacer egg (0913261),39,-0.0644488801369496,0.954,0.9815007132667618,-0.0464943321961512,0.6731,0.0289058589751152,0.305,0.305,0.589794091316025,False,False,False,13.770957946121127
Specialist food replacer flour type mixes (0913261),42,0.0007047380532464,0.2902,0.4626066420664206,0.0008271970875946,0.3054,-0.0326424334298471,0.535,0.535,0.7478529980657641,False,False,False,7.378234458349241
Specialist food replacer flour type mixes (0913271),42,0.0702704887813437,0.1593,0.2986875,0.1355866063543381,0.051,0.0611436782939341,0.185,0.185,0.4919853836784409,False,False,False,70.16779586591171
Specialist food replacer meat/fish (0913261),42,-0.027582072505933,0.6034,0.7614252336448599,-0.0116431895291956,0.2257,-0.1420726690294515,0.971,0.971,0.9894915254237288,False,False,False,7.051077275928644
Specialist food replacer milk (0913261),42,-0.049775291837938,0.5716,0.7332227488151658,-0.0317056888439788,0.3302,0.0121835884281276,0.364,0.364,0.6305052125100241,False,False,False,4.060767199048356
Specialist food replacer pasta (0913261),42,-0.0701303410427986,0.9722,0.987283497884344,-0.0457713630850285,0.5973,0.0174620610890806,0.337,0.337,0.6122119428090833,False,False,False,4.021195858047779
Specialist food replacer pizza bases (0913261),42,-0.0253346919670089,0.5422,0.7100509090909092,-0.0096665389117316,0.1797,-0.1418050641880892,0.969,0.969,0.9894915254237288,False,False,False,3.8636965880397014
Specialist food replacer ready meals (0913261),42,-0.0203259862602188,0.3822,0.559609756097561,-0.0024339517617396,0.097,-0.1279205328001019,0.945,0.945,0.986086956521739,False,False,False,7.0855691995713075
Specialist food replacer rice/cous cous (0913261),42,-0.074689517083161,0.9689,0.985728813559322,-0.0487345643555356,0.5854,-0.0087390794662723,0.429,0.429,0.6768736303871439,False,False,False,4.83543870174785
Specialist food replacer rolls/baguettes (0913261),42,-0.0230011421594687,0.4665,0.6414003819223425,-0.0095192976263637,0.2001,-0.137735503441017,0.953,0.953,0.9879866730128508,False,False,False,10.598387217094107
Specialist food replacer rolls/baguettes (0913271),42,0.0142509332229881,0.3198,0.4969553956834531,0.0043148964546319,0.3597,0.0459308076499665,0.246,0.246,0.5427466937945066,False,False,False,152.00374631032236
Specialist food replacer sauces (0913261),27,-0.0259409692815169,0.5007,0.6731194029850747,-0.0067253999766568,0.2094,-0.1400011623738415,0.956,0.956,0.9879866730128508,False,False,False,
Specialist food replacer savoury biscuits (0913261),42,-0.0470147269222705,0.9626,0.9847840909090908,-0.033270624194842,0.7032,0.0780222041963041,0.168,0.168,0.4891603053435114,False,False,False,5.922264693651492
Specialist food replacer savoury snacks (0913261),42,0.1417170216829373,0.0586,0.1461616628175519,0.0987028529317076,0.0762,-0.145134887072203,0.954,0.954,0.9879866730128508,False,False,False,11.226162913850537
Specialist food replacer soup (0913261),37,-0.0237310193559357,0.4881,0.6601728240450846,-0.0070940666903471,0.1607,-0.1395914501593074,0.953,0.953,0.9879866730128508,False,False,False,342.8394613392476
Specialist food replacer spreads (0913261),35,-0.0187734418337589,0.3426,0.5178558432470259,-0.0042989993897682,0.0923,-0.138920041107344,0.953,0.953,0.9879866730128508,False,False,False,
Specialist food replacer sweet biscuits (0913261),42,-0.0262572699348409,0.5644,0.7265220500595948,-0.0112711381274121,0.2124,-0.1379982144752694,0.949,0.949,0.9879634087626384,False,False,False,6.4044527048935125
Spironolactone,42,0.1912694562693619,0.01942,0.0664773375594294,0.2398315135279059,0.0065,0.0046314604120977,0.407,0.407,0.6619879518072288,False,True,False,1.583378270043313
Spironolactone with loop diuretics,42,0.1436623132488861,0.04995,0.1296778846153846,0.1075648677286567,0.0785,-0.0233619721430544,0.532,0.532,0.7478529980657641,False,True,False,18.277672431314564
Squill,35,0.359430280912198,0.00073,0.0064975609756097,0.468896268587018,0.0001,0.1622987735992394,0.089,0.089,0.4782089552238805,False,True,True,
Ster larvae,38,0.1555878452675244,0.0396,0.1106545924967658,0.2130665116260153,0.0128,0.0744355218464943,0.197,0.197,0.4976842105263158,False,True,False,39.03219658798552
Sterculia,42,0.1731488296254772,0.02694,0.083367335243553,0.1292223370527241,0.0536,0.2258983387203141,0.04,0.04292,0.4649999999999999,False,True,False,6.014356987417571
Sterile water,40,0.0806610528427594,0.0736,0.1724723726977248,0.0864825941677392,0.0613,0.1257990385963297,0.117,0.117,0.4891603053435114,False,False,False,49.3806396011183
Stiripentol,42,0.3721933926794624,0.00024,0.0028327868852459,0.4091673118575101,0.0004,0.103727548283056,0.111,0.111,0.4891603053435114,False,True,True,5.439401753270402
Stockinette,42,0.2092408351917445,0.01431,0.0522121621621621,0.2250587884322311,0.0074,0.0757625032456135,0.21,0.21,0.5097986577181208,False,True,False,6.2912688983058125
Stoma Caps/Dressings,42,-0.0954559875854068,0.9722,0.987283497884344,-0.0617856250085239,0.7463,0.6450052184774695,0.003,0.00148,0.1386,True,False,False,33.9841114577925
Strontium ranelate,42,0.0863282673584943,0.1201,0.2451671388101983,0.0931707739396571,0.096,-0.0565317965598681,0.676,0.676,0.8411059907834102,False,False,False,12.052671760721022
Sucralfate,42,0.0979672201132794,0.104,0.2195894428152492,0.1601132235758249,0.0311,0.0778573349003804,0.145,0.145,0.4891603053435114,False,False,False,4.246962439799256
Sucrase,6,-0.0672499609829219,0.7377,0.863180931744312,-0.0553828323683327,0.6061,0.5814489679465901,0.001,0.00397,0.22842,False,False,False,
Sucroferric oxyhydroxide,36,0.0639196168216985,0.1443,0.2776868327402135,0.0213838335137042,0.2557,0.1015499816552338,0.148,0.148,0.4891603053435114,False,False,False,
Sulfadiazine,41,0.3080766368162662,0.00221,0.0140431486880466,0.3178342156966022,0.0012,-0.1283364913952122,0.916,0.916,0.9717878192534382,False,True,True,20.5825165508813
Sulfapyridine,12,-0.05611594372263,0.598,0.7562529274004682,-0.0558713414397147,0.6188,-0.0152193970858131,0.451,0.451,0.6958285714285715,False,False,False,
Sulfasalazine,42,0.2592012465439023,0.00416,0.0211924528301886,0.4311997843926374,0.0002,0.1812697153674767,0.026,0.0274,0.4649999999999999,False,True,True,1.7911816539257885
Sulfinpyrazone,5,-0.0563790651683228,0.6096,0.7673286713286714,0.033965026462476,0.1603,-0.0326061095977752,0.537,0.537,0.7478529980657641,False,False,False,
Sulfur,31,0.1560399872663558,0.03669,0.1055264980026631,0.1880541878329479,0.0186,-0.1199211667570501,0.904,0.904,0.9666534653465348,False,True,False,
Sulindac,42,0.11697639696435,0.0746,0.1740129589632829,0.096678493969937,0.0978,0.0283490085425589,0.334,0.334,0.6098393913778529,False,False,False,15.11786497294535
Sulpiride,42,0.1410650219432776,0.052,0.1335552913198573,0.1479897326832278,0.0394,0.0747183961045722,0.169,0.169,0.4891603053435114,False,False,False,3.1988418895248563
Sultiame,17,-0.0357681931578347,0.4945,0.6679924953095684,-0.0525909083224234,0.5949,0.0469088684843973,0.247,0.247,0.5427466937945066,False,False,False,
Sumatriptan succinate,42,0.0911343967068028,0.119,0.2436398104265402,-0.0435988861705801,0.5566,0.1396493336111382,0.072,0.072,0.4775879396984924,False,False,False,1.2585159699437374
Sumatriptan succinate/Naproxen sodium,21,0.0198176501602316,0.3074,0.4818100072516316,0.0219057676911398,0.2833,-0.1536299281763277,0.976,0.976,0.9906766917293232,False,False,False,
Surgical Adhesive Tape,42,0.1272951886451537,0.0573,0.1444200700116686,0.1241514552273237,0.056,0.094517203341092,0.167,0.167,0.4891603053435114,True,False,False,5.11963122869
Surgical Sutures,42,0.0976571321694311,0.0975,0.2089285714285714,0.0249684333090302,0.2639,0.1004795684410747,0.15,0.15,0.4891603053435114,False,False,False,2.949813840458883
Suspensory Systems,42,-0.0233690364054878,0.3964,0.5731084337349397,0.0569575764750113,0.1358,0.4348121539767999,0.021,0.02231,0.4649999999999999,True,False,False,32.577177681096565
Swabs,42,-0.1190552076962053,0.9182,0.9618014527845036,-0.1208745987371427,0.9276,0.09737169239867,0.11,0.11,0.4891603053435114,False,False,False,5.543012902326091
T/F fortifier non ACBS 0.9kcal/ml h/prot plant based liquid,39,-0.0202687015923582,0.3844,0.561395537525355,-0.0111468966293597,0.2193,0.0839192129708766,0.156,0.156,0.4891603053435114,False,False,False,70.77029815740299
Tablet 73g protein equivalent per 100g (0913206),8,-0.0478624526921684,0.5049,0.6773813664596273,-0.0679440409344591,0.7208,-0.1233488876268357,0.891,0.891,0.9620349127182044,False,False,False,
Tablet OTC probiotic (0913531),8,-0.0031758581128552,0.325,0.5025053686471009,-0.004780626495961,0.3436,-0.1182628484448383,0.86,0.86,0.9472718001019887,False,False,False,
Tablets 56g protein equivalent per 100g (0913205),30,-0.0382805252356372,0.8708,0.9326105054509416,-0.0260426777476028,0.5149,0.0811953313120701,0.164,0.164,0.4891603053435114,False,False,False,
Tablets 62g protein equivalent per 100g (0913205),20,-0.0359396651975749,0.6076,0.7657036172695451,-0.0208975292563536,0.431,-0.1300901064153219,0.936,0.936,0.9828682547399126,False,False,False,
Tablets 71g protein equivalent per 100g (0913205),35,-0.0021536701622317,0.2091,0.3642387096774193,0.0136504512249858,0.0978,-0.141838491483488,0.959,0.959,0.9879866730128508,False,False,False,
Tablets OTC glucose for diabetic hypo treatment (0913541),42,0.0052517616323189,0.3549,0.5319805690492713,0.0241789966814643,0.275,-0.0287080261710392,0.543,0.543,0.7518461538461539,False,False,False,5.05864854444152
Tablets/capsules micronutrient supplement (0913282),42,0.1328411391322402,0.0648,0.1577993235625704,0.2389525469408706,0.0067,0.1060682669192458,0.086,0.086,0.4775879396984924,False,False,False,1.9934453858937355
Tablets/capsules micronutrient supplement (0913284),40,-0.0378423855822736,0.7974,0.8989478079331942,-0.0229463759597651,0.4686,0.0788863046677006,0.165,0.165,0.4891603053435114,False,False,False,8.651603223137736
Tabs/Caps OTC cond specific vitamin & mineral supp (0913471),4,0.1910079235099468,0.01279,0.0485525483304042,0.2420305337383428,0.006,-0.1984528918670234,0.997,0.997,1.0,False,True,True,
Tabs/Caps OTC cond specific vitamin & mineral supp (0913472),2,-0.057876891798163,0.8335,0.9111133603238868,-0.0607794784618584,0.8594,0.0021780856029753,0.379,0.379,0.6380670303975058,False,False,False,
Tabs/Caps OTC cond specific vitamin & mineral supp (0913473),42,0.5894426716969513,1e-05,0.0003176470588235,0.5532975073462106,0.0001,0.0156019524388117,0.396,0.396,0.655448275862069,False,True,True,29.45489547334433
Tacalcitol,42,0.1129318342423707,0.02955,0.0896460674157303,0.1266441600264352,0.0165,-0.1135642978030773,0.866,0.866,0.9509710218607016,False,True,False,4.310026242309624
Tacrolimus,42,0.3273377091860808,0.00057,0.0054237885462555,0.4196528206690119,0.0003,0.2111339140790823,0.018,0.01903,0.4649999999999999,False,True,True,3.0331553176610724
Tadalafil,42,0.3652484659244677,0.00023,0.0027447513812154,0.4276844983312537,0.0002,0.2348555683002226,0.002,0.00435,0.229170731707317,False,True,True,1.6423664090343295
Tadalafil (Vasodilator Antihypertensive),5,-0.0113035964106641,0.2476,0.4129853281853281,-0.0604267477240915,0.7462,0.0125715654847369,0.362,0.362,0.6292776886035313,False,False,False,
Tafamidis,1,-0.0181184668989547,0.3397,0.5163631245601689,-0.0426829268292683,0.9288,0.0448398352830346,0.263,0.263,0.552069970845481,False,False,False,
Tafluprost,42,0.4906136318348789,1e-05,0.0003176470588235,0.2868027211158934,0.0032,0.024098127904792,0.353,0.353,0.6234505314799672,False,True,True,3.776200550375512
Tafluprost and timolol,42,0.2466071496484281,0.00756,0.0330558704453441,0.0851283031775501,0.1061,-0.077940726165445,0.753,0.753,0.8829967426710098,False,True,True,9.32132241720834
Tamoxifen citrate,42,0.2599033737942176,0.00455,0.0225931034482758,0.2096462363283121,0.0121,0.0421112379710387,0.289,0.289,0.5721723189734189,False,True,True,2.046445931430938
Tamsulosin and dutasteride hydrochloride,42,-0.0601415902282866,0.6426,0.7922465753424657,0.1062275792971263,0.0633,0.0438357362849287,0.235,0.235,0.5360084477296726,False,False,False,6.875073520623214
Tamsulosin hydrochloride,42,0.3175543161632234,0.00103,0.0084272727272727,0.2596629987605388,0.004,0.1563899064224853,0.052,0.052,0.4649999999999999,False,True,True,1.4266280535393538
Tapentadol,42,0.2191314324317048,0.01337,0.0499640138408304,0.1644395512817352,0.0301,-0.0514274329672791,0.682,0.682,0.8451635111876077,False,True,True,12.01635390045692
Tapentadol hydrochloride,42,0.1958601509958338,0.02063,0.0690865116279069,0.1549777242864116,0.0359,-0.0488648118059286,0.653,0.653,0.8296941176470588,False,True,False,10.331110313559764
Tapentadol phosphate,42,0.2263898580308629,0.01044,0.0417227356746765,0.245409146677012,0.0055,-0.0298841824989068,0.548,0.548,0.7563450479233227,False,True,True,23.970152601231764
Tapentadol phosphate (old),32,0.3294719012982195,0.00191,0.0128925,0.3630008865653748,0.0007,0.1104338685638127,0.137,0.137,0.4891603053435114,False,True,True,
Tars,42,0.2239783721007612,0.00912,0.0378830769230769,0.125506010911887,0.0618,0.170382724389807,0.067,0.067,0.4729411764705882,False,True,True,2.882562909007413
Taurine,18,0.3250802432713634,0.00272,0.0158361185983827,0.3618213086806204,0.0005,-0.1335595471131299,0.9,0.9,0.9647642679900744,False,True,True,
Tazarotene,33,0.3272937737453029,0.00147,0.010727027027027,0.4290058267045791,0.0001,0.0216499791496179,0.325,0.325,0.6036113499570077,False,True,True,
Teicoplanin,36,-0.0372115564910825,0.799,0.8989875,-0.0354838343717534,0.7387,0.0131120896959922,0.379,0.379,0.6380670303975058,False,False,False,
Telmisartan,42,0.0852842258656978,0.122,0.2483694627709707,0.0372706624375728,0.2331,-0.035226929888213,0.553,0.553,0.7617059197963082,False,False,False,3.4033958174851158
Telmisartan with diuretic,42,0.2690885080788606,0.0032,0.0175431472081218,0.3224736482148422,0.0008,0.1146960082654001,0.094,0.094,0.4857416267942583,False,True,True,3.6273912239962387
Telotristat ethyl,2,0.1313248322522042,0.0796,0.180794952681388,0.2061865707204772,0.0294,0.0860256645089496,0.166,0.166,0.4891603053435114,False,False,False,
Temazepam,42,0.0388203613171486,0.2514,0.4177107692307692,0.0509360830097067,0.1904,0.0233427236176488,0.324,0.324,0.6036113499570077,False,False,False,2.0974203309712145
Temocillin sodium,3,-0.0854412222247604,0.8361,0.9121090909090908,-0.0610689056379534,0.5545,-0.1217637199733067,0.887,0.887,0.9620349127182044,False,False,False,
Temoporfin,1,-0.0132113821138211,0.1444,0.2776868327402135,-0.0304878048780487,0.8155,0.0209318437324042,0.342,0.342,0.6145757071547421,False,False,False,
Temozolomide,5,0.1254662022370835,0.0598,0.1481284403669724,0.188632445874221,0.0159,-0.0472939068697233,0.599,0.599,0.7942541436464088,False,False,False,
Tenofovir alafenamide,10,-0.0160546583597494,0.3324,0.5106571834992887,0.0247736464979331,0.1925,-0.0240810717926209,0.496,0.496,0.724871447902571,False,False,False,
Tenofovir disoproxil,42,0.0751934593771202,0.136,0.268029197080292,0.0159490062573571,0.285,0.101964740273554,0.174,0.174,0.4891603053435114,False,False,False,12.660017265484639
Tenoxicam,34,-0.0206984660727726,0.4467,0.6206353697749196,-0.0314340838296358,0.4909,-0.077105979283373,0.738,0.738,0.8744267690619857,False,False,False,
Terazosin hydrochloride,42,0.0804441569557062,0.1352,0.2671838975297346,0.169797946704483,0.0323,0.0835001191622332,0.169,0.169,0.4891603053435114,False,False,False,3.496001960826021
Terbinafine hydrochloride,42,0.2097643319844631,0.01382,0.0511150684931506,0.2396136112803712,0.0069,0.1570036217389389,0.04,0.04349,0.4649999999999999,False,True,False,1.641913500742277
Terbutaline sulphate,42,0.6062356022816163,1e-05,0.0003176470588235,0.6365224781784217,0.0001,-0.0520372602369131,0.686,0.686,0.8486597938144331,False,True,True,2.1073772848827406
Teriflunomide,6,-0.034445959611677,0.4709,0.6444433185560482,-0.0095700993053006,0.2562,-0.1143038252435848,0.858,0.858,0.9460336906584992,False,False,False,
Teriparatide,31,0.1740871452978104,0.03146,0.0939779005524862,0.0732602719179269,0.1302,-0.1111235139921639,0.857,0.857,0.9454136874361592,False,True,False,
Testosterone,42,0.3836471384162115,0.00011,0.0016054054054054,0.3018769286277492,0.0011,0.0345786244497929,0.289,0.289,0.5721723189734189,False,True,True,1.5529015312920196
Testosterone enantate,42,-0.0014436331067753,0.3854,0.5620958811613774,0.0116959142277256,0.3269,0.2087152182261871,0.032,0.03212,0.4649999999999999,False,False,False,2.1942032024357143
Testosterone esters,42,0.2111609039074303,0.01284,0.0486568421052631,0.282245218763927,0.0026,0.1689335447039034,0.023,0.02329,0.4649999999999999,False,True,True,2.208120512366753
Testosterone propionate,33,0.2310498544476033,0.01071,0.0423692307692307,0.2848940364565691,0.0029,-0.0208316090301645,0.488,0.488,0.7195085324232081,False,True,True,
Testosterone undecanoate,42,0.3646166908411051,0.00043,0.004530731707317,0.2901078172566208,0.0017,-0.0899403024302117,0.802,0.802,0.9069738219895288,False,True,True,2.00991835445333
Tetanus immunoglobulin,36,-0.020609889761166,0.4247,0.6034082840236686,-0.0604305327926072,0.6395,-0.0585650169736607,0.657,0.657,0.8306721215663354,False,False,False,
Tetrabenazine,42,0.2903008920563937,0.00141,0.0103240677966101,0.1273655236860256,0.0506,0.0389232372045721,0.287,0.287,0.5713548387096774,False,True,True,2.3939761319809216
Tetracaine,42,-0.0586226591507146,0.6624,0.811562110039705,-0.0450599080851925,0.6037,-0.1391747487817246,0.945,0.945,0.986086956521739,False,False,False,7.961660777562266
Tetracaine hydrochloride,41,-0.0445591940677882,0.6338,0.7858037865748709,-0.0271810606358091,0.5006,-0.0900277524571175,0.785,0.785,0.897617787188989,False,False,False,6.462606652968649
Tetracosactide,35,0.1206297554054791,0.0715,0.1700881057268722,0.1357456263598682,0.049,0.1434877151997857,0.086,0.086,0.4775879396984924,False,False,False,
Tetracycline,42,0.1660587449007309,0.02999,0.090472625698324,0.0738363092019725,0.1395,0.2223385188144983,0.039,0.03525,0.4649999999999999,False,True,False,2.137778224953386
Tezacaftor/ivacaftor,4,0.3883958730969196,0.00205,0.0134589665653495,0.1576448768562939,0.029,-0.0199023519119568,0.473,0.473,0.7104867872044506,False,True,True,
Thalidomide (Antileprotic),1,-0.0136469221835075,0.214,0.3686124401913875,1.4004057425962024e-18,0.0456,-0.0287866620060516,0.47,0.47,0.70844382414515,False,False,False,
Thalidomide (Immunomodulating),14,0.0596354254012734,0.1632,0.3027708154506437,0.0796942283247914,0.1114,-0.0596862156201518,0.662,0.662,0.8332867132867133,False,False,False,
Theophylline,42,0.1729099702929744,0.02792,0.0853001414427157,0.2246591349596179,0.0084,0.0439941528668945,0.314,0.314,0.5970422535211267,False,True,False,2.01293276178697
Thiamine hydrochloride,42,0.1859936108841219,0.02301,0.0745151424287856,0.2076884328138223,0.0109,0.1080847798968057,0.127,0.127,0.4891603053435114,False,True,False,1.9481634484959296
Thioridazine,8,0.0593357811612072,0.0623,0.1530921501706484,0.0296922178375015,0.1011,-0.1249708730453974,0.902,0.902,0.9654707631318138,False,False,False,
Thyrotropin alfa,3,0.0191492635130284,0.1299,0.2602820037105751,0.0241226256534638,0.1108,0.5979889245472824,0.017,0.01601,0.4166457831325301,False,False,False,
Tiagabine,38,0.1240423443116316,0.0675,0.1630872483221476,0.0065980899021973,0.3281,-0.0845653473228883,0.778,0.778,0.8945454545454546,False,False,False,142.5758954396194
Tiaprofenic acid,40,-0.0089962888866811,0.4094,0.5875774086378738,-0.0383433193172347,0.5335,-0.132208348102099,0.943,0.943,0.986086956521739,False,False,False,26.212981819267803
Tibolone,42,0.3425551916702172,0.00074,0.0064975609756097,0.2270277722361893,0.01,0.0824882422993297,0.181,0.181,0.4911557788944723,False,True,True,2.4692859529161595
Ticagrelor,42,0.3344810836135253,0.00046,0.004776923076923,0.3555990379411946,0.0005,-0.0551277726486214,0.738,0.738,0.8744267690619857,False,True,True,3.0984551928226334
Tick-borne encephalitis vaccine,12,-0.1689475737795916,0.9709,0.986891294117647,-0.189916757067959,0.9906,-0.0942222431464231,0.774,0.774,0.8930769230769231,False,False,False,
Ticlopidine hydrochloride,1,-0.0227932636469222,0.4778,0.6507238335435057,-0.0365853658536586,0.8793,0.1974765846810396,0.069,0.069,0.4746496815286625,False,False,False,
Tigecycline,3,-0.0402394006014268,0.812,0.9069989658738368,-0.0298607354153603,0.5187,-0.166729772709641,0.987,0.987,0.9962242990654206,False,False,False,
Tildrakizumab,2,-0.0550246750971379,0.7146,0.8476309719934102,-0.0574192375272162,0.7375,0.0567321703366016,0.205,0.205,0.5054794520547945,False,False,False,
Timolol,42,0.12485716812138,0.0667,0.1615156950672645,0.1433565840558046,0.0448,0.0449286121216046,0.274,0.274,0.5588668555240793,False,False,False,1.8109238095358005
Timolol and bimatoprost,42,-0.0892572735853964,0.7345,0.8616559956592512,-0.097394004090405,0.7839,0.2375431384253527,0.008,0.01038,0.3678171428571428,False,False,False,2.2756897116707924
Timolol and brimonidine,42,0.1507430401025017,0.03727,0.1067681697612732,0.1411611107064533,0.0386,0.0033236717789577,0.408,0.408,0.6626165413533834,False,True,False,5.145887868907769
Timolol and travoprost,42,0.2176422949405724,0.01249,0.0479190053285967,0.1743800053619173,0.0248,-0.0012531842640305,0.415,0.415,0.6684563758389261,False,True,True,5.192840096886624
Timolol with diuretic,17,-0.012516098336491,0.3911,0.567344526527871,-0.0028156152493943,0.3477,-0.1567398706091732,0.954,0.954,0.9879866730128508,False,False,False,
Timothy grass pollen allergen extract,41,0.0575671945977502,0.1537,0.291476733977173,0.1024127511755243,0.0655,0.1936268598491002,0.074,0.074,0.4775879396984924,False,False,False,73.16200485135191
Tinidazole,39,0.2081158127011932,0.01323,0.0495265164644714,0.1052154536343629,0.0721,0.0289541484221591,0.317,0.317,0.5990551181102363,False,True,True,9.329688626006371
Tinzaparin sodium,42,-0.0003672382662855,0.3035,0.4779708454810495,-0.0549665747064106,0.6492,-0.0357675559976991,0.538,0.538,0.7482807469414038,False,False,False,71.39742654156318
Tioconazole,42,0.2789664241399897,0.00271,0.0158361185983827,0.1900056647641185,0.0172,0.0384566363715631,0.27,0.27,0.5586206896551724,False,True,True,4.920913746681132
Tioguanine,8,-0.0429102223175075,0.524,0.6954856093080221,-0.0205091964340414,0.4028,0.2081913865789799,0.043,0.05715,0.4649999999999999,False,False,False,
Tiopronin,6,-0.0531191544829528,0.5852,0.7444240282685514,-0.0217999194889317,0.2872,-0.144295149825727,0.95,0.95,0.9879634087626384,False,False,False,
Tiotropium bromide,42,0.3107499393544413,0.00116,0.0090454873646209,0.3239336571847857,0.0008,-0.0166379175505631,0.547,0.547,0.7559309021113244,False,True,True,1.7495252474488885
Tiotropium bromide/olodaterol,42,0.4117091972936269,8e-05,0.0012342857142857,0.3215495024085071,0.0017,0.0955223888774082,0.123,0.123,0.4891603053435114,False,True,True,3.804829598706084
Tirbanibulin,42,0.4559753223547773,6e-05,0.0010536585365853,0.4583081322562312,0.0002,-0.0097686780841262,0.452,0.452,0.696376604850214,False,True,True,15.593837888763693
Tirzepatide,42,-0.016415667235083,0.4459,0.6201828718609144,0.0107896654595161,0.3344,0.0378030059987445,0.283,0.283,0.5674745605920444,False,False,False,2.2166314162514196
Titanium dioxide,40,0.0664535370032581,0.1688,0.311098976109215,0.1104402837645333,0.0791,0.0797815185567007,0.185,0.185,0.4919853836784409,False,False,False,28.41579108185583
Tivozanib,1,-0.0089430894308942,0.04746,0.1250692682926829,-0.0060975609756097,0.147,0.1160483841809574,0.081,0.081,0.4775879396984924,False,False,False,
Tizanidine hydrochloride,42,0.0212499801536201,0.2978,0.4726289493019838,0.1016338525398764,0.0858,-0.0442557352470521,0.629,0.629,0.8155102040816327,False,False,False,2.3684359948024825
Tobramycin,42,0.1178601776601312,0.0587,0.1462422145328719,0.1053092636870567,0.0677,-0.0293461265408541,0.554,0.554,0.7617059197963082,False,False,False,50.69752669493732
Tocilizumab,10,0.0489483777714607,0.1465,0.2811641526175688,0.1279267160535257,0.0343,0.095976706850158,0.152,0.152,0.4891603053435114,False,False,False,
Tocofersolan,23,0.1882382369294683,0.02363,0.075616,0.3321063285560644,0.001,0.0959340022148678,0.178,0.178,0.4891603053435114,False,True,False,
Tocopheryl acetate,42,0.1359821029059013,0.0512,0.1318140643623361,0.1541168798636414,0.0295,-0.0755276128568516,0.807,0.807,0.909,False,False,False,3.061613383315746
Tofacitinib,11,-0.083750445735378,0.7179,0.8501447368421052,-0.1047261393261411,0.8119,-0.0199280027559005,0.514,0.514,0.7366887417218544,False,False,False,
Tolbutamide,42,-0.0074359144016916,0.3665,0.5437087912087912,-0.0315054222460742,0.5009,0.2130284312491294,0.044,0.04671,0.4649999999999999,False,False,False,24.040605535561596
Tolcapone,25,0.0406219632632387,0.1829,0.330597489539749,0.0635047834194415,0.1271,0.0829732098996001,0.187,0.187,0.4919853836784409,False,False,False,
Tolfenamic acid,42,0.1310410570928596,0.0618,0.1523835616438356,0.0601997525343608,0.1815,-0.1185822398836816,0.964,0.964,0.9891876484560568,False,False,False,3.420580998968422
Tolnaftate,40,0.0053846274755986,0.363,0.5399999999999999,-0.0537794242788891,0.6017,0.2363527946654801,0.004,0.00545,0.2559130434782609,False,False,False,30.33305608935916
Tolterodine,42,0.2601521328201414,0.004,0.0208695652173913,0.1960047430601061,0.0173,-0.0294163475827588,0.599,0.599,0.7942541436464088,False,True,True,2.043514639814429
Tolvaptan,35,-0.0156056695922637,0.4303,0.6075088177661659,-0.1228363749451706,0.886,-0.1437550436180764,0.959,0.959,0.9879866730128508,False,False,False,
Topiramate,42,0.2369240315934266,0.00665,0.0298627858627858,0.211050858636266,0.0122,0.0890497619032138,0.121,0.121,0.4891603053435114,False,True,True,1.5050315125057467
Topotecan,1,-0.0246225319396051,0.5258,0.6954856093080221,-0.0304878048780487,0.8062,-0.1216967874927097,0.928,0.928,0.9777951219512196,False,False,False,
Torasemide,42,0.1641471265554139,0.03578,0.1033219251336898,0.2436069117668667,0.0064,0.0515278692617563,0.243,0.243,0.5405561277033986,False,True,False,4.4778721590599275
Toremifene citrate,25,0.0719822209467235,0.1523,0.289774647887324,0.0668114574093301,0.1557,0.0756940920210082,0.177,0.177,0.4891603053435114,False,False,False,
Tracheostomy & Laryngectomy Appliances,42,0.1995255642763997,0.00555,0.0259480519480519,0.2425491959811774,0.0006,0.1025623904958839,0.157,0.157,0.4891603053435114,True,True,True,17.060564678248134
Tramadol hydrochloride,42,0.5004283128126835,2e-05,0.0004595744680851,0.5586107262076663,0.0001,0.291007336431077,0.001,0.00043,0.1276363636363636,False,True,True,1.6911545994230945
Trametinib,2,-0.0205552690583299,0.2466,0.4122724458204335,-0.0382632525927096,0.643,-0.0784252028107617,0.761,0.761,0.8870804101457097,False,False,False,
Trandolapril,42,-0.0091006857557953,0.3824,0.559609756097561,0.0305212794466936,0.2318,-0.049762569717624,0.632,0.632,0.8179269023367286,False,False,False,4.4821755869238
Tranexamic acid,42,0.4655713531579346,2e-05,0.0004595744680851,0.4788448182383298,0.0001,0.2170683483575676,0.032,0.03447,0.4649999999999999,False,True,True,1.753468292126305
Tranylcypromine sulfate,42,0.3444202561718361,0.00087,0.0074571428571428,0.2999739593964582,0.0021,0.0335526964115723,0.284,0.284,0.5674745605920444,False,True,True,15.959105516641364
Travoprost,42,0.2844968635659168,0.00243,0.0147438202247191,0.2153011541709353,0.0127,-0.0079953018154765,0.482,0.482,0.7150549450549449,False,True,True,3.750913029435821
Trazodone hydrochloride,42,0.3446978066998858,0.00069,0.0062886075949367,0.4026684383618567,0.0001,0.1315054803373852,0.088,0.088,0.4775879396984924,False,True,True,3.4839385987760148
Tretinoin,38,0.0712925869764229,0.1301,0.2604,0.0318511870302605,0.2265,-0.0353526768712332,0.545,0.545,0.7536491677336749,False,False,False,21.79999009027815
Triamcinolone acetonide,42,0.4640070095824204,2e-05,0.0004595744680851,0.4703793849520158,0.0001,0.1123398951976762,0.116,0.116,0.4891603053435114,False,True,True,6.401566885580551
Triamcinolone hexacetonide,35,-0.0587479228949051,0.5948,0.7535296187683285,0.0020395459556272,0.3223,0.1122323446735631,0.157,0.157,0.4891603053435114,False,False,False,
Triamterene,11,0.0856810709158307,0.0718,0.1704263736263736,0.0399432175709354,0.147,0.2769671434659685,0.028,0.03314,0.4649999999999999,False,False,False,
Triamterene with loop diuretics,42,0.0341786887690634,0.2612,0.4290433460076046,0.0802150051945983,0.1239,0.0640065873511368,0.189,0.189,0.4924487334137515,False,False,False,7.220070474356416
Triamterene with thiazides,25,-0.0629816938448795,0.6314,0.7846302472685451,-0.0887397271449518,0.7519,-0.1371764086439836,0.948,0.948,0.9877858176555716,False,False,False,
Trichloroacetic acid,3,0.0440546237082009,0.1981,0.3498740801308258,0.0684978980773124,0.1375,-0.0735323488786536,0.707,0.707,0.8588976377952755,False,False,False,
Triclosan,7,-0.0847544606376698,0.8076,0.903842487046632,-0.0576285074903929,0.6073,-0.1240441062354523,0.894,0.894,0.962152466367713,False,False,False,
Trientine dihydrochloride,14,0.0783165236227109,0.1265,0.2553277310924369,-0.0065115124414752,0.363,-0.072018018075744,0.693,0.693,0.8529230769230769,False,False,False,
Trifarotene,42,0.1582543573631727,0.03288,0.0972887671232876,0.1220383672020592,0.0564,0.1166868742891385,0.111,0.111,0.4891603053435114,False,True,False,9.710278248890727
Trifluoperazine,42,0.059637031280745,0.1908,0.3406016528925619,0.0430815447689508,0.2227,0.1051469486397273,0.14,0.14,0.4891603053435114,False,False,False,3.3027840935836967
Trifluridine (Antivirals),1,-0.0337688734030197,0.8322,0.9106997468354432,-0.024390243902439,0.5656,0.0842211470407205,0.169,0.169,0.4891603053435114,False,False,False,
Trihexyphenidyl hydrochloride,42,0.2333449990960233,0.00951,0.0390524714828897,0.2609597498014591,0.0046,0.1194319031104035,0.102,0.102,0.4891603053435114,False,True,True,2.5000201644885416
Trimetazidine hydrochloride,41,-0.0122084472766084,0.3164,0.4934469314079422,-0.0044837450047848,0.2681,0.0356541392714419,0.271,0.271,0.5588668555240793,False,False,False,70.25726042160993
Trimethoprim,42,0.2483560026389996,0.0053,0.0251604395604395,0.2709664841846675,0.0032,0.1217517061029904,0.094,0.094,0.4857416267942583,False,True,True,1.6939546382387087
Trimipramine maleate,42,0.4262157446468197,5e-05,0.0009473684210526,0.4959296952512945,0.0001,0.0090959786914889,0.42,0.42,0.669520295202952,False,True,True,2.972956314758194
Tripotassium dicitratobismuthate,1,-0.0246225319396051,0.5258,0.6954856093080221,-0.0304878048780487,0.8062,-0.1216967874927097,0.928,0.928,0.9777951219512196,False,False,False,
Triptorelin,42,0.3371630126498309,0.00114,0.0089868613138686,0.3262038356355197,0.0027,0.08325370621908,0.208,0.208,0.5093877551020408,False,True,True,13.569279841609267
Triptorelin acetate,42,0.1957388329964041,0.02005,0.0679874411302982,0.1611702697502019,0.0274,0.0594198579957474,0.231,0.231,0.531373801916933,False,True,False,34.33510173283225
Triptorelin embonate,42,0.010625439314596,0.3239,0.5015225806451613,-0.0120573341669341,0.4073,-0.0972380103980107,0.841,0.841,0.9325256673511292,False,False,False,31.191934267597293
Tropicamide,42,0.0038314468844623,0.3523,0.5288172341904099,0.0274840920368765,0.2608,0.030500969701981,0.316,0.316,0.5982120946538125,False,False,False,7.63692755063646
Trospium chloride,42,0.2279958816427193,0.00925,0.0381297709923664,0.1856740014541808,0.0211,-0.0337507825759638,0.605,0.605,0.796343692870201,False,True,True,3.920539188194416
Trusses,42,0.1823022838862659,0.02523,0.0788665701881331,0.1851540897705631,0.023,-0.0280797745076125,0.56,0.56,0.7674224192526917,False,True,False,5.000466120012124
Tryptophan,37,-0.180032182434525,0.958,0.9830308788598574,-0.0635580946801932,0.6356,0.1171690308350341,0.095,0.095,0.4862559241706161,False,False,False,1388.2505252903538
Tube feed 0.6 kcal/ml peptide based (0914041),30,-0.0522233149184088,0.75,0.8723747980613893,-0.0318993072967261,0.4202,0.0562914801735367,0.211,0.211,0.5097986577181208,False,False,False,
Tube feed 0.75 kcal/ml with fibre (0914021),35,-0.0384154399320191,0.7275,0.8568157033805889,-0.0235754887047692,0.3969,0.0750197484181497,0.173,0.173,0.4891603053435114,False,False,False,
Tube feed 0.8 kcal/ml (0914011),37,-0.0378542079523365,0.8154,0.908731757451182,-0.0270067835084904,0.4654,0.0784110898891699,0.165,0.165,0.4891603053435114,False,False,False,433.4317688414238
"Tube feed 0.8 kcal/ml with fibre, higher protein (0914011)",33,-0.0378092986902263,0.7592,0.8769829787234042,-0.0273408181003577,0.4554,0.0744766942593303,0.17,0.17,0.4891603053435114,False,False,False,
Tube feed 1 kcal/ml (0914011),38,-0.0426497556578849,0.8104,0.9065064733298808,-0.0290195563589435,0.4629,0.0706311183687486,0.176,0.176,0.4891603053435114,False,False,False,75.19303842042423
Tube feed 1 kcal/ml (0914021),38,-0.0361205128246819,0.8031,0.9020780031201248,-0.0249041190370278,0.4635,0.0821764922264676,0.16,0.16,0.4891603053435114,False,False,False,119.52792138493712
Tube feed 1 kcal/ml MCT based (0914031),4,-0.02633731144995,0.5798,0.7401702127659574,-0.0220938151864093,0.3786,0.087516382930686,0.146,0.146,0.4891603053435114,False,False,False,
Tube feed 1 kcal/ml peptide based (0914032),36,-0.0415029781012012,0.8403,0.9139214501510574,-0.0281012710372801,0.4705,0.0743510323994801,0.171,0.171,0.4891603053435114,False,False,False,
Tube feed 1 kcal/ml peptide based (0914041),41,-0.0456906144934144,0.8162,0.908731757451182,-0.0298096115233717,0.4478,0.0681768607216996,0.184,0.184,0.4912731767614338,False,False,False,62.53676955792412
Tube feed 1 kcal/ml soya based (0914033),38,-0.0368220036920318,0.6819,0.8246942889137738,-0.0251168809974136,0.404,0.0702905093219173,0.177,0.177,0.4891603053435114,False,False,False,47.2655635044142
Tube feed 1 kcal/ml soya based with fibre (0914033),34,-0.0453030900347174,0.7863,0.893898947368421,-0.0304183623339807,0.4744,0.0682472693538661,0.184,0.184,0.4912731767614338,False,False,False,
Tube feed 1 kcal/ml with fibre (0914011),40,-0.0390012527316254,0.8135,0.908093023255814,-0.0265173499554365,0.4511,0.0770126703320598,0.167,0.167,0.4891603053435114,False,False,False,33.90925738711735
Tube feed 1 kcal/ml with fibre (0914021),37,-0.0297796647144372,0.6534,0.8014446337308347,-0.019839179677227,0.3709,0.0824733443466209,0.161,0.161,0.4891603053435114,False,False,False,1384.7116333622669
"Tube feed 1 kcal/ml with fibre, higher protein (0914011)",39,-0.0622728659243351,0.805,0.902447327451998,-0.0294774080967553,0.284,-0.0148863390678665,0.464,0.464,0.7058028169014084,False,False,False,326.0617025309792
Tube feed 1.2 - 1.25 kcal/ml (0914011),35,-0.045437313955839,0.807,0.903751166407465,-0.0308957486397284,0.4468,0.0638774469808476,0.188,0.188,0.4922181818181818,False,False,False,
Tube feed 1.2 kcal/ml higher protein (0914011),28,-0.0517519370021318,0.6989,0.836820399113082,-0.0198505765319235,0.2098,-0.0408956742299615,0.57,0.57,0.7755569383945239,False,False,False,
Tube feed 1.2 kcal/ml peptide based,23,-0.0491019834110509,0.8233,0.9106997468354432,-0.0394694395129679,0.6153,0.0735514225594261,0.176,0.176,0.4891603053435114,False,False,False,
Tube feed 1.2 kcal/ml with fibre (0914011),41,-0.0490025140534862,0.7678,0.8793467656415695,-0.0304607061395792,0.3912,0.0526283969400365,0.218,0.218,0.5170837867247008,False,False,False,67.7731420713549
Tube feed 1.2 kcal/ml with fibre (0914021),39,-0.0400213142204565,0.7367,0.8624780487804877,-0.0248343787037941,0.4124,0.0728339807305233,0.175,0.175,0.4891603053435114,False,False,False,385.9302536593855
"Tube feed 1.2 kcal/ml with fibre, higher protein (0914011)",37,-0.0499683124507908,0.7493,0.8723747980613893,-0.030923873601858,0.3744,0.0486067284368096,0.226,0.226,0.5249032258064517,False,False,False,1317.3174490336335
Tube feed 1.22 - 1.25 kcal/ml with fibre (0914011),37,-0.0438433111476096,0.8688,0.9323910669975186,-0.0303089299796661,0.5148,0.0731914686763819,0.17,0.17,0.4891603053435114,False,False,False,735.4074499683147
Tube feed 1.3 kcal/ml peptide based (0914032),39,-0.0574384026995074,0.8282,0.9106997468354432,-0.0331160820021863,0.3969,0.0418535090503442,0.248,0.248,0.5438220424671386,False,False,False,151.01372627213863
Tube feed 1.3kcal/ml higher protein (0914011),29,-0.0334578046875347,0.7996,0.8990817282665279,-0.024871521752579,0.4683,0.0844814212876095,0.146,0.146,0.4891603053435114,False,False,False,
"Tube feed 1.3kcal/ml with fibre, higher protein (0914011)",35,-0.0401594117968384,0.8298,0.9106997468354432,-0.0297163566983564,0.5246,0.0751870401259232,0.169,0.169,0.4891603053435114,False,False,False,
Tube feed 1.5 kcal/ml (0914011),42,-0.0403218981084431,0.7726,0.882504494976203,-0.0265479121621298,0.428,0.0713475441847068,0.177,0.177,0.4891603053435114,False,False,False,27.85263393456332
Tube feed 1.5 kcal/ml (0914021),42,-0.0342701375195143,0.7721,0.882504494976203,-0.0236945593968242,0.4275,0.0819704859189203,0.163,0.163,0.4891603053435114,False,False,False,57.34090072408883
Tube feed 1.5 kcal/ml higher protein (0914011),40,-0.042208299762864,0.8017,0.9009739854318418,-0.0286428106592078,0.4851,0.0739329670602038,0.176,0.176,0.4891603053435114,False,False,False,57.84844081566673
Tube feed 1.5 kcal/ml peptide based (0914032),41,-0.0440772672325009,0.7766,0.8866046511627906,-0.0279525439815771,0.3995,0.0640261558381538,0.188,0.188,0.4922181818181818,False,False,False,24.46862330871012
Tube feed 1.5 kcal/ml peptide based (0914041),42,-0.0422015424121149,0.817,0.908731757451182,-0.0282661861085374,0.4556,0.0718458395245842,0.177,0.177,0.4891603053435114,False,False,False,46.298194019768516
Tube feed 1.5 kcal/ml with fibre (0914011),42,-0.0346478921776106,0.7563,0.8763991416309013,-0.0236921893293753,0.4222,0.0795598857474287,0.165,0.165,0.4891603053435114,False,False,False,35.6814304546154
Tube feed 1.5 kcal/ml with fibre (0914021),41,-0.0332125056043005,0.6758,0.8196114542391914,-0.0214697854253041,0.386,0.0772454701376493,0.169,0.169,0.4891603053435114,False,False,False,91.00453306342277
"Tube feed 1.5 kcal/ml with fibre, higher protein (0914011)",33,-0.0599215304096566,0.6645,0.8131189127972819,-0.0265131686850941,0.3774,-0.0243329734848075,0.508,0.508,0.7324966622162884,False,False,False,
Tube feed 1.54 kcal/ml with fibre (0914011),40,-0.0571646521561267,0.7346,0.8616559956592512,-0.0285255179042634,0.2492,-0.0003909706775985,0.396,0.396,0.655448275862069,False,False,False,20.330000473992612
"Tube feed 1.5kcal/ml peptide  based, higher protein(0914034)",32,-0.0359963448176418,0.688,0.8283612040133779,-0.0233668525416499,0.393,0.0722453877309419,0.175,0.175,0.4891603053435114,False,False,False,
Tube feed 1.6kcal/ml higher protein (0914011),1,-0.0337688734030197,0.8322,0.9106997468354432,-0.024390243902439,0.5656,0.0842211470407205,0.169,0.169,0.4891603053435114,False,False,False,
Tube feed 1.8 kcal/ml (0914035),21,-0.0466347559710444,0.6458,0.7952839224629419,-0.03106464314952,0.359,0.0432534526768336,0.245,0.245,0.5422131147540984,False,False,False,
Tube feed 2 kcal/ml (0914011),16,-0.0376336220812172,0.7618,0.8769829787234042,-0.0219829097430405,0.4491,-0.0600350353750414,0.688,0.688,0.8501601830663615,False,False,False,
Tube feed 2 kcal/ml higher protein (0914011),20,-0.0563363930513704,0.8284,0.9106997468354432,-0.0329489368662611,0.4363,-0.0302611179308591,0.537,0.537,0.7478529980657641,False,False,False,
Tube feed 2 kcal/ml with fibre (0914011),38,-0.0419658326914712,0.6657,0.8132986425339366,-0.0130569472761018,0.2096,-0.0659805154321633,0.721,0.721,0.8652,False,False,False,167.27654687320026
Tube feed 2kcal/ml w fibre higher prot plant based (0914011),35,-0.0338208283952784,0.8071,0.903751166407465,-0.0257756953142013,0.5152,0.083933177795158,0.158,0.158,0.4891603053435114,False,False,False,
"Tube feed 2kcal/ml with fibre, higher protein (0914011)",18,-0.0648282376020411,0.8849,0.940566371681416,-0.0390900253173351,0.4393,-0.0190320090548277,0.486,0.486,0.7180300957592339,False,False,False,
"Tube feed 2kcal/ml, higher protein, plant based (0914011)",1,-0.0337688734030197,0.8322,0.9106997468354432,-0.024390243902439,0.5656,0.0842211470407235,0.169,0.169,0.4891603053435114,False,False,False,
Tube feed additive 0.5 kcal/ml high fibre liquid (0914052),42,-0.0279815400610126,0.4628,0.6371242829827916,-0.0141265759800427,0.2644,0.0704093561130719,0.177,0.177,0.4891603053435114,False,False,False,5.310308143384933
Tube feed additive 1 kcal/ml higher protein liquid (0914051),42,-0.0401794508489682,0.7009,0.8370447266703478,-0.0288292767571336,0.4333,0.0658753458232189,0.185,0.185,0.4919853836784409,False,False,False,26.12784654914503
Tube feed additive 2kcal/ml h/prot plant based liq (0914051),36,-0.0209981739122724,0.3759,0.5534723926380368,-0.011618685256965,0.2401,0.0875234901423099,0.152,0.152,0.4891603053435114,False,False,False,
Tube feed non ACBS 1.3kcal/ml h/prot for use in IC (0914071),18,-0.0345073838731068,0.8168,0.908731757451182,-0.02637559955753,0.5358,0.084120503691064,0.154,0.154,0.4891603053435114,False,False,False,
Tube feed non ACBS 1.5kcal/ml for use in diabetes (0914071),24,-0.0324511688893054,0.7524,0.8732853304674906,-0.0230713746688742,0.4033,0.0833384270592958,0.162,0.162,0.4891603053435114,False,False,False,
Tube feed non ACBS 1kcal/ml for low sodium needs (0914071),15,0.0445646585742153,0.1044,0.22021875,0.0647093479962914,0.0592,0.0869233796823616,0.148,0.148,0.4891603053435114,False,False,False,
Tube feed non ACBS 1kcal/ml higher protein (0914061),35,-0.0344035244426306,0.7674,0.8793467656415695,-0.0240243022686562,0.4116,0.0809008755402945,0.165,0.165,0.4891603053435114,False,False,False,
Tubing & Accessories,42,0.0133967404027107,0.2783,0.449260642270351,0.0648640131200014,0.1404,0.4109442936784664,0.016,0.01539,0.4149333333333333,True,False,False,29.930385776346004
Tubing And Accessories,42,-0.0906938288887588,0.964,0.9848170212765958,-0.0847317026653991,0.9183,0.5753387219037671,0.004,0.00725,0.3123692307692307,True,False,False,13.92151306960208
Turpentine oil,1,-0.0133081687959736,0.1961,0.3466252045826513,-0.024390243902439,0.569,-0.103564435490643,0.872,0.872,0.9556164383561644,False,False,False,
Two Piece Ostomy Systems,42,-0.0824450518832315,0.936,0.9737159364467984,-0.0473940861422485,0.6432,0.6587490398218621,0.003,0.00127,0.1386,True,False,False,7.545245638963397
Typhoid,42,0.6582113565084935,1e-05,0.0003176470588235,0.746012422748206,0.0001,0.1290838386402797,0.088,0.088,0.4775879396984924,False,True,True,3.1125548294969243
Ulipristal acetate (Emergency Contraceptive),42,0.1914659290668146,0.02177,0.0725666666666666,0.2439373506634181,0.0054,0.1209136626902474,0.127,0.127,0.4891603053435114,False,True,False,2.5610461084308924
Umeclidinium bromide,42,0.2631054899579197,0.00368,0.0197240694789081,0.2174691497512174,0.0109,0.1292695597735309,0.11,0.11,0.4891603053435114,False,True,True,5.892567714354604
Umeclidinium bromide/vilanterol,42,0.3622493113163899,0.00023,0.0027447513812154,0.4148120750672588,0.0001,0.1564231641556381,0.066,0.066,0.4689473684210526,False,True,True,2.925761677868567
Undecenoates,42,0.1148266955447453,0.0805,0.1826470588235294,0.1142563451209595,0.0697,-0.0383848173817935,0.575,0.575,0.7755569383945239,False,False,False,5.122677898450226
Upadacitinib,26,0.136435197441909,0.01863,0.0644884615384615,0.1490474178124755,0.0107,-0.0480329175478334,0.591,0.591,0.7875138803207896,False,True,False,
Urea,42,0.1435123782888237,0.0502,0.1301704681872749,0.2485946512434521,0.007,0.1490250262481194,0.087,0.087,0.4775879396984924,False,False,False,2.6027438434713646
Urea hydrogen peroxide,42,0.3475868169435472,0.00063,0.0058403433476394,0.3800924778879765,0.0002,0.2455589555826313,0.02,0.01922,0.4649999999999999,False,True,True,3.549244854921747
Urinal Systems,42,-0.0758154202241465,0.7197,0.8509950738916257,-0.1055758410565234,0.8894,0.3730925710925409,0.031,0.03104,0.4649999999999999,True,False,False,11.906192637827333
Urine testing reagents,42,-0.0782978681274529,0.7289,0.8570626020685901,-0.0762441353381719,0.7378,-0.050169198987042,0.605,0.605,0.796343692870201,False,False,False,3.8357112544493024
Urofollitropin,3,-0.0787208261689749,0.9776,0.989510777881912,-0.0449414984303209,0.5495,-0.068968088775234,0.711,0.711,0.8603697478991597,False,False,False,
Urostomy Bags,42,-0.0925299480151859,0.9563,0.9817528517110268,-0.0653554908154419,0.7647,0.6357829387019046,0.003,0.0014,0.1386,True,False,False,16.786570061559384
Ursodeoxycholic acid,42,0.0060502191238026,0.3297,0.5075923022095509,-0.0956278632592125,0.7958,0.1642613014054843,0.093,0.093,0.4840481927710843,False,False,False,1.3476048561846878
Ustekinumab,1,-0.0276713124274099,0.6195,0.7748233931673423,-0.0121951219512195,0.2912,-0.0838262042173644,0.765,0.765,0.88859291084855,False,False,False,
Ustekinumab (Crohn's),1,-0.0181184668989547,0.3397,0.5163631245601689,-0.0426829268292683,0.9288,0.0448398352830346,0.263,0.263,0.552069970845481,False,False,False,
Ustekinumab (Psoriasis),8,-0.0726554958264675,0.9623,0.9847840909090908,-0.0544753530404063,0.6642,-0.1661980052955602,0.97,0.97,0.9894915254237288,False,False,False,
Vacuum Pumps for Erectile Dysfunction,42,-0.0448463075190759,0.5784,0.7392568047337278,-0.0707615276214742,0.7222,0.1210527216435869,0.099,0.099,0.4891603053435114,False,False,False,4.041438174020603
Vaginal Dilators,42,0.290370608027467,0.00294,0.0165375,0.3829188071261352,0.0007,0.0042113485732529,0.38,0.38,0.6382581648522551,False,True,True,13.569135146129332
Vaginal Moisturisers,42,0.2040886270252203,0.01428,0.0521908629441624,0.1697609756352094,0.025,-0.0091917495035177,0.485,0.485,0.7170431211498973,False,True,False,2.3375120065760333
Vaginal PH Correction Products,42,0.2354244823367842,0.00451,0.02249792147806,0.3016795077552763,0.0007,0.1471146987645319,0.074,0.074,0.4775879396984924,False,True,True,3.1740175230793075
Valaciclovir,42,0.5696152808480992,1e-05,0.0003176470588235,0.6996326981151596,0.0001,0.0507246756925817,0.24,0.24,0.5394380853277836,False,True,True,3.642094827907288
Valganciclovir hydrochloride,42,0.1057053002972483,0.0958,0.2071351351351351,0.1836503169350523,0.0236,-0.0506712629159068,0.673,0.673,0.8402774566473988,False,False,False,7.247104038130841
Valproic acid,42,0.1231776862413694,0.0769,0.1765185972369819,0.2144263684023079,0.0109,-0.0130457867332429,0.517,0.517,0.7380832782551223,False,False,False,2.4358588447226546
Valsartan,42,0.1501766764584719,0.04499,0.121473,0.1495510613825455,0.0374,0.0979636248974658,0.127,0.127,0.4891603053435114,False,True,False,2.0329119822080677
Valsartan with diuretic,42,0.2471266617310223,0.00634,0.0286493723849372,0.3215616020008762,0.0012,0.2251368511141196,0.03,0.03895,0.4649999999999999,False,True,True,3.4847184775345834
Valsartan/amlodipine,42,0.533297988104721,1e-05,0.0003176470588235,0.6172927177517791,0.0001,0.2916863406179423,0.004,0.00752,0.3123692307692307,False,True,True,6.343136706192606
Vancomycin hydrochloride,42,0.0733936221196014,0.1519,0.2895887025595763,0.1931005734513327,0.0129,0.1506440154168385,0.074,0.074,0.4775879396984924,False,False,False,2.336289384399429
Vandetanib,4,-0.1078487546350012,0.9391,0.975323076923077,-0.0668430293537818,0.6521,-0.0983608997589866,0.792,0.792,0.8994321766561514,False,False,False,
Vardenafil,42,-0.1046806439205487,0.8378,0.9122298387096774,-0.1001113277449953,0.8316,-0.0164932072223991,0.479,0.479,0.7150241879751209,False,False,False,1.807799683339192
Varenicline tartrate,42,0.124947946174301,0.068,0.1637458193979933,0.1261826530937138,0.0584,0.0090573703681273,0.428,0.428,0.6757894736842105,False,False,False,10.561647422489822
Varicella vaccine live,42,0.4917065781268468,2e-05,0.0004595744680851,0.5952844165066697,0.0001,0.1316890726347481,0.081,0.081,0.4775879396984924,False,True,True,3.292565185492919
Varicella-zoster immunoglobulin,7,-0.0172932970312104,0.2859,0.4577790956263899,-0.0518910354335004,0.9591,0.0373997749275407,0.25,0.25,0.5443548387096774,False,False,False,
Vedolizumab,4,-0.0338650840159583,0.4866,0.6601728240450846,-0.0612538249545017,0.8768,-0.0087567730445674,0.435,0.435,0.6798842257597685,False,False,False,
Vehicles,15,-0.0691306354005695,0.6912,0.8312873051224945,-0.0601650857005491,0.6608,0.0193555103584352,0.323,0.323,0.6036113499570077,False,False,False,
Venlafaxine,42,0.2995145628322799,0.00125,0.0094736842105263,0.3093930839587743,0.0009,0.0096271184820941,0.419,0.419,0.6689135254988913,False,True,True,1.4980915427562838
Venous Ulcer Compression System,42,-0.0378236782032032,0.4995,0.672643391521197,-0.0337772990120334,0.4966,0.098875200899232,0.174,0.174,0.4891603053435114,False,False,False,5.614283051241231
Verapamil hydrochloride,42,-0.0409562985029461,0.5452,0.7109619794809898,0.0390167376462275,0.2298,-0.0475508654636918,0.69,0.69,0.8501996577296063,False,False,False,1.6242862681634174
Vericiguat,23,-0.1121288658826374,0.8271,0.9106997468354432,-0.0918309781784,0.769,0.0019558311616527,0.406,0.406,0.6613574660633484,False,False,False,
Vibegron,42,0.1105557512618055,0.0949,0.2058174523570712,0.1569635665702174,0.0356,0.2299750961790226,0.032,0.03095,0.4649999999999999,False,False,False,4.192880683234011
Vigabatrin,42,0.2157755804449324,0.00961,0.0392393194706994,0.2163039471782211,0.0099,-0.0231535549542301,0.559,0.559,0.7671156289707751,False,True,True,4.359271161283599
Vildagliptin,42,0.3010512524940669,0.00031,0.0034515463917525,0.2720747931181764,0.0012,0.2677264949277728,0.027,0.0282,0.4649999999999999,False,True,True,5.334553736006804
Vitamin A,42,0.1345984919761391,0.0614,0.1515702857142857,0.1187078227319815,0.0766,0.0880719105764369,0.141,0.141,0.4891603053435114,False,False,False,2.813596830420982
Vitamin B and C injection,38,-0.010948492472156,0.2826,0.4541785714285715,-0.0066278518001278,0.2878,-0.0076452880018571,0.451,0.451,0.6958285714285715,False,False,False,149.78377868775124
Vitamin B compound,42,0.4260968139879842,0.00011,0.0016054054054054,0.6464456348520631,0.0001,0.1995469118179922,0.053,0.053,0.4649999999999999,False,True,True,4.3585904829351465
Vitamin E,42,0.2434451070548775,0.00677,0.0302132231404958,0.3106774417126839,0.0008,0.0664431652171477,0.186,0.186,0.4919853836784409,False,True,True,3.5082195789335846
Vitamins caps,42,0.0553815247688123,0.1891,0.3381258278145695,0.1672224981920589,0.0291,0.0988805191206293,0.154,0.154,0.4891603053435114,False,False,False,6.281590281805072
Voriconazole,42,0.1779128973249081,0.02513,0.0786991304347826,0.0994663088084228,0.0975,-0.03996106664364,0.607,0.607,0.7970334346504558,False,True,False,7.838786472282992
Vortioxetine,42,0.2083497018380244,0.01369,0.0508956970740103,0.2283412796228927,0.0077,-0.0926945926352426,0.826,0.826,0.9206191950464396,False,True,False,3.951289378583142
Warfarin sodium,42,0.0885956616896959,0.1237,0.2501797752808989,0.1353715796420501,0.0512,0.0246922577717586,0.334,0.334,0.6098393913778529,False,False,False,1.7178392258512236
Water for injection,42,0.2231816669655058,0.01045,0.0417227356746765,0.3515076913959539,0.0006,0.1316373908044973,0.096,0.096,0.4867605633802817,False,True,True,2.503951774887308
White Birch pollen allergen extract,12,-0.0164544760159394,0.3719,0.5494555403556771,-0.0031921040564598,0.3201,-0.0764644165823949,0.721,0.721,0.8652,False,False,False,
Wool alcohols,42,0.2417122101084085,0.00747,0.0327951219512195,0.2405319559744961,0.0055,0.2768607575141376,0.041,0.03634,0.4649999999999999,False,True,True,42.839476465422955
Wool fat,27,0.1884002419265612,0.01067,0.0422884403669724,0.1939249909951159,0.0062,-0.0915829969976353,0.816,0.816,0.9137169517884914,False,True,True,
Wool fat hydrous,27,-0.0144447392553532,0.4257,0.6041471747700394,-0.046305667810289,0.5656,-0.0162934876302482,0.505,0.505,0.7301204819277108,False,False,False,
Wound Management & Other Dressings,42,0.1472375809772342,0.04274,0.117359085133418,0.1571019035969907,0.0326,0.0173900088850011,0.36,0.36,0.629126213592233,True,True,False,5.38679995642514
Xipamide,42,0.0182889635535274,0.2923,0.4656106194690266,0.1345548692132871,0.0425,-0.0979277242444586,0.834,0.834,0.9261902313624678,False,False,False,13.106602165559243
Xylometazoline hydrochloride,42,0.1852150513722647,0.02279,0.0742479638009049,0.1924055805389226,0.0181,0.3320861634815556,0.029,0.02448,0.4649999999999999,False,True,False,2.5289934005282326
Xylometazoline hydrochloride/dexpanthenol,34,-0.0085971728552155,0.3848,0.5615999999999999,-0.04366505459897,0.5884,0.0204049800250518,0.322,0.322,0.6036113499570077,False,False,False,
Xylometazoline hydrochloride/ipratropium bromide,40,-0.084882696167191,0.7349,0.8616559956592512,-0.0435301714220709,0.551,-0.0603713546145477,0.67,0.67,0.839235668789809,False,False,False,19.0174321442504
Yellow fever,29,-0.0646249193074858,0.625,0.779896013864818,-0.0296882938742288,0.4578,-0.0822277799724545,0.744,0.744,0.8762486368593239,False,False,False,
Yohimbine hydrochloride,9,0.1590496843306922,0.03487,0.1015083557951482,0.1375161951300565,0.0547,0.0090218181709541,0.347,0.347,0.6184158415841584,False,True,False,
Zafirlukast,9,-0.0334551916319721,0.4728,0.6463594936708861,0.0245936697014792,0.2423,0.0722483793456445,0.224,0.224,0.5219417475728155,False,False,False,
Zanamivir,38,-0.0704818442483223,0.8242,0.9106997468354432,-0.0065274103143797,0.3471,-0.0277300659902412,0.5,0.5,0.7267833109017496,False,False,False,9.39988604166576
Zanubrutinib,1,-0.0409794812233837,0.9525,0.9815007132667618,-0.048780487804878,1.0,-0.0332754414414832,0.537,0.537,0.7478529980657641,False,False,False,
Zidovudine,9,-0.0605593527796199,0.7707,0.8817330508474578,-0.0019821631883159,0.2914,0.0967885981348048,0.126,0.126,0.4891603053435114,False,False,False,
Zinc acetate,42,0.0568819401545887,0.2027,0.3559609756097561,-0.0129599434019736,0.4334,-0.1190102936663888,0.956,0.956,0.9879866730128508,False,False,False,10.66689392172582
Zinc oxide,42,0.2593665878296149,0.00493,0.0238129175946547,0.2120913496030682,0.0111,0.2440361646118291,0.044,0.03986,0.4649999999999999,False,True,True,2.8788334084249074
Zinc paste,18,-0.0541410893286581,0.5972,0.7556836555360281,-0.0144931863790356,0.4216,-0.117445876288512,0.888,0.888,0.9620349127182044,False,False,False,
Zinc paste and ichthammol,3,-0.0664404364487125,0.685,0.8265921787709498,-0.0778112813554817,0.812,0.0034657377040712,0.397,0.397,0.6555963302752295,False,False,False,
Zinc sulfate,42,0.0647416943610677,0.1103,0.2295260115606936,0.1195425792000856,0.0583,-0.0729155224535722,0.724,0.724,0.866393351800554,False,False,False,14.521648960873508
Zinc sulfate monohydrate,42,0.0222226155536779,0.2528,0.4193917050691244,0.0771639153432715,0.1134,-0.0587502911905221,0.671,0.671,0.839235668789809,False,False,False,5.0815191963664255
Ziprasidone hydrochloride,6,-0.0534406432459656,0.7224,0.8529170305676856,-0.0896618790581903,0.978,-0.0451922982168466,0.6,0.6,0.7946045370938075,False,False,False,
Zoledronic acid,34,0.046642162394791,0.1999,0.3519022004889975,0.0441315487666747,0.1986,0.154378094646332,0.082,0.082,0.4775879396984924,False,False,False,
Zolmitriptan,42,0.2114071465811037,0.01312,0.049275,0.0961870350787492,0.1033,0.1625276267467127,0.056,0.056,0.4649999999999999,False,True,True,1.6396235023318988
Zolpidem tartrate,42,0.2756757724194213,0.00327,0.0177914357682619,0.1930779660476108,0.0156,0.0105196912670921,0.368,0.368,0.6320697858842188,False,True,True,2.1775866750054145
Zonisamide,42,0.1887399215246324,0.01974,0.0671470866141732,0.3218280592680034,0.0008,0.097081190192769,0.151,0.151,0.4891603053435114,False,True,False,2.139916889081167
Zopiclone,42,0.2594797985629407,0.00415,0.0211924528301886,0.2702891568181702,0.0039,0.0630010767622775,0.226,0.226,0.5249032258064517,False,True,True,1.7830646265667793
Zuclopenthixol acetate,28,0.0608709107021439,0.1597,0.2991777970511708,0.1734423306899671,0.0258,0.0161877714407281,0.332,0.332,0.6092778249787596,False,False,False,
Zuclopenthixol decanoate,42,-0.1951248726482731,0.9757,0.9894683544303796,-0.0682113007558794,0.6688,-0.0402790485710876,0.609,0.609,0.7991737545565006,False,False,False,5.211678638814855
Zuclopenthixol hydrochloride,42,0.2372174899338607,0.00813,0.0348428571428571,0.2624482554429477,0.0047,0.1200274806086134,0.115,0.115,0.4891603053435114,False,True,True,4.05540079537151
