Drug,moran_I_raw,q_raw,clustered_raw,R2_primary,I_primary,p_primary,q_primary,nominal_primary,clustered_primary,I_primary_knn4,p_primary_knn4,R2_age_deprivation,I_age_deprivation,p_age_deprivation,q_age_deprivation,nominal_age_deprivation,clustered_age_deprivation,R2_pca6,I_pca6,p_pca6,q_pca6,nominal_pca6,clustered_pca6
Abacavir,0.0034383804654179,0.4497313432835821,False,0.09481160926585974,-0.04883258434697753,0.3984,0.6308973607038123,False,False,-0.030823083966003414,0.2883,0.08809510167651391,-0.031345240775211385,0.3414,0.544141592920354,False,False,0.11265601766569822,-0.05747444426596313,0.4187,0.6841089258698941,False,False
Abacavir and lamivudine,0.0548463622720084,0.3027708154506437,False,0.3728826049900327,-0.1282117417485799,0.784,0.8688763468445357,False,False,-0.1440380454017033,0.8419,0.32776160486049866,-0.11568842970419771,0.7613,0.8419907834101382,False,False,0.38209683958117724,-0.14109883474669876,0.8207,0.8939546142208774,False,False
Abatacept,-0.0544422822953093,0.902447327451998,False,0.09262575204484458,-0.07013124025573954,0.5489,0.7428721804511278,False,False,-0.06207713667066557,0.4961,0.08937605725908004,-0.07349162664254187,0.6207,0.7640615384615386,False,False,0.11375964669794603,-0.08293802496371971,0.593,0.7516901408450704,False,False
Abemaciclib,-0.0628708740274702,0.7861855670103092,False,0.17395673694260427,-0.10303957349214468,0.6844,0.8158410596026491,False,False,-0.0997138588861499,0.6524,0.13720601806852217,-0.13163279201894307,0.8377,0.8879528949950932,False,False,0.27534042179411955,-0.16710237896582958,0.8957,0.9469955947136565,False,False
Abiraterone,-0.1032156193615516,0.985728813559322,False,0.08458294229590935,-0.27146390881476845,0.9946,0.9964452690166977,False,False,-0.115778497315845,0.7592,0.05105293296197655,-0.2016090748989582,0.9768,0.9840895522388059,False,False,0.071148926032365,-0.19696196169889327,0.9704,0.9785546218487396,False,False
Abrocitinib,-0.0297038327526132,0.8274980479643056,False,0.10436081860568702,-0.08308085967464816,0.6461,0.8044480183802412,False,False,-0.04720348464868085,0.4112,0.038850120969399105,-0.03581345098427729,0.3704,0.5721915654038598,False,False,0.20051446440751663,-0.06998871266033894,0.5115,0.722810408921933,False,False
Absorbent Cottons,0.0924412398420667,0.1997395727365208,False,0.37055137580385944,-0.041009746460732986,0.3816,0.6215477084898572,False,False,-0.10232811733323353,0.663,0.2631342936403618,0.009877566303078497,0.2148,0.42920259019426454,False,False,0.38229871772654345,-0.011513936770728954,0.2447,0.5385717192268566,False,False
Acamprosate calcium,0.1212271160258865,0.1640445434298441,False,0.3789118990762371,0.008688315773148339,0.2042,0.4657571277719113,False,False,-0.013668939464063678,0.2474,0.24680437784730813,0.06656554430959419,0.0965,0.2703501945525292,False,False,0.32486980792377085,-0.03682172354955189,0.3561,0.6463663865546219,False,False
Acarbose,0.4550191005499963,0.0012342857142857,True,0.48642005128156474,-0.034692638212243734,0.3575,0.5995341614906832,False,False,-0.037089240743986125,0.3397,0.42463738813850893,0.043454544711527446,0.141,0.3357883131201763,False,False,0.5132579169435496,0.04007827124436245,0.1185,0.3649230769230769,False,False
Acebutolol hydrochloride,0.0693722460470274,0.2811641526175688,False,0.14079095225093197,0.06569255752090629,0.0771,0.2984516129032258,False,False,-0.026807613935305,0.2953,0.09222985129773831,0.05589732299686759,0.111,0.2927472527472527,False,False,0.21716091781042113,0.0607326686388665,0.0833,0.29374592833876223,False,False
Aceclofenac,-0.0296977203334961,0.6601728240450846,False,0.019882995543850868,-0.024811557172714032,0.314,0.5605289256198347,False,False,0.0517005010597342,0.0782,0.0070308427960315,-0.01838969170402951,0.323,0.5249661399548533,False,False,0.049000835727546654,-0.0187621356959835,0.275,0.5739130434782609,False,False
Acenocoumarol,0.1133593013075982,0.1985521472392638,False,0.20013321347529833,-0.013322206649032175,0.2821,0.5321711790393013,False,False,-0.06818381611240518,0.4921,0.19197952892965087,-0.017999428765993405,0.3219,0.5247577358490567,False,False,0.303959092671648,-0.05123258248128012,0.4129,0.6810295230885692,False,False
Acetazolamide,0.1627447496841076,0.1015461641991924,False,0.31586605185717065,0.1661942417851109,0.00874,0.09115406698564592,True,False,0.1563194045232688,0.0083,0.13919931291041077,0.014367553010121412,0.2271,0.44231351351351356,False,False,0.35377084386015567,0.03813618242998049,0.1289,0.38380165289256196,False,False
Acetazolamide sodium,-0.071096754936859,0.8183217097862766,False,0.0993834918327402,-0.09201912089146473,0.6094,0.7828557863501484,False,False,-0.09886147554383376,0.6442,0.05111855791856912,-0.12558400675388262,0.8321,0.8862493839329719,False,False,0.07224421637423506,-0.11831353012898342,0.7334,0.8380708619777896,False,False
Acetic acid,0.0196816822919485,0.4775649635036496,False,0.10567262946884137,-0.08750763961968694,0.5949,0.7783064809206541,False,False,-0.040750768929391855,0.3604,0.032498209179212645,-0.006160377352189317,0.2826,0.49266828087167075,False,False,0.048068509998173914,-0.017494785324298642,0.2737,0.5725150048402711,False,False
Acetohydroxamic acid,0.0230341333958384,0.2818139946855624,False,0.2037893787770786,0.00661198849255952,0.1767,0.43911818181818185,False,False,0.007065341002939014,0.1527,0.11510232941579113,0.018245825031424343,0.1351,0.32678163493840984,False,False,0.2111217606156074,0.020568658083432317,0.1122,0.35639999999999994,False,False
Acetyl-l-carnitine,-0.056701822511932,0.8370447266703478,False,0.06460593495300293,-0.12613862637042086,0.815,0.8902082912032356,False,False,-0.12873328176553364,0.7999,0.05319106206454405,-0.10490594395103091,0.7719,0.8497981651376147,False,False,0.10680873534868618,-0.09824100396124562,0.6454,0.7774314381270904,False,False
Acetylcholine chloride,-0.0321138211382113,0.8945820660723649,False,0.048548709559633085,-0.1252263833058746,0.8737,0.9160116279069767,False,False,-0.08481163534700396,0.6523,0.03357362436006961,-0.09170282272933547,0.804,0.8670194707938094,False,False,0.11320168198097691,-0.15329746045855286,0.9222,0.954,False,False
Acetylcysteine,0.0432282181587886,0.3258151260504201,False,0.13400059946796072,-0.06645143502484764,0.4858,0.6986205059920106,False,False,-0.10526893344865937,0.6757,0.04955776681616941,-0.046016929876756554,0.4026,0.5976742268041237,False,False,0.12062167681400526,-0.09472789855013436,0.6099,0.7585433658816773,False,False
Aciclovir,0.5618425568165344,0.0003176470588235,True,0.5567171425361812,0.2985796283788445,0.00016,0.014400000000000001,True,True,0.19477184925187796,0.0028,0.4851561968894932,0.350993494591454,8e-05,0.003927272727272727,True,True,0.7840653162001612,0.18358193656499966,0.00569,0.06024705882352941,True,False
Acipimox,0.1679018041713013,0.0992424489795918,False,0.16488061859226233,0.0517426721999982,0.1044,0.3345756676557864,False,False,-0.02036170589143213,0.2765,0.12372133688943499,0.12304656414099352,0.03572,0.15627206477732794,True,False,0.18328727859380267,0.11355319819706929,0.02917,0.1536760975609756,True,False
Acitretin,0.1507101844689316,0.1229828144458281,False,0.29809776524096543,0.08742857951015554,0.05036,0.24444404494382024,False,False,0.019807729032169163,0.1432,0.2847401855289454,0.0664985608224359,0.0936,0.26497509829619925,False,False,0.33250335352736227,0.12514701684814059,0.02208,0.13396853932584268,True,False
Aclidinium bromide,0.0906987148493495,0.2299020172910663,False,0.19936012751448107,0.03977884409661288,0.1233,0.36440816326530606,False,False,0.057181738466064884,0.0706,0.14784281850989023,0.07679762365163142,0.0779,0.24346285714285715,False,False,0.26869707505072005,0.06389553684008123,0.0735,0.2751473136915078,False,False
Aclidinium bromide/formoterol,0.0779787198028672,0.2615050597976081,False,0.1451612729919598,0.030454646795556914,0.1336,0.37575,False,False,0.08420241438269792,0.0376,0.0998680418925254,0.051093587883117075,0.1118,0.29368651275820173,False,False,0.24559598289995221,0.07097272256511011,0.0608,0.24410408921933086,False,False
Acne Treatment,0.1073280993748987,0.1864016736401673,False,0.3141579262735027,-0.13930162238212668,0.834,0.9025250501002003,False,False,-0.0906727829691149,0.6078,0.3062844727760551,-0.16532325567924333,0.9253,0.9458816848083295,False,False,0.2856831861774928,-0.17279208816124156,0.9192,0.952989928057554,False,False
Acrivastine,0.2903525836185611,0.012214696485623,True,0.29484858022849114,0.16537873828450617,0.00903,0.09288,True,False,0.21096594423108483,0.0014,0.07185999078007455,0.21509479401410855,0.0042,0.04229581395348837,True,True,0.1007544297809243,0.22357210836186328,0.00185,0.02911304347826087,True,True
Adalimumab,-0.0076584763614926,0.4769671292914537,False,0.012789092197176832,-0.0072196791289153486,0.1787,0.43911818181818185,False,False,-0.04153377587005588,0.371,0.00025917215016846296,-0.012407303618034002,0.2026,0.4175725190839695,False,False,0.05313958582890721,-0.025227216143197992,0.2403,0.535101030927835,False,False
Adapalene,0.5275893120930539,0.0004595744680851,True,0.8376366525910488,-0.02459452190671305,0.3129,0.5598476821192052,False,False,-0.007237007730510024,0.2219,0.809022281650109,-0.008977337639504354,0.285,0.49288361045130646,False,False,0.8745162895412347,-0.07605131530616875,0.5188,0.722810408921933,False,False
Adapalene and benzoyl peroxide,0.3414143625212157,0.0054707423580786,True,0.7550553946407749,-0.21923910771890937,0.9678,0.9823533834586465,False,False,-0.12403732206925229,0.755,0.6947256257824989,-0.25791969009279,0.9914,0.9923188137164041,False,False,0.7594945281113918,-0.22062515915735476,0.9645,0.9735140186915888,False,False
Addaven (Generic),-0.0161123038083355,0.4306899166034875,False,0.30680846749951474,0.06225198652725732,0.052,0.24658823529411764,False,False,0.07481433028507964,0.0348,0.03979107598022291,0.01148524225732333,0.0608,0.216,False,False,0.2761146517890045,-0.0767334887870251,0.5491,0.7279067484662577,False,False
Adefovir dipivoxil,-0.0651470977188738,0.8915405690200211,False,0.13520431399312283,-0.14032166965003012,0.8601,0.9127776141384388,False,False,0.05154861031575157,0.062,0.12859479126815687,-0.15521616248071965,0.9269,0.9470690633869441,False,False,0.26303371980096557,-0.1280215121197903,0.7714,0.8619886187273668,False,False
Adhesive (Pastes/Sprays/Solutions),0.0269710542377323,0.3156641221374046,False,0.13364714916899134,-0.05843636404285742,0.4522,0.6757842323651453,False,False,-0.044483294418666885,0.3682,0.0625198572129444,-0.017795357137280175,0.268,0.47837489677952105,False,False,0.09014964379178803,-0.005279370421976824,0.1859,0.4739294117647059,False,False
Adhesive Discs/Rings/Pads/Plasters,-0.0910197512206543,0.996707192575406,False,0.03116814876128371,-0.06833227811987154,0.5414,0.7359496538703587,False,False,-0.04604775743737766,0.3981,0.030835936057019953,-0.06995794238270735,0.6054,0.7523958573072498,False,False,0.0779797380293803,-0.04418148091250482,0.3343,0.631748031496063,False,False
Adhesive Dressing Remover Ster Silicone,-0.1102396008893971,0.908731757451182,False,0.13826758828000862,-0.12638361545690274,0.7634,0.8549347150259068,False,False,-0.09573889504173201,0.6256,0.11022430431305885,-0.14027092193346183,0.8342,0.887290989660266,False,False,0.2178918187779213,-0.14138648046074845,0.7917,0.875496417604913,False,False
Adhesive Removers (Sprays/Liquids/Wipes),-0.0862266172061963,0.98312292358804,False,0.030899233362035705,-0.06455677211948628,0.4988,0.70696062992126,False,False,-0.0484274111545125,0.397,0.03081620301465382,-0.06828845996546168,0.5686,0.7225835294117647,False,False,0.08371976174406115,-0.04356178775866191,0.3312,0.6297785588752197,False,False
Adrenaline,0.6638998400976098,0.0003176470588235,True,0.7718280642652833,0.04833405030453311,0.1013,0.3295301204819277,False,False,0.014838915801073648,0.1576,0.6076633042636537,0.2082422337848576,0.0043,0.04280184331797235,True,True,0.7647082715002412,0.06752615381819667,0.0729,0.27374999999999994,False,False
Afatinib,-0.0197444831591172,0.5576700610997964,False,0.062493917448909864,-0.028770070687138858,0.2786,0.5314285714285715,False,False,0.018404283161645434,0.0782,0.04433717581250474,0.000661104236079731,0.1105,0.29204889975550125,False,False,0.059999940092157145,0.01043483077307525,0.0643,0.2520653357531761,False,False
Agomelatine,0.312288216692702,0.0143796033994334,True,0.26364836763800825,0.15681994483924824,0.01164,0.10698893617021275,True,False,0.06300334080254325,0.062,0.09766024434644782,0.17341424353061566,0.01342,0.08282057142857142,True,False,0.18473861366448896,0.11378388429201311,0.02873,0.15247371007371005,True,False
Albendazole,0.3135185471256724,0.009,True,0.5273843221863184,-0.10030199094482035,0.6482,0.8044480183802412,False,False,-0.11955320608639977,0.7415,0.3139153792113165,0.0832224988877542,0.0734,0.23877108433734942,False,False,0.46594934197224536,-0.0428893447446428,0.3742,0.6603529411764706,False,False
Alclometasone dipropionate,0.2483764891583718,0.0282075949367088,True,0.24776734838769587,0.16710992642082656,0.00878,0.09115406698564592,True,False,0.19022459253903282,0.0023,0.1060489170332507,0.20850512959967657,0.00481,0.04701176470588235,True,True,0.18037963193711715,0.21875684768002351,0.00231,0.03371351351351352,True,True
Alcohol,0.395533953096985,0.0012342857142857,True,0.581450619543469,0.03621849897618973,0.1367,0.38198188874514877,False,False,-0.10888997753065946,0.691,0.5180201118612109,0.12593582969788764,0.03387,0.15200663900414937,True,False,0.5980396990134909,0.0391811708356933,0.1213,0.37098305084745764,False,False
Alemtuzumab,-0.0227932636469222,0.6507238335435057,False,0.1779343685786462,-0.1506470760447443,0.9028,0.9334839636189565,False,False,-0.17256021422317952,0.9134,0.1366661573392125,-0.11771628037045336,0.8492,0.8921556420233463,False,False,0.23029099787914087,-0.09398273757788879,0.6556,0.7824635761589405,False,False
Alendronic acid,0.2168802966724818,0.0429643636363636,True,0.6323869247985426,-0.07317211310607673,0.525,0.727149263292761,False,False,-0.12455358871592709,0.7544,0.6099630292240241,-0.09210836302951196,0.6357,0.7760632411067193,False,False,0.6517586020008743,-0.11383978127990659,0.6821,0.7997017828200973,False,False
Alendronic acid/colecalciferol,0.2608953295825755,0.0237793721973094,True,0.16602170467149346,0.020077636915200904,0.1764,0.43911818181818185,False,False,0.03903149975837558,0.103,0.15695473230088874,0.06327813795680058,0.1104,0.29204889975550125,False,False,0.2056295069215427,0.06232761741593686,0.0838,0.29419480519480523,False,False
Alfacalcidol,0.2535760348832004,0.0282075949367088,True,0.5166753512000225,0.08056166616852418,0.0592,0.26409896907216496,False,False,-0.07257517879507475,0.5123,0.4773663506803555,0.16622150656321058,0.013,0.08208,True,False,0.5360568930795636,0.10096442650377771,0.03726,0.18208506787330317,True,False
Alfentanil hydrochloride,0.0231675049245123,0.4733617021276596,False,0.055274319375198444,0.07706091303837823,0.0617,0.27065587044534406,False,False,0.09477731847188227,0.0306,0.018381292827911233,0.010816803413817343,0.2264,0.4417560975609756,False,False,0.06589780573718507,0.01623496891140595,0.1747,0.45600000000000007,False,False
Alfuzosin hydrochloride,0.0544927309868277,0.3381258278145695,False,0.2197861590264636,-0.12331439870957434,0.7476,0.845896280775275,False,False,-0.14801807582762613,0.8441,0.2028787223843418,-0.10083517767243855,0.6749,0.7970388190267906,False,False,0.24320574206582357,-0.11225610664256416,0.6801,0.7992,False,False
Alginic acid compound preparations,0.4522885397903695,0.0008470588235294,True,0.466711494954941,0.10996969598913149,0.03099,0.18802921348314608,True,False,0.15806040818574782,0.0052,0.4028487438361277,0.1705237920124679,0.01132,0.0756,True,False,0.37554298382116336,0.12246135932504666,0.02414,0.13941818181818183,True,False
Alimemazine tartrate,0.1115316423706146,0.1997725888324873,False,0.2726772319852996,-0.00744484047938853,0.2573,0.5080146252285191,False,False,0.01294881539493733,0.1636,0.22824570157283341,0.014642748537429391,0.2132,0.42798885793871866,False,False,0.2877494967000477,-0.0031241464038613055,0.2348,0.5310659685863874,False,False
Alirocumab,0.575972756838571,0.0003176470588235,True,0.2164811212606541,0.3036423041047811,2e-05,0.0054,True,True,0.18125361690522848,0.0012,0.16384628282423697,0.38893851789721356,1e-05,0.0018000000000000002,True,True,0.17556867279848065,0.3384843596190468,3e-05,0.0038117647058823526,True,True
Aliskiren,0.109927308436489,0.1925460186142709,False,0.23066693179650288,0.04669541538089087,0.119,0.356504854368932,False,False,0.028752901673305572,0.1269,0.10642061750618248,0.1185590200452738,0.03587,0.15652363636363634,True,False,0.1513803456827374,0.16421147751953366,0.00815,0.07798938053097346,True,False
Alitretinoin,0.1343006315039328,0.1474758620689655,False,0.2522989920337586,-0.08186321984588657,0.567,0.755533621221468,False,False,-0.14057559151451002,0.8268,0.0926191835464305,0.07253833143758179,0.0862,0.2554074074074074,False,False,0.33946489069708474,-0.06075665392179831,0.45,0.7037973950795947,False,False
Alkyl sulfate,0.3014475180260764,0.0211924528301886,True,0.7944500551335546,0.09954316336816486,0.03855,0.2095959798994975,True,False,0.10186148708937007,0.026,0.6701501849304868,0.1839562166190294,0.00861,0.06502657342657342,True,False,0.6937643382723688,0.13987940947987276,0.01606,0.11601872909698999,True,False
Alkyl sulphate,0.3949424373610368,0.0028327868852459,True,0.6941171341193879,0.11941381874787405,0.02618,0.1683,True,False,0.08622657388764388,0.0388,0.5801549691423458,0.05307841512757384,0.1208,0.30589449003517,False,False,0.6400722500695846,0.09007333815926995,0.04842,0.21027469879518074,True,False
Allopurinol,0.2395978433353771,0.0282075949367088,True,0.3729052246199136,0.20791648823628242,0.00321,0.053667692307692305,True,False,0.19674860057199625,0.0032,0.3206662989966266,0.23846228179566195,0.00241,0.028138378378378376,True,True,0.3918482075468106,0.2272486811547482,0.00183,0.02906470588235294,True,True
Almotriptan,0.1115751158618534,0.1751538461538461,False,0.18121199924611175,0.08047894625797444,0.0515,0.24610619469026548,False,False,0.09962916498395331,0.0252,0.1014340995719143,0.060065228900963406,0.0939,0.2654764397905759,False,False,0.21171178200217988,-0.020614610386171763,0.2719,0.5713073929961089,False,False
Alogliptin,0.2288649014810276,0.0362964705882352,True,0.2924013161912057,0.06142715091733761,0.095,0.320160741885626,False,False,-0.051940994012851974,0.4074,0.29101661111795496,0.07833051887132224,0.0888,0.26025508819538673,False,False,0.5609582771207767,0.05399802266741489,0.1014,0.33541194486983156,False,False
Alogliptin/metformin,-0.0104810551838181,0.5688096514745309,False,0.28126097593311183,-0.12420290078894784,0.7541,0.8510219435736677,False,False,-0.15432062169638391,0.8711,0.2601669896121631,-0.08531557315751459,0.6161,0.7604434285714287,False,False,0.35482859650352716,-0.035332969061314126,0.3391,0.6352831168831169,False,False
Alprazolam,0.1070541720273542,0.2051129032258064,False,0.6432270463224152,-0.10269247624972162,0.6714,0.8092767857142856,False,False,-0.05207696078315321,0.4099,0.25256110715269364,-0.01703294643757086,0.3255,0.5270464767616192,False,False,0.4293520396449244,0.01296811285382898,0.1821,0.467144893111639,False,False
Alprostadil,0.3236223863306073,0.0068210526315789,True,0.35620258781271663,0.03512142581844498,0.1417,0.38890978398983483,False,False,-0.045400324391566514,0.3773,0.2939380815395646,0.013660443077795872,0.2229,0.43690018148820325,False,False,0.45393690453511615,-0.017725143167415115,0.2812,0.5785347288296859,False,False
Aluminium acetate,0.0165856212767543,0.4119225406661503,False,0.23587619938018445,-0.05769327848558387,0.4585,0.6815966964900206,False,False,-0.08697941390366577,0.5905,0.20097755503352366,-0.11218420439742355,0.7575,0.8390769230769229,False,False,0.23508156239602518,-0.05400829928065418,0.4121,0.6810295230885692,False,False
Aluminium and magnesium and activated simeticone,0.1952942064014277,0.0667078864353312,False,0.5380750706084079,0.010974898986759808,0.194,0.4558699891657638,False,False,-0.05555884753825077,0.4261,0.4865501902407051,0.012267973486899885,0.2205,0.43475409836065576,False,False,0.43354274228780576,-0.006829527502813697,0.2396,0.5345386996904026,False,False
Aluminium and magnesium and oxetacaine,0.0635773991185599,0.3197164556962025,False,0.2961181455982046,0.003115016385923293,0.2277,0.48124461839530336,False,False,-0.03899110846613089,0.3517,0.17122578593377202,0.06198711756075798,0.1116,0.29361266747868453,False,False,0.26277681084793403,-0.0004346061420684391,0.2259,0.5257007534983853,False,False
Aluminium chloride,0.2131435684182271,0.0485525483304042,True,0.7753534010423038,-0.09348339143534157,0.6247,0.790481546572935,False,False,-0.05115884693398076,0.411,0.688742470872743,0.09811891317145444,0.0541,0.20009589041095893,False,False,0.6313677400763631,0.138399906203601,0.01668,0.1165980582524272,True,False
Aluminium hydroxide,0.0174866716331664,0.271710407239819,False,0.21883842194680247,-0.21921219169911102,0.9787,0.9890949720670391,False,False,-0.18620289859541805,0.952,0.20684848087314334,-0.20639887472929713,0.9775,0.9843356643356643,False,False,0.2863660848470039,-0.18120891477329093,0.9352,0.958557501183152,False,False
Alverine citrate,0.3823972608767467,0.0019261146496815,True,0.469721272731338,0.005244172012386818,0.2078,0.46803753910323254,False,False,-0.005605635752203466,0.211,0.3505686599491944,0.08486525377281005,0.0632,0.22268403908794784,False,False,0.4699886272835523,0.020273066642890858,0.1532,0.4210076335877863,False,False
Alverine citrate/simeticone,0.1937762140019067,0.049275,True,0.3995094627993747,0.008665012736103369,0.1806,0.44028893905191874,False,False,0.011824598888711015,0.1456,0.31589687732861216,0.07051374450350649,0.0644,0.22534615384615386,False,False,0.35016331218201935,0.07892583481559838,0.04382,0.20267922912205566,True,False
Amantadine hydrochloride,-0.0699464028820522,0.8132986425339366,False,0.059436536919105665,-0.060914738172717885,0.4765,0.6899839142091154,False,False,-0.07071299796692104,0.4969,0.04985528835054209,-0.06512677798596991,0.5259,0.6936263736263737,False,False,0.11557894637817234,-0.04584205621400519,0.3875,0.6703090472377903,False,False
Ambrisentan,0.0140140161667304,0.3790671936758893,False,0.19118094901809268,-0.05317349305192622,0.4164,0.6470676258992806,False,False,-0.04628458972524519,0.3612,0.16364401231568892,-0.039676680216097514,0.3774,0.577784702549575,False,False,0.2848440568527131,-0.09499684093595025,0.6088,0.7583667820069204,False,False
Amikacin,0.257508822314161,0.0344397614314115,True,0.17190877542710448,0.0701410557584784,0.0665,0.2793320388349515,False,False,0.031348718638151585,0.1082,0.09572048447794856,0.15956681302526368,0.01949,0.1071206106870229,True,False,0.12620179453707137,0.1189744204475922,0.02468,0.14137142857142856,True,False
Amiloride hydrochloride,0.0003782725682557,0.5602545700744753,False,0.1295227092171517,-0.136069045451809,0.7834,0.8686570841889117,False,False,-0.14602728335804258,0.8401,0.11123333447131523,-0.1202197037794946,0.7466,0.8325534331440373,False,False,0.1021267747461696,-0.1084268587154602,0.653,0.7824635761589405,False,False
Amiloride hydrochloride with loop diuretics,0.0446201605965448,0.3871698113207547,False,0.13377219051188993,-0.05903385753020263,0.4613,0.6835555555555555,False,False,0.04369095901411735,0.0924,0.1269274655618564,-0.04970430034721713,0.459,0.6422642487046633,False,False,0.1833609293154408,-0.06672624652752325,0.4786,0.719899721448468,False,False
Amiloride hydrochloride with thiazides,-0.0319783197831977,0.8769829787234042,False,0.09486407032992317,-0.038335111917782605,0.3443,0.5874312796208531,False,False,-0.037132713627878344,0.3523,0.08992747581706673,-0.02272623774430868,0.2882,0.49288361045130646,False,False,0.11860894682560585,-0.05370879003540759,0.4165,0.6810295230885692,False,False
Aminophylline,-0.0712892379736337,0.8417209045780474,False,0.10887166210226051,-0.05415868684770054,0.4245,0.652612099644128,False,False,-0.06890491230824182,0.4886,0.10002062876751006,-0.050329845117909396,0.4327,0.6218443113772455,False,False,0.11854310838637849,-0.0576255352461179,0.4155,0.6810295230885692,False,False
Aminophylline hydrate,0.3782861442806681,0.0022736842105263,True,0.3615046618262038,0.022514725277978515,0.1646,0.423761620977354,False,False,0.06384548690542126,0.063,0.3063007737474137,0.10083969669956272,0.0529,0.1976885813148789,False,False,0.4031755454884043,0.062436763389679246,0.0815,0.28989473684210526,False,False
Aminosalicylic acid,0.1293413432482372,0.1588378378378378,False,0.2555725500915865,-0.08377198777650231,0.5738,0.7617750460971112,False,False,0.0023770832300524214,0.1871,0.18723155436753725,-0.03726671385167933,0.396,0.5907182320441989,False,False,0.31522492833259386,-0.01791325808704003,0.2709,0.5708721951219511,False,False
Amiodarone hydrochloride,0.2174227348732982,0.0446374100719424,True,0.177470122673418,0.06561385724024527,0.077,0.2984516129032258,False,False,-0.030243833989707054,0.3156,0.1402444179196487,0.10566304787917545,0.04913,0.19178772563176896,True,False,0.17083868843225525,0.06452778838846442,0.0786,0.28296000000000004,False,False
Amisulpride,0.4465540369591849,0.0009473684210526,True,0.6432579547384555,0.2504601495191148,0.00071,0.026905263157894738,True,True,0.24175543207969621,0.0007,0.6405867447951445,0.2765153883103722,0.0007,0.013452631578947369,True,True,0.7063219777267661,0.152764681811786,0.01175,0.0950561797752809,True,False
Amitriptyline hydrochloride,0.5663027123608859,0.0003176470588235,True,0.521999946716891,0.28236128273077515,0.00035,0.0189,True,True,0.2617983633224879,0.0004,0.44651470962174944,0.35574606778497964,5e-05,0.0034838709677419357,True,True,0.5156455105779965,0.3299260911080435,6e-05,0.00576,True,True
Amlodipine,0.4083663262175592,0.0016054054054054,True,0.40963391192808263,0.09624631127277068,0.04295,0.2224748201438849,True,False,0.031605599581591905,0.1126,0.35639693416422313,0.11866984909630585,0.03574,0.15627206477732794,True,False,0.4948282043884711,0.10493224302956985,0.02852,0.15247371007371005,True,False
Ammonium chloride/diphenhydramine hydrochloride,-0.0474587165643293,0.7125786618444847,False,0.20521210205580542,-0.22261825162531726,0.9778,0.9887865168539327,False,False,-0.1423836135889151,0.8387,0.17061630639199055,-0.18791512368426314,0.9487,0.9638720602069615,False,False,0.3493741937055057,-0.20692239109578925,0.9555,0.965783809078147,False,False
Amobarbital,-0.0276713124274099,0.7748233931673423,False,0.05685020713664235,-0.014587027845556173,0.1975,0.4591158798283262,False,False,0.00020345476732600026,0.1443,0.04771911717009247,-0.021816453647684645,0.2501,0.4605178875638842,False,False,0.17920401283366072,-0.06531503308891234,0.4785,0.719899721448468,False,False
Amobarbital sodium,0.112107873084266,0.1711965065502183,False,0.012069772472757201,0.10268217638359427,0.03566,0.2000664935064935,True,False,0.0804222105795881,0.0439,0.011533714390226657,0.10581474430145149,0.04325,0.17560150375939848,True,False,0.08463621413600331,0.060515329369314655,0.0741,0.27534470989761095,False,False
Amorolfine hydrochloride,0.3408096682339401,0.0050532110091743,True,0.5282199752863843,0.26428554949438815,0.00043,0.019761702127659573,True,True,0.21345827199068576,0.0011,0.2778087235583696,0.3709540924012206,2e-05,0.002057142857142857,True,True,0.30038267061116286,0.2966962374023457,0.00026,0.01059622641509434,True,True
Amoxapine,-0.0337688734030197,0.9106997468354432,False,0.04022500963527553,0.008844689080453771,0.0846,0.3059702479338843,False,False,0.00025237936408590444,0.1373,0.03886469787667368,0.006928538330266393,0.0787,0.24346285714285715,False,False,0.15303205563603206,-0.07332003229764282,0.5363,0.722810408921933,False,False
Amoxicillin,0.5321819016930649,0.0003176470588235,True,0.6441748760078387,0.15789136436214474,0.01025,0.09883928571428571,True,False,0.12527741766459713,0.0165,0.5118681811280064,0.26868445173435646,0.00098,0.015797014925373134,True,True,0.6058167775074269,0.20328962344096685,0.00325,0.04153846153846154,True,True
Amoxicillin sodium,0.0017503747983485,0.4203960092095165,False,0.11863115353300457,0.0031205523006661087,0.1667,0.42662559241706155,False,False,-0.05530439974426344,0.4386,0.02798271439359623,0.002723842390725642,0.1769,0.38479758308157097,False,False,0.19902804463848756,-0.06047350520711361,0.4503,0.7037973950795947,False,False
Amphoteracin,-0.0479735895368653,0.7846302472685451,False,0.08521095335815299,-0.06422734729592783,0.504,0.711529411764706,False,False,-0.09414418297338271,0.6566,0.030851900053382342,-0.07761727500794653,0.6449,0.780746218487395,False,False,0.25535495843417055,-0.12560217584661093,0.7684,0.8604167962674961,False,False
Amphotericin,-0.0155504814035814,0.6098657980456026,False,0.1696525644496658,-0.09389839070689911,0.6234,0.7892989449003516,False,False,-0.046722958304889484,0.3836,0.0701766182543363,-0.034762631291482396,0.3837,0.5789162011173183,False,False,0.21656085244491607,-0.10964808716860815,0.6708,0.793498357064622,False,False
Ampicillin,0.2120275057838152,0.0522393277310924,False,0.4538825821033615,-0.0578755534896185,0.4733,0.6899839142091154,False,False,-0.11762643204169956,0.7318,0.43222673098854414,-0.04081488606659454,0.4301,0.621,False,False,0.44044788473355445,-0.017353905897221984,0.2849,0.5809584905660378,False,False
Amylmetacresol,0.1983845849629408,0.0535492487479131,False,0.5257289263479383,0.0823129501502914,0.0523,0.24658823529411764,False,False,0.11482932533495745,0.019,0.43126020371568474,0.17564335236064915,0.00899,0.06627440273037542,True,False,0.39044115909003785,0.1815758297156052,0.00496,0.055224742268041235,True,False
Anagrelide hydrochloride,-0.0075088007895838,0.5252590529247911,False,0.17893644340488635,-0.11813676292164427,0.7296,0.8350550847457627,False,False,-0.11873580698650166,0.7376,0.12848537207233146,-0.08389616202886097,0.5989,0.748192018507808,False,False,0.20734911812387014,-0.0651793898685791,0.4672,0.7163796033994334,False,False
Anakinra,-0.0893285158860553,0.9926099158091676,False,0.08664273768475994,-0.12306769293183467,0.7993,0.8777264870360956,False,False,-0.025079295302064347,0.2708,0.06408438939890138,-0.12852550469844437,0.8724,0.9081368674698794,False,False,0.10550593448264134,-0.09303993483641243,0.6212,0.7648464163822526,False,False
Anal Irrigation System,-0.079908426693078,0.9618014527845036,False,0.0520914236959551,-0.12360672946628108,0.8173,0.8914216624685138,False,False,-0.1130763948988533,0.7497,0.032740043246059725,-0.0889927415640123,0.6938,0.8044057971014492,False,False,0.038887142025649246,-0.06672069119090816,0.4622,0.7153747323340471,False,False
Anal Plugs,-0.1104012674450278,0.9815007132667618,False,0.0395747076597589,-0.14798934308562256,0.8802,0.919357833655706,False,False,-0.1533571010223071,0.88,0.028288858632202207,-0.12477690596711113,0.844,0.8921556420233463,False,False,0.041169428815786335,-0.10469903593759422,0.7004,0.810983922829582,False,False
Analgesics with anti-emetics,0.1683089089499072,0.0728626728110599,False,0.7406874171016977,0.16890552799353856,0.00775,0.08672893401015228,True,False,0.20056668118828155,0.0012,0.6672580881301073,0.24935254325013637,0.00094,0.015545454545454546,True,True,0.5279405391844295,0.23108321344117835,0.00061,0.016068292682926828,True,True
Anastrozole,0.2734217742016117,0.0174567774936061,True,0.26614370108451835,0.23969617655344802,0.00122,0.03345365853658537,True,True,0.23547664290283638,0.0008,0.24823132927085212,0.1795320750155933,0.00996,0.07130860927152317,True,False,0.31571519130611514,0.13574928533992406,0.01779,0.11933664596273293,True,False
Androstanalone,0.0493559081524193,0.2920350262697023,False,0.254692035425653,0.0046028001802753404,0.2017,0.4624968152866242,False,False,0.039313819269944504,0.0935,0.13133717128628397,0.017210726949053862,0.1698,0.37733333333333335,False,False,0.30122730467499037,-0.021994021411435215,0.2798,0.5785347288296859,False,False
Antazoline,0.164762338979213,0.0984558139534883,False,0.21911673261781894,0.12010987158675188,0.02707,0.170532944606414,True,False,0.1532056297064613,0.0087,0.1033935218579467,0.17250255382619728,0.01216,0.0791132530120482,True,False,0.05567745337495189,0.15317385723703658,0.01243,0.09944,True,False
Anti-D (Rh-) immunoglobulin,-0.0456525779440903,0.5973527080581242,False,0.09600525669471083,-0.0008701859023664945,0.1873,0.44751381215469616,False,False,0.01839426519563345,0.1216,0.08492657574938112,-0.013770433027817426,0.2464,0.4595348837209302,False,False,0.14350008150861693,-0.03367796153892352,0.2991,0.5989545875810937,False,False
Apalutamide,-0.0466210974540514,0.7101620314389359,False,0.4399173263738565,-0.1625386396924238,0.8752,0.9160116279069767,False,False,-0.1602542567497262,0.891,0.24253925917142416,-0.06381791724291788,0.518,0.6870920245398772,False,False,0.23020682571100215,-0.07350406152177236,0.5116,0.722810408921933,False,False
Apixaban,0.0541613605865214,0.3519022004889975,False,0.24732946831905822,-0.09419009727354255,0.6181,0.7876672566371682,False,False,-0.14157427963539296,0.8301,0.07985425218220765,0.0017495873714011678,0.2646,0.4743037344398341,False,False,0.18674420023260907,-0.0292891439839251,0.3238,0.6226334519572954,False,False
Apomorphine hydrochloride,0.5289743874047415,0.0003176470588235,True,0.37282291504735987,0.2988378654643905,0.00015,0.014086956521739129,True,True,0.2890373921937293,0.0001,0.22096489916341655,0.3148312729349204,0.00031,0.008584615384615385,True,True,0.3929456284059013,0.3192898560199905,8e-05,0.00576,True,True
Apomorphine hydrochloride hemihydrate,0.2404061344685208,0.0363234375,True,0.17028788315503485,-0.0007934293238895753,0.2246,0.47938339920948614,False,False,0.10300930705359092,0.0259,0.11794743930816243,0.058938325337744686,0.1024,0.2809644670050761,False,False,0.18963481676601157,0.03375994263033683,0.1226,0.3729802816901408,False,False
Apraclonidine,0.5720237334325468,0.0003176470588235,True,0.7292953740120267,0.1457486349356013,0.01433,0.12030697674418606,True,False,0.14212968386742336,0.0108,0.6162412936023609,0.3085960007184926,0.00029,0.008135064935064934,True,True,0.7019816383751951,0.2244320935477482,0.00174,0.028258646616541355,True,True
Apremilast,0.0952769345392148,0.1692715231788079,False,0.15695937502779622,-0.042131368891250694,0.3828,0.6215477084898572,False,False,-0.09961704887946467,0.6546,0.14632521079968208,-0.05163318863812499,0.4576,0.6414120700843609,False,False,0.2555189083026268,-0.03742512528464913,0.354,0.644,False,False
Aprepitant,0.0573707858693081,0.1759744408945687,False,0.2853838575135791,-0.06268009364773607,0.4824,0.6960480961923847,False,False,-0.033327848715696516,0.3296,0.12810909386106883,-0.0669955413386121,0.5528,0.70843390634262,False,False,0.29282822953696097,-0.11171946175211331,0.7278,0.8339777188328913,False,False
Arachis oil,0.2889651838599661,0.013780415430267,True,0.329081570935996,0.05051563288272022,0.1115,0.34621714285714283,False,False,0.12652189456598634,0.0155,0.32485648318065163,0.061085929171506057,0.1123,0.294378640776699,False,False,0.34010101533071757,0.05358229509486673,0.095,0.320625,False,False
Aripiprazole,0.4632617126396334,0.0003176470588235,True,0.7453855000978689,0.08016934970230623,0.0596,0.2648888888888889,False,False,0.05042492340659122,0.0826,0.6524181472674568,0.1394518421397642,0.02328,0.11867294117647059,True,False,0.739515351150941,0.09365809438653537,0.04363,0.20241888412017167,True,False
Arm Sling/Bandages,0.0740400278638956,0.249934148635936,False,0.09119713777475125,-0.06199043431348402,0.4747,0.6899839142091154,False,False,-0.09986652715101499,0.6498,0.06670166080429496,-0.025500619121546036,0.3316,0.5348417910447761,False,False,0.08084536723558211,0.0013995996036973337,0.1986,0.4914246575342466,False,False
Arnica montana,0.2229323790788868,0.010138775510204,True,0.4845385926579966,-0.14698440013617758,0.8606,0.9127776141384388,False,False,-0.22571599362639103,0.9835,0.4154401140731625,-0.08967088904886099,0.6857,0.8038569880823402,False,False,0.507189489420469,-0.09130811565285567,0.6102,0.7585433658816773,False,False
Artemether with lumefantrine,0.1999532719809719,0.0608376623376623,False,0.37680107889280234,-0.10544054797309332,0.6818,0.8137591160220995,False,False,-0.1051625489583964,0.6732,0.2605391726224048,-0.022420086621631592,0.3387,0.5409571639586411,False,False,0.37549419943377416,-0.07904082253391335,0.5414,0.7236534653465346,False,False
Artificial saliva,0.1811663309753879,0.0805260431654676,False,0.38633572510786696,-0.0020533443584589625,0.2418,0.492406779661017,False,False,-0.04566756281327619,0.3851,0.2370206438264022,0.13801055239237678,0.02592,0.12638194130925506,True,False,0.35711604473215575,0.17515842527830328,0.00708,0.07047373271889401,True,False
Artificial saliva products,0.0279544752137021,0.4306899166034875,False,0.27424943729729023,-0.12974800106754328,0.7685,0.8591925465838508,False,False,-0.21922072939995516,0.9817,0.2203837360116877,-0.12769637091052433,0.7822,0.8556923076923078,False,False,0.32958037060280987,-0.08662262681088158,0.5589,0.7317097944377268,False,False
Ascorbic acid,0.1924995706610036,0.066642654028436,False,0.12794731991977304,0.05113831420137101,0.0982,0.3253251533742331,False,False,-0.02772734945246898,0.303,0.11657934820734694,0.06965319151037634,0.0866,0.2558360655737705,False,False,0.16487931205770634,0.07391231336071741,0.0645,0.2523913043478261,False,False
Ascorbic acid (Eye),-0.0227932636469222,0.6507238335435057,False,0.1779343685786462,-0.1506470760447443,0.9028,0.9334839636189565,False,False,-0.17256021422317952,0.9134,0.1366661573392125,-0.11771628037045336,0.8492,0.8921556420233463,False,False,0.23029099787914087,-0.09398273757788879,0.6556,0.7824635761589405,False,False
Asenapine,0.1462955467328734,0.1292608695652173,False,0.044435755848703185,0.10783045424010879,0.03509,0.19795300261096607,True,False,0.11052342592100223,0.0231,0.010084826442191663,0.13295736641306116,0.02975,0.13999999999999999,True,False,0.06263223863745715,0.12858847462284523,0.02152,0.13243076923076924,True,False
Aspirin,0.1338421156850303,0.14575,False,0.20249994579349473,-0.08573322731776345,0.5844,0.7700926829268293,False,False,-0.030431552510648326,0.3256,0.09824581526849319,0.02280146636603106,0.194,0.40804669260700394,False,False,0.27300565337769944,0.012552911465075062,0.18,0.46337142857142855,False,False
Aspirin and caffeine,-0.0465481616235121,0.8172446448703495,False,0.12334561701653934,-0.10507151063807318,0.7327,0.8364862579281184,False,False,-0.06204832205071089,0.4858,0.03382721603270322,-0.054067624915446644,0.4922,0.6707583596214511,False,False,0.21717431577289792,-0.11806051663380598,0.7561,0.8532789968652037,False,False
Aspirin combined preparations,-0.0750891199295458,0.8316840934371524,False,0.11606044200600507,-0.05183469105834097,0.4367,0.6637974683544303,False,False,-0.06257612275456112,0.4601,0.011184541674546855,-0.07660448288945283,0.5701,0.7234225352112676,False,False,0.07378109228667207,0.0006873126521241261,0.2147,0.511215859030837,False,False
Atazanavir,-0.0667623225648495,0.9491964809384164,False,0.059977902989866605,-0.07207387852742807,0.5115,0.719296875,False,False,-0.07937982122168119,0.5421,0.05448587288871398,-0.0785996088676842,0.6007,0.7490825158684361,False,False,0.09871584824113167,-0.06070567279884432,0.3996,0.6764388714733542,False,False
Atazanavir and cobicistat,-0.0211962833914053,0.5800691489361702,False,0.02482984206250427,-0.031457648989913045,0.2812,0.5319685039370079,False,False,-0.03736735185470082,0.3552,0.00606674044872102,-0.027693398904500417,0.2866,0.49288361045130646,False,False,0.01969080076253449,-0.05004324669823325,0.3437,0.6359794520547944,False,False
Atenolol,0.2932712888389324,0.0134341463414634,True,0.44299811159375346,0.1255173831745742,0.02286,0.15877041800643085,True,False,0.12779034855520044,0.0136,0.3348900479235807,0.19768017967848744,0.00644,0.05498181818181819,True,False,0.4526697775710333,0.1769545238372568,0.00593,0.06109714285714285,True,False
Atenolol with calcium channel blocker,0.1687577549995355,0.0899394957983193,False,0.11805005572326277,0.15018580190516617,0.01248,0.11002775510204083,True,False,0.11030552336714015,0.0202,0.101080689649928,0.1740877196105557,0.01023,0.0724235294117647,True,False,0.10579680384108592,0.20195488584821167,0.00315,0.04123636363636364,True,True
Atogepant,0.1797234422334535,0.0767368421052631,False,0.1332029063192317,0.06725761480753868,0.0796,0.30270422535211267,False,False,0.13628056893844295,0.0113,0.12675657385325134,0.05095286023683962,0.1271,0.3148974943052392,False,False,0.19037436114341721,0.042814403301744984,0.1111,0.3549940828402367,False,False
Atomoxetine hydrochloride,0.1304887906555335,0.1567584650112866,False,0.21899607042703273,-0.057776676511493395,0.4524,0.6757842323651453,False,False,-0.06444193071635615,0.4659,0.21727581801492868,-0.05574780164174491,0.48,0.6616290630975143,False,False,0.26800005374391145,-0.042074348644917166,0.3749,0.6605089722675367,False,False
Atorvastatin,0.1848248366544984,0.0728626728110599,False,0.19482696993349047,0.04863091704916037,0.114,0.34932203389830513,False,False,-0.012528194997798473,0.2424,0.09180678201087067,0.08844253869715313,0.0698,0.23594366197183098,False,False,0.31506970192755823,0.14379542805851553,0.01483,0.11059793814432989,True,False
Atovaquone,0.1054992500498754,0.1985877551020408,False,0.14265502279578246,-0.05846601080532235,0.4607,0.683456043956044,False,False,0.014108710377694665,0.1649,0.11217244948898586,-0.01052675336891105,0.2924,0.4973102362204724,False,False,0.15742884994631157,-0.06478763562718515,0.467,0.7163796033994334,False,False
Atropine sulfate,0.3106818121148895,0.0080275862068965,True,0.23517609971324827,0.14362357579967971,0.01523,0.1239157894736842,True,False,0.052519690119644184,0.0825,0.21164122880126457,0.13398214984471132,0.02691,0.129696,True,False,0.23684797139504,0.13182907607178485,0.02018,0.12820235294117646,True,False
Avanafil,-0.051431533243006,0.7494603174603174,False,0.14382959005844376,-0.1340845852762598,0.7919,0.8731469387755102,False,False,-0.10938376036630414,0.6919,0.042126621062987035,-0.06829133744171383,0.5385,0.7029462235649546,False,False,0.1423998314206768,-0.09491552390359621,0.611,0.7585433658816773,False,False
Axitinib,-0.0409647835727747,0.6198865979381444,False,0.12803077595347379,-0.07580974894564477,0.5508,0.744045028142589,False,False,-0.10719539205980506,0.7095,0.03509699222038243,-0.05127364566196301,0.4101,0.6030061266167461,False,False,0.08552794003298636,-0.010171405620739886,0.1798,0.46337142857142855,False,False
Azathioprine,0.3711631739033255,0.0021857142857142,True,0.44433467598210796,0.013263821955919318,0.1946,0.4558699891657638,False,False,0.011678772082459689,0.1744,0.31083303695981157,0.19804517222085824,0.0059,0.05177004048582996,True,False,0.3038299042010325,0.2196009943503508,0.00208,0.03163943661971831,True,True
Azelaic acid,0.603497489217985,0.0003176470588235,True,0.8328269147089391,0.05627577026360627,0.0934,0.31921518987341774,False,False,0.05974229487273787,0.0669,0.7745701793601251,0.13829830317111952,0.02447,0.12178617511520737,True,False,0.8308717032316035,0.10442278993014782,0.03723,0.18208506787330317,True,False
Azelastine hydrochloride,0.4458753646040395,0.0003176470588235,True,0.49927804808807985,0.21764052582677654,0.00213,0.043000000000000003,True,True,0.17500533419432976,0.0043,0.4664105805181863,0.19500938092380318,0.00709,0.05787169811320755,True,False,0.5278962330510119,0.13900322478523988,0.01765,0.11933664596273293,True,False
Azilsartan medoxomil,0.2623462053278855,0.0177174683544303,True,0.44601199684432646,0.019573241503879006,0.1681,0.42919480519480524,False,False,0.049789963537352606,0.0742,0.43240615196973364,0.05318078561787724,0.1159,0.2989976133651551,False,False,0.45872774574420805,-0.0011899977760229448,0.2149,0.511215859030837,False,False
Azithromycin,0.2791942453144463,0.0144811267605633,True,0.14205283707848626,0.27773889623331416,0.00028,0.016799999999999995,True,True,0.21272346758994903,0.0018,0.0565316913071674,0.2692160875454488,0.00082,0.014575609756097561,True,True,0.09953059032844769,0.22622754084481264,0.00123,0.024572477064220184,True,True
Aztreonam,-0.0292635948396989,0.6731194029850747,False,0.1544061206314189,-0.07353077007575054,0.571,0.7589225092250923,False,False,-0.05708196106602173,0.4626,0.14802751720751783,-0.09131254875877959,0.7324,0.8239500000000001,False,False,0.2634301742647073,-0.05369870382666254,0.4151,0.6810295230885692,False,False
Bacillus calmette-guerin (B.C.G.),-0.041753774680604,1.0,False,0.03926140965407987,-0.02982576422300937,0.2815,0.5319685039370079,False,False,-0.02573553074716463,0.2774,0.008338846977760217,-0.05345489508937302,0.5507,0.7072009512485137,False,False,0.08395046077851664,-0.09694962847147057,0.7231,0.829031847133758,False,False
Baclofen,0.0032630408054847,0.5199999999999999,False,0.29737175672253247,-0.10781361713445112,0.6882,0.8168835164835165,False,False,-0.08419579345855963,0.566,0.00038018956674157334,-0.0034236347144642647,0.2466,0.4595348837209302,False,False,0.035665932933276356,-0.024317322375109925,0.2834,0.5807817836812145,False,False
Bacterial Decolonisation Products,0.1758651050468397,0.0649719745222929,False,0.24955402227228418,0.07754403665916908,0.04713,0.23189248291571754,True,False,0.07644886926846917,0.0376,0.20256166110423435,0.10318733575206976,0.03513,0.1546682926829268,True,False,0.25702087726123246,0.10173153213130118,0.02909,0.15362933985330074,True,False
Bag Closures,-0.0867786334361207,0.8666868577609518,False,0.053721654149985976,-0.06555059045853841,0.4814,0.6950695187165776,False,False,-0.0038849980225881767,0.1988,0.010853885545831665,-0.10735254321776369,0.7061,0.8090847457627119,False,False,0.05587132024208885,-0.08206772612307871,0.5372,0.722810408921933,False,False
Bag Covers,-0.0472074879645194,0.7442262816735415,False,0.04087253524612533,-0.043527935880956214,0.3646,0.6060229533282326,False,False,-0.05688007577575195,0.4558,0.04075728118979616,-0.04553983667315922,0.4109,0.6033609789259007,False,False,0.11286558783481693,-0.02406560490014565,0.2433,0.537899692937564,False,False
Baloxavir marboxil,-0.0105981416957026,0.1706258205689277,False,0.11073438673344937,-0.0758314251523718,0.6037,0.780933014354067,False,False,-0.18461678294578543,0.9328,0.10748132885031436,-0.0765526834784613,0.6679,0.7935445544554457,False,False,0.13746034409294283,-0.06516472206876642,0.4905,0.722810408921933,False,False
Balsalazide sodium,0.0986008808476963,0.1793551106427818,False,0.2649631091263034,0.04518205943197621,0.1033,0.33253055141579735,False,False,0.009961506475557198,0.1611,0.12463606144026851,0.0006393681934948989,0.2208,0.43475409836065576,False,False,0.19938005235280087,0.027676511501967635,0.125,0.3752999999999999,False,False
Bambuterol hydrochloride,-0.0661449879387243,0.8191973018549746,False,0.12926292922521843,0.00494060194783528,0.1692,0.4302211764705882,False,False,0.017409039938285395,0.1222,0.04424087354696504,-0.08711501487329526,0.6387,0.776918918918919,False,False,0.15699916258452473,-0.1513783088417319,0.8569,0.9158357248886689,False,False
Baricitinib,-0.0885686133594569,0.8634152680021656,False,0.12585887828189357,-0.09009618190973959,0.603,0.780933014354067,False,False,-0.08163010688899329,0.5557,0.12005653610763256,-0.06562251164395111,0.5185,0.6870920245398772,False,False,0.25063859573913383,-0.07652963062595931,0.5254,0.722810408921933,False,False
BeclometDiprop/Formoterol/Glycopyrronium (Corticosteroids),0.5400341728944805,0.0003176470588235,True,0.6140633412988907,0.02897623344804791,0.1518,0.4058019801980198,False,False,0.05111245133715957,0.0856,0.5732652089848966,0.09708560905134422,0.0562,0.20644897959183672,False,False,0.6682451704832911,-0.044167862062726826,0.3811,0.6638388396454473,False,False
Beclometasone dipropionate,0.2822587708515529,0.0140680115273775,True,0.12823180709762605,0.13319038145258363,0.01935,0.144172602739726,True,False,0.09049597832208939,0.0373,0.11382875497323186,0.11872832644202137,0.03774,0.16142257425742573,True,False,0.19184213500655112,0.07513597220831734,0.0662,0.25657245080500896,False,False
Beclometasone dipropionate (Systemic),0.3097971597954294,0.0075685039370078,True,0.2117995142644611,0.10970895434372405,0.02564,0.1663135135135135,True,False,0.04991086692563256,0.0697,0.14437581115883125,0.14774169218624952,0.0131,0.08208,True,False,0.20369016143554708,0.1101297667544558,0.02364,0.13865806451612903,True,False
Beclometdiprop/formoterol/glycopyrronium,0.4093429725587508,0.0004595744680851,True,0.509294338006005,-0.06583070927647316,0.4928,0.7040686922060766,False,False,-0.06358390770969272,0.4689,0.4564629032373969,0.00027474157714666727,0.2608,0.4711906354515051,False,False,0.5562923273421154,-0.09419552915677151,0.5983,0.7539836639439907,False,False
Bedaquiline,-0.0543626928676332,0.8624780487804877,False,0.06596609783581897,-0.0048782176337525554,0.1646,0.423761620977354,False,False,0.036043270087238656,0.0726,0.04815426948591017,-0.04693611151026399,0.3752,0.576,False,False,0.06397270204394001,-0.04676308190323528,0.3308,0.6297785588752197,False,False
Belladonna alkaloids,0.1541773263017047,0.1073992052980132,False,0.6802829924996501,0.009292445168224882,0.1948,0.4558699891657638,False,False,-0.04512598224812923,0.3766,0.45453500596746177,0.049835599790066014,0.1033,0.28208343868520863,False,False,0.5227127431287342,0.08393322958735318,0.03855,0.18628187919463088,True,False
Belts,-0.0884042146637566,0.9815007132667618,False,0.0229696744912693,-0.06487435483693026,0.496,0.7057988165680473,False,False,-0.05938754471454665,0.4606,0.022507137024870394,-0.06448159884688837,0.5331,0.698269090909091,False,False,0.10199607433429358,-0.03481624138109561,0.2893,0.586749295774648,False,False
Belumosudil,-0.0224545102593883,0.6198865979381444,False,0.06638965816452747,-0.04189972107851331,0.3667,0.6060229533282326,False,False,-0.06717453377866393,0.5365,0.03414570985062748,-0.04555557968989709,0.4524,0.6359298245614036,False,False,0.3078055682890648,-0.09351302021839397,0.636,0.7730782217220034,False,False
Bempedoic acid,0.0080697288675899,0.5163631245601689,False,0.1819393950327961,-0.06277145797686191,0.4762,0.6899839142091154,False,False,-0.0208093397182873,0.2654,0.16729346029407843,-0.06101638318271803,0.497,0.6734755332496863,False,False,0.2658395691167257,-0.12185408889270152,0.7187,0.8267546567323044,False,False
Bempedoic acid/Ezetimibe,0.0753942578925165,0.2864721485411141,False,0.20221953958294103,-0.004959608384680949,0.2477,0.49679999999999996,False,False,0.10786618006864312,0.0252,0.17467374896610255,0.009285115004608335,0.2278,0.4428874887488749,False,False,0.31035344266106646,-0.09702089566316931,0.6076,0.7573087132140798,False,False
Bendroflumethiazide,0.1479621212017241,0.1002439024390244,False,0.38851951472881163,-0.07123522303084513,0.5326,0.7307292327203551,False,False,-0.052678096440655194,0.4147,0.27846627138412594,-0.008867271210161287,0.2832,0.49288361045130646,False,False,0.3879583009043567,-0.0902616351233034,0.6032,0.7565634782608694,False,False
Benperidol,0.0698250618870533,0.2741837837837838,False,0.05382563291157738,0.005017277511596962,0.2024,0.46360975609756094,False,False,-0.08994044783981534,0.6027,0.04536270952244981,0.009379037414110114,0.21,0.42533831775700937,False,False,0.08011813913289045,-0.020259139826345928,0.2761,0.5756525096525096,False,False
Benralizumab,0.0178327659333304,0.3207217537942665,False,0.2837760386627177,-0.1492896754940169,0.8656,0.9135461200585652,False,False,-0.22487594902955127,0.9853,0.26061144396569513,-0.1255664116842622,0.8226,0.8796118811881188,False,False,0.302313733112489,-0.10358179714294333,0.6705,0.793498357064622,False,False
Benzalkonium chloride,0.1347627558460451,0.1353191489361702,False,0.07481144953185415,0.07070222496588131,0.0693,0.28498859315589353,False,False,0.03120996565158583,0.1111,0.061344122829243175,0.08128116574788431,0.0711,0.23627076923076923,False,False,0.10469667308587127,0.07197188059909931,0.0611,0.2448534322820037,False,False
Benzatropine mesilate,0.0071746826756603,0.4787239621267298,False,0.05170050162447781,-0.005185037156496797,0.2271,0.48124461839530336,False,False,-0.015052963877255469,0.2326,0.023705567236992686,-0.016696955413730223,0.2765,0.4867481662591687,False,False,0.12670419680940503,-0.016756855794800032,0.2638,0.5616,False,False
Benzbromarone,-0.0798815436203023,0.8370447266703478,False,0.07166083420411473,-0.04192022603753066,0.3939,0.6278145695364239,False,False,-0.004252722950203444,0.2183,0.06230640779262486,-0.043419287669454534,0.4249,0.6165633802816901,False,False,0.18106737214344404,-0.048006798323183233,0.3912,0.6711854775059194,False,False
Benznidazole,-0.068788021955386,0.9653152804642166,False,0.14976911800495551,-0.1262425281202166,0.8042,0.8817624365482234,False,False,-0.01999052885583779,0.2373,0.0956365603289675,-0.14835393088763335,0.921,0.9440265654648956,False,False,0.2425087508547893,-0.1275923035599589,0.7653,0.8591725571725571,False,False
Benzocaine,0.1629856571153643,0.091333704735376,False,0.4128472017001532,0.16053199964517376,0.00977,0.09680366972477063,True,False,0.15627593945403753,0.0069,0.3613240471300708,0.2779648698302428,0.00066,0.013078899082568807,True,True,0.3291599404525458,0.3076280550860504,0.00012,0.007005405405405405,True,True
Benzoic acid,-0.0470116003055582,0.8274980479643056,False,0.06911051785356737,-0.0022599843183886744,0.1571,0.4138243902439024,False,False,0.016133784014732498,0.1017,0.03705071599560994,-0.02857690570942587,0.3121,0.5161837672281776,False,False,0.1445605097128595,-0.038758505771737575,0.3219,0.6213619302949063,False,False
Benzoin,-0.0436666492723025,0.668385,False,0.06191456629742598,-0.10027130899419517,0.6606,0.8087582725743129,False,False,-0.06419163543267276,0.4491,0.046513053294198525,-0.06756911729073777,0.5146,0.6852872996300862,False,False,0.22865582510478966,-0.19101462767814417,0.9396,0.9595914893617021,False,False
Benzoyl peroxide,0.0799468137144717,0.2776868327402135,False,0.4054304709018949,-0.15968744223530626,0.8642,0.9135461200585652,False,False,-0.06174423655765614,0.4596,0.3494438773948274,-0.10982751916077658,0.7121,0.8125388272583202,False,False,0.33289059894177897,-0.06243595017738124,0.47,0.7169491525423728,False,False
Benzoyl peroxide and clindamycin phosphate,0.5280864766337641,0.0003176470588235,True,0.8117180448027168,0.06639504651457973,0.0753,0.2972945454545455,False,False,0.13105621072079598,0.0122,0.7105119344275738,0.2588914799126335,0.00095,0.015545454545454546,True,True,0.7833213675305944,0.20449136828996775,0.00226,0.03320816326530612,True,True
Benzydamine hydrochloride,0.2663622654669861,0.0225456221198156,True,0.7777716362263153,0.1560828773257899,0.01144,0.10623862660944206,True,False,0.1973243489301918,0.0031,0.7078940664607409,0.24940387572221037,0.00143,0.021302068965517243,True,True,0.5867285890744627,0.2526714043467377,0.00066,0.016386206896551726,True,True
Benzyl benzoate,0.0178474826019866,0.3442167487684728,False,0.11880329756575125,0.012764553392272145,0.15,0.40298507462686567,False,False,-0.03756282256437369,0.3411,0.1140542021246772,0.006406989405306776,0.1895,0.4025068762278978,False,False,0.10014127160700093,0.019329931411989482,0.1025,0.33749999999999997,False,False
Benzylpenicillin sodium (Penicillin G),0.0461699151750263,0.3662457831325301,False,0.30919534231409096,-0.15655679265409606,0.8642,0.9135461200585652,False,False,-0.06401379437005748,0.4618,0.14613643420854416,-0.03464150400605441,0.3826,0.5789162011173183,False,False,0.18563344147148197,-0.07634151635506993,0.5085,0.722810408921933,False,False
Betacarotene,0.0004314370866676,0.5285841446453406,False,0.10162659098134286,-0.06396550770654838,0.4775,0.6908238446081714,False,False,-0.09327488823571944,0.6065,0.057486472542773726,-0.047222942746019014,0.4326,0.6218443113772455,False,False,0.15353238487017407,-0.07120487255412448,0.4949,0.722810408921933,False,False
Betahistine hydrochloride,0.4764291989180623,0.0006612244897959,True,0.4553655892838575,0.11301040497232573,0.03114,0.18841008403361345,True,False,0.08836524015882466,0.0368,0.44488472855479433,0.10632371990504454,0.04884,0.19111304347826086,True,False,0.5848201583581281,0.0687103093904229,0.0761,0.27813197969543146,False,False
Betaine anhydrous,-0.0375699348648295,0.6885753254804712,False,0.09886762793302062,-0.12339869866908407,0.7481,0.8460188481675393,False,False,-0.08906635374838755,0.5878,0.04890793307155361,-0.068759422040023,0.5407,0.7036915662650602,False,False,0.08697447047246532,-0.1114192211989741,0.6799,0.7992,False,False
Betamethasone,-0.0547398482771965,0.7599812755997659,False,0.173894472047609,-0.011176483243284298,0.2483,0.49679999999999996,False,False,-0.027600864010911802,0.2917,0.12057515134506391,-0.07038709874988484,0.5414,0.704048163756773,False,False,0.20397178202978006,-0.0649610837936645,0.4587,0.7134686825053995,False,False
Betamethasone esters,0.4962030646991811,0.0003176470588235,True,0.6937388996948449,0.07795274597388165,0.0574,0.2593807531380753,False,False,0.1591000880188707,0.0072,0.6420080052668875,0.08103391026583401,0.0702,0.23618691588785048,False,False,0.711799490805316,0.005711069346816086,0.199,0.4914246575342466,False,False
Betamethasone sodium phosphate,0.3948904476195392,0.0012342857142857,True,0.4680094438704143,0.13311480511585191,0.01868,0.1420732394366197,True,False,0.038929129614441824,0.1033,0.4676738952916515,0.1375361698508,0.02421,0.12111963048498846,True,False,0.47035015357692367,0.04775782875722604,0.1087,0.35095964125560536,False,False
Betamethasone valerate,0.0828342549967341,0.2609917050691244,False,0.20960481802642117,-0.008439980439986033,0.2626,0.5137826086956522,False,False,-0.052245279156553956,0.416,0.1540586788149183,0.05529450563005081,0.12,0.30589449003517,False,False,0.16230899849119473,0.09132222070533262,0.04716,0.20808146639511202,True,False
Betamethasone/Doxycycline/Nystatin,-0.0654028434021076,0.933718811881188,False,0.11003448957762474,-0.13277936778730862,0.8524,0.9101183431952663,False,False,-0.06457351356574974,0.5,0.04780233228733788,-0.09233895167134434,0.7571,0.839064135454079,False,False,0.2120342991002282,-0.13088777728681827,0.8228,0.8957903225806452,False,False
Betaxolol,0.1130900121846868,0.1841089005235602,False,0.42670673090059497,0.11026975763980641,0.03336,0.1956292682926829,True,False,0.05341706922898388,0.0839,0.39253226877789915,0.14478715641111156,0.02052,0.11003168316831684,True,False,0.5047807387721005,0.15071045492761165,0.01293,0.10155927272727273,True,False
Bethanechol chloride,0.0762456850880571,0.2574687791239515,False,0.06387238640039827,-0.06633857053793835,0.49,0.7018567639257295,False,False,-0.10398665734984923,0.6626,0.04834950844126973,-0.005366908967941251,0.265,0.47462686567164175,False,False,0.10691435498912416,-0.08868861485846868,0.5788,0.7418518079430944,False,False
Bexarotene,-0.0152439024390244,0.4571946508172362,False,0.278431657340248,-0.12698313473901704,0.8079,0.8853698630136986,False,False,-0.13175966335833794,0.8075,0.07311886568296344,-0.02470350598029455,0.2905,0.4948580441640378,False,False,0.24828457168132012,-0.028692219695021476,0.2815,0.5785347288296859,False,False
Bezafibrate,0.073938346726612,0.2907838312829526,False,0.18672567556448716,-0.0837944352213421,0.5831,0.7693927916921196,False,False,0.006823534327585072,0.1786,0.06890504478538195,0.0722824264881188,0.0913,0.2618964143426295,False,False,0.18149818281595043,-0.03283442110036507,0.3392,0.6352831168831169,False,False
Bicalutamide,0.3043954595997319,0.0091354838709677,True,0.35622739061184405,0.026015782848525546,0.1601,0.41765217391304343,False,False,0.036277833047579006,0.1101,0.16629142690822352,0.17510921671148927,0.01008,0.07185742574257425,True,False,0.28390622866184767,0.06338614793463378,0.0753,0.27604067796610166,False,False
Bictegravir/emtricitabine/tenofovir alafenamide,0.2567459773289395,0.0303555555555555,True,0.4455342048123193,0.02169626497390915,0.155,0.41029411764705886,False,False,-0.04913655758137066,0.3918,0.23627126392172637,0.1200264956869731,0.03886,0.1650070588235294,True,False,0.4002349432777138,0.12591393807470141,0.02275,0.13688022284122564,True,False
Bifonazole,0.078126191780645,0.2673345521023766,False,0.20938774573062813,0.06414840869470954,0.0812,0.3059702479338843,False,False,0.07717337103651346,0.0454,0.08936415930159258,0.08097695175457831,0.0767,0.24346285714285715,False,False,0.20585292217554985,0.004587762971885482,0.205,0.5008271186440678,False,False
Bilastine,0.451133226927235,0.0004595744680851,True,0.49776719220392307,-0.023924706656238134,0.3151,0.5608171334431631,False,False,-0.08983425523903678,0.5974,0.3049585494998446,0.16768636466536788,0.01315,0.08209248554913295,True,False,0.4316334429342402,0.04885695559228143,0.1018,0.33570687022900764,False,False
Bimatoprost,-0.0506630770678783,0.740516814159292,False,0.32678300903907653,-0.0317573278880896,0.3513,0.5956106750392465,False,False,-0.03184014765675017,0.3287,0.23941858773233504,-0.05770355573291917,0.4943,0.6713366834170854,False,False,0.25221109932369823,-0.05235722951955715,0.413,0.6810295230885692,False,False
Biperiden hydrochloride,0.0079097870972394,0.4212413793103448,False,0.21194099896475593,-0.10015105682144038,0.6923,0.8202786615469008,False,False,-0.1637744102826078,0.9101,0.15502682564268655,-0.09574626635049552,0.7072,0.8090847457627119,False,False,0.28864320514164465,-0.14257665525035493,0.8368,0.9014902743142145,False,False
Biphasic insulin aspart,0.513975088729299,0.0003176470588235,True,0.45637955342741743,0.38743802500460445,1e-05,0.0054,True,True,0.4032663202424499,0.0001,0.4070154339176436,0.36565038333922145,3e-05,0.002492307692307692,True,True,0.4511020910492556,0.2558187689138424,0.00065,0.016386206896551726,True,True
Biphasic insulin lispro,0.3323451140343795,0.0086561797752808,True,0.6510465147194577,0.2064390267881611,0.00215,0.043000000000000003,True,True,0.1715955120022122,0.0044,0.5851194478841552,0.11649646710958945,0.03633,0.15757590361445784,True,False,0.5539669065546279,0.09061944397629783,0.04676,0.20808146639511202,True,False
Biphasic isophane insulin,0.0857772220508526,0.2609917050691244,False,0.3110697704152767,-0.043820477001341514,0.4062,0.6381032727272727,False,False,-0.02204826082157951,0.284,0.028439671388699628,0.0897870049051527,0.0668,0.2290285714285714,False,False,0.16625202606477574,0.09895654576135086,0.03669,0.18093698630136987,True,False
Bisacodyl,0.1288605079703884,0.1564474576271186,False,0.6056673674496453,-0.04839946121104369,0.42,0.6492360515021459,False,False,-0.11641228761761953,0.726,0.5863959249189463,-0.09789827912080941,0.6691,0.7937792421746294,False,False,0.5878059804332052,-0.06550195566719069,0.4743,0.7189389473684211,False,False
Bisoprolol fumarate,0.1121496239428324,0.1868840125391849,False,0.33994276695471737,-0.004254322180843153,0.2483,0.49679999999999996,False,False,0.032968844455862546,0.1174,0.2844176490544257,0.027246209366694564,0.1848,0.396,False,False,0.23604555772011948,0.08193378596586048,0.0536,0.22480776699029129,False,False
Boric acid,-0.0220334289887609,0.6060196979645437,False,0.44460607792257045,-0.22898387229790054,0.9739,0.987095684803002,False,False,-0.18456391781393922,0.9382,0.3150294859543904,-0.20191256499913626,0.9575,0.9709859154929577,False,False,0.41127636087508945,-0.05672950227456336,0.4353,0.693909963099631,False,False
Bosentan,0.0252367516502564,0.3725142857142857,False,0.20354088705953133,-0.020481647412652775,0.2894,0.5402800345721693,False,False,0.01934780083734749,0.1435,0.08130149918283724,0.015042059154602723,0.1595,0.3611320754716981,False,False,0.1722180216725544,-0.10992788735605058,0.6853,0.7997017828200973,False,False
Bosutinib,-0.0228200871632618,0.3614551333872272,False,0.10199243252384893,-0.09256239849292686,0.6764,0.8112293170460856,False,False,-0.18844003855295963,0.9504,0.10140544748022462,-0.09693426071277743,0.7462,0.8325534331440373,False,False,0.12911700050011832,-0.08486859533162351,0.5976,0.7535411558669002,False,False
Botulinum toxin type A,0.1454664113251344,0.1106790697674418,False,0.17003456417458462,0.047189735453056145,0.0927,0.31817142857142855,False,False,-0.011918846749936035,0.2186,0.12207836225031621,0.05342669371808685,0.0982,0.273340206185567,False,False,0.1907385409667105,0.031148955674785518,0.1171,0.36341379310344823,False,False
Bowel cleansing solutions,-0.0431340475847024,0.8570626020685901,False,0.08412604403047264,-0.03724234700399852,0.3409,0.5871961722488038,False,False,-0.014624007127755252,0.219,0.008081954764568744,-0.040288879661853585,0.3959,0.5907182320441989,False,False,0.14214435608507048,-0.06729469140673966,0.4989,0.722810408921933,False,False
Brimonidine tart (Rosacea),-0.0118619870923226,0.6062984293193717,False,0.11740883370220812,-0.05704341706869829,0.4536,0.6766408839779006,False,False,-0.04918224398529349,0.4036,0.06792636955955345,0.013335195344349147,0.2205,0.43475409836065576,False,False,0.09462823720904634,-0.02734639482385754,0.3147,0.6140487804878049,False,False
Brimonidine tartrate,0.0347415277275957,0.4027744945567652,False,0.1582976316773438,0.024362717040486034,0.1594,0.41659008464328895,False,False,0.04524197341219231,0.085,0.15518424808617648,0.03928235757817541,0.1517,0.3519570354457573,False,False,0.3215301916234439,-0.047108337186871574,0.3995,0.6764388714733542,False,False
Brinzolamide,0.2775384741952009,0.0150364640883977,True,0.2791511384888117,0.08487623722441964,0.0523,0.24658823529411764,False,False,0.11723488483109729,0.0193,0.26370496503859664,0.10372510442412422,0.04869,0.19087186932849365,True,False,0.38331080096780723,-0.04005668601281632,0.3627,0.652316402997502,False,False
Brinzolamide and timolol,0.1086287371772741,0.2051129032258064,False,0.2723620638588462,-0.05511222608838719,0.4605,0.683456043956044,False,False,-0.003325019772971989,0.2144,0.20678035183869836,0.05194178515154021,0.135,0.32678163493840984,False,False,0.512516659535311,-0.1287251056615586,0.7457,0.8467653543307087,False,False
Brinzolamide/brimonidine,0.053791857813686,0.3425777777777778,False,0.22150155352340206,-0.04908782340293863,0.4221,0.6503109843081313,False,False,-0.04353149608413745,0.3719,0.20487400472600703,-0.030155380427032814,0.3798,0.578376404494382,False,False,0.20900224742134532,-0.0475179143967948,0.3952,0.6724913385826772,False,False
Brivaracetam,0.3087006229049051,0.0114437086092715,True,0.1703815774570615,0.17714811916008927,0.00648,0.07863370786516853,True,False,0.1655721913531055,0.006,0.12025142170708947,0.17638432990194183,0.0098,0.07103355704697986,True,False,0.2126373502541805,0.1434239351986469,0.01529,0.11271808873720138,True,False
Brodalumab (Psoriasis),-0.0136469221835075,0.3686124401913875,False,0.055720505178305846,0.0128120953328173,0.0757,0.2972945454545455,False,False,0.011068821147216388,0.0977,0.0309361641524023,-0.003014887018630829,0.1136,0.2952779783393502,False,False,0.11314013402933787,-0.01756962024171501,0.1891,0.47494883720930225,False,False
Bromazepam,-0.0211962833914053,0.5800691489361702,False,0.02482984206250427,-0.031457648989913045,0.2812,0.5319685039370079,False,False,-0.03736735185470082,0.3552,0.00606674044872102,-0.027693398904500417,0.2866,0.49288361045130646,False,False,0.01969080076253449,-0.05004324669823325,0.3437,0.6359794520547944,False,False
Bromfenac,0.1581174206814207,0.1106545924967658,False,0.18796998587918534,0.10778347397201984,0.03708,0.20622724935732645,True,False,0.10433143307589435,0.0251,0.09186991173557602,0.16919031265762635,0.01277,0.08160710059171598,True,False,0.061382618071581296,0.1615075302359694,0.01016,0.08648470588235294,True,False
Bromocriptine,0.0962297215824196,0.2299020172910663,False,0.13571807038958428,-0.03360152959278052,0.3585,0.6002790697674418,False,False,-0.09082938449687601,0.6081,0.10917660963787335,-0.030793232063342658,0.3776,0.577784702549575,False,False,0.1439165952565844,-0.035701305080553185,0.3439,0.6359794520547944,False,False
Budesonide,0.232676685886645,0.0339736526946107,True,0.15037656495614382,0.17805156977137368,0.00629,0.07744090909090909,True,False,0.1364099978668186,0.0108,0.12365490157913261,0.2146361523690213,0.00421,0.04229581395348837,True,True,0.14604587182947026,0.22920655160329906,0.00162,0.026916923076923074,True,True
Bumetanide,0.2871983670918202,0.0140431486880466,True,0.2766049618005777,0.1319632300322291,0.01968,0.14429090909090908,True,False,0.11532475501455343,0.02,0.2540212308535207,0.08604870650922294,0.0722,0.23691376701966715,False,False,0.2918715206792988,0.05056834947578545,0.1001,0.33161963190184046,False,False
Bupivacaine hydrochloride,0.1725383044047463,0.0858813559322033,False,0.2868963700902103,0.09603986498253378,0.0456,0.22921116279069767,True,False,0.11069889979713564,0.0243,0.19796672108663071,0.10210883734564581,0.0508,0.19409684210526315,False,False,0.2191144565996649,0.022609506342985555,0.1547,0.421921815889029,False,False
Buprenorph hydrochloride/naloxone hydrochloride,-0.1051567212008339,0.8989875,False,0.07639575262192422,-0.04248440842311795,0.3899,0.6258872403560831,False,False,-0.06472065459171202,0.4673,0.02234499650789068,-0.07518100384498448,0.5597,0.7128254716981132,False,False,0.08009450690762554,-0.12068357891380783,0.7107,0.8191632870864461,False,False
Buprenorphine,0.1010013339466796,0.2220756547041706,False,0.020212254839337085,0.09996089168084625,0.04218,0.22060242130750607,True,False,0.02487887985682418,0.1334,0.005067845729512577,0.0991307922652007,0.0534,0.1988689655172414,False,False,0.032911658354894735,0.10356296511079222,0.03706,0.18193090909090912,True,False
Buprenorphine hydrochloride,-0.0414585183876171,0.7098640776699029,False,0.2706145801998888,0.07806929366113756,0.0563,0.25709936575052855,False,False,0.0492812322830848,0.0779,0.1526501800278227,0.06054649476560386,0.0846,0.253643153526971,False,False,0.3297355548368349,-0.010019734859087439,0.2451,0.5385717192268566,False,False
Bupropion hydrochloride,0.4992794541608272,0.0004595744680851,True,0.6671980161555101,0.020268048811008455,0.177,0.43911818181818185,False,False,0.024751144725509627,0.1326,0.5997792961307203,0.059007024752151804,0.109,0.29204889975550125,False,False,0.7130366108939262,-0.11156504054866967,0.6716,0.7940098522167487,False,False
Buserelin,-0.1023996042968725,0.9216504757135704,False,0.08729797954569984,-0.1703539946700757,0.9223,0.9481999048072347,False,False,-0.1745655322830507,0.9313,0.08613918120831954,-0.17083202938822062,0.9364,0.9536181046676097,False,False,0.08182586282571935,-0.17344453970431453,0.9176,0.952989928057554,False,False
Buspirone hydrochloride,0.1342535741133926,0.1174294416243654,False,0.1410414698971557,0.07424115930948035,0.0511,0.2456940133037694,False,False,0.06883684389610195,0.0449,0.0736095123305246,0.0700603478238422,0.0738,0.23935135135135138,False,False,0.1437736282600045,0.019957604837629896,0.1397,0.3986155878467635,False,False
Busulfan,0.0839766399224257,0.1751538461538461,False,0.06667279923923741,0.013960632871006884,0.1452,0.396,False,False,0.03177421736631947,0.0869,0.026261068950621524,0.08877551175383153,0.03352,0.151695,True,False,0.0592040204956783,0.06404556924015281,0.04085,0.1945898901098901,True,False
Butobarbital,-0.1208734581197038,0.9421502209131074,False,0.04899630684234302,-0.12874845549170164,0.7789,0.8649994858611825,False,False,-0.12462072026491573,0.7658,0.022593344352541456,-0.1504551861210677,0.88,0.9134070158577606,False,False,0.1401529155813881,-0.1924575741372173,0.9326,0.9578773181169757,False,False
C1-Esterase inhibitor,-0.0177724684411291,0.4985689655172413,False,0.2893493109739719,-0.12193884954478465,0.787,0.8704081841432224,False,False,-0.13260082767337372,0.8073,0.07643921754888261,-0.026642851480802976,0.309,0.5134969325153375,False,False,0.2699611869089813,-0.024701458954314078,0.2639,0.5616,False,False
Cabergoline,0.5236956981616353,0.0009473684210526,True,0.7401052528119285,-0.06203127345877606,0.4679,0.6875265306122449,False,False,-0.09892747173394761,0.6477,0.7119631800820343,-0.004101364762344953,0.2772,0.48758306188925077,False,False,0.7441247197571692,-0.05636643417229789,0.4326,0.6934063656550703,False,False
Cabotegravir,-0.0132113821138211,0.2776868327402135,False,0.16981506926360612,-0.06567840285070178,0.5335,0.7307292327203551,False,False,-0.03919725785778575,0.3653,0.16196392285412486,-0.08470396475372989,0.705,0.8090847457627119,False,False,0.2719895187706187,-0.049968359210280505,0.3935,0.6711854775059194,False,False
Cabozantinib,0.1254460453591584,0.1418922716627634,False,0.2786835306686185,0.10934026307265138,0.02647,0.16934911242603548,True,False,0.061710416389519025,0.0594,0.260353654762179,0.1329839347298639,0.02321,0.11867294117647059,True,False,0.27368171939003194,-0.018504993530481354,0.2541,0.549072,False,False
Caffeine,0.115650690593852,0.166190687361419,False,0.2254632888099355,0.06104096094287404,0.0856,0.3059702479338843,False,False,0.06497106142048784,0.0607,0.14004665073883082,0.04110687522835796,0.1377,0.33084760845383754,False,False,0.2299629970664766,0.031029168360443386,0.1329,0.38950339213025775,False,False
Caffeine citrate,0.1168964934289679,0.0380275862068965,True,0.16103486636832165,0.07953645617757757,0.03198,0.19188000000000002,True,False,-0.10441829622525593,0.7074,0.11745489216651817,0.061130384793608834,0.04424,0.17861383177570095,True,False,0.12204580064198356,0.054510790787087295,0.03741,0.18216808988764047,True,False
Calamine,0.3045422751846293,0.0202893203883495,True,0.7960696416568102,0.26795107913978455,0.00043,0.019761702127659573,True,True,0.22345422248190977,0.0009,0.6589626740420935,0.32316988740850683,0.0001,0.004595744680851064,True,True,0.6587797445132528,0.2600333463485954,0.00054,0.014850000000000002,True,True
Calcifediol,-0.0430183376283385,0.7899005145797597,False,0.12382803965877831,-0.03031545672689171,0.3004,0.5497849280270957,False,False,-0.05387411013868595,0.4473,0.031649877126118886,-0.04742623531014429,0.438,0.6257142857142858,False,False,0.043427740695213934,-0.06476602272438277,0.4653,0.715644128113879,False,False
Calcipotriol,0.3075310967043608,0.0091354838709677,True,0.6501250998234768,0.006163423933283237,0.2158,0.47407228915662647,False,False,0.006576419928703483,0.1868,0.5747414087718629,0.017388451888647145,0.2077,0.4232377358490566,False,False,0.5404665137395017,0.024235756455851274,0.156,0.42331658291457286,False,False
Calcitonin (Salmon),-0.0180054635333523,0.4969553956834531,False,0.09663574404639785,-0.08891212589988497,0.6783,0.8120642659279779,False,False,-0.1252850966678565,0.803,0.08321458678764981,-0.08251599618564132,0.705,0.8090847457627119,False,False,0.12078359588152543,-0.07598432082044457,0.5477,0.7271247695144437,False,False
Calcitriol,-0.0157746883886127,0.5687565392354125,False,0.04508633175946397,-0.04548620333193762,0.3954,0.6279882352941176,False,False,-0.08032626041923036,0.5695,0.010904022176918216,-0.03908005856361331,0.3836,0.5789162011173183,False,False,0.05558266383612487,-0.05795826504781753,0.4317,0.6934063656550703,False,False
Calcium acetate,0.1417451958824518,0.1310692124105011,False,0.33532795626143663,0.00798731246291113,0.2048,0.46663291139240504,False,False,-0.07495263687806321,0.5262,0.26369942441738503,-0.025261137290102206,0.3562,0.5610962099125364,False,False,0.33387997121847535,-0.04787870204568268,0.3979,0.67461852433281,False,False
Calcium acetate/magnesium carbonate,0.0788936678757333,0.07344,False,0.3497669518474148,-0.08490692676720335,0.6044,0.780933014354067,False,False,-0.20321099775761473,0.966,0.2372908588677347,-0.046231647501412135,0.4403,0.6277544554455445,False,False,0.3401666988098274,-0.021329424352560022,0.2574,0.5537689243027889,False,False
Calcium carbonate,0.0705570234353632,0.3056603773584906,False,0.29884293465982714,-0.1275182287156278,0.7598,0.8537996886351843,False,False,-0.0964504269991679,0.6228,0.28936216029532635,-0.11401775501588574,0.7307,0.8237536534446764,False,False,0.4040642517983275,-0.20606211418964834,0.9495,0.9610684161199625,False,False
Calcium chloride,0.3721129460667993,0.0040433497536945,True,0.32469748862936687,0.21007553604094895,0.00262,0.047919327731092434,True,True,0.2479985049165712,0.0005,0.28714311813631843,0.1391057688357795,0.02428,0.12111963048498846,True,False,0.3344251879055967,0.1277124075377216,0.02172,0.13283389830508474,True,False
Calcium folinate,0.1283397285179763,0.14575,False,0.23001182661829656,0.0008134409541963198,0.2104,0.47117098445595856,False,False,-0.02857418352665774,0.304,0.16463225356979405,-0.002351934636447179,0.2388,0.45378947368421046,False,False,0.18496947110813722,0.0007477322290486119,0.1871,0.47398594847775183,False,False
Calcium gluconate,0.3051460439956099,0.0123428571428571,True,0.4358765661170786,-0.03275853032847708,0.3484,0.591622641509434,False,False,0.021734723445902708,0.1447,0.3791083313874254,0.050479638697575706,0.1204,0.30589449003517,False,False,0.48011997083250624,0.042839117491518745,0.1065,0.34749244712990934,False,False
Calcium lactate,-0.1693812382651611,0.9815007132667618,False,0.1849747026322034,-0.21989080991255355,0.9732,0.9869070422535212,False,False,-0.13571804984878047,0.8187,0.14841253570453106,-0.2229638819489226,0.9814,0.987802423112768,False,False,0.21522857116268257,-0.24430170366094278,0.9847,0.9869276437847866,False,False
Calcium polystyrene sulfonate,0.031376068268935,0.1759744408945687,False,0.1887606521437183,-0.07969629406829055,0.604,0.780933014354067,False,False,-0.023135482106762036,0.2737,0.18146693803350877,-0.10109851055013737,0.7636,0.8436705882352941,False,False,0.29099606782866616,-0.07133280192027548,0.5165,0.722810408921933,False,False
Camellia sinensis extract,0.0244674708017011,0.4377056603773585,False,0.21702374019050164,-5.440239603259244e-05,0.2123,0.4732383900928792,False,False,-0.0622456293531668,0.4599,0.08574149345567383,-0.026698604153139065,0.3429,0.5455670103092785,False,False,0.2299483666071438,-0.038390282789213415,0.3485,0.6401020408163265,False,False
Canagliflozin,0.1504373092752439,0.1141001283697047,False,0.32237214460358843,0.013574556873722107,0.1927,0.4553960612691466,False,False,-0.020181791633434115,0.2771,0.32159940190400416,0.015648114409501448,0.2155,0.4298060941828255,False,False,0.39062174944698114,-0.06580624534440187,0.4766,0.719899721448468,False,False
Canagliflozin/metformin,0.1681015165076772,0.0992424489795918,False,0.3865172173928565,-0.06350982062789938,0.4835,0.6971367578385591,False,False,-0.12596369431998514,0.7669,0.37739512026013466,-0.06671684288907995,0.5257,0.6936263736263737,False,False,0.4290074257929478,-0.08655610008632278,0.5679,0.7345293413173652,False,False
Candesartan cilexetil,0.3154541661191185,0.0084769811320754,True,0.26634538387296847,0.11039662972064312,0.03342,0.1956292682926829,True,False,0.08863199610503175,0.0371,0.264775798376101,0.11322192216872592,0.04286,0.17487457627118644,True,False,0.32893840053236767,0.04609175198877249,0.1089,0.35108059701492533,False,False
Cannabidiol,0.1263628630005766,0.0756795287187039,False,0.2745288377638806,-0.007495095905572575,0.2217,0.477609561752988,False,False,0.14857631802189658,0.0052,0.2652539895350109,0.019655269196666318,0.1554,0.3567098831030819,False,False,0.30572971203995924,0.015576950957702142,0.1499,0.4145761843790013,False,False
Capecitabine,-0.0855460225950349,0.918189663823382,False,0.04680330330503035,-0.06591372176067398,0.4911,0.7029662027833002,False,False,-0.050691129464935904,0.3979,0.04235997561086979,-0.060354302531538444,0.5005,0.6756232064878352,False,False,0.06702773014914476,-0.08425598457013568,0.5696,0.7358468899521531,False,False
Capsaicin,0.108264516192135,0.2086779661016949,False,0.1594245339865058,0.09856427011904352,0.04288,0.2224748201438849,True,False,0.11509999271121149,0.0217,0.12708356330527715,0.0641119504825112,0.1042,0.28346599496221664,False,False,0.16319218518170087,0.0813671639337629,0.0605,0.24335195530726259,False,False
Capsules delisted probiotic (0913531),0.0774195429182073,0.2216731517509727,False,0.1967391690486352,-0.033087774653917434,0.3308,0.5767548387096775,False,False,-0.03397126329934418,0.3041,0.08114172439115641,0.03616331975930881,0.1252,0.313,False,False,0.21549366650310697,0.01781417863359739,0.1394,0.39828571428571424,False,False
Captopril,0.2440409219327352,0.0285882352941176,True,0.1550351835540037,0.10010382554398611,0.04103,0.21775135135135135,True,False,0.08563004629708006,0.0414,0.13791214615029357,0.09969656587021154,0.0525,0.19653379549393413,False,False,0.1922912911977479,0.05025509148176717,0.1042,0.3420547112462006,False,False
Carbamazepine,-0.0031233288737861,0.5669455279085407,False,0.18751455489336277,0.07247849232961778,0.073,0.29472897196261677,False,False,0.048177485470713,0.0858,0.03772993514358014,-0.0016660441774325073,0.2625,0.4717138103161398,False,False,0.06325630274301552,-0.007869181153506578,0.2419,0.5364517453798768,False,False
Carbidopa,-0.0246225319396051,0.6954856093080221,False,0.07510517111915038,-0.09247771062475561,0.7101,0.8265258620689656,False,False,-0.10308381126807659,0.7388,0.06151443467666595,-0.07773966872522355,0.6926,0.8043096774193549,False,False,0.1119137358600586,-0.12198228652667922,0.8338,0.8996944583125313,False,False
Carbimazole,0.3642449893330645,0.0023586206896551,True,0.5129399412740195,0.09031844789566745,0.05091,0.2456940133037694,False,False,0.00013784074427126416,0.2029,0.5003049310575391,0.10399659566894531,0.05118,0.19409684210526315,False,False,0.5694693168848045,0.11953692059733136,0.02632,0.14502857142857142,True,False
Carbocisteine,0.153172835421979,0.1142861538461538,False,0.21458101901494697,0.08612792600809799,0.0544,0.25269677419354836,False,False,0.08718027611752503,0.0404,0.14196014039223848,0.0390335068195614,0.1533,0.35414759358288767,False,False,0.1771565733287589,0.06342649632392655,0.0807,0.2890746268656716,False,False
Carbomer,0.1103293671797577,0.1985342886386898,False,0.2817255338476503,-0.06844575966395344,0.5038,0.711529411764706,False,False,-0.06256311826333644,0.4583,0.09284748032330781,0.058092420383136466,0.1154,0.29816267942583735,False,False,0.3575434413171996,0.07395167020860786,0.0663,0.25657245080500896,False,False
Carbomer 940/980,0.141142810776553,0.1204396486825595,False,0.29572392449616847,0.015932349605064386,0.1847,0.44476254180602004,False,False,0.028183760351471198,0.1179,0.2562256306842684,-0.03513882519780605,0.3933,0.5879086505190312,False,False,0.3105344936458636,-0.084220171758245,0.564,0.7330751653638004,False,False
Carbomer 974P,0.1499192535237936,0.1250692682926829,False,0.48011986740393975,0.004258623466877932,0.2169,0.47407228915662647,False,False,0.05749204872485008,0.0732,0.24235610228778526,0.06207346631675516,0.1049,0.2846532663316583,False,False,0.22779767369556314,0.05444105020485941,0.0954,0.3209719626168224,False,False
Carglumic acid,-0.0886738002352024,0.8715728155339806,False,0.04880243115040317,-0.09959396692273798,0.6478,0.8044480183802412,False,False,-0.12664679732551073,0.7752,0.0020301554812713896,-0.09577085118043331,0.6544,0.7881471571906354,False,False,0.03121629799954384,-0.127179610145987,0.761,0.8559042165538782,False,False
Cariprazine,0.1240143146982163,0.1538663646659116,False,0.1533792105596843,0.07360316179834711,0.0694,0.28498859315589353,False,False,0.2538984165024296,0.0004,0.13767758444676292,0.09349886009465905,0.06,0.21492537313432836,False,False,0.32675340980135703,0.031138167849475235,0.1328,0.38950339213025775,False,False
Carmellose sodium,0.1550213628430853,0.0786991304347826,False,0.29900432428204504,-0.01837734529495803,0.2709,0.5229168900804289,False,False,0.08492520467015201,0.0241,0.1499785538778099,0.07815931164329065,0.0518,0.1957216783216783,False,False,0.25840376153195466,0.028594886590560815,0.1246,0.374841225626741,False,False
Carteolol hydrochloride,-0.0224545102593883,0.6198865979381444,False,0.06638965816452747,-0.04189972107851331,0.3667,0.6060229533282326,False,False,-0.06717453377866393,0.5365,0.03414570985062748,-0.04555557968989709,0.4524,0.6359298245614036,False,False,0.3078055682890648,-0.09351302021839397,0.636,0.7730782217220034,False,False
Carvedilol,-0.0353993725722746,0.7120965018094089,False,0.09698002725689525,-0.07132801917538543,0.5476,0.7420426599749059,False,False,-0.04109259670945057,0.3696,0.06651241163453303,-0.04728626372399891,0.4491,0.6344381948986266,False,False,0.10292109635264479,-0.05761971191524316,0.4333,0.6934063656550703,False,False
Caspofungin,-0.0084988926558294,0.4576379821958457,False,0.14858625234508038,-0.09994329073374027,0.669,0.8087610520425295,False,False,-0.2158148436451034,0.9892,0.12616099917170498,-0.09361026446653442,0.6675,0.7935445544554457,False,False,0.17851415684581784,-0.030923245059161993,0.3033,0.6026936522539099,False,False
Castor oil,-0.0342773289329486,0.567344526527871,False,0.05504842577225477,-0.05311449260584547,0.4004,0.6334524158125916,False,False,-0.04684257789093474,0.3504,0.04621648267765921,-0.048104324512111905,0.3884,0.5821956974323387,False,False,0.08952671937730483,-0.029645334993941893,0.267,0.5648579823702253,False,False
Catheter Maintenance Products,-0.1093050613408131,0.9854936350777936,False,0.025403143023075447,-0.1285394689058732,0.8179,0.8914216624685138,False,False,-0.12836587916452116,0.7973,0.013052071790749964,-0.13381813332825032,0.8832,0.9162881844380404,False,False,0.09516344055064319,-0.12596627467003316,0.7749,0.8644460505937016,False,False
Catheter Valves,-0.1042693247373711,0.9847840909090908,False,0.027697897891718393,-0.13287094901111465,0.8373,0.904263868065967,False,False,-0.12779526351934023,0.797,0.020207805664297918,-0.13717513572466805,0.8988,0.9285624103299857,False,False,0.09557441377701481,-0.12688486740558244,0.7811,0.8678888888888888,False,False
Catheters,-0.1297295956135704,0.996707192575406,False,0.03079964981719918,-0.16857807719411677,0.9337,0.9571865211200759,False,False,-0.16020818217859334,0.9038,0.02589908384042916,-0.15428766005871955,0.9341,0.9528872109485605,False,False,0.03883157039123386,-0.1343627123912805,0.8392,0.9031748878923765,False,False
Cefaclor,0.2340435020876655,0.0338068136272545,True,0.1633065238217275,0.15704198078219198,0.01012,0.09846486486486487,True,False,0.18332928211601268,0.0028,0.15620937981551197,0.17144781303984888,0.00997,0.07130860927152317,True,False,0.21207781404424242,0.11113087235610936,0.02706,0.14797367088607596,True,False
Cefadroxil,0.1975310283751106,0.0728542372881356,False,0.13027869725812302,0.1687765385380667,0.00847,0.08956097560975611,True,False,0.061795472848399965,0.0683,0.0907819380825311,0.11549728761820721,0.04065,0.1691655831739962,True,False,0.12059574508095139,0.07434425163134568,0.0706,0.26753684210526313,False,False
Cefalexin,0.1816990183343778,0.0743494736842105,False,0.05972056863928987,0.12557683102966682,0.02171,0.15425526315789473,True,False,0.10381857105339132,0.0271,0.03635942584549934,0.16453567843431877,0.01248,0.08070898203592815,True,False,0.12976823013335226,0.1520998235018132,0.01002,0.08614285714285713,True,False
Cefixime,0.0409096047811064,0.4150131071703932,False,0.19890079791506232,-0.023160607305230004,0.3117,0.5598403990024938,False,False,-0.07197459618098087,0.5113,0.17035082909990296,0.005641369678760827,0.2485,0.4605178875638842,False,False,0.24954342574376054,-0.02027290927147647,0.2957,0.5947039106145251,False,False
Cefotaxime sodium,0.3867398015971341,0.0048676056338028,True,0.1704680567053397,0.27219891609423363,0.00051,0.022015384615384617,True,True,0.21241959716235734,0.0012,0.10133357422250688,0.29154875884914316,0.00074,0.013661538461538461,True,True,0.22359959920115358,0.273872425780917,0.00047,0.013906849315068491,True,True
Cefradine,0.1612489919670877,0.1094475689881734,False,0.18142912431961322,0.06646567414145686,0.0851,0.3059702479338843,False,False,0.057738382131430045,0.0701,0.1525021506685612,0.07886324842414534,0.0811,0.24637974683544306,False,False,0.2781605277068474,-0.022914971511623597,0.2963,0.5953562790697675,False,False
Ceftazidime pentahydrate,0.0837738200383772,0.0762017595307918,False,0.08481894373251597,0.02963219052727993,0.08,0.3036906854130053,False,False,0.003973812623904615,0.1552,0.0349297189730452,0.07081220898353095,0.02068,0.11029333333333334,True,False,0.08199001139771633,0.047343653869088176,0.04155,0.19595633187772923,True,False
Ceftriaxone sodium,0.0978453055722353,0.2064769539078156,False,0.3078661789325289,0.10942603846862543,0.03168,0.19060947075208912,True,False,0.0297376464595286,0.1201,0.12059831309584335,0.10708024550734324,0.04417,0.17861383177570095,True,False,0.3543177228430149,0.1303187364809207,0.02027,0.1282226086956522,True,False
Cefuroxime axetil,0.3821671538080756,0.0020945454545454,True,0.2050665025745061,0.21344267560280525,0.00105,0.030648648648648646,True,True,0.07568203771192102,0.041,0.12162359662068967,0.28305487686411257,0.00018,0.006171428571428572,True,True,0.20070002756887162,0.18433131510970824,0.0025,0.03506493506493507,True,True
Cefuroxime sodium,0.0553793392482857,0.3120408858603066,False,0.3717127250847333,-0.0832395285718838,0.5711,0.7589225092250923,False,False,-0.07466861442474194,0.5181,0.18449291584470062,0.046986671695815815,0.1259,0.31366089965397925,False,False,0.2520446626722608,-0.018340211790116804,0.2707,0.5708721951219511,False,False
Celecoxib,0.3580757436208802,0.0048342857142857,True,0.4125480447639943,0.13912425887748656,0.01526,0.1239157894736842,True,False,0.19502829264568292,0.0026,0.4120674185156825,0.1404788471386408,0.02093,0.11080588235294118,True,False,0.5240862466611755,-0.05869151076068715,0.4436,0.7010138787436084,False,False
Celiprolol hydrochloride,0.0406481678776303,0.3751308485329104,False,0.27554171710494035,0.02735467083896518,0.1513,0.4052342007434944,False,False,-0.008470081388558157,0.2316,0.10242860690796418,0.0392280085352886,0.1471,0.3453652173913043,False,False,0.33850391954758874,0.16857378730557027,0.00762,0.07423783783783783,True,False
Cellulose Wadding BP 1988,0.0030137839244414,0.4752948061448427,False,0.020498810188245953,0.01426097481659476,0.1641,0.423761620977354,False,False,0.044207634028698074,0.0865,0.014623081576017438,0.0014716399733294128,0.217,0.4312051517939282,False,False,0.06139192652918313,0.027468408299795466,0.1228,0.37306329113924047,False,False
Cenobamate,0.3622662434352977,0.004776923076923,True,0.20810273581088246,0.2594248913299785,0.00057,0.02323018867924528,True,True,0.32781888009391474,0.0001,0.13351439440729584,0.3148241836422993,0.00052,0.011563636363636364,True,True,0.14823376900609864,0.25833949963909364,0.00069,0.016746067415730335,True,True
Certolizumab pegol,0.0949904513180508,0.1871398747390396,False,0.4427827782793399,0.06906938345116583,0.0666,0.2793320388349515,False,False,0.013431678918204928,0.1485,0.3261186527787975,0.08316431059900542,0.0597,0.21492,False,False,0.2993011235803624,0.08054440046951131,0.04723,0.20808146639511202,True,False
Cervical Collar,-0.0277979107319281,0.6601728240450846,False,0.03823130354867765,-0.1000205784020756,0.641,0.80125,False,False,-0.02386810218227909,0.2869,0.03574718739575844,-0.10001358274909097,0.6666,0.7933090909090909,False,False,0.04628537168092928,-0.09952234048427051,0.6215,0.7648464163822526,False,False
Cetirizine hydrochloride,0.1463275861913917,0.126952427184466,False,0.3466136673416762,0.1731220384106364,0.00764,0.08595000000000001,True,False,0.14199552822659192,0.0113,0.32921209084429826,0.14424427827266437,0.02152,0.11205975903614458,True,False,0.31893555994363854,0.07973146882267423,0.0641,0.2520653357531761,False,False
Cetomacrogol,0.2222390514275101,0.0446374100719424,True,0.5073866179609825,-0.008994684993931157,0.2635,0.514611211573237,False,False,-0.10617090916342332,0.6877,0.4494275753341135,-0.03873293561967197,0.4151,0.6082876526458617,False,False,0.5455467816555126,-0.023173200443204027,0.3094,0.6097664233576642,False,False
Cetrimide,0.2317439038928009,0.0397423728813559,True,0.6720750508354394,-0.03281146385848776,0.3561,0.5990467289719626,False,False,-0.06137183631890303,0.4626,0.6093036154358646,0.029923331974350747,0.1782,0.3864578313253012,False,False,0.5436066263380988,0.09439554016208658,0.04197,0.1966490238611714,True,False
Cetrorelix,-0.0185289358856718,0.5173070976809557,False,0.07940672126587334,-0.019439141204332704,0.2268,0.48124461839530336,False,False,-0.04152488684557637,0.3828,0.021540965681123847,-0.025969910111888973,0.27,0.47996052631578945,False,False,0.03302184152391818,-0.04219039423342098,0.2873,0.5837892756349953,False,False
Cetylpyridinium chloride,0.1075360077887413,0.1706258205689277,False,0.6873444773664662,-0.07322766067616589,0.5298,0.7301020408163265,False,False,-0.009038702985566973,0.2315,0.6032644883481313,-0.01195723471996041,0.3054,0.5121614906832298,False,False,0.6081289514771747,0.07505630622997876,0.0551,0.2288769230769231,False,False
Charcoal,0.1608529719413059,0.0957719008264462,False,0.3565413663390986,-0.13386794266572713,0.7865,0.8703073770491803,False,False,-0.15995961887350715,0.8892,0.27043302430580085,-0.10914093775268004,0.7174,0.8155705263157895,False,False,0.3464333653782753,-0.12319872798428391,0.7289,0.8347953340402969,False,False
Chenodeoxycholic acid,-0.0181184668989547,0.5163631245601689,False,0.1267625474799675,-0.08683638751039403,0.6676,0.8087582725743129,False,False,-0.14379429720032258,0.8515,0.09424191436914697,-0.05824560504039616,0.5507,0.7072009512485137,False,False,0.17723113066975849,-0.16020630172289602,0.9199,0.952989928057554,False,False
Chiropody Appliances,0.0076769153257048,0.3657391304347826,False,0.12720945612537427,-0.0039686542923685975,0.1697,0.4307309048178613,False,False,-0.010705597762172286,0.2074,0.01987264435674807,0.0032335336544059546,0.1324,0.3224171364148816,False,False,0.0040279802233663675,-0.00012430800991767272,0.1046,0.3428467374810319,False,False
Chlohexidine gluconate (Emollient),-0.0046985183170568,0.5124434968017058,False,0.02601872179028164,-0.008378364799096991,0.2159,0.47407228915662647,False,False,-0.01900714108316546,0.246,0.019649584674340526,-0.00944622095247304,0.244,0.45869451697127933,False,False,0.07782973590551445,-0.057662195092443025,0.4213,0.6867984905660378,False,False
Chloral hydrate,0.2230804394297838,0.0392318181818181,True,0.2681535010069277,0.08225441309498349,0.0542,0.2523103448275862,False,False,0.08898849249813764,0.0338,0.2493668607197551,0.0809619667709903,0.0753,0.24203571428571433,False,False,0.2653577662575429,0.0933041647345807,0.04094,0.1945898901098901,True,False
Chlorambucil,0.0281839346462042,0.4486776611694153,False,0.1567535750869714,-0.09079358646865393,0.6045,0.780933014354067,False,False,0.04220571984546963,0.1004,0.13686975171093219,-0.05730832912676,0.4852,0.6666870229007634,False,False,0.25339639916699297,-0.11387162237676499,0.6846,0.7997017828200973,False,False
Chloramphenicol,0.3741212490611182,0.0022736842105263,True,0.6109433291240421,-0.015020411272650053,0.2897,0.5403730569948187,False,False,-0.010145600531517663,0.2407,0.29693530339508356,0.2254076190960973,0.00274,0.029740703517587935,True,True,0.4549800634358142,0.16107233210940916,0.00903,0.08264745762711864,True,False
Chlordiazepoxide hydrochloride,-0.0911256828823242,0.8751304347826088,False,0.2564953188571665,-0.10091554345163785,0.6569,0.8084923076923077,False,False,-0.09512180721520233,0.6235,0.1562711606267032,-0.12018149721909918,0.7602,0.8413155737704918,False,False,0.2079858944408518,-0.11340535565946662,0.6905,0.8039806138933765,False,False
Chlorhex hydrochloride,-0.0576895399362504,0.776050896471949,False,0.0465228594190954,-0.05536123898758379,0.4545,0.677048275862069,False,False,0.026791464061742123,0.1167,0.008351535921016673,-0.07371175361831965,0.5707,0.7234225352112676,False,False,0.13896035213965685,-0.08817338163248495,0.5844,0.7464837374334714,False,False
Chlorhexidine acetate,0.2064600198382395,0.0339920318725099,True,0.23823277782669328,-0.034942609259198426,0.3292,0.5767548387096775,False,False,-0.13223651796342578,0.7985,0.19616812789174465,-0.013068800508084911,0.271,0.4805911330049261,False,False,0.2488930795551687,-0.010478636870190069,0.2179,0.5149496717724289,False,False
Chlorhexidine gluconate,0.3585211424222295,0.0086721189591078,True,0.7893950521420579,0.29729653207596857,0.00013,0.01404,True,True,0.26185002968406196,0.0006,0.6987024100135533,0.3346420550636151,7e-05,0.0038769230769230764,True,True,0.7141982634342711,0.3801550942439042,2e-05,0.00288,True,True
Chlorhexidine hydrochloride / Lidocaine hydrochloride,-0.0434066567155612,0.6601728240450846,False,0.06977190594157678,-0.03417629619069519,0.2878,0.5386897746967071,False,False,0.006839436059517811,0.1306,0.06763010651206502,-0.026800050232371433,0.2556,0.46708629441624366,False,False,0.09319725028450476,-0.024979208914074496,0.2331,0.529109243697479,False,False
Chloroprocaine hydrochloride,-0.0371687732067691,0.5104615384615384,False,0.2025859239281912,-0.11496852638415812,0.7424,0.8422184873949579,False,False,-0.06308502065616223,0.4563,0.08453650884090014,-0.08224813428771557,0.6275,0.7696763202725724,False,False,0.13579215538815648,-0.12115427360496724,0.7664,0.859852620653866,False,False
Chloroquine phosphate,0.2230151134155184,0.0265703225806451,True,0.19055184406954173,0.11708779838548179,0.02251,0.15726193548387096,True,False,0.06689298864253668,0.0515,0.13350737575571747,0.13044230282130315,0.02075,0.11039408866995074,True,False,0.28858561415136263,-0.03163590273691451,0.3257,0.6242342502218278,False,False
Chloroquine phosphate with proguanil hydrochloride,0.0574200352639336,0.2919123575810692,False,0.13092758076848166,-0.0017540736195609105,0.203,0.46449152542372885,False,False,-0.14428079159982826,0.8588,0.1258872267032306,0.0009281039187145972,0.2164,0.4312029520295203,False,False,0.1709740120385791,0.0007861214361945102,0.1907,0.4761988439306359,False,False
Chlorothiazide,-0.0916987565943692,0.8709940636805181,False,0.13705397889109572,-0.10264048405354309,0.6638,0.8087582725743129,False,False,-0.07648616377847473,0.534,0.11192601463554597,-0.1384691666309751,0.8184,0.8779354838709678,False,False,0.15557920041352302,-0.09321732029468818,0.5973,0.7535411558669002,False,False
Chloroxylenol,0.0656892251885529,0.1751538461538461,False,0.44035653908721184,-0.06814641578984017,0.5164,0.7213953488372093,False,False,-0.21726552378556865,0.9792,0.3268833879640102,-0.08820949495928199,0.6666,0.7933090909090909,False,False,0.3738600680074957,-0.012634606545650367,0.2363,0.5333416927899687,False,False
Chlorphenamine maleate,0.2367463572568236,0.0289052192066805,True,0.7107102320869801,0.1831864459402062,0.0051,0.0683560975609756,True,False,0.1967619802090133,0.0019,0.6331383917331175,0.2822562532730729,0.00024,0.0073894736842105265,True,True,0.562761168977716,0.30117899435745693,8e-05,0.00576,True,True
Chlorpromazine hydrochloride,0.2270281787932682,0.0363099804305283,True,0.375805958079365,0.012003224530338412,0.1901,0.45258269441401966,False,False,0.012458108149385921,0.1611,0.2791782167701269,0.11423145493216859,0.03366,0.151695,True,False,0.37079676772681636,0.0292931655243267,0.1335,0.3896756756756757,False,False
Chlorpropamide,-0.0089430894308942,0.1250692682926829,False,0.14725640717372268,-0.01411068583721447,0.2186,0.47407228915662647,False,False,-0.014393553926049308,0.2269,0.06642513337903355,-0.028606869292921222,0.31,0.5134969325153375,False,False,0.09522288128247514,-0.02736230933011606,0.2332,0.529109243697479,False,False
Chlorprothixene,-0.0132113821138211,0.2776868327402135,False,0.16981506926360612,-0.06567840285070178,0.5335,0.7307292327203551,False,False,-0.03919725785778575,0.3653,0.16196392285412486,-0.08470396475372989,0.705,0.8090847457627119,False,False,0.2719895187706187,-0.049968359210280505,0.3935,0.6711854775059194,False,False
Chlortalidone,0.1106172758373085,0.0756637168141592,False,0.10472464921658875,0.02297765629883722,0.1003,0.328752655538695,False,False,0.07093558197141385,0.0233,0.06834524039960765,0.12561711954095653,0.00631,0.0545184,True,False,0.10382798053315878,0.11841674988705572,0.0054,0.058644,True,False
Cholera,0.1098290465898103,0.19160207253886,False,0.3307704963145315,-0.12956560540373965,0.7734,0.8615492521918514,False,False,-0.11558764239573432,0.7198,0.3030330816762844,-0.12014487498851598,0.7641,0.8437914110429448,False,False,0.3319955832204756,-0.17390771645704176,0.893,0.945529411764706,False,False
Cholesterol,-0.0571292775545904,0.963949661181026,False,0.06135473533882552,-0.014900643103961898,0.2034,0.4649142857142857,False,False,-0.021209904914013544,0.2554,0.05338985593432355,-0.004411431995238118,0.1637,0.3679417273673257,False,False,0.15095921897126474,-0.05638124685953823,0.416,0.6810295230885692,False,False
Cholesterol/simvastatin,-0.0070056034571968,0.32081550126369,False,0.11996075638938619,-0.062315664940481616,0.5082,0.716054794520548,False,False,-0.027646296976821205,0.294,0.03436401421432811,0.0005364768725689941,0.1278,0.3148974943052392,False,False,0.230040370453095,-0.0511982389490911,0.3966,0.672942655145326,False,False
Cholic acid,-0.0181184668989547,0.5163631245601689,False,0.12676254747996862,-0.08683638751039405,0.6676,0.8087582725743129,False,False,-0.1437942972003226,0.8515,0.0942419143691482,-0.058245605040396144,0.5507,0.7072009512485137,False,False,0.17723113066975937,-0.16020630172289596,0.9199,0.952989928057554,False,False
Choline salicylate,0.2986908052125598,0.0175224489795918,True,0.7829119583336981,0.23331168841542302,0.00125,0.03345365853658537,True,True,0.23228546412016585,0.0011,0.6780028002400653,0.2895212261885677,0.00013,0.005105454545454545,True,True,0.6662679799630723,0.2839217598564265,0.00015,0.007534883720930231,True,True
Choriogonadotropin alfa,0.2196649326144427,0.0502013793103448,False,0.10734408561682485,0.12442533068156293,0.02542,0.1663135135135135,True,False,0.07652301893819302,0.0505,0.0888548557231551,0.14655551868627126,0.023,0.11800475059382423,True,False,0.10957644686745305,0.09635152891684788,0.04186,0.1966490238611714,True,False
Chorionic gonadotrophin,-0.1290894460658315,0.9963805970149252,False,0.02113483986676057,-0.14391536819556427,0.8752,0.9160116279069767,False,False,-0.09698510357057712,0.6267,0.01996951490849097,-0.14772666087069905,0.9171,0.941957203994294,False,False,0.10290247113160533,-0.1325365161518365,0.8,0.8793893129770992,False,False
Ciclesonide,0.2730525557325566,0.024,True,0.09913450041625238,0.1914903790798544,0.00575,0.07305882352941176,True,False,0.17372119624206497,0.0063,0.08591470899046805,0.21393315591727993,0.00568,0.05090788381742739,True,False,0.15156734243573045,0.14135700805345888,0.01564,0.11449459459459459,True,False
Ciclosporin,0.3087995903937935,0.0093010676156583,True,0.2934282092490773,0.2807904013959576,0.00022,0.01584,True,True,0.2797003606385365,0.0002,0.16845375183774125,0.3486842204026866,4e-05,0.0029793103448275864,True,True,0.21279374529569162,0.277378843981717,0.00031,0.010977049180327868,True,True
Ciclosporin (Eye Anti Inflammatory),0.0598428074852098,0.3156499575191164,False,0.3080274898030375,-0.012763957026363149,0.2653,0.5162594594594595,False,False,0.015532261366970685,0.1548,0.19846959110557483,0.03450346738929735,0.15,0.34937068965517243,False,False,0.28785447793121766,0.02642949697183699,0.1373,0.39648128342245986,False,False
Cilostazol,0.0989956803744558,0.2091699604743083,False,0.18568154751853527,-0.0801924097169111,0.5628,0.7517922077922078,False,False,-0.12327285904392116,0.7563,0.1548114844345133,-0.07509922019798362,0.5661,0.7201272084805654,False,False,0.2591248536118016,-0.07211443715523178,0.5051,0.722810408921933,False,False
Cimetidine,-0.0020772373381219,0.5558066712049013,False,0.1122987575954717,-0.035268424321357336,0.3525,0.5962411902897415,False,False,-0.09230541936539911,0.6066,0.06453231664815817,-0.03956052120757643,0.4088,0.602324693042292,False,False,0.1740526584969201,-0.0005198944715891554,0.2149,0.511215859030837,False,False
Cinacalcet hydrochloride,0.0710470571883432,0.2942198952879581,False,0.26040830650283453,-0.11914834212394614,0.731,0.8358708311275808,False,False,-0.10340771165447081,0.6638,0.20707594830273868,-0.04708796084851802,0.4531,0.6359298245614036,False,False,0.35727179634919504,-0.023539036776361988,0.3111,0.6114431301182893,False,False
Cinnarizine,0.3191167492041422,0.0094736842105263,True,0.4777517286885956,0.08162571675291085,0.055,0.2533049040511727,False,False,0.17572586922142103,0.0041,0.37105385725591844,0.0640614045208686,0.0992,0.27533761232349163,False,False,0.4634219324175417,0.024319198870836695,0.157,0.4249624060150376,False,False
Ciprofibrate,0.0457275253260708,0.3686124401913875,False,0.15795462522869408,-0.04887456315044056,0.4097,0.642200290275762,False,False,-0.02786429878927007,0.2955,0.12495676399567757,0.06930625597393678,0.0907,0.2618964143426295,False,False,0.19420183458611007,-0.0022898789094069278,0.2191,0.5166550218340611,False,False
Ciprofloxacin,0.4267001736764467,0.0010536585365853,True,0.44771864717522936,0.09825794231143396,0.04151,0.21862773722627735,True,False,0.07042829115106869,0.0557,0.39213472545868866,0.1085771656743481,0.04519,0.18042587800369686,True,False,0.4816104981923812,0.06379245413104444,0.0775,0.2808724832214765,False,False
Ciprofloxacin/fluocinolone,-0.0304362680721314,0.6075088177661659,False,0.07512875137711872,-0.006257891071806962,0.2218,0.477609561752988,False,False,-0.08782788708646805,0.5788,0.051000751394459476,-0.04190780070476266,0.3706,0.5721915654038598,False,False,0.07728483971414923,-0.06788234256686124,0.4515,0.7046531791907514,False,False
Ciprofloxain/dexameth,0.3683146516497375,0.0023586206896551,True,0.3096147035630096,0.1304100711171279,0.02012,0.14583624161073824,True,False,0.0740979107906606,0.0504,0.28128160635250254,0.2084732363535541,0.00493,0.04782857142857143,True,True,0.3144156567416915,0.13433739280965207,0.01862,0.1222468085106383,True,False
Citalopram hydrobromide,0.2647627181302302,0.0197821782178217,True,0.49097872559470757,0.1498665709493892,0.01208,0.10898999999999999,True,False,0.12280020451590537,0.0194,0.41548440604841064,0.29702089319775143,0.00036,0.009482926829268294,True,True,0.411086968358365,0.25529737662873925,0.00081,0.019017391304347823,True,True
Citalopram hydrochloride,0.2203382525350515,0.0416771799628942,True,0.19641276288952747,0.051848172724987006,0.103,0.33253055141579735,False,False,0.024787672436739454,0.1265,0.19043999342013218,0.08452881070467129,0.0737,0.23935135135135138,False,False,0.18071372795278273,0.11524214481869234,0.02827,0.15247371007371005,True,False
Cladribine (Immunomodulating),-0.0603277941039093,0.9567665369649804,False,0.06255333021471665,-0.04309850558393884,0.3642,0.6060229533282326,False,False,-0.04609557971134587,0.4048,0.0584229725378953,-0.021281649146032047,0.257,0.46806070826306917,False,False,0.11211786389263967,0.008186403627253784,0.0995,0.33064615384615387,False,False
Clarithromycin,0.3703717227032315,0.0020377358490566,True,0.46928405939281115,-0.021833595176093366,0.318,0.564404272801972,False,False,-0.05678858981726063,0.4244,0.36341520755866197,0.11031400706494518,0.04245,0.17365909090909093,True,False,0.5011376985370724,-0.05607826153831601,0.4331,0.6934063656550703,False,False
Clascoterone,0.0005509797992859,0.5413370013755159,False,0.05339947171045578,-0.010096625241727154,0.2603,0.5117749546279492,False,False,-0.03238577996371806,0.3126,0.03374254903358376,0.017652891996231396,0.2007,0.41563950143815914,False,False,0.2696951779202287,-0.07692413302177144,0.5221,0.722810408921933,False,False
Clemastine fumarate,-0.1274265961174395,0.9254529147982062,False,0.07134200284989756,-0.1486279318263277,0.8298,0.900505516549649,False,False,-0.10773612374675974,0.6813,0.0670381905916354,-0.12748169080058594,0.7727,0.8498126272912424,False,False,0.1420162511450539,-0.09202835942062808,0.5903,0.7495873015873016,False,False
Clindamycin hydrochloride,0.1331404237668485,0.0972887671232876,False,0.2904204897700118,0.061278229334982115,0.0769,0.2984516129032258,False,False,0.13869805918867822,0.0114,0.059370647576739266,0.07889278346341896,0.04919,0.19178772563176896,True,False,0.32367133777019963,-0.07244758415373978,0.5118,0.722810408921933,False,False
Clindamycin phosphate,0.4128081529237679,0.0006612244897959,True,0.7834965036569105,0.013034059849348384,0.1997,0.4605848452508004,False,False,0.07915248010124616,0.0485,0.6590986881421734,0.045949182394188964,0.1385,0.3316629711751663,False,False,0.7561133986536253,0.14275323330460546,0.0158,0.1149090909090909,True,False
Clindamycin/tretinoin,0.5051632015210592,0.0003176470588235,True,0.75209399361013,-0.04466312263212954,0.4045,0.6363583394027676,False,False,-0.004657003645363546,0.222,0.6174786708177562,0.060614554855783515,0.1061,0.28602493765586035,False,False,0.7658727079852012,0.011774943932598623,0.1904,0.4761988439306359,False,False
Clobazam,0.1877090614847227,0.0687825,False,0.11208126926811934,0.08116783071045827,0.0562,0.25709936575052855,False,False,0.08568277389029055,0.0404,0.10714231268247432,0.09311189709689159,0.0566,0.20756536502546688,False,False,0.1955256554945305,0.10561675870920845,0.03327,0.16829789227166278,True,False
Clobetasol propionate,0.1503108041577092,0.1194690265486725,False,0.1701629246414823,0.03249108526186889,0.1375,0.3832258064516129,False,False,0.01823662931447598,0.148,0.15810127310468147,0.0019920937901789786,0.249,0.4605178875638842,False,False,0.21730045243953755,0.0989127696896111,0.03783,0.18321255605381168,True,False
Clobetasone butyrate,0.1657222507596642,0.0986881309686221,False,0.4765022245300671,0.03491388935762708,0.145,0.396,False,False,-0.015923934107721742,0.2566,0.39908967462941813,0.10325677465432041,0.052,0.19602094240837695,False,False,0.5440580672422586,0.13456880782826516,0.01838,0.12160733944954129,True,False
Clofazimine,0.011292533849427,0.4822070963070239,False,0.1515590711194752,-0.09330324295054787,0.608,0.7828557863501484,False,False,-0.14682448805556206,0.8544,0.04156617864309087,-0.053979556065865714,0.4433,0.6299526315789474,False,False,0.122092128759834,-0.08023176306544104,0.5211,0.722810408921933,False,False
Clomethiazole,-0.0723260893135086,0.8181228169014085,False,0.2176943644623318,-0.1266994376833863,0.7617,0.8537996886351843,False,False,-0.0958263082952014,0.6291,0.08803937777712711,-0.11015358485863146,0.7148,0.8143291139240507,False,False,0.12467950415613671,-0.16490514361656117,0.8702,0.9259270935960591,False,False
Clomethiazole edisilate,-0.0257137630397344,0.6431969504447268,False,0.06063203789897298,-0.02236812063980845,0.2463,0.49581360671015834,False,False,0.003313385459406479,0.1338,0.0021902243308115077,-0.024782492714863213,0.2393,0.45378947368421046,False,False,0.10277849538732076,-0.044974501354623775,0.3525,0.6425316455696203,False,False
Clomifene citrate,0.0919153797517023,0.2368565965583174,False,0.22830356147579745,0.04208595124525442,0.124,0.36440816326530606,False,False,0.01821783505906298,0.1439,0.20045183317796056,0.040836072088001885,0.1461,0.34376470588235297,False,False,0.2213118929294864,0.04181311930723237,0.1129,0.35736456808199124,False,False
Clomipramine hydrochloride,0.1782234198681475,0.0805260431654676,False,0.1851551799479917,0.12588298023706745,0.02418,0.1611692307692308,True,False,0.003010909250164212,0.1925,0.08703085972175129,0.18597233212172376,0.00881,0.06561931034482758,True,False,0.246254772649114,0.2269420855231403,0.00174,0.028258646616541355,True,True
Clonazepam,0.4624363133440237,0.0003176470588235,True,0.280305724463884,0.1865188586114488,0.0027,0.048600000000000004,True,True,0.0624733735559291,0.0557,0.13112486558279512,0.3769927013056989,2e-05,0.002057142857142857,True,True,0.19093657058547686,0.28172556930310966,0.0001,0.006545454545454545,True,True
Clonidine hydrochloride,0.428720265812226,0.0009473684210526,True,0.44147741029998233,0.21417062703174397,0.00219,0.04300363636363637,True,True,0.17971261987721776,0.0042,0.3001397398184903,0.33739151987344246,7e-05,0.0038769230769230764,True,True,0.45449622993147576,0.23956860077924563,0.00122,0.024572477064220184,True,True
Clopidogrel,0.4601568804053566,0.0003176470588235,True,0.49231366925230147,0.19830191591667587,0.0033,0.054,True,False,0.05763918470920516,0.07,0.39498170308078273,0.27452369470399474,0.00071,0.013452631578947369,True,True,0.4124376625992304,0.255669629859456,0.00056,0.014933333333333331,True,True
Cloral betaine,-0.0024346784551081,0.5022464183381089,False,0.06474505517922391,-0.09744614573013402,0.6638,0.8087582725743129,False,False,-0.13983164404474024,0.8425,0.02561299967028774,-0.018638549387200984,0.2752,0.48564705882352943,False,False,0.11399584419065989,-0.07344277071734975,0.5096,0.722810408921933,False,False
Clotrimazole,0.2372139580265408,0.0209754216867469,True,0.39651918773227246,0.1707868293994465,0.00787,0.08672893401015228,True,False,0.12231224277664567,0.0192,0.20833041974621402,0.3114481653442855,0.00025,0.0073894736842105265,True,True,0.2324543948488874,0.31945640493612487,0.00014,0.007199999999999999,True,True
Clozapine,-0.0572610648060423,0.7960546075085325,False,0.07819909729850139,-0.0949966053989814,0.6583,0.8087582725743129,False,False,-0.05499421860514285,0.4216,0.05765000503799034,-0.11233880528379227,0.7915,0.860845921450151,False,False,0.1033615900881506,-0.08265459562280524,0.5603,0.7317097944377268,False,False
Co-amilofruse (Amiloride hydrochloride/frusemide),0.0187164426214587,0.5043083511777302,False,0.2618235484863771,0.08154539321112433,0.0603,0.2663558282208589,False,False,0.0977854189526095,0.0284,0.14151849741181932,0.05216400360758298,0.1275,0.3148974943052392,False,False,0.29796722340186954,0.03569007312701177,0.1298,0.38488888888888884,False,False
Co-amilozide (Amiloride hydrochloride/hydrochlorothiazide),0.4649725090705512,0.0008470588235294,True,0.45086485701154966,0.10133350128071407,0.03918,0.21051940298507463,True,False,0.15443051820510773,0.0077,0.3300774502547039,0.2320798677320608,0.00261,0.02905979381443299,True,True,0.48023381699768297,0.10016118244733552,0.0399,0.19194654788418708,True,False
Co-amoxiclav (Amoxicillin/clavulanic acid),0.3753811770577592,0.0020377358490566,True,0.5276139429823496,-0.09755380163683909,0.6484,0.8044480183802412,False,False,-0.05732254172188156,0.4352,0.47795243399278176,0.039298687332998294,0.1572,0.3576505263157894,False,False,0.5455769843110896,-0.11554961818893504,0.7001,0.810983922829582,False,False
Co-beneldopa (Benserazide/levodopa),0.3064182002227227,0.0094212765957446,True,0.37713953800637845,0.07312365478218746,0.0679,0.282876923076923,False,False,0.014524381732123021,0.16,0.3127613699973506,0.1251493353319586,0.03323,0.15142784810126583,True,False,0.3193830137659087,0.12706846166094596,0.02222,0.13444033613445378,True,False
Co-careldopa (Carbidopa/levodopa),0.430319877833789,0.0003176470588235,True,0.46056203326394973,0.12595856329702265,0.02421,0.1611692307692308,True,False,0.09833779245016572,0.0283,0.42257258560391764,0.17723389934555736,0.01051,0.0734126582278481,True,False,0.5357101932909787,0.09283118484823434,0.04609,0.20772000000000002,True,False
Co-codamol (Codeine phosphate/paracetamol),0.129906250449093,0.167310497237569,False,0.34657510549855686,-0.10675857324755758,0.6811,0.8137591160220995,False,False,-0.09647293836568238,0.6337,0.3351683859271156,-0.09657703687132699,0.661,0.7908444936358605,False,False,0.3740729444529324,-0.06853223912134945,0.4803,0.7219540709812109,False,False
Co-codaprin (Codeine phosphate/aspirin),-0.1228991050621302,0.9815007132667618,False,0.2868047244130457,-0.022738673851767817,0.3002,0.5497849280270957,False,False,0.10451261729490206,0.0226,0.020432111080714188,-0.09395171746143637,0.6564,0.7885561735261402,False,False,0.3676522731667835,-0.11560753137233684,0.7025,0.8127477236207821,False,False
Co-cyprindiol (Cyprote acetate/ethinylestradiol),0.395253060943327,0.0012342857142857,True,0.49531571433067856,0.09639234133211036,0.04418,0.22506792452830188,True,False,0.1599206227749972,0.0061,0.41873349833258977,0.07654989964594282,0.0879,0.2579673913043478,False,False,0.5469165702865157,0.01057048562406974,0.1948,0.4853148788927336,False,False
Co-danthramer (Dantron/poloxamer 188),0.0649677832681501,0.1672566371681416,False,0.12392952880681551,-0.011376314749786629,0.2383,0.4892851711026617,False,False,0.0011887655327674212,0.1717,0.0987524453850398,-0.001506957638154257,0.2207,0.43475409836065576,False,False,0.1580777009522304,0.024536336576404808,0.1041,0.3420547112462006,False,False
Co-danthrusate (Dantron/docusate sodium),-0.1102877996647802,0.918189663823382,False,0.22133237433832442,0.0319808720049688,0.1282,0.371566265060241,False,False,0.03467173934469806,0.1045,0.013986245923826357,-0.07269274800885672,0.5433,0.7060938628158845,False,False,0.2690352596077028,-0.02280153629050273,0.2851,0.5809584905660378,False,False
Co-dydramol (Dihydrocodeine/paracetamol),0.3293897462257969,0.0054237885462555,True,0.3234893805412954,0.14872182416267235,0.01375,0.11785714285714285,True,False,0.20178711365042298,0.002,0.09288316802130525,0.25669987309493447,0.00146,0.021313907284768212,True,True,0.22576468362724667,0.21008814490413086,0.00269,0.03700891719745223,True,True
Co-fluampicil(Flucloxacillin/ampicillin),0.1474965254776759,0.1238238805970149,False,0.23667536500536135,0.04722618048556478,0.1058,0.33720176730486007,False,False,0.02461027141957379,0.1313,0.21700707948537779,0.048473044928933354,0.128,0.3148974943052392,False,False,0.26908477864764657,-0.008472567558845677,0.244,0.5380163265306123,False,False
Co-flumactone (Hydroflumethiazide/spironolactone),0.0092467504752474,0.4123029366306027,False,0.09862137655890713,-0.104560616432479,0.718,0.8288264815803524,False,False,-0.07481743430844316,0.5559,0.03631199090418791,0.004292142658470473,0.1726,0.380865306122449,False,False,0.05100312897148307,-0.05705328618411872,0.4142,0.6810295230885692,False,False
Co-magaldrox (Magnesium/aluminium hydroxide),0.0896318202202426,0.2295260115606936,False,0.35126062789089707,-0.10906772184561167,0.688,0.8168835164835165,False,False,-0.1823287718871637,0.9424,0.32172331950124866,-0.09450749692863432,0.6486,0.7839820928931169,False,False,0.4285323807039486,-0.1104120209967841,0.6665,0.7903798024149286,False,False
Co-phenotrope (Diphenox hydrochloride/atropine sulfate),-0.0626864877193236,0.9254529147982062,False,0.17638330691859772,-0.09674135231979772,0.6883,0.8168835164835165,False,False,-0.18284676268073222,0.9392,0.12366296350142447,-0.11761805589423384,0.8361,0.8879528949950932,False,False,0.1322230756751025,-0.12194238697448215,0.8115,0.8884135833755702,False,False
Co-proxamol (Dextropropoxyphene hydrochloride/paracetamol),0.0466623999683247,0.3712660841938046,False,0.3570420959628473,0.037626690046380015,0.1332,0.37560313315926896,False,False,0.01282592360397003,0.1669,0.09297164798320423,0.004671659358421932,0.2438,0.45869451697127933,False,False,0.25046109228772995,0.06492980577958493,0.0773,0.2808724832214765,False,False
Co-simalcite (Simeticone/hydrotalcite),0.0653300235142013,0.2706860254083484,False,0.2806547864738719,-0.09816520076508976,0.6409,0.80125,False,False,-0.0802442295283322,0.5497,0.24603003240852073,-0.0588686477686925,0.4806,0.6616290630975143,False,False,0.2663952458803367,-0.11337770375080045,0.6942,0.8066013986013986,False,False
Co-tenidone (Atenolol/chlortalidone),0.0270974201173286,0.4533909158600149,False,0.16560603078441205,-0.10104049105347002,0.6691,0.8087610520425295,False,False,-0.07117505857845519,0.5065,0.10533321612614788,-0.0710988647310017,0.5563,0.7101702127659574,False,False,0.23576334690487766,-0.10129272695833089,0.6455,0.7774314381270904,False,False
Co-triamterzide(Triamterene/hydrochlorothiazide),-0.0582237391997489,0.7846302472685451,False,0.271366286368975,-0.2254000407637153,0.9777,0.9887865168539327,False,False,-0.1447600059461879,0.8361,0.23853525617096638,-0.18032934689986832,0.9288,0.9485617021276596,False,False,0.32402041989338093,-0.15296054470373302,0.834,0.8996944583125313,False,False
Co-trimoxazole(Trimethoprim/sulfamethoxazole),0.0452329059578875,0.3904289080911233,False,0.08891222976218949,0.03604798732822237,0.1317,0.3736062992125984,False,False,0.04473762572061094,0.0942,0.01574109371494392,0.017716879763963137,0.2071,0.4230170132325141,False,False,0.2475551140518325,-0.007698338528262616,0.2492,0.5442588473205259,False,False
Co-zidocapt (Hydrochlorothiazide/captopril),-0.0197444831591172,0.5576700610997964,False,0.062493917448909864,-0.028770070687138858,0.2786,0.5314285714285715,False,False,0.018404283161645434,0.0782,0.04433717581250474,0.000661104236079731,0.1105,0.29204889975550125,False,False,0.059999940092157145,0.01043483077307525,0.0643,0.2520653357531761,False,False
Coal tar,0.2623823448991389,0.0222515081206496,True,0.7848514105991495,-0.06965393010030173,0.5193,0.7236696774193547,False,False,-0.04117585927361794,0.3644,0.748263319819924,0.01081471085830115,0.2384,0.45378947368421046,False,False,0.6533490129954144,0.12407661270894937,0.0223,0.13454748603351954,True,False
Coal tar and corticosteroid preparations,-0.0947549474400745,0.9353237765694512,False,0.14247578667396088,-0.03949521916679163,0.3569,0.5994587869362364,False,False,-0.10500249537623473,0.6781,0.13465749123895687,-0.04307972692774723,0.3992,0.5934425326909842,False,False,0.13498034495188138,-0.07532073034862279,0.5076,0.722810408921933,False,False
Coal tar bath preparations,-0.0323899213748887,0.6095593220338983,False,0.4373661416657465,-0.12228305583177958,0.7611,0.8537996886351843,False,False,-0.10837802757482837,0.6978,0.32466920915757613,-0.11581428835448623,0.791,0.860845921450151,False,False,0.35498001032701954,-0.005860319265623525,0.2128,0.5090232558139535,False,False
Cobicistat,-0.0114111498257839,0.2089215491559086,False,0.2894234779991718,-0.13517885711532027,0.8313,0.900505516549649,False,False,-0.23454099494654468,0.9883,0.22203877047467635,-0.13393459232623,0.8694,0.9063243243243243,False,False,0.2966440202856412,-0.09007338402428205,0.6252,0.7672231686541737,False,False
Cocaine,0.1427872732501584,0.121473,False,0.027800101290450185,0.10835734427015901,0.02892,0.1779692307692308,True,False,0.02739285189461326,0.0898,0.011943415471447727,0.12953692716096643,0.02578,0.12626938775510205,True,False,0.031360073600762206,0.14509071165931897,0.01363,0.10514571428571429,True,False
Cocois,0.261250418656958,0.0237793721973094,True,0.6852994379894448,-0.08387978664388493,0.5751,0.7625635359116022,False,False,-0.09451627578571742,0.6259,0.6432954113874039,-0.06204733550082305,0.5109,0.6826666666666668,False,False,0.6589360164664597,-0.013393165083702807,0.2662,0.564564705882353,False,False
Cod liver oil,0.2619039273691349,0.0311852760736196,True,0.48627561895252636,-0.05835996953134515,0.4629,0.6839015047879616,False,False,-0.09253631315191209,0.6195,0.4665665241450142,-0.014009660265058519,0.3109,0.5145931034482758,False,False,0.5192662418609189,-0.040439172056209303,0.3609,0.650161801501251,False,False
Codeine phosphate,0.2720929216493517,0.0208695652173913,True,0.4059098445139582,-0.10705136790019426,0.6813,0.8137591160220995,False,False,-0.10380217999268797,0.6631,0.17957980751191205,0.06207985679347811,0.0963,0.27014025974025974,False,False,0.31695458059030324,-0.020746177589161148,0.2794,0.5785347288296859,False,False
Colchicine,0.3903585418978159,0.0016054054054054,True,0.19523649169920043,0.2900500202086196,0.00023,0.016025806451612903,True,True,0.2198364509768846,0.0015,0.13076537055117177,0.38348547169710534,7e-05,0.0038769230769230764,True,True,0.17928231708931386,0.35314073712822475,5e-05,0.0054,True,True
Colecalciferol,0.1467496536242602,0.1250692682926829,False,0.4638063280116407,-0.03037831661572401,0.3482,0.591622641509434,False,False,-0.047697361284994466,0.3912,0.3499880121595227,0.031370703457199334,0.1734,0.3816293279022403,False,False,0.34875833204561035,0.006377174987218397,0.2062,0.5020606060606061,False,False
Colesevelam hydrochloride,0.1753747247927657,0.0843942857142857,False,0.29472015479640135,0.17821852427343043,0.00642,0.07834576271186441,True,False,0.09393326448838324,0.0348,0.07001425339449874,0.11387025905056891,0.04072,0.1691655831739962,True,False,0.17691974383181042,0.08933536094096323,0.04897,0.2113005988023952,True,False
Colestipol hydrochloride,-0.0050719112791224,0.5769625668449198,False,0.15779724881133061,-0.07850581223290931,0.5518,0.7444647095565271,False,False,-0.06732616288332996,0.4855,0.11963276210146379,-0.06205980224765591,0.505,0.6776496894409938,False,False,0.19998497602126875,-0.0473275292196343,0.3908,0.6711854775059194,False,False
Colestyramine,0.1130650883486709,0.1934628099173553,False,0.41862646142601523,0.008944795292194784,0.1992,0.4601839572192513,False,False,-0.10253450563692976,0.6639,0.40434955654667215,0.015969973946848643,0.2107,0.42533831775700937,False,False,0.466416724170336,0.03284613534874681,0.1357,0.39396774193548384,False,False
Colistimethate sodium,0.2520757147908609,0.0219524475524475,True,0.27642261608419594,0.1240057359952954,0.02344,0.15955471698113208,True,False,0.03170343061128967,0.1247,0.20298991739672334,0.048723831867218556,0.128,0.3148974943052392,False,False,0.3859721701920421,0.00736259249249764,0.1991,0.4914246575342466,False,False
Colostomy Bags,-0.0882502191435121,0.9894683544303796,False,0.025394011436976616,-0.057393852468216405,0.4408,0.6672235459004906,False,False,-0.03818401901142968,0.3248,0.024685085744116875,-0.06091150118570861,0.5005,0.6756232064878352,False,False,0.07726100476338205,-0.04643814608657919,0.3392,0.6352831168831169,False,False
Colostomy Sets,-0.0636010705586234,0.993902803738318,False,0.056527829322310263,-0.09256551363224294,0.6902,0.8186886326194399,False,False,-0.07546187260450728,0.5735,0.015611816250875044,-0.0978726615873719,0.8103,0.8720717488789238,False,False,0.086497908136005,-0.11596646596527953,0.793,0.876153452685422,False,False
Combined ethinylestradiol 20mcg,0.4977401035100426,0.0003176470588235,True,0.6811444975196238,-0.01669145200684979,0.2935,0.5437049742710119,False,False,-0.009552800820402604,0.2273,0.6327633080335889,0.09090244765551922,0.0667,0.2290285714285714,False,False,0.6827867429051322,0.03286351188466074,0.1391,0.39828571428571424,False,False
Combined ethinylestradiol 30mcg,0.4557122662489413,0.0004595744680851,True,0.689202051451048,0.1538144993160263,0.0121,0.10898999999999999,True,False,0.1258113947460647,0.0148,0.6170577073254003,0.15772503772994506,0.01499,0.09025069637883008,True,False,0.6921153473448591,0.09582641450650946,0.04303,0.20107127429805616,True,False
Combined ethinylestradiol 35mcg,0.4750907272523856,0.0004595744680851,True,0.4866096175606396,0.28036428969094623,0.00019,0.014657142857142858,True,True,0.22929778801823464,0.0008,0.44963917428614353,0.2813253884767628,0.00049,0.011504347826086957,True,True,0.5439324617240439,0.1560085528822248,0.00999,0.08614285714285713,True,False
Combined mestranol,0.1044153979783654,0.211972522080471,False,0.19254162717585754,-0.00217960079396677,0.2298,0.48426146341463416,False,False,-0.06763261829849074,0.4897,0.18941177346397575,0.001120351038365757,0.2503,0.4605178875638842,False,False,0.2092585337246209,-0.0452612765929201,0.3773,0.6620373679935013,False,False
Compound alginates and proprietary indigestion preparations,0.191765379523294,0.0697486068111455,False,0.5771337093527876,-0.11377834982473933,0.7085,0.8265258620689656,False,False,-0.09147348702075014,0.5991,0.35637796372501007,-0.026575384573561723,0.368,0.5710344827586207,False,False,0.46792872950265496,-0.050518019407674766,0.4137,0.6810295230885692,False,False
Compound antispasmodic preparations,0.1234620729160313,0.1445034965034965,False,0.6615709346294526,-0.018844549285526542,0.2978,0.5479114139693356,False,False,-0.07055425236028279,0.4999,0.42417806907026223,0.07883269130617672,0.0661,0.22807667731629394,False,False,0.4380888600770272,0.1357928763530506,0.0149,0.11059793814432989,True,False
Compound iron preparations,-0.1052134846432651,0.9135113350125944,False,0.08653816166370476,-0.09587333857687078,0.6547,0.8082102857142858,False,False,-0.12002366129294524,0.7485,0.0782732530688468,-0.09549525199183621,0.6813,0.8002565217391304,False,False,0.21206028209812977,-0.03291075325573944,0.3383,0.6352831168831169,False,False
Contraceptive Devices,0.2151221876750633,0.0422884403669724,True,0.5013765007440876,0.0008673347607928301,0.2275,0.48124461839530336,False,False,-0.018294522776479284,0.2665,0.41694668877205254,0.04600223546076808,0.1263,0.31429493087557603,False,False,0.6299193476395011,-0.022626734082074676,0.3007,0.6012596685082874,False,False
Coronavirus vaccine,0.2873767776652452,0.0160571428571428,True,0.418670388357252,0.10321652104602255,0.03905,0.21045187032418952,True,False,0.16284811128375476,0.0063,0.36871162344523123,0.17774634516007376,0.01053,0.0734126582278481,True,False,0.40631623509948245,0.2690440128648857,0.00037,0.012295384615384616,True,True
Cortisone acetate,-0.088854929471981,0.8723747980613893,False,0.11883886689206069,-0.09622493360611437,0.6228,0.7892989449003516,False,False,-0.07032783904469055,0.4906,0.10086833433325348,-0.09628690219718739,0.6452,0.780746218487395,False,False,0.13569572161716004,-0.12962711472891542,0.7506,0.8488460732984293,False,False
Crotamiton,0.2377952877396224,0.0282075949367088,True,0.3357447572164448,0.04074116788221755,0.1284,0.371566265060241,False,False,-0.011291817686706911,0.2498,0.2109496289073488,0.1573557290396929,0.01565,0.09338121546961327,True,False,0.31557204633225766,0.1959220835034912,0.00378,0.04639090909090909,True,True
Cyanocobalamin,0.0084512252156702,0.517642105263158,False,0.13411459155656447,0.06219158834195823,0.0865,0.30629508196721306,False,False,0.10903306281862592,0.0257,0.11290430256761086,0.080617446503416,0.0769,0.24346285714285715,False,False,0.1252958737164046,0.02354970227635934,0.1534,0.4210216010165184,False,False
Cyclizine hydrochloride,0.3666749568872559,0.0031187165775401,True,0.49800830361416093,-0.09378857009916904,0.6151,0.7861633136094675,False,False,-0.04885432127200594,0.4007,0.2042150314977711,0.15873412353182562,0.0168,0.09676799999999999,True,False,0.47836535327848095,-0.033385583327238885,0.3334,0.6305989492119088,False,False
Cyclizine lactate,0.0248581082505079,0.4574966592427617,False,0.15944314882922284,-0.021781495493998757,0.315,0.5608171334431631,False,False,0.03235422826156818,0.1152,0.12657667214052526,-0.007246177669648203,0.2916,0.496340425531915,False,False,0.18355988621801433,-0.04529074496969005,0.3918,0.6711854775059194,False,False
Cycloidal Vibration Accessories,0.3078684330208584,0.0138035502958579,True,0.1379310594754769,0.18868589662756727,0.00286,0.05105454545454546,True,False,0.14110458220045444,0.0071,0.09908279479632098,0.23259322643699173,0.00205,0.02559537572254335,True,True,0.17694715659216498,0.21779224354713903,0.00157,0.02687244094488189,True,True
Cyclopentolate hydrochloride,0.3174049053396453,0.0051287671232876,True,0.48480120097468005,0.2993274597886974,9e-05,0.011435294117647059,True,True,0.36055297455884366,0.0001,0.3955185824614954,0.24330821901528732,0.00139,0.020849999999999997,True,True,0.33649953449979975,0.13571320621541338,0.0134,0.10449097472924189,True,False
Cyclophosphamide,0.1242577507063204,0.1471484464902186,False,0.3514487873204848,-0.005106544985437086,0.2387,0.4895317535545024,False,False,-0.023165468789425887,0.2782,0.20189063090579606,0.03718092600225871,0.1478,0.34588082340195014,False,False,0.21290864176551827,0.004636116274767833,0.196,0.487180667433832,False,False
Cycloserine,-0.0132519295916785,0.4498791946308725,False,0.03524399835315761,-0.02338947473707124,0.2454,0.49558878504672893,False,False,0.001936939043647896,0.1404,0.010873896974273656,-0.014006021936130623,0.1981,0.4118538461538462,False,False,0.03147948153052593,-0.0333686137081863,0.2571,0.5537689243027889,False,False
Cyproheptadine hydrochloride,0.0850315828937178,0.2430512333965844,False,0.2353450223480108,-0.015523338280993042,0.273,0.5260303300624443,False,False,-0.08149144607937704,0.5561,0.17650961099161877,-0.0024248300507354755,0.2619,0.4717138103161398,False,False,0.2273399939803925,-0.0036580091519084522,0.2209,0.51971335504886,False,False
Cyproterone acetate,0.2010661484021167,0.0608182707993474,False,0.2087716539343477,0.21165067522984535,0.0023,0.04435714285714286,True,True,0.2344399851387996,0.0007,0.20150917330076756,0.2250603456926525,0.00351,0.036449999999999996,True,True,0.30545196628497917,0.1507847194554691,0.01047,0.08782325581395349,True,False
Cytisinicline,0.0261308759270095,0.4119069767441861,False,0.04176014855943755,-0.006785119551570586,0.2372,0.48810656517602286,False,False,0.016511713340988863,0.1467,0.03025922700947603,-0.023685526739022314,0.3171,0.52098937784522,False,False,0.08523176720539183,-0.044381311218092176,0.3632,0.6526722129783694,False,False
Dabigatran etexilate,0.237968648903525,0.0330558704453441,True,0.3458554278029772,0.10298827567994628,0.03828,0.2088,True,False,-0.00365283785743429,0.2089,0.2723485069433713,0.0722352766456351,0.0917,0.262,False,False,0.4554667855620358,0.10312300131864055,0.03649,0.180362471395881,True,False
Dabrafenib,-0.0133081687959737,0.3466252045826513,False,0.12897888065709684,-0.08749121699465032,0.6624,0.8087582725743129,False,False,-0.10318318542440036,0.7174,0.0994208772904448,-0.07617637991824137,0.6643,0.7918807947019867,False,False,0.13036034503419114,-0.04803425697550559,0.3688,0.6559999999999999,False,False
Dalteparin sodium,-0.041017678601734,0.7067897934386391,False,0.10927774651875988,-0.09928791158721549,0.6451,0.8044480183802412,False,False,-0.15741782579736993,0.8761,0.0801492069487798,-0.09997392157609088,0.6763,0.7978197706171491,False,False,0.1390103599233966,-0.07362421508222722,0.5131,0.722810408921933,False,False
Danazol,0.0858667080216405,0.2057867203219316,False,0.19419814715299755,0.12105428422588108,0.02349,0.15955471698113208,True,False,0.06855911854658057,0.0573,0.014143289923464142,0.043540545664279194,0.1101,0.29204889975550125,False,False,0.27038921768956603,0.024724130923143368,0.14,0.3989445910290238,False,False
Dantrolene sodium,0.2390069917996301,0.0274278372591006,True,0.1378698359885756,0.22429950411297747,0.00127,0.03345365853658537,True,True,0.047937449384654565,0.0836,0.07589173253293768,0.1846555410638362,0.00776,0.06162352941176471,True,False,0.12573994266024613,0.17066371908542902,0.0077,0.07458295964125561,True,False
Dapagliflozin,0.268084336937001,0.0150364640883977,True,0.3564640123447287,-0.03685306868599089,0.372,0.611972581873572,False,False,-0.01476525070450307,0.2488,0.29943576029929675,0.016659183615291548,0.2079,0.42324599434495763,False,False,0.5189314754270375,-0.011509434582588478,0.2573,0.5537689243027889,False,False
Dapagliflozin/metformin,0.0998155866478168,0.1762468085106383,False,0.32802957911921715,-0.07354265594736947,0.5453,0.7398542713567839,False,False,-0.1559096951923754,0.8786,0.26172930603644295,-0.08893520236868901,0.6533,0.7881471571906354,False,False,0.3333396314752791,-0.13805122787481505,0.8257,0.8971221719457013,False,False
Dapoxetine hydrochloride,0.2606762623716286,0.0231218181818181,True,0.6040346428400609,0.016039615734453287,0.1757,0.43911818181818185,False,False,0.029223338108560204,0.1162,0.5564371980894487,0.09711627675441212,0.04928,0.19179243243243244,True,False,0.5567326770571559,0.06994149523051202,0.0664,0.25657245080500896,False,False
Dapsone,0.076482156318531,0.2907838312829526,False,0.12365646838491917,0.0543466179978724,0.0959,0.320160741885626,False,False,-0.004538541636596962,0.2125,0.07864025597067237,0.12102731001515227,0.03517,0.1546682926829268,True,False,0.07990589928567926,0.12345439721606029,0.02347,0.13865806451612903,True,False
Daptomycin,0.0098440988912934,0.4290433460076046,False,0.06137257027369858,0.04814875461109158,0.0833,0.3059702479338843,False,False,0.06429973159282107,0.0552,0.0051800109936188665,-0.002863818187827904,0.2138,0.4281964782205746,False,False,0.1625525859573309,0.0015003297153149322,0.1748,0.45600000000000007,False,False
Darbepoetin alfa,-0.0287254801011612,0.4461081081081081,False,0.1556826220304044,-0.02072816258363663,0.2545,0.5047933884297521,False,False,-0.05678161050933836,0.4122,0.038992346577648385,-0.06725576632118675,0.5167,0.6863911439114392,False,False,0.11495424034545965,-0.16163018573725696,0.9166,0.952989928057554,False,False
Daridorexant,0.0378070717534661,0.4046433566433567,False,0.30458445321718497,-0.03414900859760919,0.3601,0.601893271461717,False,False,0.013598131908745014,0.1642,0.16831340111663196,0.05763283577181744,0.1165,0.29992848629320623,False,False,0.3093941966934207,0.039213755091467704,0.1181,0.3647314285714286,False,False
Darifenacin hydrobromide,0.0620408991748032,0.3166052409129332,False,0.17344570586408148,-0.03443394867728947,0.3541,0.59805,False,False,0.05348540586940185,0.0739,0.15131534836147476,-0.06357938810317235,0.5111,0.6826666666666668,False,False,0.31262542558119133,-0.17010533592055344,0.8828,0.937947860304968,False,False
Darunavir,0.1292617274827293,0.0442192377495462,True,0.35977353778992327,-0.02039900131229264,0.2843,0.5339895652173913,False,False,-0.1979343238945912,0.96,0.2966289413458615,0.01609349003400932,0.1658,0.37150207468879665,False,False,0.3384624829973516,0.023187375577067102,0.1152,0.36010419681620837,False,False
Darunavir/cobicistat,0.2000035480733562,0.0591790507364975,False,0.471264912357113,-0.08908721856483558,0.6037,0.780933014354067,False,False,-0.11400496615143042,0.7151,0.39199356389519957,-0.0562435651262455,0.4718,0.6528430493273543,False,False,0.4928132158830132,-0.09471188912698655,0.6042,0.7565634782608694,False,False
Dasatinib,0.0058097125326439,0.5015225806451613,False,0.06601110851573067,-0.10865276290539094,0.6786,0.8120642659279779,False,False,-0.05206835380843077,0.3962,0.05569187276304477,-0.09022120172935512,0.6208,0.7640615384615386,False,False,0.1330324826019501,-0.12088467848348773,0.7191,0.8267546567323044,False,False
Debridement Device,0.2458972964053303,0.0401719626168224,True,0.1792080587070617,0.07195413865412809,0.0681,0.282876923076923,False,False,0.013701970785812412,0.1544,0.1397557004060952,0.10239058692380715,0.04946,0.1919569120287253,True,False,0.12432818055317363,0.14095094037078051,0.01717,0.11845605095541402,True,False
Deferasirox,0.0165903736674819,0.4254096109839816,False,0.10719518062940103,-0.028445241274154463,0.3127,0.5598476821192052,False,False,-0.05474830663072909,0.412,0.10375139303129377,-0.012034644529974159,0.2738,0.48476065573770494,False,False,0.16034495171665408,0.023131447142988322,0.1433,0.40331249999999996,False,False
Deferiprone,0.0865732516698217,0.2216731517509727,False,0.2060520673849371,-0.06243524652147064,0.4745,0.6899839142091154,False,False,-0.07021343906427568,0.4896,0.17148360546224262,-0.07729384541241091,0.5787,0.7297092819614711,False,False,0.20016817623388572,-0.14213588121538046,0.818,0.8923636363636364,False,False
Deflazacort,0.4135623270638291,0.0010536585365853,True,0.07197094462780829,0.35839750342709836,3e-05,0.0072,True,True,0.33217629822099914,0.0001,0.03662745149448354,0.3836662228807828,2e-05,0.002057142857142857,True,True,0.13131152199527685,0.30498884933036685,0.00016,0.00768,True,True
Degarelix,0.1382984533288732,0.1367830188679245,False,0.1983567613756343,0.07670657285504306,0.0612,0.2697795918367347,False,False,-0.054865374611430255,0.4167,0.034765267301350544,0.12864816520297503,0.03317,0.15142784810126583,True,False,0.17260392202242458,0.08957121486035897,0.04783,0.2083790322580645,True,False
Delgocitinib,0.1767549930590219,0.0899394957983193,False,0.09425495763406533,0.15523797454896296,0.01295,0.11279032258064516,True,False,0.03808862627688109,0.0996,0.04294470163169517,0.18436535583113173,0.01113,0.07536300940438871,True,False,0.06706341712557118,0.1687449014930028,0.00959,0.08420487804878048,True,False
Demeclocycline hydrochloride,0.1076706386785081,0.1985163934426229,False,0.06377521468084713,0.1278117369165062,0.02211,0.15584364820846905,True,False,0.028872121761865373,0.1193,0.0237627834695876,0.1149929105532695,0.03968,0.1674,True,False,0.11617951662816517,0.13070091478271278,0.01995,0.12749112426035503,True,False
Dengue fever,0.0248214804404513,0.210259842519685,False,0.1374555824536945,-0.07920823506093193,0.6104,0.7828557863501484,False,False,-0.1830164232635353,0.9362,0.13263144798373339,-0.07768865226025354,0.6588,0.7896825749167592,False,False,0.15716538636541144,-0.07000143365579671,0.5116,0.722810408921933,False,False
Denosumab,0.3409461029673469,0.011636129032258,True,0.40005333599616033,0.04619837793205535,0.112,0.34621714285714283,False,False,-0.07575645034402619,0.5287,0.32209059155792896,0.06587172318153658,0.0988,0.27465637065637066,False,False,0.48607728665660266,-0.04793613639140844,0.3913,0.6711854775059194,False,False
Deodorants,-0.1032467785877881,1.0,False,0.03633387141715483,-0.0752213285993796,0.5791,0.7664558823529412,False,False,-0.046472149595186384,0.3968,0.03565184491799556,-0.08299250970075804,0.6807,0.8002565217391304,False,False,0.08238997547571958,-0.052405629436401494,0.3931,0.6711854775059194,False,False
Depigmenting agents,0.42373685116767,0.0021857142857142,True,0.7040840675215633,0.027135367005093208,0.1595,0.41659008464328895,False,False,-0.00032656841248651885,0.1975,0.6594711879666221,0.04105948801433403,0.1585,0.36,False,False,0.7132061936585707,0.06657825466170134,0.0794,0.28536439267886854,False,False
Dequalinium chloride,0.2067456462200857,0.0530939597315436,False,0.42962764292251765,-0.07092001079916045,0.5213,0.7250534449452672,False,False,-0.08825495864434209,0.5835,0.4103801313132095,-0.08309101313376768,0.6091,0.7556898334290637,False,False,0.48916767655321747,-0.06471395763777131,0.4709,0.7178151023288638,False,False
Desferrioxamine mesilate,-0.0176496135575395,0.4488017950635751,False,0.12503420771114826,-0.0977578395927323,0.7278,0.8339777188328913,False,False,-0.1958774861261569,0.9496,0.12201580447848426,-0.09759583082893426,0.7802,0.855013698630137,False,False,0.15316691185951536,-0.09333982365710118,0.675,0.7962861824139814,False,False
Desloratadine,0.1688589659781642,0.0891949367088607,False,0.11850589721769278,0.17533939859083933,0.0067,0.08040000000000001,True,False,0.13751455199138932,0.0119,0.035975051191674434,0.1960228990959362,0.00657,0.055434375,True,False,0.04590889634794115,0.206679385344606,0.00287,0.03826666666666667,True,True
Desmopressin acetate,0.0120884838942211,0.5222011173184358,False,0.1341601194181734,-0.04575631874051142,0.4045,0.6363583394027676,False,False,-0.0083195385579439,0.2355,0.07854222102204023,0.0024891343146331095,0.2607,0.4711906354515051,False,False,0.26599878410693156,-0.08261400479075681,0.5466,0.7265575384615385,False,False
Desogestrel,0.2690492399017882,0.0164114882506527,True,0.5499403592289116,-0.02668227530932113,0.3228,0.5697110204081632,False,False,-0.0782018655692838,0.5513,0.5058283512495387,0.032224171399359534,0.1682,0.3749349845201238,False,False,0.5524183445892943,0.01762878275790999,0.173,0.4529200968523002,False,False
Detection Sensor Interstitial Fluid/Gluc,0.1853575254244214,0.0736109589041096,False,0.4436266575061648,-0.14185436045088828,0.8129,0.8885951417004048,False,False,-0.10672883363476865,0.6835,0.28963015541712567,-0.02677525585905467,0.3651,0.5679136069114472,False,False,0.5657762841314676,-0.16626043950460329,0.8676,0.9245268870251604,False,False
Dev For Fungal Nail Infections,0.3066056499658439,0.0143796033994334,True,0.5863703901839867,0.06534768473333755,0.0791,0.30270422535211267,False,False,0.051411655343029036,0.0843,0.4175601682147859,0.16684966647372482,0.01287,0.08200353982300884,True,False,0.4977855137504765,0.20787380099119443,0.00241,0.03447417218543046,True,True
Dexamethasone,0.5542067915101504,0.0003176470588235,True,0.5312484506952305,0.17711250755595428,0.00625,0.07744090909090909,True,False,0.15287557994831485,0.0072,0.3568902172141667,0.27229054543385145,0.0007,0.013452631578947369,True,True,0.4757414258285635,0.19284451765558802,0.00472,0.0531,True,False
Dexamethasone phosphate,0.2525053343817893,0.0249046563192904,True,0.32163361603421314,-0.009034115684320417,0.261,0.5117749546279492,False,False,0.04859607426119623,0.0877,0.17963985298071516,0.09583607013643032,0.0577,0.21017200674536257,False,False,0.30332013815261005,-0.012934414990672502,0.2611,0.5589454905847374,False,False
Dexamethasone sodium metasulphobenzoate,0.2101121997915977,0.0492691099476439,True,0.38617922158198326,-0.038413735598877584,0.3743,0.6148197718631179,False,False,-0.10465216841652897,0.6761,0.1024281186979924,0.14444408584952956,0.02261,0.11643428571428571,True,False,0.24432975468237927,0.1243333362069439,0.02383,0.13865806451612903,True,False
Dexamethasone sodium phosphate,-0.0425333724246263,0.7109619794809898,False,0.11319186994752006,-0.08363937498685321,0.5978,0.7802102719033233,False,False,-0.11701206428108069,0.7498,0.09408458629050198,-0.07004590503425322,0.5583,0.7119716814159291,False,False,0.16588144104395575,-0.07917391287492963,0.5401,0.722810408921933,False,False
Dexamfetamine sulfate,0.3312729404054655,0.0088,True,0.5293889978780804,-0.032237703612494645,0.3363,0.5834602409638554,False,False,-0.013803485550756923,0.2458,0.4648965219310718,-0.02682994891829117,0.3448,0.5468193832599119,False,False,0.5512695868315648,-0.026456664403124854,0.2982,0.5986171003717473,False,False
Dexibuprofen,-0.0508149898318422,0.6731194029850747,False,0.017607624114032383,-0.06871291148841394,0.4858,0.6986205059920106,False,False,-0.07434410942293335,0.5028,0.012219056817359575,-0.07066898178018832,0.5309,0.6966852976913731,False,False,0.029081112587719837,-0.098632608446792,0.639,0.7747878787878788,False,False
Dexketoprofen,0.0348543054042042,0.4247283856159143,False,0.22082185651232,-0.10864132585804476,0.6872,0.8168835164835165,False,False,-0.12176552935542254,0.7489,0.09546520875358566,0.014162769886072653,0.2203,0.43475409836065576,False,False,0.1651367780013564,-0.026703099712107284,0.3134,0.6126190045248869,False,False
Dexpanthenol,0.3077922175272964,0.011543606557377,True,0.6303202175004198,0.0625283552272872,0.0848,0.3059702479338843,False,False,0.09885939894981643,0.0302,0.511421932325927,0.17388576331976413,0.01064,0.0734126582278481,True,False,0.4552388017406853,0.22955879552598374,0.00161,0.026916923076923074,True,True
Dextromethorphan hydrobrom compound prepartions,0.0558050225914747,0.3156641221374046,False,0.37784706949537217,-0.042555023607603236,0.3924,0.6269112426035504,False,False,-0.021301251036828374,0.2684,0.12450624340128402,0.033709091190030266,0.1391,0.33260176991150436,False,False,0.10655281295207841,0.032383346647049935,0.1216,0.37098305084745764,False,False
Dextromethorphan hydrobromide,0.2228999954879371,0.0481699115044247,True,0.23132089678005852,0.19778360502985323,0.00533,0.06942857142857144,True,False,0.1605006877337663,0.0105,0.04402360044184728,0.2379519400816494,0.00568,0.05090788381742739,True,False,0.3018907302135173,0.05204126195081645,0.0781,0.28257286432160805,False,False
Diamorphine hydrochloride,-0.0258775765404609,0.5635225893459205,False,0.1546061765086406,0.054813994254111285,0.0912,0.31654574638844307,False,False,0.01107484320210117,0.1592,0.08739109268928857,0.0037402376641788738,0.2147,0.42920259019426454,False,False,0.11481468092622937,0.002522148394961766,0.1833,0.46966548042704626,False,False
Diamorphine hydrochloride (Systemic),0.2150965151087445,0.0520962711864406,False,0.40934109640974103,0.008245837428031963,0.2066,0.467435736677116,False,False,-0.0805457784220765,0.5514,0.3469939181960857,0.002191677656117924,0.2573,0.4681818181818182,False,False,0.4490165930558554,-0.020332994770639816,0.2879,0.5844586466165413,False,False
Diazepam,0.3796420522189323,0.0012095999999999,True,0.3397975003552923,0.20179359760097174,0.00294,0.05121290322580645,True,False,0.11712769341216878,0.0193,0.3356101053630741,0.23000465929747715,0.00228,0.027359999999999995,True,True,0.4778446021849322,0.21793103644097284,0.00186,0.02911304347826087,True,True
Diazoxide,-0.0462875627159832,0.7221974865350089,False,0.04902359538659906,-0.07011365769607121,0.5159,0.7213953488372093,False,False,-0.03320776229907039,0.3152,0.04056210913325242,-0.06326340343797206,0.5078,0.6805607940446651,False,False,0.14555820919091578,-0.06190834266667525,0.4583,0.7134686825053995,False,False
Dibasic potassium phosphate,-0.0319783197831977,0.8769829787234042,False,0.09486407032992317,-0.038335111917782605,0.3443,0.5874312796208531,False,False,-0.037132713627878344,0.3523,0.08992747581706673,-0.02272623774430868,0.2882,0.49288361045130646,False,False,0.11860894682560585,-0.05370879003540759,0.4165,0.6810295230885692,False,False
Dibrompropamidine isetionate,0.1084662680590979,0.1803031578947368,False,0.16934549548544553,0.0026872852031950075,0.2083,0.46867500000000006,False,False,-0.05566835134281061,0.4271,0.050033975893805316,0.11066995999614762,0.04148,0.17066057142857144,True,False,0.1321533011497087,0.139858400316228,0.01523,0.11266027397260274,True,False
Diclofenac diethyl,0.2246143920162876,0.0416771799628942,True,0.5957801301722105,0.02759816152393947,0.1583,0.41546537059538274,False,False,0.09616684153504025,0.0314,0.5127675363838919,0.1039660225783957,0.054,0.20006861063464837,False,False,0.41112778300758335,0.11697842556972671,0.02615,0.14483076923076924,True,False
Diclofenac potassium,0.0832182146895943,0.2583962790697675,False,0.23373380286614576,0.04427869378476285,0.1128,0.34707692307692306,False,False,0.06324818952154473,0.0616,0.05686416741160605,0.0754441696974999,0.0793,0.2438019801980198,False,False,0.3682652664347612,0.08397401853414728,0.0547,0.2280926640926641,False,False
Diclofenac sod,0.2064404319954559,0.0458566844919786,True,0.299059111524991,0.07158190994623197,0.077,0.2984516129032258,False,False,0.019797533997994787,0.1389,0.22502353071379733,0.04545685057858715,0.1395,0.332950276243094,False,False,0.2361403481671368,0.028985503590684684,0.1417,0.4016692913385827,False,False
Diclofenac sodium,0.4359936475006758,0.0004595744680851,True,0.4704518369586691,0.058261359740731135,0.0868,0.3068543371522095,False,False,0.0408957366173662,0.0936,0.3569245734068406,0.1747028988341177,0.01038,0.07303192182410423,True,False,0.3845259818522053,0.16011686900467867,0.00912,0.08311898734177214,True,False
Dicycloverine hydrochloride,0.0950124286582702,0.2372087702573879,False,0.1824075903026552,-0.0030168616493919664,0.233,0.4861562198649952,False,False,0.003735007298956376,0.187,0.14580162431333976,0.009090565929698499,0.2273,0.44231351351351356,False,False,0.2622689251337822,-0.00022423321321019617,0.2136,0.5103716814159293,False,False
Dicycloverine hydrochloride compound preparations,0.106617508420902,0.1985877551020408,False,0.40299490618742795,-0.06042015687071193,0.4797,0.6935421686746989,False,False,-0.10695639384813259,0.6834,0.3651719601019342,-0.06550473196238638,0.529,0.6961461632155909,False,False,0.4342714035361275,-0.03962101647146222,0.3636,0.6528478802992519,False,False
Dienogest,0.251312372263186,0.0264413793103448,True,0.467693369171984,-0.009272289481141147,0.2689,0.5204516129032257,False,False,0.03927961418210409,0.106,0.4641341473746309,-0.015720088662611813,0.3212,0.524408163265306,False,False,0.5149699701727131,-0.013283646928738017,0.2738,0.5725150048402711,False,False
Diethylamine salicylate,0.1262159722369696,0.1632053571428571,False,0.3452410170687388,0.03617711167699329,0.1288,0.3717276368491321,False,False,0.03495068657249351,0.1071,0.27985954373138233,0.033932393213936395,0.1589,0.36052941176470593,False,False,0.37903662439029395,0.02495907413368023,0.1471,0.40892664092664094,False,False
Diethylstilbestrol,0.0603716664982698,0.316128813559322,False,0.20370892886001457,-0.014224495536369303,0.2836,0.5331383812010444,False,False,-0.037658018323701206,0.3497,0.032179815208769336,0.026510664072388487,0.1766,0.38479758308157097,False,False,0.2849011516671468,0.027907714876894626,0.1471,0.40892664092664094,False,False
Diflucortolone valerate,-0.0706119789696186,0.8246942889137738,False,0.08653358078847684,-0.10140341576063168,0.6472,0.8044480183802412,False,False,-0.10854025672940595,0.6858,0.06575577528737275,-0.1367155171085502,0.8215,0.8788707280832095,False,False,0.10328422688823036,-0.1338189514425998,0.7752,0.8644460505937016,False,False
Digoxin,0.3899524165476442,0.0012342857142857,True,0.47422755175164755,0.3251402954847703,2e-05,0.0054,True,True,0.31113893645670215,0.0001,0.4720171979543335,0.3310383705935402,0.00012,0.004984615384615384,True,True,0.5536020589172488,0.2165822662614609,0.00225,0.03320816326530612,True,True
Dihydrocodeine tartrate,0.2125276460858911,0.0456729874776386,True,0.2865639286776396,0.014841327102060793,0.1812,0.44075675675675674,False,False,-0.001735528517606072,0.2001,0.23078580571009122,0.12339683966222041,0.03233,0.14926153846153845,True,False,0.3372660512655642,0.06930707031074224,0.0691,0.2632380952380952,False,False
Diloxanide furoate,0.2089361227944603,0.0649719745222929,False,0.08718331508945665,0.11657859635910507,0.02959,0.18106062322946176,True,False,0.20762437782189294,0.0048,0.08481383541335119,0.10469977140917489,0.0495,0.1919569120287253,True,False,0.09996174082453835,0.1384113701528814,0.01934,0.12620664652567976,True,False
Diltiazem hydrochloride,0.1000343467076869,0.2272695652173913,False,0.5436390987781314,-0.12833287876618077,0.7616,0.8537996886351843,False,False,-0.0844843269088794,0.5762,0.5124292785696607,-0.15172559023944338,0.8554,0.8973598834385625,False,False,0.5888631745941417,-0.15226148661008335,0.8278,0.8980652938221999,False,False
Dimenhydrinate/cinnarizine,0.2964946709115811,0.0089406593406593,True,0.19521975292837512,0.2682639815839194,0.0004,0.019761702127659573,True,True,0.15779268904591642,0.0059,0.15234874455259484,0.2765155945477346,0.00062,0.012754285714285715,True,True,0.17826098220255893,0.2831538310784882,0.00016,0.00768,True,True
Dimethyl fumar,-0.1504812273614163,0.9848498583569404,False,0.020227526216161307,-0.15219292071138518,0.8658,0.9135461200585652,False,False,-0.13876719274673688,0.8313,0.015976047963940143,-0.16569500565240197,0.9213,0.9440265654648956,False,False,0.07707143767162528,-0.08725346389296054,0.5707,0.7363870967741936,False,False
Dimethyl sulfoxide,-0.0258069162837675,0.6078172323759791,False,0.06604482562555192,-0.09718351999571996,0.7299,0.8350550847457627,False,False,-0.08113943333488369,0.6285,0.018538688925385904,-0.023600876506275924,0.2519,0.46267346938775517,False,False,0.047260957500997236,-0.058542963149261155,0.444,0.7010138787436084,False,False
Dimeticone (Barrier),-0.0014360449541699,0.5327401247401248,False,0.026897764667301316,0.014249364212030307,0.1806,0.44028893905191874,False,False,0.036360395137768696,0.0997,0.010453548457794337,0.035243931507491916,0.1541,0.3547092651757189,False,False,0.12293450420807617,-0.09302560513359116,0.5923,0.7512436876101,False,False
Dimeticone (Parasiticidal),0.1420067751856427,0.1264467153284671,False,0.6413449014737854,-0.042693988952784964,0.3974,0.6297754952311078,False,False,-0.03958868967265064,0.3493,0.4792566953091203,0.01179124700381495,0.2251,0.4400072332730561,False,False,0.44881065777715234,-0.04437723057054098,0.3888,0.6711854775059194,False,False
Dinoprostone,-0.0056115863670207,0.3762470308788598,False,0.06064494733803405,-0.04548380383548607,0.3693,0.6084576659038902,False,False,-0.059742014813843614,0.4599,0.027117278855716354,-0.01866896226721629,0.2344,0.44944099378881985,False,False,0.18267382604854432,-0.05523486053486614,0.4069,0.6810295230885692,False,False
Diosmin/hesperidin,-0.0336597100354113,0.5178558432470259,False,0.0754862848107104,-0.042739077766177205,0.3392,0.5852012779552715,False,False,-0.14101880228189523,0.8538,0.07271849527225027,-0.041837288300359904,0.3601,0.5632879884225759,False,False,0.07535503975083191,-0.05143893976161736,0.369,0.6559999999999999,False,False
Diphenhydramine hydrochloride,0.2032242202593781,0.0578013157894736,False,0.5629314527971372,0.07698652585999445,0.0647,0.27583497053045186,False,False,0.12483342964512809,0.0128,0.36639409474867524,0.09079484592968311,0.0651,0.22534615384615386,False,False,0.4062067610829547,0.2482598671240495,0.00108,0.022870588235294118,True,True
Diphenhydramine hydrochloride/pholcodine,-0.0319783197831977,0.8769829787234042,False,0.09486407032992317,-0.038335111917782605,0.3443,0.5874312796208531,False,False,-0.037132713627878344,0.3523,0.08992747581706673,-0.02272623774430868,0.2882,0.49288361045130646,False,False,0.11860894682560585,-0.05370879003540759,0.4165,0.6810295230885692,False,False
Diphtheria,0.4981548439233107,0.0004595744680851,True,0.5783316637098472,0.15754411453573178,0.00823,0.08888399999999999,True,False,0.1598481242301769,0.0048,0.4420182601620163,0.2794677402728523,0.00045,0.01092134831460674,True,True,0.5607270672025267,0.21807114174416892,0.00129,0.024878571428571427,True,True
Dipipanone hydrochloride,0.082159994647217,0.2700983606557376,False,0.2320348622090853,0.11012978524501123,0.03383,0.19590563002680966,True,False,-0.012156280285792296,0.2367,0.18012158170404713,0.10547272971378963,0.04869,0.19087186932849365,True,False,0.3014834390211655,0.002530266782202811,0.2171,0.5145673603504929,False,False
Dipyridamole,0.1735940036833918,0.0903876923076923,False,0.09078048488075385,0.08145151081069088,0.0553,0.25414468085106384,False,False,0.07006111801902892,0.0564,0.06864082870681243,0.07555766195718956,0.0797,0.2438019801980198,False,False,0.1588910538741195,0.11192765898096475,0.02888,0.15289411764705882,True,False
Dipyridamole and aspirin,-0.1270676926776043,0.938916996047431,False,0.13580136151388278,-0.2518917068348459,0.9904,0.993158774373259,False,False,-0.13777800005652352,0.8204,0.02504089478984506,-0.17612364189313479,0.9253,0.9458816848083295,False,False,0.13037183736166813,-0.20027099893900838,0.9445,0.9610684161199625,False,False
Discharge Solidifying Agents,-0.1231179982701778,0.996707192575406,False,0.051375377118560994,-0.07363259288279189,0.5318,0.7307292327203551,False,False,-0.030366233861664812,0.2928,0.03959546536878278,-0.11479043337967254,0.7981,0.8623791895947974,False,False,0.10731848733040084,-0.06042093484427086,0.4309,0.6934063656550703,False,False
Disodium edetate,0.0480956012522041,0.1591451068616423,False,0.09586801934662426,-0.04435550541438049,0.3786,0.6184489795918368,False,False,-0.022108897138764644,0.2761,0.08301613508317485,-0.028054494796220707,0.3139,0.5183669724770642,False,False,0.13244897836680636,-0.09960358995639182,0.7006,0.810983922829582,False,False
Disopyramide,0.4892300666998526,0.0004595744680851,True,0.31022898838062196,0.10274316374443519,0.03603,0.20161865284974093,True,False,0.003966581131695108,0.19,0.2104845277053936,0.19011567260082807,0.00743,0.05988358208955224,True,False,0.2869963175468163,0.09353172786351945,0.04469,0.20472252631578947,True,False
Disopyramide phosphate,0.0413230507040488,0.3607585089141005,False,0.08983609060134234,0.030495770601644944,0.1384,0.38474131274131274,False,False,-0.031192213052044636,0.3085,0.07852302344033169,0.017983587576317284,0.195,0.408394584139265,False,False,0.11448655160462906,0.02631901880477764,0.1438,0.4039115734720416,False,False
Distigmine bromide,-0.0851545211920943,0.9106997468354432,False,0.12426786447166616,-0.07957451795576535,0.5527,0.7452134831460674,False,False,-0.05548774263198577,0.4133,0.022130973840175705,-0.0772395500909067,0.5515,0.707807486631016,False,False,0.10719622516723992,-0.16384993100013928,0.9016,0.9499785365853658,False,False
Disulfiram,0.2963988537020692,0.0100259385665529,True,0.21149660499264167,0.03275217915742725,0.1285,0.371566265060241,False,False,0.05432170578461873,0.0599,0.1289982683697417,0.14739643174722217,0.01335,0.0826246418338109,True,False,0.22590450435888132,0.08811793683201323,0.0345,0.1723011547344111,True,False
Dithranol,0.1211498185751661,0.1743810548977395,False,0.3396618185003767,-0.11534036186364705,0.7065,0.8265258620689656,False,False,-0.02282246000407263,0.2842,0.17431038229875206,0.04009014040187548,0.1541,0.3547092651757189,False,False,0.25488798008114166,-0.008213513001338279,0.247,0.540547112462006,False,False
Docusate sodium,0.0021170967304428,0.536414937759336,False,0.10199443453182921,-0.04264444244226586,0.3851,0.6232449438202247,False,False,-0.004084483439939174,0.2065,0.048046860966372784,-0.015444359960440406,0.3093,0.5134969325153375,False,False,0.29150550918183005,0.028377214364987902,0.1451,0.40597927461139893,False,False
Dolutegravir,-0.0911079347913998,0.9451585127201566,False,0.17953334258871623,-0.0573856916209765,0.4332,0.660652081863091,False,False,0.058576463253111964,0.0607,0.11322129422589089,-0.081919970051445,0.6108,0.7568045845272207,False,False,0.17402295906835774,-0.12589782603757335,0.7681,0.8604167962674961,False,False
Dolutegravir/lamivudine,-0.0255865058923419,0.648819734345351,False,0.14108253142763583,-0.056260159067960884,0.4551,0.6771570247933885,False,False,-0.11444289104623653,0.7234,0.12621789338992495,-0.07582740732446548,0.5732,0.7253145869947276,False,False,0.22133823408139275,-0.06983870830642007,0.4949,0.722810408921933,False,False
Dolutegravir/rilpivirine,-0.0215681564231735,0.5542724795640326,False,0.1408293836134482,-0.05382403977506523,0.444,0.6697206703910614,False,False,-0.08212184801029762,0.6019,0.048311063123134046,-0.05573231101030805,0.5365,0.7010526315789474,False,False,0.07451892612618038,-0.07318960454699162,0.56,0.7317097944377268,False,False
Domperidone,0.1437635863730473,0.1348720379146919,False,0.24337062917288887,-0.11316676903061997,0.6959,0.8204934497816594,False,False,-0.0334119672901177,0.3245,0.038700305135852764,0.08576308897433553,0.0727,0.23717647058823532,False,False,0.10230881711826778,0.0132970266497013,0.1872,0.47398594847775183,False,False
Donepezil hydrochloride,0.4291583218878137,0.0003176470588235,True,0.4798947165481873,0.07471377579130097,0.067,0.2804651162790698,False,False,0.08351694725075265,0.0419,0.46842067341630855,0.0948447430951238,0.0581,0.21091764705882352,False,False,0.4531640973243527,0.04250041219182744,0.1134,0.3581052631578947,False,False
Doravirine,-0.0128809074499581,0.2811641526175688,False,0.10850037287206038,-0.07671061777797057,0.6105,0.7828557863501484,False,False,-0.18625457159246325,0.9347,0.10529531597010588,-0.07674359895332954,0.6683,0.7935832875206157,False,False,0.13635291280201967,-0.06241977250065562,0.4694,0.7169491525423728,False,False
Doravirine/lamivudine/tenofovir disoproxil,-0.0246225319396051,0.6954856093080221,False,0.07510517111915083,-0.09247771062475563,0.7101,0.8265258620689656,False,False,-0.1030838112680766,0.7388,0.061514434676666285,-0.07773966872522355,0.6926,0.8043096774193549,False,False,0.11191373586005904,-0.12198228652667924,0.8338,0.8996944583125313,False,False
Dornase alfa,0.102747947356774,0.1967063655030801,False,0.15100640980335112,-0.00041805813795786845,0.2236,0.4786217821782178,False,False,0.02390869236297561,0.129,0.12279332247393537,-0.027748629204006885,0.3564,0.5610962099125364,False,False,0.11151863116433303,-0.019154053243622435,0.2767,0.5757919075144509,False,False
Dorzolamide,0.1164439982570765,0.187875,False,0.280616252590272,-0.04210710968453209,0.3905,0.6258872403560831,False,False,-0.01570265738456733,0.2484,0.19233395226382133,0.024660373070272003,0.1934,0.40755512195121946,False,False,0.4232753889360197,-0.12512688737354896,0.7198,0.827004255319149,False,False
Dorzolamide and timolol,0.4225721934967722,0.0012342857142857,True,0.2894358193473444,0.23658051988430245,0.00103,0.030476712328767124,True,True,0.1893865380381297,0.0034,0.10803264661118117,0.3552656002096788,8e-05,0.003927272727272727,True,True,0.19988763605687188,0.33371482123853824,8e-05,0.00576,True,True
Dosulepin hydrochloride,0.0742992698289222,0.2895887025595763,False,0.2241091947299627,-0.018761160452883837,0.2909,0.5413953488372093,False,False,-0.07345898763561724,0.5148,0.19268277406754897,0.008897007009798135,0.2309,0.44610375670840785,False,False,0.2314997217228546,-0.0017965258056350942,0.2261,0.5257007534983853,False,False
Douches,0.0380108120328799,0.2992928942807625,False,0.10655088813051805,-0.13513773365343415,0.8478,0.9092142857142858,False,False,-0.022306059963509314,0.2586,0.08714163105999329,-0.07645124314817528,0.5968,0.7468644264194669,False,False,0.1425477857730918,-0.06614137638808044,0.4785,0.719899721448468,False,False
Doxazosin mesilate,0.4796450199684405,0.0003176470588235,True,0.4715516238982822,0.08249551450087203,0.0599,0.2656755646817249,False,False,0.04168934036230892,0.0987,0.33095386760705503,0.1292811972610629,0.02982,0.14002434782608694,True,False,0.5642370449775613,0.0663984201412676,0.0742,0.27534470989761095,False,False
Doxepin,0.0847925409761028,0.2500732394366197,False,0.15559354366142653,-0.010604670030926857,0.2669,0.5183611859838275,False,False,-0.01570802269247021,0.2638,0.10352792776377984,-0.01329125255231948,0.3058,0.5124344453064391,False,False,0.14107009501112178,0.03243104121182861,0.1299,0.38488888888888884,False,False
Doxepin hydrochloride,0.1590157892752268,0.1048032,False,0.153928382292166,-0.008233397668643396,0.2603,0.5117749546279492,False,False,0.03687558238673366,0.107,0.02186996757198567,0.1202035258498348,0.03804,0.16238418972332014,True,False,0.11236859606520277,0.03234208421157778,0.1367,0.39580697050938335,False,False
Doxycycline hyclate,0.3061009320664542,0.0096082758620689,True,0.47759470665045234,0.06355086711322828,0.0831,0.3059702479338843,False,False,0.08158731990138052,0.0425,0.4606890480694621,0.06071955370619845,0.1092,0.29204889975550125,False,False,0.49282552393481693,0.03359571792280064,0.1307,0.3867287671232877,False,False
Doxycycline monohydrate,0.3636169426868526,0.0020945454545454,True,0.159299377315276,0.2787763797846888,0.00029,0.01692972972972973,True,True,0.2975941911058092,0.0004,0.03728364223585534,0.37441804496870507,3e-05,0.002492307692307692,True,True,0.1394215776790627,0.4021392581489025,1e-05,0.0018000000000000002,True,True
Doxylamine succinate/pyridoxine hydrochloride,0.3436128347458762,0.0055408695652173,True,0.2286059353158354,0.25591238901947055,0.00063,0.0243,True,True,0.1872555951092229,0.0036,0.15010560141450557,0.3397340425951893,6e-05,0.0038117647058823526,True,True,0.19702468613397717,0.2979128892250633,0.00022,0.010110638297872341,True,True
Drainable Dribbling Appliances,-0.0251831755918842,0.6152005191434133,False,0.08275485464122245,-0.08923929502779362,0.6709,0.8091256281407035,False,False,-0.02963130309189107,0.3033,0.013417235547152018,-0.038437116014311934,0.381,0.578376404494382,False,False,0.20194277356361312,-0.07802654961876779,0.5529,0.7284731707317074,False,False
Dronabinol/cannabidiol,0.2928304445972156,0.0150364640883977,True,0.1378618650334381,0.30035561386139564,0.00015,0.014086956521739129,True,True,0.1777763990146575,0.0036,0.11701768842362692,0.24338637662430251,0.00231,0.027566850828729283,True,True,0.27287006883209264,0.15269505790171828,0.01262,0.09948613138686131,True,False
Dronedarone hydrochloride,0.1509905265235412,0.1086260869565217,False,0.09714003326043708,0.16160613659380638,0.00733,0.08512258064516129,True,False,0.05871489287652637,0.0592,0.041099285726127754,0.15370726853809652,0.01695,0.09702857142857142,True,False,0.15845562252427292,0.08370732657993134,0.04616,0.20772000000000002,True,False
Drospirenone,0.2601122449551263,0.0144,True,0.3993287017466056,0.12157715284507441,0.02236,0.15681038961038962,True,False,0.11999314602133458,0.0136,0.2216411316153245,0.09600538398353663,0.04299,0.17487457627118644,True,False,0.5484470807593513,0.11338860886202183,0.02865,0.15247371007371005,True,False
Drospirenone and Estetrol,0.3143769452540706,0.0096082758620689,True,0.40910799688548405,0.1499304502799907,0.012,0.10898999999999999,True,False,0.19251895380220035,0.0022,0.30376819535005695,0.15176609480738468,0.01817,0.1014139534883721,True,False,0.41392728716977933,0.17390038816963177,0.00793,0.07646785714285713,True,False
Dry Mouth Products,0.2615063965694721,0.019014463840399,True,0.47000951020170234,-0.06403164671138589,0.4931,0.7040686922060766,False,False,-0.06217359454696707,0.4633,0.370867156824524,-0.0141729182723631,0.2975,0.5028169014084507,False,False,0.4606478751104349,0.06448847708941326,0.0701,0.26610896309314586,False,False
Dulaglutide,-0.1802696014147582,0.9815007132667618,False,0.1890536654529924,-0.2120247227715045,0.9593,0.9757591721542803,False,False,-0.14591200224589948,0.839,0.01799440783850681,-0.1887271894774951,0.9324,0.9517882797731568,False,False,0.09906460654016058,-0.20655152853624992,0.944,0.9610684161199625,False,False
Duloxetine hydrochloride,0.1615967418456137,0.092383379501385,False,0.47213439991306727,-0.084244331541599,0.5808,0.7672954128440367,False,False,-0.05232024027719157,0.4035,0.308969203059386,0.00034904413559871424,0.262,0.4717138103161398,False,False,0.4090014890654773,-0.03983764910258418,0.3655,0.6548059701492537,False,False
Dutasteride,-0.0358480021520543,0.694828906732551,False,0.07996372233915194,-0.05359368670176993,0.4431,0.6694489510489511,False,False,0.010278972154880555,0.1778,0.02884805419513048,-0.013406670890874906,0.3226,0.5249661399548533,False,False,0.14120330496786515,-0.09289109000114565,0.6065,0.7573087132140798,False,False
Dydrogesterone,0.2551945675805538,0.0255826464208242,True,0.4945794711042505,-0.14819641603253636,0.8258,0.8972307692307693,False,False,-0.1334417749046397,0.7879,0.25759334251374444,0.05580929792180156,0.1255,0.3133872832369942,False,False,0.5089550743276634,-0.05016699145366065,0.4074,0.6810295230885692,False,False
Econazole nitrate,0.6559358009782703,0.0003176470588235,True,0.644773574525241,0.12183479775512136,0.02551,0.1663135135135135,True,False,0.09227499503041306,0.0362,0.5718925529589547,0.25638274632596986,0.00118,0.018469565217391303,True,True,0.6585905785318307,0.06567463681582189,0.0784,0.28296000000000004,False,False
Edoxaban,-0.0143619006773692,0.6186597671410091,False,0.38931796655388506,-0.17049071921074818,0.8934,0.9286233766233767,False,False,-0.11091113475529636,0.7036,0.30362744301545996,-0.09444595786956572,0.6546,0.7881471571906354,False,False,0.3567974060800443,-0.059622918863485516,0.4481,0.7036862745098039,False,False
Efavirenz,-0.121401224672411,0.9963805970149252,False,0.06294769390621746,-0.09524643566151243,0.6506,0.8066230636833046,False,False,-0.061718959642352675,0.4591,0.009553845213935763,-0.1475311663189301,0.914,0.9401142857142857,False,False,0.0964593146472652,-0.10452183444181108,0.6782,0.7978823529411765,False,False
Efavirenz/emtricitabine/tenofovir disoproxil,0.1546084254192803,0.0567801980198019,False,0.2597600037598402,-0.028575895092603575,0.3122,0.5598476821192052,False,False,-0.1853896571499078,0.9484,0.218732568293995,0.028499887582008086,0.1392,0.33260176991150436,False,False,0.26258452058319826,0.030674823258554793,0.1115,0.35574593796159526,False,False
Eflornithine monohydrate chloride,0.0759527698614158,0.289774647887324,False,0.3640601656499116,0.004609177321879782,0.2194,0.47485370741482974,False,False,0.06567857534445608,0.0599,0.33554548302587395,0.07459720297511192,0.0901,0.26187096774193547,False,False,0.36976163261089956,0.03443714299148114,0.1349,0.3921722745625841,False,False
Elafibranor,-0.0187282229965156,0.5348429065743945,False,0.41331379249778444,-0.06860737799751412,0.517,0.7213953488372093,False,False,-0.04809543320297696,0.4014,0.26483790434479637,-0.0426848425701261,0.4345,0.6234741035856574,False,False,0.2778416299025498,0.05303326374916186,0.04724,0.20808146639511202,True,False
Elastic Hosiery,-0.0139120889613667,0.5785456971314209,False,0.04807890520321079,-0.04537484400813346,0.3922,0.6269112426035504,False,False,-0.08913690654500524,0.5935,0.017251462640442083,-0.04670359331179615,0.4316,0.6218443113772455,False,False,0.053925924652730384,-0.04113115488122974,0.3576,0.6474568315171835,False,False
Elbasvir/grazoprevir,0.0054623064670814,0.2055589123867069,False,0.07129893823398559,-0.02280060768944117,0.2498,0.4981549815498155,False,False,-0.031236678578405428,0.3147,0.0688800399861994,-0.011589013105737242,0.2097,0.42533831775700937,False,False,0.09737900935134958,-0.040308229486944264,0.3231,0.6220106951871658,False,False
Eletriptan,-0.0569943749398784,0.7712670157068062,False,0.05910872244995191,0.008511607088527894,0.1789,0.43911818181818185,False,False,0.10768567056381137,0.0241,0.03840819269845408,-0.006096443652166168,0.2498,0.4605178875638842,False,False,0.09826695468459634,-0.03492711982873697,0.3187,0.6185013477088949,False,False
Eltrombopag,0.0108309013491044,0.4451548872180451,False,0.21887613966199315,-0.0833341530829101,0.5699,0.7585951940850276,False,False,-0.19065620787134824,0.9537,0.1377648332898379,-0.039510945433089716,0.3844,0.5794166085136079,False,False,0.19668476590063855,-0.07739005635157968,0.517,0.722810408921933,False,False
Eluxadoline,-0.0301508985974683,0.5687565392354125,False,0.06496944759816625,-0.05190885301934282,0.4308,0.6587006369426752,False,False,-0.08292167961458825,0.6047,0.026506385708493507,-0.024763875928176606,0.2795,0.4888421052631579,False,False,0.2370637948280685,-0.05980305653279336,0.4454,0.7017242888402626,False,False
Emedastine,-0.0089430894308942,0.1250692682926829,False,0.14725640717372268,-0.01411068583721447,0.2186,0.47407228915662647,False,False,-0.014393553926049308,0.2269,0.06642513337903355,-0.028606869292921222,0.31,0.5134969325153375,False,False,0.09522288128247514,-0.02736230933011606,0.2332,0.529109243697479,False,False
Emollient bath and shower preparations,0.064061601720063,0.3117544757033248,False,0.45394790651876915,-0.033971151014740845,0.3552,0.5984648985959439,False,False,0.02862439904704342,0.1199,0.19997629504730197,0.0978742169112076,0.0542,0.20012307692307693,False,False,0.20388951000176858,0.13487691387458958,0.01675,0.11670967741935484,True,False
Emollients,0.2023574174591245,0.0560741721854304,False,0.515214105558105,0.1650984166824267,0.00923,0.0944872037914692,True,False,0.13895264739140076,0.0112,0.4557214349197809,0.20109924833181345,0.00581,0.05139918367346939,True,False,0.482642082695376,0.18534262683618336,0.00553,0.05942686567164179,True,False
Empagliflozin,0.2422602775286671,0.0284665263157894,True,0.2762987156370793,0.052810016803812934,0.1043,0.3345756676557864,False,False,0.039747859886537534,0.0959,0.2688557955483498,0.03867925231565939,0.1573,0.3576505263157894,False,False,0.3510631033794782,0.20755689611677636,0.00258,0.03572307692307692,True,True
Empagliflozin/linagliptin,0.2935962039618717,0.0137748502994011,True,0.4616652184559047,0.0026979213602725013,0.1998,0.4605848452508004,False,False,-0.1281696821488154,0.7784,0.32772146948420267,0.08294699218217703,0.0521,0.19605574912891988,False,False,0.41929541008305393,0.07522101800134867,0.0513,0.21855621301775147,False,False
Empagliflozin/metformin,0.0346279268630225,0.356961038961039,False,0.2941966553899529,-0.10465738975679435,0.7057,0.8265258620689656,False,False,-0.19641588904278143,0.9593,0.2283088407890449,-0.10675401258334817,0.7508,0.835081359423275,False,False,0.2646831471053712,-0.13488630689261713,0.8261,0.8971221719457013,False,False
Emtricitabine,-0.0236673986038037,0.6285268542199488,False,0.40350675393426727,-0.06913165153704544,0.5207,0.7249639175257732,False,False,-0.0500315991183878,0.4108,0.25644348138422435,-0.03963417366923951,0.4189,0.6117809330628803,False,False,0.27258985594863216,0.05142078214370223,0.0518,0.21981176470588235,False,False
Emtricitabine and tenofovir alafenamide,0.0761659452123493,0.2641099908340971,False,0.3140908483350001,-0.10095439980235296,0.6587,0.8087582725743129,False,False,-0.02571910651771539,0.2781,0.303869236126071,-0.06214262972668,0.5012,0.6756232064878352,False,False,0.3331239407928206,-0.11311387366024415,0.6895,0.8035339805825242,False,False
Emtricitabine and tenofovir disoproxil,0.0137943933094355,0.2731707317073171,False,0.054040922283822956,-0.01901932425142859,0.2284,0.48225219941348973,False,False,-0.05764694974185311,0.4593,0.029314529768722952,-0.021259340831913137,0.2468,0.4595348837209302,False,False,0.275759382079653,-0.0939668917774365,0.6271,0.7687491486946652,False,False
Emulsifying wax,0.4067213709846715,0.0049457943925233,True,0.6020917403336112,0.004432104437437844,0.2201,0.475416,False,False,-0.015418652338537647,0.2526,0.5446068194511428,0.056900197095003276,0.1148,0.2973237410071942,False,False,0.6097640087778016,-0.01860893931235118,0.2813,0.5785347288296859,False,False
Enalapril maleate,0.3654578516561991,0.0036904522613065,True,0.13361404322304216,0.22094363148041601,0.00229,0.04435714285714286,True,True,0.2104707451429975,0.0033,0.08651257016645841,0.22191654484651288,0.00397,0.040640758293838855,True,True,0.1806785907493923,0.12890655678103013,0.01977,0.12749112426035503,True,False
Enalapril maleate with diuretic,0.2907175867781497,0.0128925,True,0.31323164306854745,0.12659074447274063,0.0196,0.14429090909090908,True,False,0.08852251666347787,0.0359,0.29037657432922237,0.17138868493882162,0.01106,0.0751245283018868,True,False,0.3945392832955371,0.13463077898617537,0.01699,0.11800128617363347,True,False
Enoxaparin,-0.1262819312992013,0.9323910669975186,False,0.029536762697960794,-0.10274922799305258,0.6606,0.8087582725743129,False,False,-0.141338581381581,0.8293,0.020224283346914063,-0.1268467033169128,0.7854,0.8576663296258847,False,False,0.21520708275228007,-0.06494572721196851,0.4721,0.7189389473684211,False,False
Enoximone,-0.0681789851155547,0.9847840909090908,False,0.2855414494705869,-0.09200633762630611,0.6409,0.80125,False,False,-0.06504709564901426,0.4806,0.1960129939821379,-0.08767648759705056,0.6742,0.7966477024070021,False,False,0.31611576733154667,-0.11583594152949091,0.7312,0.8365423728813558,False,False
Entacapone,0.053916969561047,0.3437896466721446,False,0.1592387161819835,0.014264487343418222,0.1911,0.45258269441401966,False,False,0.05046676859792199,0.0855,0.07693820553276354,0.02478096241324456,0.1913,0.40452446183953034,False,False,0.1332339048664538,0.02657529917348473,0.1444,0.40454474708171206,False,False
Entecavir,0.0496556348115293,0.3074627887082977,False,0.29218433480131434,-0.08712310781632313,0.6093,0.7828557863501484,False,False,-0.11012769157542476,0.7108,0.27787543033213047,-0.08524721906174768,0.6327,0.7741019252548131,False,False,0.34336856012982975,-0.11969990738605053,0.7468,0.8467653543307087,False,False
Enteral nutrition,0.0405714928062147,0.2084550898203592,False,0.03504174743309707,0.008018040831090686,0.1328,0.3752470588235294,False,False,-0.01846539307580443,0.2439,0.03104777694182137,0.02466960080624948,0.0944,0.26584615384615384,False,False,0.15032577688847126,-0.002299226904450084,0.1725,0.4521844660194174,False,False
Enzalutamide,0.0576115236816197,0.3164098221845893,False,0.4103065831667373,0.01202677449352049,0.1884,0.4491655629139073,False,False,-0.005444862255238611,0.2099,0.38265837457007323,0.036994081184399924,0.1539,0.3547092651757189,False,False,0.411774714571957,0.04239628773768136,0.1141,0.35926530612244895,False,False
Ephedrine hydrochloride,0.2616699394385025,0.0201140049140049,True,0.2729618837271379,0.0007159228690012755,0.2329,0.4861562198649952,False,False,-0.06121019518319833,0.4517,0.15530954708479883,0.08477776597719697,0.0757,0.24295988112927192,False,False,0.30408582739148304,0.019667069096371007,0.1665,0.4423616236162362,False,False
Epinastine hydrochloride,0.1202330864678365,0.1644,False,0.13085563406310052,0.1536944837588101,0.01011,0.09846486486486487,True,False,0.11909991843232778,0.0169,0.11503076323885586,0.13956032344720162,0.02118,0.11185525672371639,True,False,0.2001152336631521,0.12015262627239276,0.02143,0.13225371428571428,True,False
Eplerenone,0.2715369131588164,0.0163979057591623,True,0.10063247913033702,0.18713830866793796,0.00493,0.06739746835443039,True,False,0.08856612472271762,0.0361,0.08976066461605092,0.17811590461905835,0.01069,0.0734126582278481,True,False,0.15687591181641558,0.14749955959359815,0.01384,0.10638576512455516,True,False
Epoetin alfa,0.0014688460709923,0.4488017950635751,False,0.15016936228389033,-0.113734247240579,0.713,0.828,False,False,-0.0996453272991412,0.6392,0.11527192763227256,-0.07252291557008618,0.5408,0.7036915662650602,False,False,0.1964997668613021,-0.11256200368949,0.6895,0.8035339805825242,False,False
Epoetin beta,0.0054385496114373,0.3237275021026072,False,0.02645411288906019,0.050692454322320724,0.03714,0.20622724935732645,True,False,-0.0017782163409438526,0.1623,0.018662804273373745,0.05486416114312658,0.03485,0.1546682926829268,True,False,0.13633911510661523,-0.023625028011592893,0.245,0.5385717192268566,False,False
Epoetin zeta,0.3965661061258451,0.003849504950495,True,0.2348161955151733,0.16407698882947033,0.00446,0.06465503355704699,True,False,0.05780585364983934,0.0569,0.23477731722114303,0.16413579345226925,0.00701,0.05787169811320755,True,False,0.22552444781802916,0.14741412473851964,0.00927,0.08343000000000002,True,False
Eprosartan,-0.0818003062062619,0.8570550408719345,False,0.04349642759159311,-0.10161438462352966,0.6615,0.8087582725743129,False,False,-0.02703165823137754,0.2879,0.03993948385392376,-0.1057590304511368,0.7102,0.8112279217345321,False,False,0.047370756269596415,-0.08053059412924732,0.5364,0.722810408921933,False,False
Erdosteine,0.1198792893602599,0.0645580799999999,False,0.07084258150702993,0.10197230454541083,0.01477,0.12229049429657794,True,False,0.10878868178854563,0.0103,0.040013005213699215,0.10913829703358882,0.01195,0.07834909090909091,True,False,0.06946111207706052,0.09042412638506746,0.01061,0.08848494208494209,True,False
Erectile Dysfunction Devices,-0.044172028878092,0.7292571428571429,False,0.08763559066970195,-0.08910697549564844,0.619,0.7878095238095237,False,False,-0.1394562448895707,0.8263,0.0849787684045199,-0.08968973666232799,0.6485,0.7839820928931169,False,False,0.13940362564970687,-0.12859600594850157,0.7647,0.8589453978159127,False,False
Erenumab,-0.0369225709114587,0.8529170305676856,False,0.05544312625210446,-0.023881370078115517,0.2539,0.5047286108555658,False,False,-0.0015019052393473698,0.1577,0.05130447131269955,-0.026200592948532733,0.2879,0.49288361045130646,False,False,0.15777167668534708,-0.059957411424802855,0.4401,0.6979192956713133,False,False
Erenumab (old),-0.0754650098505079,0.9106997468354432,False,0.09717170284948573,-0.05681291503591583,0.434,0.6611001410437235,False,False,-0.04901415070293292,0.3856,0.09517457839796017,-0.04766062166198059,0.4047,0.5999670555936857,False,False,0.19493350537104048,-0.05055559240290171,0.3782,0.6625401459854013,False,False
Ergocalciferol,0.1406976998992235,0.1424842105263158,False,0.3680699278188495,-0.15762452946566727,0.8615,0.9130716388616291,False,False,-0.03921417985107542,0.3502,0.26959184853923834,-0.10280411029778543,0.6877,0.8040194489465152,False,False,0.34866243587995815,-0.08679302749771167,0.569,0.7355116696588869,False,False
Ergometrine maleate,-0.0089430894308943,0.1250692682926829,False,0.14725640717371935,-0.014110685837214485,0.2186,0.47407228915662647,False,False,-0.014393553926049314,0.2269,0.06642513337902989,-0.028606869292921243,0.31,0.5134969325153375,False,False,0.09522288128247158,-0.027362309330116054,0.2332,0.529109243697479,False,False
Ergotamine tartrate,0.113449886370735,0.1779766702014846,False,0.4596411843591114,-0.21529641300871316,0.9667,0.9816981664315938,False,False,-0.15520821576149052,0.8718,0.42497815328462485,-0.12341288821515947,0.7663,0.8452557427258806,False,False,0.4532595778907835,-0.199894930320162,0.9377,0.958557501183152,False,False
Erlotinib,0.1732619059078597,0.0741643504531722,False,0.1580477410857548,-0.012412077037061795,0.2334,0.4861562198649952,False,False,-0.09386902028226686,0.6262,0.14482454036864767,0.010210185177867252,0.1781,0.3864578313253012,False,False,0.22552375574620798,-0.010776657456911132,0.2221,0.5199913326110509,False,False
Ertapenem sodium,0.1010962338881654,0.1250692682926829,False,0.13358616129231704,0.021344780232406293,0.1277,0.371566265060241,False,False,0.029081100915018396,0.0967,0.06834547351176012,0.044680664866218,0.0788,0.24346285714285715,False,False,0.10743500982994969,0.03232481377122034,0.0863,0.30114378029079164,False,False
Ertugliflozin,0.1941115751913268,0.064383948635634,False,0.19431335764834123,-0.0014031291902638562,0.2367,0.48810656517602286,False,False,-0.0030551045594985186,0.2132,0.024057333866139397,0.2113578694428027,0.00519,0.049168421052631577,True,True,0.2562226560680959,-0.0061736169228561975,0.2398,0.5345386996904026,False,False
Erythromycin,0.3670413340093139,0.001835294117647,True,0.5792142014938777,-0.0025951131177762102,0.2409,0.49181852551984884,False,False,-0.008564742685870508,0.2174,0.4241880262873915,0.19917926274513054,0.0025,0.028421052631578948,True,True,0.596191202030214,0.03549607489183879,0.129,0.38380165289256196,False,False
Erythromycin ethylsuccinate,0.3618191619977723,0.0029189189189189,True,0.6617946104111456,0.031411571744853005,0.1261,0.36957394843962005,False,False,0.06104955906329645,0.0571,0.5388180169346717,0.23077742833827153,0.00045,0.01092134831460674,True,True,0.6691230889681775,0.03480450578246489,0.1139,0.35915912408759126,False,False
Erythromycin lactobionate,-0.04525074085558,0.7332227488151658,False,0.11974009949645936,-0.12116664561139709,0.7894,0.8717300613496932,False,False,-0.13729657195633704,0.8351,0.11570801093482563,-0.12283640180150417,0.8364,0.8879528949950932,False,False,0.14473051042593021,-0.10172307216547201,0.6646,0.789189664650907,False,False
Erythromycin stearate,0.344858633722084,0.0064975609756097,True,0.5303168555768651,0.0639742197064837,0.0824,0.3059702479338843,False,False,0.09106144465484932,0.0382,0.3545668450186499,0.2642805082847285,0.00089,0.015257142857142856,True,True,0.3942948532368151,0.19542714562128305,0.00383,0.04647640449438202,True,True
Escitalopram,0.303862988321048,0.009986301369863,True,0.10706491212479496,0.17239426162167618,0.0071,0.0838032786885246,True,False,0.03274850133338641,0.1182,0.10058930075266204,0.17953799665289785,0.00887,0.06583917525773195,True,False,0.20078387973051892,0.1364373716058415,0.01641,0.11602084690553746,True,False
Eslicarbazepine acetate,0.287668381748824,0.0154622950819672,True,0.19957272623373334,0.21764381571223618,0.00214,0.043000000000000003,True,True,0.1402778947617635,0.0118,0.06725092635944463,0.23999658284357714,0.00225,0.027150837988826813,True,True,0.09805790912722256,0.23967059374661903,0.00136,0.025510344827586205,True,True
Esomeprazole,-0.0266139006892203,0.6601728240450846,False,0.19311493252419631,-0.11163922893179501,0.704,0.82598587724063,False,False,-0.028312089213217363,0.3052,0.11870509459909062,-0.09688251954483582,0.6635,0.7918011049723757,False,False,0.3210098044212132,-0.15721165179535326,0.8466,0.90752158808933,False,False
Estradiol,0.4481101331336879,0.0004595744680851,True,0.7577567775102805,0.1981889423869031,0.00382,0.0593611510791367,True,False,0.08839570611717068,0.0375,0.6645641217066872,0.24705874548382536,0.00149,0.021313907284768212,True,True,0.8326471004378491,0.12476209419916935,0.02048,0.1282226086956522,True,False
Estradiol and estriol with progestogen,-0.0438515146875949,0.7259248658318426,False,0.1068927971349366,-0.15366191342504268,0.8485,0.9092142857142858,False,False,-0.1417028708508981,0.8261,0.09945473983638486,-0.150129806406203,0.848,0.8921556420233463,False,False,0.10621417375497078,-0.11268955043291594,0.6745,0.7961311475409837,False,False
Estradiol and nomegestrol,0.4657982910172055,0.0009473684210526,True,0.29956357658851185,0.18368326945113808,0.00519,0.0683560975609756,True,False,0.1423232513754682,0.0108,0.18635824372640097,0.29260992540578,0.00035,0.00945,True,True,0.32659092716303884,0.16711223181285248,0.00735,0.0724931506849315,True,False
Estradiol valandestradiol valerate with dienogest,0.4680573941272899,0.0003176470588235,True,0.3393400445604513,0.20445017646210134,0.00183,0.040363636363636365,True,True,0.14080941085685117,0.0077,0.19052811571946038,0.3254469274781267,4e-05,0.0029793103448275864,True,True,0.3614013889599824,0.2221241602967761,0.00095,0.020938775510204084,True,True
Estradiol valerate,0.4081273366114734,0.0012342857142857,True,0.44934693615087096,0.3167693345691143,9e-05,0.011435294117647059,True,True,0.05485514380332416,0.0747,0.41619806187704433,0.322722816324441,0.00017,0.0061200000000000004,True,True,0.47017164463801553,0.31963270196619753,5e-05,0.0054,True,True
Estradiol with progestogen,0.2397748570355859,0.0276204255319148,True,0.45987513128351565,0.1460533100865475,0.01375,0.11785714285714285,True,False,0.13494103487555278,0.0115,0.4254020762732751,0.15732903241508195,0.01558,0.09322105263157894,True,False,0.5256309772300325,-1.0849343187769295e-05,0.2242,0.5235372972972974,False,False
"Estradiol, estriol and estrone",-0.0323789105427538,0.7814117647058823,False,0.07118455349603015,-0.09107842069018923,0.6952,0.8204934497816594,False,False,-0.10022919310341138,0.7194,0.05782029359282026,-0.08010529668332407,0.6975,0.805237840726884,False,False,0.11018897549539541,-0.12397447614730034,0.8362,0.9012934131736527,False,False
Estriol,0.0818731738200647,0.2706860254083484,False,0.5356461016058928,-0.0016795801304641605,0.244,0.49533834586466163,False,False,-0.03760605513748102,0.349,0.5353412064937553,0.0025635944138141797,0.2621,0.4717138103161398,False,False,0.5537570168400554,-0.029837323742207128,0.3318,0.6297785588752197,False,False
Eszopiclone,-0.1463994123795524,0.9733012048192772,False,0.09747639826938881,-0.15669913210996425,0.8779,0.9173991291727142,False,False,-0.15762274065068396,0.8941,0.06954084186951914,-0.16648215878495654,0.9218,0.9440910384068278,False,False,0.0969964155164027,-0.16874119706834761,0.9007,0.9494934114202049,False,False
Etamsylate,0.0266493323572582,0.3661399839098954,False,0.052031560818958544,-0.047437713490021356,0.3874,0.6249320388349514,False,False,-0.017239638416487416,0.2382,0.051468964681488094,-0.05508947947077328,0.456,0.6395844155844156,False,False,0.06475845198576202,-0.09765736928186888,0.6494,0.7797131739855475,False,False
Etanercept,-0.0235334068083159,0.620844130853111,False,0.036879803419284096,-0.006913220151709614,0.1667,0.42662559241706155,False,False,-0.014663347392564634,0.2208,0.011138643969052953,-0.04113196583732716,0.4098,0.6030061266167461,False,False,0.09933477773048327,-0.08144320419690011,0.6006,0.7555596971461852,False,False
Ethambutol hydrochloride,-0.1087240670170823,0.908731757451182,False,0.218728354039051,-0.1747169472533655,0.9022,0.9334839636189565,False,False,-0.1599317807555173,0.8846,0.12057331416142791,-0.10411695808570028,0.6952,0.804828250401284,False,False,0.22298435414494966,-0.1596283146934028,0.8528,0.9123566121842497,False,False
Ethinylestradiol,0.0706579503356114,0.2748914798206278,False,0.31223241395055523,0.01735879327726993,0.1729,0.4342604651162791,False,False,-0.07137373397441392,0.5077,0.17793985543656132,-0.006504798821497269,0.276,0.4862642740619903,False,False,0.2541978284766283,-0.044095587839761495,0.3733,0.6601963993453355,False,False
Ethosuximide,0.0903793414853637,0.2416410256410256,False,0.3990371487645822,-0.039449139982674304,0.3765,0.6165579984836997,False,False,-0.055002562113166904,0.4248,0.39018449214829476,-0.031504347154715936,0.3813,0.578376404494382,False,False,0.39885756330824873,-0.038675652495358794,0.3546,0.6441850294365012,False,False
Etidronate disodium,-0.0016521585557518,0.2220756547041706,False,0.08220296608442379,-0.05317255942871291,0.4471,0.6723507306889352,False,False,-0.03568970314764177,0.3378,0.07487912966957866,-0.03400628014379179,0.3589,0.5627904278462654,False,False,0.1038399663641909,-0.0662294693676176,0.5019,0.722810408921933,False,False
Etilefrine hydrochloride,0.2109573801514903,0.0690662519440124,False,0.3306786962123135,-0.08440381805128562,0.5847,0.7700926829268293,False,False,-0.02802561645074576,0.3008,0.21392200200154232,-0.000854690244004532,0.2415,0.45576943231441047,False,False,0.36931193248406746,-0.05031271285857358,0.4072,0.6810295230885692,False,False
Etodolac,0.3185215715892533,0.0136864864864864,True,0.18349972977529094,0.08218777247120439,0.057,0.2585660377358491,False,False,0.13935463602063122,0.012,0.15401448333886059,0.16484295728559217,0.01636,0.09524959568733155,True,False,0.19013651929413167,0.1792414595200725,0.00708,0.07047373271889401,True,False
Etomidate,-0.0136469221835075,0.3686124401913875,False,0.055720505178305846,0.0128120953328173,0.0757,0.2972945454545455,False,False,0.011068821147216388,0.0977,0.0309361641524023,-0.003014887018630829,0.1136,0.2952779783393502,False,False,0.11314013402933787,-0.01756962024171501,0.1891,0.47494883720930225,False,False
Etonogestrel,0.2838455178434658,0.0132515337423312,True,0.31741489758440034,0.04476168700643983,0.1172,0.35307112970711296,False,False,0.0030584865198874053,0.1923,0.22617784557882736,0.1608922745138963,0.01296,0.08208,True,False,0.4941234046393982,0.034653558354415886,0.1333,0.3896184032476319,False,False
Etonogestrel/ethinylestradiol,0.4981591457572478,0.0012095999999999,True,0.8617832150446638,0.008155534714633142,0.2003,0.46124520255863544,False,False,-0.023935310993703295,0.2841,0.8282309116218767,0.10793689344100053,0.04033,0.16915106796116502,True,False,0.8858057817656217,-0.0404263351008408,0.376,0.6608299430431245,False,False
Etoposide,-0.0267494198460758,0.335240632805995,False,0.06034791887703528,-0.04132707567646844,0.3231,0.5697110204081632,False,False,-0.05616131495213792,0.409,0.01301678826195829,-0.06606783573841084,0.5291,0.6961461632155909,False,False,0.09380897450101966,-0.07741185711850149,0.5145,0.722810408921933,False,False
Etoricoxib,0.0207460269230517,0.4769671292914537,False,0.21987801265843632,-0.040857003433996134,0.3881,0.6255940298507463,False,False,-0.03292526001014218,0.3254,0.02734946138582839,0.016390312806681302,0.2186,0.43358677685950414,False,False,0.0832294326310814,0.019677724523035515,0.1701,0.4480487210718636,False,False
Etravirine,-0.0409794812233837,0.9815007132667618,False,0.30444446232959155,-0.23044394480053743,0.9828,0.9890949720670391,False,False,-0.24077584824730616,0.9929,0.2901108064195993,-0.23132100239274814,0.9867,0.9880723226703755,False,False,0.38944277619030576,-0.1887155574141011,0.9493,0.9610684161199625,False,False
Etynodiol diacetate,-0.0319783197831977,0.8769829787234042,False,0.0948640703299225,-0.03833511191778259,0.3443,0.5874312796208531,False,False,-0.03713271362787834,0.3523,0.08992747581706617,-0.0227262377443087,0.2882,0.49288361045130646,False,False,0.11860894682560552,-0.0537087900354076,0.4165,0.6810295230885692,False,False
Everolimus,0.0051794026478067,0.4398013544018058,False,0.03234692451610355,-0.012463124795678784,0.2313,0.48505631067961164,False,False,0.011614579582361407,0.1442,0.01768085823644361,0.009918131337238621,0.1735,0.3816293279022403,False,False,0.046363645941872145,-0.005406177156571717,0.1874,0.47398594847775183,False,False
Evolocumab,0.4791239218831932,0.0012342857142857,True,0.19222701804765907,0.20701945550569995,0.00078,0.028047761194029852,True,True,0.14968695169779705,0.0031,0.14664300834636756,0.285395457428872,0.00022,0.0069882352941176475,True,True,0.15215145196610402,0.25417926603756347,0.00055,0.014850000000000002,True,True
Exemestane,0.3527492188685476,0.0064975609756097,True,0.21768839787892302,0.24461256582787724,0.00101,0.0303,True,True,0.2627293422813833,0.0007,0.19413214436949178,0.25781124499350677,0.00117,0.018446715328467155,True,True,0.25641406000407874,0.22764786940664264,0.00158,0.02687244094488189,True,True
Exenatide,0.1068940932276201,0.2073686313686314,False,0.33540280890295004,-0.048431926093071884,0.4104,0.6423652173913043,False,False,-0.0531460358724502,0.4173,0.26159784335435765,-0.0021840837010362983,0.2777,0.48766829268292683,False,False,0.3298962364243426,0.004408424444145802,0.209,0.5044022346368715,False,False
Eye Products,0.2816685467702723,0.0150364640883977,True,0.4338191064110294,0.27068432896473155,0.00038,0.019761702127659573,True,True,0.3181773825510854,0.0001,0.3115471566700241,0.2554317821447865,0.00114,0.018105882352941173,True,True,0.24868278691675483,0.25394873148944846,0.00068,0.016690909090909093,True,True
Ezetimibe,0.0908605290107536,0.2500732394366197,False,0.15587547228335175,0.041904551856122255,0.1178,0.35389151599443675,False,False,0.1270864770829627,0.0156,0.08286147009300537,0.09721313885140062,0.0573,0.2094213197969543,False,False,0.1308190466224448,-0.05329568561177106,0.4213,0.6867984905660378,False,False
Faecal Collectors,-0.0781136874997617,0.996707192575406,False,0.02531675285334456,-0.0641532868057883,0.5163,0.7213953488372093,False,False,-0.05281241439101757,0.4446,0.023179127032162183,-0.05078270163553296,0.4658,0.6486963249516441,False,False,0.06178374660807717,-0.04270694441063227,0.3202,0.6191871083258729,False,False
Famciclovir,0.0961024283180048,0.1886070686070686,False,0.21877848646221,-0.07131339006598535,0.5361,0.7327058823529411,False,False,-0.12428862803845592,0.7728,0.12282958973209124,0.009094360390000035,0.2072,0.4230170132325141,False,False,0.17402598226321575,-0.02133994964263684,0.2824,0.5792820512820512,False,False
Famotidine,0.1195354393077855,0.1788215417106652,False,0.20669012043674173,0.01846664514770855,0.1744,0.43701160092807423,False,False,0.038322544098768264,0.1057,0.20312300660118887,0.015329702306495926,0.2134,0.42798885793871866,False,False,0.3469273121428076,-0.11982903082892317,0.7065,0.8157434526990914,False,False
Fampridine,-0.016207967655345,0.3699665871121718,False,0.2203800983645413,-0.0454061837218641,0.3827,0.6215477084898572,False,False,-0.14134410602312628,0.8456,0.20609837608439086,-0.06840715600530861,0.5302,0.6965835866261397,False,False,0.18238356620694407,-0.10063949826824077,0.6429,0.7770201342281878,False,False
Febuxostat,0.1005828560355583,0.2191702544031311,False,0.26821080431906197,0.10257518873689543,0.03789,0.20818025316455696,True,False,0.07043640387471892,0.0568,0.2538247472287094,0.14659812745026887,0.01975,0.10778181818181819,True,False,0.2859961367303552,0.12097476811609627,0.02466,0.14137142857142856,True,False
Felbamate,0.0830870793672338,0.2089425742574257,False,0.08199174326876735,0.05599221031484948,0.0825,0.3059702479338843,False,False,0.08494390785466574,0.0402,0.04649723716620957,0.03518408221612043,0.1213,0.30644210526315796,False,False,0.15338231444905204,0.05330445997795961,0.073,0.27374999999999994,False,False
Felbinac,0.2624703432145212,0.0231218181818181,True,0.2976193692738781,0.00984509353825302,0.1945,0.4558699891657638,False,False,-0.08892832395708337,0.5968,0.2825367102687669,0.05083148807039329,0.1198,0.30587234042553196,False,False,0.32067345244126966,0.031178548788539477,0.1287,0.38380165289256196,False,False
Felodipine,0.1223380981918551,0.1724723726977248,False,0.19819841265051763,0.06844715275232466,0.0749,0.2972945454545455,False,False,0.07468381676545113,0.0462,0.19029906951119246,0.04636855289251963,0.1297,0.317272933182333,False,False,0.25029947656059204,0.05494081697643165,0.0902,0.3097488076311606,False,False
Fenofibrate,0.0159590407833737,0.5136136363636363,False,0.2360669478330848,-0.10646910767810767,0.6624,0.8087582725743129,False,False,-0.047386122640067675,0.3932,0.19923372339579437,-0.0632570575247305,0.5119,0.6826666666666668,False,False,0.22760879317603633,-0.04727847130107831,0.3954,0.6724913385826772,False,False
Fenofibrate/simvastatin,-0.0363257074879742,0.6709070492825951,False,0.14732211256628436,0.011243309013315867,0.1845,0.44476254180602004,False,False,0.030078006168914706,0.1189,0.06832782591291042,-0.023392531018709455,0.3159,0.5204085365853658,False,False,0.1491925563559413,-0.00910051346216702,0.2344,0.5307169811320754,False,False
Fenoterol hydrobromide,-0.0319783197831978,0.8785837320574162,False,0.0633861706244424,-0.030684601364521297,0.2923,0.5421321888412016,False,False,-0.041128037533499966,0.3826,0.039179524908072416,-0.07074101184015055,0.6635,0.7918011049723757,False,False,0.06423647306924196,-0.047192496796679154,0.3517,0.6416148648648649,False,False
Fentanyl,0.2199858024705253,0.0415880597014925,True,0.4413786234247744,-0.07135256022579371,0.5236,0.7261925545571246,False,False,-0.04585190679987616,0.3764,0.429929906470499,-0.08008790959132103,0.5913,0.7412698781195589,False,False,0.43905163680463377,-0.129431784769206,0.7488,0.8476981132075473,False,False
Fentanyl citrate,-0.0155647534648338,0.4729162995594714,False,0.2697967761671807,0.06372557453480295,0.0701,0.2862306238185255,False,False,0.039068612988852655,0.0951,0.010830547980990368,0.020192310902846938,0.1257,0.3135242494226328,False,False,0.2168593171909513,-0.01900095294288289,0.2564,0.5532707292707293,False,False
Fenticonazole nitrate,0.0787508013654684,0.2354296650717703,False,0.09315147661566847,0.10876516691120992,0.03359,0.19590563002680966,True,False,0.06456168931805924,0.0591,0.055925144185241416,0.1381789676593082,0.02729,0.13041238938053096,True,False,0.1972301109782184,0.08855688359687369,0.0478,0.2083790322580645,True,False
Ferric maltol,0.2741023235260897,0.0211924528301886,True,0.280180673624294,0.2327367907385715,0.00136,0.03456,True,True,0.10526771223885412,0.0256,0.03272321148485968,0.23361812852833744,0.00348,0.03631304347826087,True,True,0.21077529770263914,0.20024662188832903,0.00388,0.046820111731843576,True,True
Ferrous calcium citrate,-0.0105981416957026,0.1706258205689277,False,0.11073438673344993,-0.07583142515237182,0.6037,0.780933014354067,False,False,-0.18461678294578548,0.9328,0.10748132885031447,-0.07655268347846132,0.6679,0.7935445544554457,False,False,0.13746034409294272,-0.06516472206876639,0.4905,0.722810408921933,False,False
Ferrous fumarate,0.2337587999323899,0.0298904564315352,True,0.42554154206285555,-0.09914008841277103,0.638,0.8008538283062645,False,False,-0.10140960691873203,0.6497,0.39742723523838286,-0.0787554978789471,0.5792,0.7299136522753793,False,False,0.4325269596824767,0.025891550687542814,0.1512,0.41657142857142854,False,False
Ferrous gluconate,0.531429201453854,0.0003176470588235,True,0.4658618634057978,0.19466025241862364,0.00387,0.05959148936170213,True,False,0.12012230486902273,0.0179,0.2373305112774856,0.36382209431377704,4e-05,0.0029793103448275864,True,True,0.3805917330228079,0.30674588449404955,0.00012,0.007005405405405405,True,True
Ferrous sulfate,0.0058868109236602,0.5399254658385094,False,0.24611679528382369,-0.14554677194101648,0.8152,0.8902082912032356,False,False,-0.08424007551059573,0.5686,0.18656722957777094,-0.08790043746934761,0.6114,0.7568045845272207,False,False,0.17156056241513862,-0.046084160902258045,0.393,0.6711854775059194,False,False
Fesoterodine fumarate,0.2037617640375016,0.0532221105527638,False,0.113076636356228,0.148147612882123,0.01385,0.11824505928853755,True,False,0.10875652726393002,0.0242,0.025716559696957964,0.19199417378333727,0.00786,0.061962043795620446,True,False,0.21447871765357707,0.011265860288349389,0.1885,0.47494883720930225,False,False
Fexofenadine hydrochloride,0.3227247394399243,0.0062886075949367,True,0.11764100012546563,0.22399936532506534,0.00182,0.040363636363636365,True,True,0.19300338975588596,0.0026,0.062087387018850415,0.24314652397628334,0.00158,0.02133,True,True,0.11786007558187717,0.2395913818941126,0.00113,0.023469230769230767,True,True
Fezolinetant,0.2102460847838341,0.0516778156996587,False,0.05782463421836237,0.1424093790966251,0.0166,0.1318235294117647,True,False,0.08800528023757394,0.0431,0.0378258471177606,0.1734607242365818,0.01162,0.0772283076923077,True,False,0.11415109811214497,0.10796350798000562,0.03316,0.16813521126760564,True,False
Fidaxomicin,0.1630040358485182,0.1020483870967742,False,0.17549567998595494,0.055551152124709,0.094,0.320160741885626,False,False,0.07253476872416961,0.0524,0.10544928013868937,0.12730712198431177,0.032,0.14832618025751074,True,False,0.20907568541834842,0.06911090561660706,0.0684,0.2610318021201413,False,False
Filgotinib,0.1034819239495481,0.130273381294964,False,0.09427786734408528,-0.00937019335059084,0.2256,0.4800945812807882,False,False,-0.10881262990192044,0.7043,0.05328874444061449,0.03802329620689826,0.1062,0.28602493765586035,False,False,0.1175081119605399,0.06996360558625872,0.04512,0.20474621848739494,True,False
Filgrastim,0.0473658918868269,0.2706860254083484,False,0.20083631131939583,-0.003661520564114713,0.222,0.477609561752988,False,False,-0.03502448849728185,0.3325,0.1908794501019263,-0.02598325189048189,0.3416,0.544141592920354,False,False,0.17135892403852804,-0.015607085578771109,0.2427,0.5376738461538462,False,False
Filters/Bridges,-0.1324505353302235,0.996707192575406,False,0.03631591668535572,-0.07106920346114766,0.5107,0.7186397394136809,False,False,-0.047974126731260114,0.3712,0.02878695883317961,-0.10338681015734108,0.7376,0.8272149532710281,False,False,0.10471158783130374,-0.06125292559782864,0.4282,0.6912645739910314,False,False
Finasteride,0.4489966444918401,0.0004595744680851,True,0.4860275732561147,0.2895251151131763,0.00021,0.015641379310344827,True,True,0.15067596243739986,0.0088,0.4852112026686384,0.2902326900733303,0.00047,0.011156043956043955,True,True,0.5095615537452083,0.28482756500643985,0.00029,0.010977049180327868,True,True
Finerenone,0.2590071996688175,0.0233142857142857,True,0.2825855905815139,0.1424939218418447,0.01624,0.13032,True,False,0.04600047093660588,0.0887,0.24509402853950657,0.14664210277775855,0.02152,0.11205975903614458,True,False,0.42495031865125266,0.08590319687645043,0.055,0.2288769230769231,False,False
Fingolimod,-0.0827586034011449,0.8724819795589026,False,0.18936188991309866,-0.11272414422410403,0.7161,0.8288264815803524,False,False,-0.14331823333761032,0.8432,0.04584323077205532,-0.06698388550146069,0.5154,0.6856172307692309,False,False,0.0706557804538881,-0.1151431754902408,0.7103,0.8191393486385478,False,False
Flanges,-0.0076629953973864,0.4323265306122448,False,0.10508564043351565,-0.07585797900403168,0.567,0.755533621221468,False,False,-0.08800627233220297,0.6276,0.05012025228269734,-0.03676662514132466,0.3604,0.5632879884225759,False,False,0.21272589996990277,-0.06773882196104618,0.4846,0.722810408921933,False,False
Flavoxate hydrochloride,0.1116676905156515,0.1788215417106652,False,0.42973514191226525,-0.062173521046986674,0.4709,0.6899839142091154,False,False,-0.09147799206747947,0.6057,0.29223580123238924,0.04300359393616296,0.1192,0.30495621301775144,False,False,0.4427697021148912,-0.008339732560621732,0.2397,0.5345386996904026,False,False
Flecainide acetate,0.1770350538787847,0.0795017341040462,False,0.4432444647599437,0.1275548614955327,0.02215,0.15584364820846905,True,False,0.15737497640589912,0.0065,0.4031264450037174,0.07562847407768056,0.0849,0.253643153526971,False,False,0.44205377810096924,0.1446682917747208,0.01418,0.1086127659574468,True,False
Flubiprofen,0.1151654086819921,0.1782457627118643,False,0.31134982216587104,-0.022026434117240843,0.3076,0.5555058430717863,False,False,-0.003958195072706336,0.2084,0.03985714353141301,0.0775478236378612,0.081,0.24637974683544306,False,False,0.21934370803009584,0.06378817197784578,0.0754,0.27604067796610166,False,False
Flucloxacillin magnesium,-0.0476121452562472,0.7061689969604863,False,0.090935452315129,-0.02554271156103493,0.2986,0.548915744680851,False,False,-0.03748215850901071,0.3188,0.074084931462304,-0.035350957525678794,0.3638,0.566961038961039,False,False,0.2593887064906786,-0.028278901139334994,0.3021,0.6012596685082874,False,False
Flucloxacillin sodium,0.1034137874586852,0.2191702544031311,False,0.47660928520498946,-0.07868780894207442,0.5563,0.7468770186335404,False,False,-0.03555331341566865,0.3383,0.39874784090660964,0.009343634875259998,0.2338,0.44944099378881985,False,False,0.4249791896657119,-0.02397883052237207,0.3022,0.6012596685082874,False,False
Fluconazole,0.3598318507131934,0.0031999999999999,True,0.4342589704534945,0.1024956883334559,0.03901,0.21045187032418952,True,False,0.024063923694126767,0.1361,0.33239480838871993,0.15497224371451765,0.01679,0.09676799999999999,True,False,0.46921659378945557,0.12278468090903108,0.02388,0.13865806451612903,True,False
Fludarabine phosphate,0.093041176567243,0.2220756547041706,False,0.15307733744860008,0.0040113189488641945,0.2137,0.47407228915662647,False,False,-0.01635298769739824,0.2445,0.04756684817631762,0.030991799076604112,0.1617,0.3645845511482255,False,False,0.09780399060176148,0.03907319953072869,0.1174,0.36361031518624637,False,False
Fludrocortisone acetate,0.0103443681310839,0.5235177700348432,False,0.11898781172625328,0.03902252474441787,0.1235,0.36440816326530606,False,False,0.0048615417436478495,0.1774,0.09134282958451911,0.03925598507282511,0.147,0.3453652173913043,False,False,0.20383976897738976,-0.009923312266868975,0.2505,0.54456338028169,False,False
Fludroxycortide,0.1238002966915757,0.172,False,0.49010971932093894,-0.16527202623268747,0.8739,0.9160116279069767,False,False,-0.022664028927381997,0.2802,0.4408106543585515,-0.1098317977652531,0.7026,0.8089637526652452,False,False,0.5594055606640373,-0.13095587213191823,0.7519,0.8498712715855573,False,False
Flumazenil,0.0291323214280654,0.4071993793638479,False,0.272514413269091,-0.017283668795120843,0.2812,0.5319685039370079,False,False,-0.07665771607233189,0.5317,0.14524793907841682,-0.05103855742735406,0.446,0.6325410374261327,False,False,0.1977578646977951,-0.13119031798325248,0.7671,0.859852620653866,False,False
Flumetasone pivalate,0.1873111787696819,0.0136626506024096,True,0.1986951938562953,-0.11722289411083103,0.7856,0.8697570476678627,False,False,-0.06468991711729898,0.5034,0.11079599589820621,-0.014119963260165465,0.2596,0.4711906354515051,False,False,0.18863483529993486,-0.053980640535523636,0.4071,0.6810295230885692,False,False
Flunarizine dihydrochloride,-0.0114888713934727,0.5931405835543767,False,0.10058372535994431,-0.06145690460531855,0.4706,0.6899839142091154,False,False,-0.06376299876200768,0.4704,0.08292208482813146,-0.06924073724602194,0.5405,0.7036915662650602,False,False,0.18470190335741687,-0.08464029685613648,0.5529,0.7284731707317074,False,False
Flunisolide,-0.054820088741565,0.9520039081582804,False,0.05917755987039841,-0.05338867409172844,0.4427,0.6694489510489511,False,False,-0.002328915453131887,0.1537,0.05336904820626731,-0.07493695157924797,0.6723,0.795708493150685,False,False,0.06556310473489668,-0.07146791812306948,0.5462,0.726472906403941,False,False
Fluocinolone acetonide,0.1107298295139088,0.1717164667393675,False,0.18554662712345316,-0.011132548482389686,0.2493,0.49787800369685775,False,False,-0.03562520231036129,0.334,0.17761328317396707,0.014507348417640849,0.1902,0.40317173699705594,False,False,0.19954174445899386,-0.030158045941217473,0.3062,0.6073388429752067,False,False
Fluocinonide,0.2795860590493684,0.0231218181818181,True,0.1141232467372515,0.23553436635661912,0.0025,0.04655172413793104,True,True,0.3596045499246948,0.0001,0.08331522006637182,0.24387894450752012,0.00393,0.04042285714285715,True,True,0.16237125770639071,0.15035199938401722,0.01253,0.09948613138686131,True,False
Fluocortolone,0.1475209155649073,0.1250692682926829,False,0.16332010513892448,0.011296606836594484,0.1948,0.4558699891657638,False,False,-0.02060732013536351,0.271,0.12531659716847465,0.05794028820943856,0.1114,0.2934439024390244,False,False,0.2696874769803891,-0.11172680252199742,0.6724,0.7944406779661016,False,False
Fluorescein sodium,0.2724709506345628,0.00528,True,0.33260622779232973,0.0639974256273486,0.04665,0.23112494279176204,True,False,-0.02460637584758008,0.2848,0.26721936928020706,0.1279070740858573,0.00906,0.06656326530612246,True,False,0.39069396136412504,0.09512901499803583,0.02486,0.14168232189973615,True,False
Fluorometholone,0.3421000222353876,0.0059999999999999,True,0.5652682802605724,0.05172742663734965,0.0991,0.3266341463414634,False,False,-0.027896347952501586,0.2934,0.2829902489186803,0.23439112821108488,0.00225,0.027150837988826813,True,True,0.4514913761504846,0.0707334150963671,0.0683,0.2610318021201413,False,False
Fluorouracil (Antimetabolites),0.2199780620893789,0.0420066298342541,True,0.5028436162657077,-0.09513265390500501,0.6276,0.7920420070011668,False,False,-0.0963370469671302,0.6294,0.4855655107941802,-0.11691651044289782,0.7365,0.8266348051948051,False,False,0.6027495522506412,-0.09045614664584435,0.5794,0.7418518079430944,False,False
Fluorouracil (Sunscreen),0.5380743050104364,0.0003176470588235,True,0.5977137235194767,0.18929376740192297,0.00434,0.06377142857142856,True,False,0.16368463830168303,0.0065,0.5598595407391411,0.24999886459559353,0.00132,0.02007887323943662,True,True,0.6656999847665186,0.17192796614338865,0.00763,0.07423783783783783,True,False
Fluoxetine hydrochloride,0.3472984603048958,0.003392670157068,True,0.5204965095015361,0.05554702301930685,0.0958,0.320160741885626,False,False,0.06819330033423635,0.0583,0.3098634187557827,0.2473802388546009,0.00156,0.021328301886792453,True,True,0.4345680833773461,0.17864629662290704,0.00594,0.06109714285714285,True,False
Flupentixol decanoate,-0.1390067523659603,0.9404667651403248,False,0.14247551157779426,-0.18252957854552967,0.9166,0.9436873212583413,False,False,-0.12053733615182548,0.738,0.10033708883486914,-0.18259552937657023,0.9247,0.9458816848083295,False,False,0.28764790294613407,-0.20744576561202352,0.9495,0.9610684161199625,False,False
Flupentixol hydrochloride,0.0472267602998759,0.3381258278145695,False,0.11532504660330012,-0.000872955712543172,0.2078,0.46803753910323254,False,False,-0.025791150407884225,0.2837,0.03683057524097766,0.03944952077052545,0.1277,0.3148974943052392,False,False,0.22134348678443216,-0.006759281325572703,0.2238,0.5231688311688312,False,False
Fluphenazine decanoate,-0.0167735567553612,0.5949298013245032,False,0.29741537811716057,-0.10780210265752273,0.6868,0.8168835164835165,False,False,-0.19971609934345538,0.9654,0.18257924076859766,-0.08588964124629601,0.6087,0.7556275862068966,False,False,0.27132130854063796,-0.06449615789293352,0.4627,0.7153747323340471,False,False
Fluphenazine hydrochloride,-0.0492579403602356,0.6954856093080221,False,0.12691952731805933,-0.10518912898577616,0.6777,0.8120642659279779,False,False,-0.1916397336340726,0.962,0.1038063919592167,-0.13045604966175642,0.8137,0.8748591338974614,False,False,0.2413174178606824,-0.15323135903748855,0.8323,0.8996944583125313,False,False
Flurazepam hydrochloride,0.1101540341144993,0.1700881057268722,False,0.19524380303678524,0.10806650408498404,0.03437,0.19750212765957448,True,False,0.03131707462954988,0.1168,0.15693663730851926,0.15112103967696766,0.02031,0.11003168316831684,True,False,0.23307903895700477,0.14783073699122173,0.01363,0.10514571428571429,True,False
Flurbiprofen,0.0006726508814676,0.5373876986869385,False,0.3204970826861564,-0.14455343631758405,0.8192,0.8914216624685138,False,False,-0.04340853469523785,0.3714,0.21280892486331926,-0.09348135329028104,0.6507,0.7860805369127516,False,False,0.2812724366840804,-0.0584430842276245,0.4398,0.6979192956713133,False,False
Flurbiprofen sodium,0.0301992778375524,0.3607585089141005,False,0.23354874659367708,0.061822187913099215,0.0769,0.2984516129032258,False,False,-0.0205317133314424,0.2615,0.15938936921306546,0.032463361320595165,0.1483,0.34667532467532464,False,False,0.22704166659545688,0.0485477261349547,0.0912,0.3116962025316456,False,False
Flutamide,0.0443882057050491,0.3558991049633849,False,0.13902893005351413,0.01227920057400833,0.1864,0.44751381215469616,False,False,0.050890449098972286,0.0827,0.1013589645581836,0.002035032328129485,0.2395,0.45378947368421046,False,False,0.13750619189685598,-0.0029632912341751665,0.2142,0.511215859030837,False,False
Fluticasone furoate,0.041684868896757,0.3843779527559055,False,0.18827710726329794,-0.017018120918823897,0.2883,0.5391584415584415,False,False,-0.02820890785311493,0.307,0.14522593394625782,-0.05684900935535517,0.4867,0.6678983481575603,False,False,0.17162816246682988,-0.0070824946649224755,0.2441,0.5380163265306123,False,False
Fluticasone furoate (Inhalation),0.3228529080909398,0.0064975609756097,True,0.17291492665881047,0.22290468306310135,0.00149,0.03657272727272727,True,True,0.2434034185493365,0.0007,0.10696706412002777,0.28395437361596193,0.00052,0.011563636363636364,True,True,0.2262832209515797,0.15060623860928057,0.0126,0.09948613138686131,True,False
Fluticasone furoate/vilanterol,0.285501653929519,0.0130542056074766,True,0.09670695347416791,0.22968374416513349,0.00127,0.03345365853658537,True,True,0.2611816640794846,0.0005,0.07232446263202175,0.2754699503649703,0.00065,0.013078899082568807,True,True,0.2343780236575107,0.14226502959299095,0.01488,0.11059793814432989,True,False
Fluticasone propionate (Inhalation),0.1827527712283596,0.0736109589041096,False,0.27789697878636876,0.09021277623342001,0.04667,0.23112494279176204,True,False,0.13557841679638655,0.0115,0.07933130761083707,0.2264499163847098,0.00272,0.029672727272727274,True,True,0.30799718692914424,0.13621365361571033,0.01759,0.11933664596273293,True,False
Fluticasone propionate (Nasal),0.2253198305293709,0.0383451428571428,True,0.297854842206685,0.16177309957588218,0.00982,0.09685479452054795,True,False,0.1069070149628838,0.0274,0.07753200024074858,0.18230828756236567,0.00877,0.06554740484429065,True,False,0.20596264911130002,0.2626107537003991,0.00055,0.014850000000000002,True,True
Fluticasone propionate (Topical),0.0869332659447656,0.1531636363636363,False,0.03174985825637955,0.06150881366285549,0.04502,0.22827042253521126,True,False,0.13534454834186432,0.0047,0.028071094817910924,0.07351196670890271,0.04095,0.1691655831739962,True,False,0.12949695181550847,-0.012393796814078695,0.2155,0.5120792079207921,False,False
Fluticasone propionate/azelastine hydrochloride (Nasal),0.2758665778143244,0.0159127659574468,True,0.46705684853341034,-0.049831631069431795,0.4265,0.6533617021276595,False,False,-0.09388487863126087,0.6262,0.45444677349795903,-0.02059420654269704,0.3435,0.5459602649006623,False,False,0.47667963853386275,-0.01714625261305544,0.2872,0.5837892756349953,False,False
Fluticasone/umeclidinium/vilanterol,0.3868490191956616,0.0019261146496815,True,0.3691366163822457,0.20529842082074554,0.00316,0.05349375,True,False,0.20627962884551043,0.002,0.2339643601507072,0.2791581111113491,0.00059,0.012617821782178218,True,True,0.4017494460258674,0.1584339356057184,0.00968,0.08465101214574898,True,False
Fluvastatin sodium,0.2416473722647491,0.0253894736842105,True,0.2488943162780557,0.1982715446522299,0.00317,0.05349375,True,False,0.1591696267694796,0.0063,0.18266716451614007,0.12897170928012283,0.02791,0.1327876651982379,True,False,0.3070696708393872,0.010139771391750685,0.1906,0.4761988439306359,False,False
Fluvoxamine maleate,0.1285888550134429,0.1606651685393258,False,0.3478618089878509,-0.13757747071879411,0.793,0.87347271800102,False,False,-0.19273620340138403,0.9526,0.3347089879074693,-0.145436470002869,0.8325,0.8862493839329719,False,False,0.3192111266647656,-0.14929461095457597,0.8144,0.8897845220030349,False,False
Foam,-0.0480394608493797,0.7004835164835165,False,0.1442956883179637,-0.06655032514337765,0.4757,0.6899839142091154,False,False,-0.12486010620747266,0.772,0.12512897951799729,-0.09725156759076992,0.6861,0.8038569880823402,False,False,0.17445877341743243,-0.11405290632690204,0.7074,0.8162307692307693,False,False
Folic acid,-0.0502955449073494,0.7473599999999999,False,0.09006212495128907,-0.0744701925231156,0.5363,0.7327058823529411,False,False,-0.11111593350585475,0.7054,0.07413443613481818,-0.08324128327491773,0.6029,0.7505844380403458,False,False,0.09214770023585683,-0.1434302920034237,0.8032,0.8815609756097561,False,False
Follitropin alfa,0.0714017147835076,0.2955195822454308,False,0.09131237180218144,-0.04043618401504886,0.3788,0.6184489795918368,False,False,-0.05757056710860411,0.4289,0.08520665254462345,-0.038330432034479736,0.4068,0.6014291581108829,False,False,0.14384148715545153,-0.0485236559473983,0.396,0.672942655145326,False,False
Follitropin alfa and lutropin alfa,0.0232174911024437,0.3783417721518988,False,0.27721709981662,-0.05314576762054554,0.4463,0.6717825783972124,False,False,-0.07935705975937446,0.5819,0.24289235500690487,-0.0737299907420773,0.6079,0.75506843013226,False,False,0.239262124416335,-0.06987672977340081,0.5089,0.722810408921933,False,False
Fondaparinux sodium,-0.0673860148037208,0.8007954545454544,False,0.17747327377261402,-0.055732295084957965,0.4368,0.6637974683544303,False,False,0.004826911884260957,0.1807,0.0706992684742016,-0.12193942468611735,0.7636,0.8436705882352941,False,False,0.16803269821202604,-0.1839706314280485,0.9086,0.952989928057554,False,False
Food replacer discontinued or OTC cakes (0913451),-0.0228900503290747,0.6699775280898876,False,0.15021463881515174,-0.053470459948776174,0.4404,0.6670855539971949,False,False,-0.08307314565217713,0.6104,0.04196755777861505,-0.052201696266460366,0.5158,0.6856172307692309,False,False,0.0707514393811488,-0.07616774894429529,0.5877,0.7484858490566038,False,False
Food replacer discontinued or OTC egg replacer (0913451),0.0670101935459152,0.2741837837837838,False,0.05578227135398661,0.015095650703442588,0.1571,0.4138243902439024,False,False,0.0253902793091312,0.1134,0.024440801794531786,0.05813052568259091,0.0953,0.2676827048114434,False,False,0.08550099133674194,0.016777220675348346,0.144,0.4039480519480519,False,False
Food replacer discontinued or OTC meat/fish (0913451),-0.0572706013360519,0.8354558578567463,False,0.17881915491602873,-0.08832803187528245,0.6134,0.7849194312796208,False,False,-0.11960902619084193,0.7522,0.08336210195681315,-0.08043712028193857,0.6359,0.7760632411067193,False,False,0.08088961128375527,-0.09660345744063617,0.6585,0.7834757709251101,False,False
Food replacer discontinued or OTC milk (0913451),-0.0456358343164364,0.6961907090464549,False,0.23231419430621492,-0.10092456895309657,0.6734,0.8094290484140234,False,False,-0.13388098872298637,0.8135,0.03879366421567454,-0.06959960282970107,0.5521,0.7081567695961996,False,False,0.08250371758265873,-0.07346840580240444,0.5181,0.722810408921933,False,False
Food replacer discontinued or OTC pasta (0913451),0.0067066050416219,0.1544253393665158,False,0.057921707667399014,-0.10399191248658554,0.7877,0.8704081841432224,False,False,-0.05100987497687177,0.4428,0.04108755713218637,-0.06548971254997336,0.6167,0.7607492861222159,False,False,0.1278488509728386,-0.14178053895164727,0.8922,0.945145659637077,False,False
Food replacer discontinued or OTC pizza bases (0913451),-0.0877870727953713,0.8769829787234042,False,0.34011988077474586,-0.1540530471137802,0.8601,0.9127776141384388,False,False,-0.1451688316263352,0.8438,0.2615840487102187,-0.08754372537499217,0.6235,0.766443686006826,False,False,0.3259669177357212,-0.06346909412713082,0.4653,0.715644128113879,False,False
Food replacer discontinued or OTC rolls/baguettes (0913451),-0.0462482302703726,0.7005832824893227,False,0.07417346210070619,-0.046991758735512465,0.3861,0.6233004484304933,False,False,-0.045281013279900216,0.3667,0.030594331915111628,-0.042454166025792814,0.3794,0.578376404494382,False,False,0.05590543974708295,-0.029487137119335757,0.2801,0.5785347288296859,False,False
Food replacer discontinued or OTC savoury biscuits (0913451),-0.0355350712364395,0.8274980479643056,False,0.044678247594724385,-0.11983595161891744,0.8545,0.9101183431952663,False,False,-0.079141373519328,0.6169,0.029087082953679677,-0.08196736395839208,0.7329,0.8240832899531494,False,False,0.09375409788259026,-0.15499675809893992,0.9241,0.9545939741750359,False,False
Food replacer discontinued or OTC spreads (0913451),-0.0150202113941874,0.3622663438256658,False,0.051575456727593116,-0.11405517212693424,0.8377,0.904263868065967,False,False,-0.07492764501340081,0.5934,0.03506823625583966,-0.07803802152174927,0.719,0.8161008933263268,False,False,0.11576587705296337,-0.14389929528081252,0.9025,0.9504631886884446,False,False
Formaldehyde,0.0080085987886396,0.5163631245601689,False,0.04545201437860624,0.022063980024219398,0.1693,0.4302211764705882,False,False,0.06883412654988498,0.0535,0.022961495745547067,0.025314004767315993,0.1816,0.3914730538922156,False,False,0.05495110053693697,0.0226458694566337,0.1547,0.421921815889029,False,False
Formoterol fumarate,0.1063040663059872,0.1724723726977248,False,0.24625247146064966,0.054918584600424696,0.0918,0.3172822966507177,False,False,0.10633980707378206,0.0251,0.056830508550305026,0.11046226953544261,0.04045,0.1691655831739962,True,False,0.11787474898553085,0.030948189372965226,0.1082,0.3503928035982009,False,False
Formoterol/glycopyrronium/budesonide,0.1440614323663445,0.1296778846153846,False,0.33816424118265564,0.024985193304567294,0.1631,0.42292436974789915,False,False,0.020992038039421054,0.1423,0.27373443135239905,0.039713707493321836,0.1501,0.34937068965517243,False,False,0.37699688568986,0.031033847747936872,0.1369,0.395855421686747,False,False
Fosamprenavir calcium,-0.0392857142857142,0.9529287804878048,False,0.1400211704878047,-0.0797133637252076,0.6198,0.7878095238095237,False,False,-0.01335057334189945,0.2221,0.09173682775912473,-0.11953265701010822,0.8797,0.9134070158577606,False,False,0.1461513822913676,-0.06527205922651093,0.4887,0.722810408921933,False,False
Fosfomycin calcium,-0.0106666403802155,0.5027639484978541,False,0.2476665807159073,-0.14527448467701262,0.8438,0.9070711089010444,False,False,-0.19259835117309623,0.9582,0.2080717927905984,-0.13523607391295805,0.8483,0.8921556420233463,False,False,0.3024149222159316,-0.15350617855297705,0.85,0.9098116947472745,False,False
Fosfomycin trometamol,0.1022818352698391,0.1986232179226069,False,0.2339673597857439,-0.19694761446770254,0.9534,0.9723059490084986,False,False,-0.13743182433373788,0.8181,0.09750186973101338,-0.00918739719507295,0.2789,0.4887131280388979,False,False,0.21178674775746886,-0.09857647339889246,0.622,0.7648464163822526,False,False
Fosinopril sodium,0.1045825745769227,0.2086925373134328,False,0.10428797945031487,-0.0024737490052504107,0.2429,0.49356914393226714,False,False,0.016835601561736264,0.1526,0.052175717680625566,0.06615121702832401,0.0979,0.2732093023255814,False,False,0.06738718883618378,0.0799368505010572,0.0566,0.23375908221797323,False,False
Fosphenytoin sodium,-0.066476759390959,0.7859724770642202,False,0.05436749553738063,-0.13133357325516654,0.7904,0.872388349514563,False,False,-0.13277610875601448,0.8001,0.026039893674074666,-0.11219221322923909,0.7324,0.8239500000000001,False,False,0.055235210068879326,-0.1250099152180719,0.7441,0.8463696682464454,False,False
Freeze sprays and gels,0.1437918279766066,0.1296778846153846,False,0.08782912786738095,0.08367478019955638,0.0547,0.2533049040511727,False,False,0.06377500871114489,0.0639,0.05761897965881557,0.095269777942227,0.058,0.2109090909090909,False,False,0.1570640828834473,0.06809415223941707,0.0744,0.27534470989761095,False,False
Fremanezumab,-0.0566406059688697,0.7611789473684211,False,0.07710329923661374,-0.13914314736992134,0.8539,0.9101183431952663,False,False,-0.11012005786271749,0.7138,0.06141574162972374,-0.12824461296570333,0.8461,0.8921556420233463,False,False,0.16726274079667214,-0.13680804189174456,0.8308,0.8996944583125313,False,False
Frovatriptan,-0.0380880429088844,0.6952749691738594,False,0.2555253348419513,-0.032087531895407875,0.3603,0.601893271461717,False,False,-0.039133604157473155,0.3494,0.10039546219137252,-0.033179243025284626,0.3869,0.581966573816156,False,False,0.2310400380572617,-0.1343310798788586,0.7834,0.8691032357473035,False,False
Fructose,0.0023927828253149,0.2416410256410256,False,0.16887815320194455,-0.0485407926827547,0.4217,0.6503109843081313,False,False,-0.022869115659324382,0.276,0.12757632385969409,-0.0908409205566051,0.7367,0.8266348051948051,False,False,0.18311689496047756,-0.030410019395607883,0.2823,0.5792820512820512,False,False
Fulvestrant,-0.0231162369690889,0.6444433185560482,False,0.007125490154693437,-0.008051005581913961,0.1271,0.37149661705006765,False,False,-0.02003339755636518,0.2279,0.004256329644371615,-0.02180266718499372,0.2107,0.42533831775700937,False,False,0.08827742835223129,-0.08098780093585023,0.6179,0.7632246998284733,False,False
Fumaric acid,-0.0319783197831977,0.8769829787234042,False,0.09486407032992317,-0.038335111917782605,0.3443,0.5874312796208531,False,False,-0.037132713627878344,0.3523,0.08992747581706673,-0.02272623774430868,0.2882,0.49288361045130646,False,False,0.11860894682560585,-0.05370879003540759,0.4165,0.6810295230885692,False,False
Furosemide,0.1525965350856393,0.1170642857142857,False,0.25343401604762184,0.11175872071057909,0.03127,0.188668156424581,True,False,0.09826638935033835,0.031,0.15099808419692673,0.026589844165489714,0.1816,0.3914730538922156,False,False,0.242165161828941,-0.01882998015690546,0.2807,0.5785347288296859,False,False
Fusidic acid,0.5325707469707074,0.0003176470588235,True,0.6436137468092258,0.053606428244877,0.101,0.3295301204819277,False,False,0.05538369404145439,0.0751,0.5120411531083269,0.22965833257777823,0.0024,0.028138378378378376,True,True,0.6203655099961567,0.15406655702744584,0.01149,0.09365433962264151,True,False
Gabapentin,0.4859238361714138,0.0003176470588235,True,0.6063008349282067,0.02226401435560895,0.1721,0.4327543655413271,False,False,0.023118293639544926,0.1423,0.347869037563316,0.16010334894993697,0.015,0.09025069637883008,True,False,0.5506805551889862,0.06325306305885083,0.0812,0.2894257425742574,False,False
Gabapentin (Neuropathic Pain),-0.018200154200123,0.5663095558546434,False,0.08982735725242308,-0.0013219209954811058,0.1835,0.44409406494960807,False,False,-0.0011528624316396944,0.1807,0.006710915031546749,-0.0062471447424648895,0.2104,0.42533831775700937,False,False,0.09198764316592689,-0.10112340095192313,0.6708,0.793498357064622,False,False
Galantamine,0.119191657490839,0.1751538461538461,False,0.06763823710806005,0.15068710584870437,0.01356,0.1173312,True,False,0.09967166852849169,0.0285,0.01576846907361895,0.10834460323251563,0.04641,0.184275,True,False,0.1956742758543678,0.12981852034781158,0.02044,0.1282226086956522,True,False
Galcanezumab,-0.0030666555680363,0.3973249804228661,False,0.053118648933802026,0.0032220310089716687,0.1329,0.3752470588235294,False,False,0.00604468258052207,0.1324,0.03617848896306264,0.0013577930007117039,0.1454,0.3424907306434024,False,False,0.1151301518616843,-0.022703545610906227,0.237,0.5338060479666319,False,False
Gamolenic acid,0.3808966196291168,0.0050232558139534,True,0.49215574001347495,-0.14499241918956146,0.8181,0.8914216624685138,False,False,-0.07882847044029748,0.5412,0.4133898922337206,0.020218434574270694,0.2019,0.416925430210325,False,False,0.49989934969629046,-0.1043521432735523,0.6412,0.7759058823529411,False,False
Ganciclovir,-0.032090669173636,0.6731194029850747,False,0.2825458342367845,-0.07983614875493708,0.5623,0.751589108910891,False,False,-0.07921723757632557,0.547,0.12324917297395088,-0.09084873409936095,0.6536,0.7881471571906354,False,False,0.2994612468232458,-0.07136966090977429,0.5012,0.722810408921933,False,False
Gauzes & Gauze Tissue,0.0462238691012218,0.3312240802675585,False,0.054634655276055155,-0.03815552835316486,0.3619,0.604098918083462,False,False,-0.07956054895979833,0.5397,0.03780520479146243,-0.006148814586962734,0.2567,0.46806070826306917,False,False,0.06510229498695241,0.011611175620601504,0.1703,0.4480487210718636,False,False
Gel OTC glucose for diabetic hypo treatment (0913541),-0.1105726671063488,0.9106997468354432,False,0.03751501551672998,-0.1541844193842458,0.865,0.9135461200585652,False,False,-0.07630527934870633,0.5293,0.02864327048962345,-0.1348682424210767,0.8268,0.8832284866468842,False,False,0.03208830618790015,-0.14805831179487586,0.8325,0.8996944583125313,False,False
Gelatin,-0.0172792165171858,0.4897874186550976,False,0.32012795080803647,0.06001108467792473,0.0538,0.2509892008639309,False,False,0.07939273821378863,0.0296,0.04165323618982675,0.008531401444447114,0.0707,0.23627076923076923,False,False,0.2808323955626877,-0.08552667810449,0.5991,0.7545516034985423,False,False
Gemfibrozil,0.0481660850932796,0.3707027027027027,False,0.08106317239824656,-0.030651918150994342,0.3366,0.5835120385232745,False,False,-0.024028378949099195,0.2796,0.059200154853714326,0.03265566663781084,0.1639,0.368008316008316,False,False,0.12597494670825637,0.022455374000425004,0.1599,0.431191011235955,False,False
Generic Orgran GF pasta rice & corn veg animal shapes,-0.0409794812233837,0.9815007132667618,False,0.30444446232959155,-0.23044394480053743,0.9828,0.9890949720670391,False,False,-0.24077584824730616,0.9929,0.2901108064195993,-0.23132100239274814,0.9867,0.9880723226703755,False,False,0.38944277619030576,-0.1887155574141011,0.9493,0.9610684161199625,False,False
Gentamicin sulfate,0.0972490433212438,0.2212631578947368,False,0.16793706984607304,-0.0022491410937762408,0.2372,0.48810656517602286,False,False,0.003508697877917591,0.1901,0.03844822383863422,0.0910406746546889,0.0629,0.222,False,False,0.04733043221895039,0.13775137000761994,0.01625,0.11602084690553746,True,False
Glatiramer acetate,-0.0295396781301893,0.7960546075085325,False,0.0910279978270826,-0.03730872524196411,0.338,0.5844096000000001,False,False,-0.036741164674603394,0.3498,0.08554176770235478,-0.022981806651459248,0.2888,0.49351898734177213,False,False,0.1163017576831501,-0.05585433576279988,0.4309,0.6934063656550703,False,False
Glecaprevir/pibrentasvir,-0.0557039399973855,0.8724819795589026,False,0.36110646760478504,-0.07952232045441364,0.5534,0.7452269326683292,False,False,-0.07485585594593125,0.5236,0.21750863530322306,-0.05959761598610484,0.4851,0.6666870229007634,False,False,0.2977254499566844,-0.07166082038307994,0.5061,0.722810408921933,False,False
Glibenclamide,0.0728117725643513,0.2585576208178438,False,0.32134288530325095,-0.0038323233006745277,0.226,0.4804724409448819,False,False,-0.14617212058171677,0.8505,0.30227613405522435,-0.02344231462250223,0.3255,0.5270464767616192,False,False,0.31495510092368784,0.00632613591336116,0.1905,0.4761988439306359,False,False
Gliclazide,0.326045599734392,0.0088472324723247,True,0.6817155824770731,-0.0016804121307545069,0.2374,0.48810656517602286,False,False,-0.02339277526475511,0.2846,0.5598962148247362,-0.05243808919926046,0.4596,0.642547572815534,False,False,0.7006033153639496,-0.020191657004050474,0.2914,0.5899006560449859,False,False
Glimepiride,0.0897928344541436,0.1471484464902186,False,0.2043450769193479,-0.0564619665818131,0.4521,0.6757842323651453,False,False,-0.01777798196080564,0.2639,0.1875124280601691,-0.030939601006281243,0.3613,0.5642863340563992,False,False,0.20440974516677357,-0.07271807540859569,0.5199,0.722810408921933,False,False
Glipizide,0.4833045609009465,0.0009473684210526,True,0.3978749899189792,0.1592704266503293,0.01146,0.10623862660944206,True,False,0.10409173143747702,0.0251,0.07201761524064665,0.4455189544535167,3e-05,0.002492307692307692,True,True,0.19397826119892292,0.3591187568832037,8e-05,0.00576,True,True
Glten free /wheat/free /low/protein cooking aids,0.0016216641769834,0.4961614996395097,False,0.20527677822134105,-0.04431639048274435,0.3945,0.6278145695364239,False,False,-0.06313542585881891,0.4587,0.014648174101531186,-0.008241558194382187,0.2503,0.4605178875638842,False,False,0.3298898683356555,-0.12028586632236958,0.7301,0.8357265500794911,False,False
Glucagon,0.331685230824723,0.0051336322869955,True,0.4930735706453738,0.05783259254494191,0.0952,0.320160741885626,False,False,-0.04983255652653726,0.4037,0.4341998211241139,0.09368115187736124,0.0636,0.22336363636363638,False,False,0.49900432231716696,0.11931129099482238,0.02704,0.14797367088607596,True,False
Glucosamine hydrochloride (Rheumatic),0.0198396623211872,0.2745202520252024,False,0.24186125385110535,-0.15739355952600595,0.9045,0.9347604017216643,False,False,-0.141062836935874,0.838,0.22110069169291469,-0.12101979013105997,0.842,0.8910926016658501,False,False,0.3025347389923768,-0.10591369626730858,0.7051,0.8148828250401283,False,False
Glucosamine sulfate (Rheumatic),-0.0243421177340682,0.4388364732479277,False,0.07900430246745005,-0.03268002462173876,0.3087,0.5561234361968306,False,False,0.0032670279373860937,0.1479,0.04228690698928328,-0.01749427032492213,0.2326,0.44837823371989294,False,False,0.11285276585672199,-0.02784921862405875,0.2618,0.5597626112759645,False,False
Glucose,0.0034825682662256,0.5399999999999999,False,0.1084604611294433,-0.08006481513680758,0.5557,0.7468770186335404,False,False,-0.12994511791256122,0.7886,0.01692883007798618,-0.020556639983480583,0.3241,0.5259624342599549,False,False,0.06910853310334986,-0.04245411526557474,0.3707,0.6573990147783251,False,False
Glucose and ketone blood testing reagents,0.058991741522434,0.174103448275862,False,0.1484281873801303,-0.021331233133723943,0.2646,0.515826714801444,False,False,-0.08888332553777975,0.6288,0.1236180278138238,-0.003959787159024923,0.209,0.4246848541862653,False,False,0.17529261341428748,-0.020874437757688418,0.2388,0.5345160621761658,False,False
Glucose blood testing reagents,0.2603431470357386,0.0222515081206496,True,0.6944999236374951,0.1532123701175034,0.01154,0.10652307692307693,True,False,0.164043459710166,0.0057,0.5622490195733985,0.16391796365203729,0.01364,0.08393846153846153,True,False,0.7176524307493508,0.09006249923959404,0.04848,0.21027469879518074,True,False
Glucose/glycerol,-0.0678414954003948,0.8732853304674906,False,0.28989796655572275,-0.19510025581959003,0.9543,0.9727645115620576,False,False,-0.16499520079063687,0.909,0.2726948280257512,-0.1831875656557991,0.9474,0.963457627118644,False,False,0.3994976050479049,-0.1803764516593575,0.9178,0.952989928057554,False,False
Glutaraldehyde,0.1457359024633527,0.1278479418886198,False,0.0943813940242525,0.03089946515339146,0.1412,0.3883053435114504,False,False,0.07816610173848172,0.0454,0.031969127331710645,0.10318846418874113,0.05122,0.19409684210526315,False,False,0.09031123389564333,0.04026659458232386,0.1125,0.3568281938325991,False,False
Gluten free bread,0.0751448374853126,0.2924685314685314,False,0.1350674103468794,0.06181002934273461,0.0847,0.3059702479338843,False,False,0.09048601155900243,0.0363,0.06542210607882093,0.09523758747804333,0.0604,0.216,False,False,0.03875341502658558,0.07408149416087609,0.0684,0.2610318021201413,False,False
Gluten free breads,0.0868604035467274,0.2604,False,0.14911988663680797,0.08212508818137208,0.0568,0.2585660377358491,False,False,0.1077223780046156,0.0265,0.07118319504302084,0.11515635583443248,0.04237,0.17365909090909093,True,False,0.03786684512088967,0.08803618269776214,0.0519,0.21981176470588235,False,False
Gluten free mixes,0.0819213184438456,0.2687693710118505,False,0.1316628870378157,0.09299449711688751,0.04921,0.24102857142857143,True,False,0.13133703556353568,0.0163,0.09045520085530079,0.10697195561088482,0.05006,0.19308857142857141,False,False,0.07862928817303938,0.07080091941016822,0.0719,0.27188811188811185,False,False
Gluten free pasta,-0.1119512663795073,0.987936090225564,False,0.16725212535388068,-0.3650085647126929,0.9992,0.9998000000000001,False,False,-0.14036213296306455,0.8353,0.0971506102200721,-0.28503410637132903,0.9976,0.9980620657711905,False,False,0.13699961561502283,-0.32574481967663715,0.9982,0.9982000000000001,False,False
Gluten free pastas,-0.1109495433601226,0.9402603550295858,False,0.1959888286416941,-0.37193682255289096,0.9996,0.9998000000000001,False,False,-0.18799887022946957,0.9474,0.07986245112551649,-0.20083823376314905,0.9729,0.9815338626809902,False,False,0.12113279230591534,-0.23713384626450926,0.9866,0.9879721835883172,False,False
Gluten free/low protein biscuits,-0.0255422913878323,0.7101620314389359,False,0.043261735481008645,-0.11796033020279885,0.8501,0.9094680534918276,False,False,-0.07824426554097696,0.6142,0.025837196349985492,-0.07965616102602686,0.7286,0.8222445141065831,False,False,0.11474325671688768,-0.14818680508087673,0.9113,0.952989928057554,False,False
Gluten free/low protein bread,-0.0199182791460807,0.5636363636363636,False,0.04309986736525395,-0.11006077234743633,0.8213,0.8932567975830816,False,False,-0.07130038956802286,0.574,0.028431914195599428,-0.0765129059092396,0.7085,0.8101429327686608,False,False,0.11818534391807534,-0.14284943514470963,0.9003,0.9494934114202049,False,False
Gluten free/low protein cereals,-0.0389757458206421,0.8881646437994724,False,0.05175361994528904,-0.13620689734946798,0.895,0.9294230769230769,False,False,-0.0877827212163713,0.6659,0.0347487413371681,-0.1013219418751936,0.8378,0.8879528949950932,False,False,0.13094376604782132,-0.18100521937027686,0.9599,0.9694249649368863,False,False
Gluten free/low protein cooking aids,-0.0319783197831978,0.8769829787234042,False,0.0948640703299215,-0.03833511191778262,0.3443,0.5874312796208531,False,False,-0.037132713627878344,0.3523,0.08992747581706506,-0.02272623774430867,0.2882,0.49288361045130646,False,False,0.11860894682560452,-0.05370879003540759,0.4165,0.6810295230885692,False,False
Gluten free/low protein drink,-0.0180782892201921,0.5106571834992887,False,0.06118816745655742,-0.12346097638179929,0.8665,0.9135461200585652,False,False,-0.08173232924792871,0.6326,0.041875611811423186,-0.08471721085778154,0.7535,0.8367917737789203,False,False,0.12506688825722745,-0.1558494155220058,0.9264,0.9554242135367016,False,False
Gluten free/low protein grains/flours,-0.0275145214395507,0.7547338804220399,False,0.048683799250273774,-0.12522084321308838,0.8683,0.9148917073170731,False,False,-0.07935301511183682,0.621,0.032591546043810316,-0.08874765920137216,0.7813,0.8553512417638114,False,False,0.12659822133968213,-0.16157953107718406,0.936,0.958557501183152,False,False
Gluten free/low protein mixes,-0.0224172468568515,0.6240614990390776,False,0.04806934380136885,-0.12147817080642233,0.8606,0.9127776141384388,False,False,-0.07986371071793567,0.6234,0.02922181373554711,-0.08188637799759772,0.7421,0.8309673405909798,False,False,0.11921984093991522,-0.15887516666343443,0.9316,0.9573054234062797,False,False
Gluten free/low protein pasta,-0.0184802184632607,0.5292,False,0.04795867102565854,-0.11801635556172457,0.85,0.9094680534918276,False,False,-0.07530529256825794,0.5964,0.03366439553402556,-0.08406488534708027,0.7567,0.8390513347022587,False,False,0.1235727764607768,-0.15252341913217496,0.9195,0.952989928057554,False,False
Gluten free/wheat free biscuits,-0.1049048906792784,0.908731757451182,False,0.08358489773344357,-0.14283979711703176,0.8361,0.9038918918918918,False,False,-0.08532771630697852,0.5575,0.06370889407325564,-0.159824579030955,0.916,0.9413777354900096,False,False,0.0575051715012137,-0.15727391092524579,0.8688,0.9253491124260355,False,False
Gluten free/wheat free cereals,-0.0155242900601481,0.5998416886543536,False,0.2032243971209482,-0.07466117045289115,0.5334,0.7307292327203551,False,False,-0.006418444972469729,0.211,0.13755893545273312,-0.020733060052694183,0.3235,0.5253834586466165,False,False,0.23653033133514145,-0.043717934505118745,0.3811,0.6638388396454473,False,False
Gluten free/wheat free grains/flours,0.1833282367448702,0.075616,False,0.2916210185324112,0.0845623390544078,0.04976,0.2431710407239819,True,False,0.009674169266325033,0.1647,0.1708077101466151,0.14586882104679416,0.02153,0.11205975903614458,True,False,0.16503663204752073,0.11864065985539589,0.02296,0.13776,True,False
Glyc Pdr disc or non-ACBS carbohyd SfI metabol cond (091344),0.010325608745521,0.3919874411302982,False,0.3426781776632196,-0.19032683259107755,0.9458,0.9662297872340425,False,False,-0.25511867409535066,0.9977,0.2556429434257571,-0.14300331074667447,0.8753,0.9098402309913378,False,False,0.3631968233316538,-0.13867570304191265,0.8244,0.8965032712632108,False,False
Glycerol,0.6497648338379144,0.0003176470588235,True,0.6472314274557069,0.2488724822216121,0.0009,0.02808,True,True,0.22501434265457873,0.0006,0.38477216666912295,0.4511536144938464,2e-05,0.002057142857142857,True,True,0.5908233779243068,0.4096748720932742,1e-05,0.0018000000000000002,True,True
Glycerol phenylbutyrate,-0.1245038899875272,0.9661565217391304,False,0.061685347794662615,-0.16229772217181787,0.8938,0.9286233766233767,False,False,-0.20748346165641768,0.9828,0.05151185926656854,-0.16250277132468038,0.9161,0.9413777354900096,False,False,0.11029447228458111,-0.1886318411074626,0.9364,0.958557501183152,False,False
Glyceryl trinitrate,0.537956716195095,0.0003176470588235,True,0.5077231268837661,0.140541538385613,0.01654,0.1318235294117647,True,False,0.15992580569046036,0.0073,0.4805037616979947,0.18634860640645762,0.00845,0.0644946996466431,True,False,0.5825508736423701,0.11392289724167547,0.03044,0.15848674698795182,True,False
Glycopyrronium bromide,0.1705029701800405,0.091333704735376,False,0.13195325742869057,0.11773688270649307,0.02757,0.17211329479768786,True,False,0.024106414721961705,0.1284,0.06528179595391137,0.23560426219289057,0.00245,0.02829946524064171,True,True,0.16029586872463253,0.1396844542483333,0.01616,0.11602084690553746,True,False
Glycopyrronium/formoterol,0.117960932091101,0.1751538461538461,False,0.27945446339516244,-0.0490423415177729,0.4256,0.6529090909090909,False,False,0.022336305076263063,0.1372,0.2234207655757019,0.009872828142961214,0.2342,0.44944099378881985,False,False,0.27352156242305714,-0.027007971323420244,0.316,0.6154733994589721,False,False
Golimumab,-0.0645448434781505,0.8257046979865771,False,0.04996668059513665,-0.05604371126192735,0.4214,0.6503109843081313,False,False,-0.06112661934472466,0.4331,0.022338691255962995,-0.06311530517612832,0.48,0.6616290630975143,False,False,0.14085779543263932,-0.08487259141676007,0.5556,0.7306229508196721,False,False
Gonadorelin,-0.0842669465512247,0.8888223510806537,False,0.10865747377365542,-0.026435748647064394,0.2857,0.5356875,False,False,0.009227304402247503,0.1523,0.002454187263160379,-0.0847326526600616,0.6048,0.7520829015544042,False,False,0.22564009013710784,-0.04418215065934002,0.3604,0.6498030050083472,False,False
Goserelin acetate,0.3574505062532622,0.0048676056338028,True,0.33130020641324964,0.2057374924260073,0.00293,0.05121290322580645,True,False,0.08027722373901294,0.0408,0.2824056427787004,0.20272745150970387,0.00583,0.05139918367346939,True,False,0.32230350548292386,0.19335579897465371,0.00444,0.05021151832460733,True,False
Granisetron,0.1882621809732879,0.0752453731343283,False,0.15643801809353663,0.056370684709902356,0.0882,0.31129411764705883,False,False,0.020540741006643815,0.1398,0.1262796049937862,0.07700438145578631,0.0751,0.24203571428571433,False,False,0.30736445075636,0.0239743090244762,0.143,0.40323759791122715,False,False
Granisetron hydrochloride,0.0834143324912323,0.2553277310924369,False,0.10128414868522684,-0.014132910463984266,0.2769,0.529764393268379,False,False,-0.055804977196657696,0.4244,0.01678148701167348,0.06967631696560452,0.0896,0.26153513513513515,False,False,0.09631594697406753,0.028060738487364477,0.1407,0.3998842105263158,False,False
Gripe mixtures,-0.0442738317139523,0.8172446448703495,False,0.2949233661621107,-0.19852941949652858,0.9601,0.9757591721542803,False,False,-0.19813469394174457,0.9617,0.2826534987400793,-0.20304393097853565,0.972,0.9810841121495327,False,False,0.38010034975391394,-0.17317334714410376,0.9146,0.952989928057554,False,False
Griseofulvin,0.3584259684373337,0.0109090909090909,True,0.6058808418783592,0.01786632296948559,0.171,0.432,False,False,-0.005337701933197356,0.2222,0.5852991215601361,0.0466807387934082,0.1373,0.3306220735785953,False,False,0.6223576220762869,-0.017031699282819245,0.2772,0.5762771896053898,False,False
Guaifenesin,0.0855837326941711,0.207144,False,0.5782722476573265,-0.07913829305717805,0.5512,0.7441200000000001,False,False,-0.031122899791656302,0.3042,0.3556326321796984,0.011514331817500778,0.2013,0.4164827586206897,False,False,0.4328723842087733,0.09188442074403132,0.04035,0.19368,True,False
Guanfacine,0.1499940424976065,0.1201720754716981,False,0.10727057676512575,0.16635982185024292,0.00849,0.08956097560975611,True,False,0.07727673193169107,0.0418,0.0984966216070361,0.15803329594000118,0.01698,0.09702857142857142,True,False,0.16226738869262447,0.10818017338549576,0.0306,0.1588846153846154,True,False
Guanfacine hydrochloride,-0.1287291881923626,0.9284342629482072,False,0.10686677025716707,-0.1589785915497104,0.8631,0.9135461200585652,False,False,-0.11647110368685044,0.7351,0.008648105899875191,-0.1372512421036313,0.8117,0.8731434262948207,False,False,0.06124155016539401,-0.14999115395317597,0.8198,0.8934248234106963,False,False
Guselkumab,-0.0227932636469222,0.6507238335435057,False,0.1779343685786462,-0.1506470760447443,0.9028,0.9334839636189565,False,False,-0.17256021422317952,0.9134,0.1366661573392125,-0.11771628037045336,0.8492,0.8921556420233463,False,False,0.23029099787914087,-0.09398273757788879,0.6556,0.7824635761589405,False,False
Haem arginate,-0.0354015839098148,0.6817667493796526,False,0.09710559222219839,-0.10403396216195514,0.7323,0.8364717080909571,False,False,-0.15167693354884754,0.8725,0.07985292451490511,-0.10330083840184417,0.7886,0.859422805247225,False,False,0.11743277696217957,-0.09293544752675743,0.6392,0.7747878787878788,False,False
Haemophilus influenzae B/meningococcal C,0.1997120635214388,0.0522393277310924,False,0.1163017719550864,0.05087944267947267,0.0796,0.30270422535211267,False,False,0.12552605548888277,0.0134,0.057866236224209056,0.17697769652864187,0.00995,0.07130860927152317,True,False,0.08441840080569651,0.16245265102109646,0.00827,0.07813565217391304,True,False
Halogenated phenols with phenol,0.0702781350054743,0.2923464566929133,False,0.28365355967935446,-0.08151835702996178,0.5587,0.7488982630272952,False,False,-0.054083023107695256,0.4122,0.2549629057458377,-0.04138869749203413,0.4053,0.6004444444444444,False,False,0.280834608208377,-0.029242693728862245,0.312,0.6123913043478261,False,False
Haloperidol,-0.0440446329461171,0.726989874925551,False,0.29999303410899514,-0.082117775618173,0.5748,0.7625635359116022,False,False,-0.11915415662693851,0.7392,0.20243430115657357,-0.12800101921413176,0.7827,0.8556923076923078,False,False,0.20270768382454474,-0.19821795916431603,0.9375,0.958557501183152,False,False
Haloperidol decanoate,-0.1001858478529563,0.8945820660723649,False,0.1377617069035505,-0.14911354529169263,0.8392,0.9045269461077843,False,False,-0.12616199782715457,0.7689,0.12943528565052032,-0.1585215602130262,0.8873,0.9200998559769563,False,False,0.20358618173728105,-0.14214288353357085,0.8019,0.8805815963396033,False,False
Hamamalis,0.1344143764651048,0.1495194508009153,False,0.3098569540220366,-0.01986335158527439,0.3012,0.5501164556962026,False,False,-0.12110135794312979,0.7496,0.2267320662092941,-0.016456576068007038,0.3188,0.5216727272727273,False,False,0.3144910240051031,-0.016654387743403082,0.2725,0.5720116618075802,False,False
Hamamelis,-0.0184963616389029,0.6153830200907323,False,0.35598971218266295,-0.1008350403747709,0.6536,0.8077757437070938,False,False,-0.1707146339502892,0.9133,0.21267343672415706,-0.0036913202355886385,0.2702,0.47996052631578945,False,False,0.2223612213867806,-0.003415886016194641,0.23,0.529109243697479,False,False
Helicobacter pylori eradication therapy,0.5366397885672887,0.0009473684210526,True,0.5925758584849785,-0.07297161556662705,0.5283,0.7291552715654952,False,False,-0.025187964019518578,0.2837,0.5211034868387967,0.0526914690474522,0.1077,0.28934328358208955,False,False,0.6240078495918995,0.020970223851036935,0.1394,0.39828571428571424,False,False
Heparin calcium,0.2703764585270383,0.0155378746594005,True,0.5109191005595043,-0.07169737862268835,0.5238,0.7261925545571246,False,False,-0.20269616308158508,0.9646,0.38871365419223647,-0.004849074054176618,0.2682,0.47837489677952105,False,False,0.5015753922050256,-0.04828150670416869,0.3924,0.6711854775059194,False,False
Heparin flushes,-0.0243129122290263,0.6577872876022656,False,0.13999938206610107,-0.09534836324029392,0.6213,0.7884888366627496,False,False,-0.1355176116226153,0.8024,0.05112565655969181,-0.05589186913520008,0.476,0.6578119001919385,False,False,0.17522820334823552,-0.07137515697035064,0.4981,0.722810408921933,False,False
Heparin sodium,0.2874027995790341,0.0174567774936061,True,0.25672287535297156,0.04218965267641705,0.122,0.3624759284731774,False,False,0.011254746072087502,0.1632,0.18072293747665824,0.18929111775476817,0.0087,0.06532500000000001,True,False,0.2701225700203991,0.09009201150509027,0.04785,0.2083790322580645,True,False
Heparinoid,0.251835017640496,0.02340814479638,True,0.46469168297605856,0.05970847586767463,0.0853,0.3059702479338843,False,False,0.1272174087387993,0.0137,0.3899565120306494,0.15406089716843846,0.01661,0.09618659517426274,True,False,0.40097805041394563,0.24608923903167493,0.00094,0.020938775510204084,True,True
Hepatitis A,0.6486944247100855,0.0003176470588235,True,0.7628603785981658,0.2190834208641047,0.0017,0.040351648351648346,True,True,0.2116434436090215,0.0006,0.6751124622298492,0.3663977018514859,2e-05,0.002057142857142857,True,True,0.7944235899095504,0.264524399352691,0.00048,0.01401081081081081,True,True
Hepatitis A/hepatitis B,0.1828657618317199,0.075616,False,0.3829831910302096,-0.04290972565627743,0.3888,0.6257883755588673,False,False,-0.04076821640850799,0.354,0.3225507866656738,-0.0953040639271082,0.6563,0.7885561735261402,False,False,0.40377001140504853,-0.08134896043246276,0.5458,0.726472906403941,False,False
Hepatitis A/typhoid vaccine,0.626605633654377,0.0003176470588235,True,0.6873334623870065,0.17449106999152741,0.00443,0.06465405405405406,True,False,0.1968443752338348,0.0014,0.6320663045910654,0.23819825554773438,0.00218,0.02690742857142857,True,True,0.7199431816612051,0.19881697774163767,0.0025,0.03506493506493507,True,True
Hepatitis B,0.5368735995468283,0.0003176470588235,True,0.7334691384180931,0.22796057815559692,0.00142,0.03566511627906977,True,True,0.18189809634448847,0.0037,0.6741784018994205,0.24810051331242053,0.00161,0.02146666666666667,True,True,0.7647697808450054,0.280379428606532,0.00041,0.01265142857142857,True,True
Hepatitis B immunoglobulin,-0.0136469221835075,0.3686124401913875,False,0.055720505178305846,0.0128120953328173,0.0757,0.2972945454545455,False,False,0.011068821147216388,0.0977,0.0309361641524023,-0.003014887018630829,0.1136,0.2952779783393502,False,False,0.11314013402933787,-0.01756962024171501,0.1891,0.47494883720930225,False,False
Hernia Support Garments,0.0845058131666666,0.2352413793103448,False,0.16606554990406508,-0.05971630875531643,0.4749,0.6899839142091154,False,False,0.04149335415178896,0.0925,0.05843555702077197,0.03287038278424606,0.156,0.3576505263157894,False,False,0.1408419747140568,0.03221857306249523,0.1233,0.3735315568022441,False,False
Hexetidine,0.2146782220313972,0.0511150684931506,False,0.2595313245547135,0.053441681880755224,0.0989,0.3266341463414634,False,False,0.08281453043411745,0.0431,0.24072611054039306,0.05857789429435118,0.1101,0.29204889975550125,False,False,0.23902725400767,0.0946151478268501,0.04129,0.1951562363238512,True,False
Hexylresorcinol,-0.0620242458148001,0.8616559956592512,False,0.47306719316671475,-0.0930723844122775,0.6266,0.7920420070011668,False,False,-0.0674259146841662,0.4901,0.300261598362507,-0.0681582880766408,0.5485,0.7072009512485137,False,False,0.38457047298965585,0.010097080112947812,0.1627,0.4354752475247524,False,False
Hexylresorcinol and benzalkonium chloride,-0.0223577235772357,0.6062984293193717,False,0.10239487864654861,-0.09506125197283123,0.7096,0.8265258620689656,False,False,-0.13160201036875127,0.8215,0.08930250949752017,-0.08935072671427634,0.7463,0.8325534331440373,False,False,0.12890980349668524,-0.08239638132648461,0.5953,0.7528421052631579,False,False
Homatropine hydrobromide,0.1585685225258835,0.0940568275862068,False,0.15718392850715524,0.04957554049673162,0.065,0.27583497053045186,False,False,0.018451111667125323,0.1129,0.1366937734331215,0.08616746328945239,0.03896,0.1650070588235294,True,False,0.24617794133035154,-0.024201291106653897,0.2643,0.5618976377952755,False,False
House dust mites allergen extract,0.0563599078331245,0.2748561151079136,False,0.03857172029080991,0.02429355473084921,0.128,0.371566265060241,False,False,-0.02812477996899456,0.2797,0.01947207265527473,0.06637809771216141,0.0715,0.23687116564417177,False,False,0.060945314423516694,0.02962731286425387,0.1166,0.3632161383285303,False,False
"Human papillomavirus (Type 16,18)",0.0882862889757105,0.1407042253521126,False,0.11678441185213562,0.003037585829731991,0.1691,0.4302211764705882,False,False,-0.1372897046780298,0.836,0.11550666333897619,0.004334429918086483,0.1749,0.3831975683890578,False,False,0.11342634445113342,0.01157577686235281,0.1292,0.3838679504814305,False,False
"Human papillomavirus (Type 6,11,16,18)",-0.1340217551659009,0.9419764243614932,False,0.12715461549508644,-0.21824292459975195,0.9743,0.987095684803002,False,False,-0.12786853547135485,0.7781,0.10982286940438146,-0.18676863870372062,0.9498,0.9645359661495062,False,False,0.18617815438987384,-0.22776800305541453,0.9772,0.9840335664335664,False,False
"Humpapvirus(Type 6,11,16,18,31,33,45,52,58)",0.1758010296526428,0.0850134094151212,False,0.5728635013555432,-0.012858346788524827,0.2855,0.5356875,False,False,-0.012113365833685828,0.2466,0.3972641462468792,0.13916984435319024,0.0261,0.126972972972973,True,False,0.48847381609830154,0.11242524502385647,0.03112,0.16081148325358852,True,False
Hyaluronic acid sodium,-0.0223577235772357,0.6062984293193717,False,0.10239487864654861,-0.09506125197283123,0.7096,0.8265258620689656,False,False,-0.13160201036875127,0.8215,0.08930250949752017,-0.08935072671427634,0.7463,0.8325534331440373,False,False,0.12890980349668524,-0.08239638132648461,0.5953,0.7528421052631579,False,False
Hyaluronidase,0.1578485013583185,0.0805655172413793,False,0.20723639791887682,0.13914434475973414,0.01431,0.12030697674418606,True,False,0.040294334158467386,0.0938,0.15974421493580682,0.12825082734323726,0.02333,0.11867294117647059,True,False,0.21836954636525052,0.11589777093724164,0.02177,0.13283389830508474,True,False
Hydralazine hydrochloride,0.268554821548313,0.0201740831295843,True,0.4443571252003389,-0.08940569373428923,0.5947,0.7783064809206541,False,False,-0.09440931182781513,0.6208,0.42171550006533987,-0.07628584180215173,0.5687,0.7225835294117647,False,False,0.44142257088348547,-0.15056719929236315,0.8343,0.8996944583125313,False,False
Hydrochlorothiazide,0.2332782171012699,0.0362404715127701,True,0.4889520692846241,-0.058151938089429374,0.4638,0.684122866894198,False,False,0.02953902460707707,0.1254,0.22888562535489787,0.11174849552749577,0.04491,0.18030780669144983,True,False,0.3878562044514199,-0.01138758411037447,0.2606,0.5588571428571428,False,False
Hydrocort sodiumphos,0.0938810258247073,0.2370229007633587,False,0.1873522666505245,0.09760187279268613,0.04189,0.21961747572815535,True,False,0.1333643464647076,0.0138,0.07995042516003015,0.0989982930949913,0.0506,0.19409684210526315,False,False,0.19050334020882775,0.06064135787468537,0.0747,0.27534470989761095,False,False
Hydrocortisone,0.2621825351698699,0.0143796033994334,True,0.5694869057504719,0.25183399318989935,0.00085,0.028047761194029852,True,True,0.23067461183922625,0.0012,0.40428177886564876,0.3139145582472392,0.00021,0.006978461538461538,True,True,0.43574094174433664,0.3435683529040764,3e-05,0.0038117647058823526,True,True
Hydrocortisone (Sodium succinate),0.4830240819975515,0.0003176470588235,True,0.6148350917036902,0.03747138335925005,0.1317,0.3736062992125984,False,False,0.0069655798445065155,0.1778,0.40248298037002694,0.16875621719389358,0.01311,0.08208,True,False,0.6510679100276286,0.06448428672861974,0.0775,0.2808724832214765,False,False
Hydrocortisone acetate,0.4910455452620422,0.0003176470588235,True,0.5434689852162089,0.055100088522518215,0.0962,0.3206666666666666,False,False,0.0617047818765345,0.0612,0.39455734552261945,0.26125992902588735,0.00095,0.015545454545454546,True,True,0.529363648463218,0.15183985409523523,0.01038,0.08758125,True,False
Hydrocortisone butyrate,0.121233915638131,0.1046835781041388,False,0.011915263569619028,0.09114913616223726,0.02555,0.1663135135135135,True,False,0.10637820324446443,0.0141,0.00994497325341448,0.10090688487795259,0.02653,0.1281986577181208,True,False,0.0991151982267231,0.14331655704637306,0.00433,0.04986382978723404,True,True
Hydrocortisone sodium phosphate,0.2317184625384358,0.0356165680473372,True,0.2860343767296094,0.11636556110547638,0.0292,0.1791818181818182,True,False,0.06249458344390261,0.0647,0.20553233426011697,0.1463601493591732,0.02132,0.11204671532846713,True,False,0.3875998255403925,0.09586455521392365,0.04351,0.20241888412017167,True,False
Hydrocortisone sodium succinate,0.2078482113203741,0.0489776223776223,True,0.29660343936543254,0.012608020536700598,0.1907,0.45258269441401966,False,False,0.034329113053425155,0.1056,0.23825130179020304,0.1406306375086833,0.02335,0.11867294117647059,True,False,0.40400502368206115,0.05402211392218243,0.0916,0.3125687203791469,False,False
Hydrogen peroxide,0.247610341631635,0.0251207048458149,True,0.15919508468172183,0.04392013169453151,0.1032,0.33253055141579735,False,False,0.03909885028173949,0.0942,0.03803399681866626,0.18390931639134625,0.00803,0.06261660649819496,True,False,0.27355485915392375,0.13314319140771408,0.01771,0.11933664596273293,True,False
Hydromorphone hydrochloride,0.1482778136158513,0.0778985422740524,False,0.27076608802662894,0.1418700362426848,0.01437,0.12030697674418606,True,False,0.16487143642634713,0.0062,0.031273617822936584,0.12014059573395977,0.02042,0.11003168316831684,True,False,0.19349394497375327,0.043556556207893234,0.0954,0.3209719626168224,False,False
Hydroxocobalamin,0.2742423238324801,0.0175431472081218,True,0.3549422807908611,0.1552145543716738,0.01241,0.10985901639344262,True,False,0.14743553733451278,0.0083,0.3417749590913133,0.20437174084114848,0.00547,0.04985316455696203,True,True,0.3853099397945904,0.1378274964791671,0.01754,0.11933664596273293,True,False
Hydroxycarbamide,0.3620604441309298,0.0035446153846153,True,0.22975287246207043,0.15392883998318216,0.01217,0.10907551867219918,True,False,0.15147267316244453,0.0082,0.19986646453735812,0.18234290104112283,0.00924,0.06765559322033898,True,False,0.32690680592376153,0.1605580629603161,0.01021,0.08648470588235294,True,False
Hydroxychloroquine sulfate,0.1449491029024051,0.1259166869671132,False,0.40717130460462136,-0.07498519479075007,0.5483,0.7425253918495298,False,False,-0.15657431787939982,0.8732,0.18838174455576195,0.025314904796728536,0.1955,0.408394584139265,False,False,0.2584374567339377,-0.011176331518901746,0.2662,0.564564705882353,False,False
Hydroxyzine hydrochloride,0.1559979335204342,0.114052442159383,False,0.22606306163192147,-0.035736782872365355,0.3544,0.59805,False,False,-0.029050963889225533,0.3037,0.2106513798850167,-0.03617018340796478,0.3881,0.5821956974323387,False,False,0.38158830066126803,-0.03610408114494921,0.3464,0.6389615713065755,False,False
Hyetellose,0.3935231318563831,0.0024685714285714,True,0.3262043776525332,0.13378397639833361,0.01878,0.14233263157894738,True,False,0.16984797729949097,0.0048,0.22525902512343698,0.19712158408831343,0.00685,0.05734883720930233,True,False,0.20989315009397214,0.23370526995454888,0.00137,0.025510344827586205,True,True
Hyoscine,0.2020663914142791,0.0575051070840197,False,0.22795588874376438,0.04338348377698535,0.1308,0.3736062992125984,False,False,0.057228157826041695,0.0776,0.164698090974715,0.05550334609869452,0.1251,0.313,False,False,0.22194802516591994,0.10853575915276735,0.03244,0.16565106382978723,True,False
Hyoscine butylbromide,0.6402388602479225,0.0003176470588235,True,0.7752407728662534,-0.03512219022072996,0.3637,0.6056993060909792,False,False,-0.0010313571736560345,0.2066,0.5870308730751133,0.25197082141071603,0.00149,0.021313907284768212,True,True,0.7130744171744767,0.11187714054441834,0.03106,0.16081148325358852,True,False
Hyoscine hydrobromide,0.3548940972991383,0.003392670157068,True,0.29279521719243873,0.24215706848805407,0.00084,0.028047761194029852,True,True,0.12162073697416942,0.015,0.237450663088547,0.3141141574383624,0.00016,0.005857627118644068,True,True,0.40053859815113013,0.2072644937132974,0.00243,0.03453157894736842,True,True
Hypromellose,0.3203375338177926,0.0080275862068965,True,0.4985502802233529,0.0958967476902325,0.04415,0.22506792452830188,True,False,0.07561516946722084,0.0489,0.48563724548473997,0.11563125661991076,0.0399,0.16799999999999998,True,False,0.49436249235577034,0.1929725130061147,0.00437,0.04994285714285714,True,True
INR blood testing reagents,0.0463757265951093,0.3662457831325301,False,0.20697848691691012,-0.10974158147612967,0.6949,0.8204934497816594,False,False,-0.08135369843967541,0.5554,0.146429796917543,-0.09522026246601967,0.6594,0.789963394342762,False,False,0.21234936869171883,-0.09107637931554642,0.5885,0.7490630524454921,False,False
Ibandronic acid,0.3412665664908239,0.0051336322869955,True,0.24331157116950575,0.13169599604087065,0.02027,0.14588970099667775,True,False,0.05794574925902206,0.0747,0.18121600221236867,0.27027321027150586,0.00076,0.013911864406779663,True,True,0.22125254832746521,0.19961811483044814,0.00344,0.04345263157894737,True,True
Ibrutinib,0.23419502185058,0.0399579737335834,True,0.17384127425470297,0.12928898701201266,0.02033,0.14588970099667775,True,False,0.09684269281711656,0.0314,0.006577751874250026,0.22888567378514388,0.00495,0.04782857142857143,True,True,0.16117644142167642,0.18539896529457553,0.00618,0.06326445497630331,True,False
Ibuprofen,0.4592596102656641,0.0003176470588235,True,0.4206948338703481,0.12166964144925935,0.02528,0.1663135135135135,True,False,0.16125060530783653,0.0067,0.3947370357221812,0.17740004422366218,0.00965,0.07018181818181819,True,False,0.3608259612186496,0.12222079550909387,0.02414,0.13941818181818183,True,False
Ibuprofen lysine,-0.077065368827765,0.959195335276968,False,0.015323935753718154,-0.10924428286046611,0.7811,0.8666625577812018,False,False,-0.08502248723401354,0.6404,0.011966146197350036,-0.11138061305950192,0.8452,0.8921556420233463,False,False,0.1090879849183527,-0.13007943373936295,0.8463,0.90752158808933,False,False
Ibuprofen sodium dihydrate,0.0690006383782862,0.2058174523570712,False,0.15537821570412447,-0.030834101950096712,0.3184,0.5645414273995077,False,False,-0.006667193133451478,0.1989,0.11059365866120374,-0.023945083812746785,0.3079,0.5134969325153375,False,False,0.27503272197642137,-0.09466497357016299,0.6075,0.7573087132140798,False,False
Ichthammol,0.0011665030993779,0.5169113924050633,False,0.1367607608766913,0.05980473574845497,0.0896,0.3141818181818182,False,False,0.03155221962809216,0.1123,0.040386556348040004,0.009821089067418078,0.2207,0.43475409836065576,False,False,0.14358964662383067,-0.005024158968960803,0.2355,0.5320920502092049,False,False
Icosapent,-0.0356878409799283,0.7356021314387211,False,0.09942940616998164,-0.02837134173690641,0.2866,0.5369089332176931,False,False,-0.02698176887849902,0.2964,0.07175553453755978,-0.04451819940293153,0.4273,0.6177831325301205,False,False,0.17129302741835895,-0.06676461663519044,0.4844,0.722810408921933,False,False
Idebenone,-0.0544672390966632,0.8989875,False,0.042924572545071316,-0.05830354473218511,0.473,0.6899839142091154,False,False,-0.027689637459820216,0.2863,0.018336987650733105,-0.054582771205019115,0.4946,0.6713366834170854,False,False,0.0947986783531577,-0.09164323528550454,0.6457,0.7774314381270904,False,False
Ileostomy Bags,-0.0954947274562598,0.996707192575406,False,0.02992024749607114,-0.06753955784137772,0.5223,0.7255099678456591,False,False,-0.04410861335918449,0.3736,0.02978403760114945,-0.070658274528914,0.591,0.7412698781195589,False,False,0.07871693578301753,-0.04708793504382555,0.3507,0.6408730964467005,False,False
Iloprost,0.0424466149248418,0.3512424489795918,False,0.18237932198770468,-0.15409828165606093,0.8654,0.9135461200585652,False,False,-0.15434612707087128,0.8798,0.09724543320066636,-0.09884870483454015,0.6814,0.8002565217391304,False,False,0.2764472881318516,-0.18623869319992062,0.9276,0.9554242135367016,False,False
Imatinib mesilate,-0.0139469730187269,0.5395524861878453,False,0.1282625946630016,-0.11634456549989868,0.7636,0.8549347150259068,False,False,-0.020681973632074937,0.2608,0.10132332374676134,-0.05119806921577339,0.4377,0.6256995367306419,False,False,0.11459355319081677,-0.05093946500894818,0.3826,0.66432154340836,False,False
Imidapril hydrochloride,-0.0271528828457934,0.6240461538461538,False,0.1760183488358269,0.014852977044408307,0.1714,0.432,False,False,0.05978001014206129,0.0632,0.09639761523503898,-0.07169252106423549,0.5451,0.7071567567567568,False,False,0.18712890238241997,-0.07636647833999895,0.5229,0.722810408921933,False,False
Imipramine hydrochloride,0.0161543619364339,0.4969553956834531,False,0.14824449664179262,-0.07411576923866395,0.5319,0.7307292327203551,False,False,-0.11911515802495626,0.7356,0.09256933658928257,-0.07501464879004306,0.5715,0.7240117302052786,False,False,0.1129423694073095,-0.14092314390953584,0.7944,0.8770173646578141,False,False
Imiquimod,0.1692858113159879,0.092383379501385,False,0.26476525193527556,0.003673104860378307,0.2235,0.4786217821782178,False,False,-0.01979781004516309,0.2754,0.25416226404820375,0.02746198769513796,0.1823,0.3925902293120638,False,False,0.342107022025556,-0.05559912958462141,0.4235,0.6877894736842105,False,False
Inclisiran,0.1463630725608044,0.114052442159383,False,0.1259892656481577,0.055199238051871075,0.0921,0.3172822966507177,False,False,-0.02970267932456878,0.3092,0.04069630088513798,0.08162974193127745,0.0663,0.22840191387559808,False,False,0.13656712354468492,-0.05849047222781014,0.4441,0.7010138787436084,False,False
Incontinence Belts,0.0922299337558166,0.1201720754716981,False,0.09397775457505753,0.03226205665086804,0.0959,0.320160741885626,False,False,0.0014957740066496561,0.171,0.04577878612262409,0.04852766802699317,0.0696,0.23563636363636362,False,False,0.14904506249911187,0.037451895498677834,0.0924,0.31365777080062796,False,False
Incontinence Sheath Fixing Strips & Adh,-0.0543018204859427,0.8461880153930732,False,0.06750446324473458,-0.06783352079576335,0.5189,0.7235790832795352,False,False,-0.10019323498692259,0.6807,0.03475793791849224,-0.07000527190060205,0.5773,0.7296477472205969,False,False,0.08849198965687466,-0.07649628881980022,0.5286,0.722810408921933,False,False
Incontinence Sheaths,-0.0899835967981587,0.9094853620955315,False,0.03838500973285297,-0.13201333571876944,0.8185,0.8914216624685138,False,False,-0.13857346308979115,0.8372,0.02255415915105874,-0.12078041740695053,0.8054,0.8676628428927681,False,False,0.05756554321059615,-0.10024806341103053,0.6348,0.7730782217220034,False,False
Indacaterol maleate,0.1959615075502627,0.0509195876288659,False,0.1804370034367736,0.05239065473520673,0.0912,0.31654574638844307,False,False,0.07649729084408602,0.0435,0.14391641354855755,0.08355516272764872,0.0608,0.216,False,False,0.18147980483297232,0.0351394462839014,0.117,0.36341379310344823,False,False
Indacaterol/glycopyrronium,0.1640636327978716,0.1014412955465586,False,0.17967658392064523,0.005483501753666591,0.2142,0.47407228915662647,False,False,-0.05395087949783481,0.4161,0.17773976324275165,0.009648349097636042,0.2305,0.4457296329453894,False,False,0.2808253109109434,-0.07718503192981026,0.5322,0.722810408921933,False,False
Indacaterol/mometasone,0.0200403915603741,0.456089219330855,False,0.1710114031894866,0.0341484045650318,0.1378,0.38356701030927837,False,False,0.08877313388915735,0.0377,0.1290090064047954,0.028000424300396648,0.1758,0.38434008097165995,False,False,0.21274270604681522,-0.007901271662035973,0.2441,0.5380163265306123,False,False
Indapamide,0.1274772661293539,0.14575,False,0.18284597727634,-0.02361016326768378,0.317,0.5635555555555556,False,False,-0.0452765445800854,0.3804,0.10347013311450493,0.02579995850788459,0.1834,0.3941731343283582,False,False,0.20444024594081478,-0.004242628630844908,0.234,0.530367261280168,False,False
Indometacin,0.0504703052626032,0.3762470308788598,False,0.13119546749580913,0.07001187669054534,0.0762,0.2984516129032258,False,False,0.038477491379521084,0.1,0.0973765124011664,0.09574517857574903,0.0628,0.222,False,False,0.13970127586933234,0.10551642386478248,0.03454,0.1723011547344111,True,False
Indoramin,0.1906101110735654,0.0679874411302982,False,0.25393473734917515,-0.11373426349373073,0.7,0.8226332970620239,False,False,-0.06804913600353306,0.491,0.22483699173166172,-0.0915139781987024,0.6302,0.7721111741349972,False,False,0.23628344856443062,-0.062489450359322594,0.4609,0.7153747323340471,False,False
Indwelling Pleural Cath Drain System,0.1496809091211043,0.1086260869565217,False,0.16986248708662466,0.09222466512920682,0.03862,0.2095959798994975,True,False,0.11591555824886578,0.0167,0.13754694949398139,0.12576785282972527,0.02504,0.12340045558086561,True,False,0.2717224950306104,0.08921442922156073,0.0431,0.20107127429805616,True,False
Infliximab,-0.0335506546314554,0.6604355444305382,False,0.2639078342350826,-0.08119086509225246,0.5594,0.7491035337879728,False,False,-0.17065681140513125,0.9211,0.22920032459716222,-0.09187439826370225,0.6368,0.776234762979684,False,False,0.2905138494349203,-0.07604970603897641,0.5148,0.722810408921933,False,False
Influenza,0.4515929220933328,0.0006612244897959,True,0.6710502653654247,0.16497442919097222,0.00964,0.09595576036866359,True,False,0.11842648869266034,0.0198,0.605548366985617,0.28576302278273563,0.00053,0.011563636363636364,True,True,0.7515568315663881,0.13939115128581797,0.01602,0.11601872909698999,True,False
Ingenol mebutate,0.0052396104373561,0.4739033674963397,False,0.15803367927384948,-0.12089633159877632,0.7763,0.8634438722966015,False,False,-0.14148470153156917,0.8369,0.03170020328093204,-0.007532653934031354,0.2292,0.44520863309352515,False,False,0.26735328710256034,-0.10870658239635235,0.6897,0.8035339805825242,False,False
Inhalation Solutions,0.0804765545219557,0.2706860254083484,False,0.08497874150317497,0.0934230414361691,0.04639,0.23112494279176204,True,False,0.004282201372718391,0.1837,0.07642806093787313,0.0787402002057373,0.0817,0.24785393258426963,False,False,0.2056053692057649,0.026522757457295813,0.1473,0.4089562982005141,False,False
Inosine pranobex,-0.1286028585156749,0.9427091711623344,False,0.07596947104549168,-0.1729230322682679,0.9049,0.9347604017216643,False,False,-0.15521409039136774,0.8839,0.06655240171563914,-0.1620267518848071,0.8922,0.9238504314477469,False,False,0.1631128659028681,-0.20887049238787184,0.9548,0.9655280898876404,False,False
Ins degludec/liraglutide,-0.0400441661476425,0.6954856093080221,False,0.08529121800906692,-0.049693217087326144,0.4185,0.6486193548387097,False,False,0.01786458398760431,0.1466,0.06278197586451073,-0.06647288815651593,0.526,0.6936263736263737,False,False,0.28008125366565695,0.005529973922395776,0.2082,0.5041614349775785,False,False
Insert For Female Stress Incont,-0.0376975066896866,0.6961907090464549,False,0.16353660906323808,-0.12400672562923065,0.7615,0.8537996886351843,False,False,-0.08552688883320206,0.5759,0.06065834001142467,-0.08627555162829549,0.6274,0.7696763202725724,False,False,0.1557244641130342,-0.13563684893174321,0.7976,0.8785395206527282,False,False
Insulin Lispro,0.0437778321374905,0.3978591549295774,False,0.07616678859982329,0.0009108142843814609,0.2353,0.4872413793103448,False,False,0.0386864160410012,0.1017,0.04928476336569365,0.03275291553931106,0.1713,0.3794953846153847,False,False,0.14304779868842854,-0.026218057614035565,0.3146,0.6140487804878049,False,False
Insulin aspart,0.3566122378255611,0.0029189189189189,True,0.5378524074177023,0.09405200345229957,0.04676,0.23112494279176204,True,False,0.025343990504318997,0.1298,0.47794157315814056,0.12393371354767871,0.03304,0.15142784810126583,True,False,0.5301906529156513,0.10653212314199709,0.0348,0.17319815668202762,True,False
Insulin degludec,0.1540728177008995,0.112738064516129,False,0.2014938265712729,0.1340665392681131,0.01809,0.14089964412811387,True,False,0.12949948351697846,0.0134,0.06174173110595782,0.17326498083280165,0.01066,0.0734126582278481,True,False,0.23486864437024801,0.2175464926857029,0.00197,0.03017872340425532,True,True
Insulin detemir,0.3360463227665037,0.0056793103448275,True,0.4108892106961567,0.14304943810682139,0.01567,0.1267685393258427,True,False,0.11636507234374872,0.0201,0.35459706319175277,0.22892550404373585,0.00327,0.03479408866995074,True,True,0.42634400701621067,0.19436149466947705,0.00401,0.04733114754098361,True,True
Insulin glargine,0.4532754287090496,0.0004595744680851,True,0.19333216508132656,0.4158252359896425,1e-05,0.0054,True,True,0.42671260010718765,0.0001,0.05022650759363201,0.4375829944113869,1e-05,0.0018000000000000002,True,True,0.17783893904678927,0.3674417770477631,1e-05,0.0018000000000000002,True,True
Insulin glargine/lixisenatide,-0.0552774099026533,0.7332227488151658,False,0.11902642057454749,-0.03115221811321564,0.3093,0.55674,False,False,-0.019165275027951133,0.2437,0.09431988799421553,-0.05569121173966397,0.4456,0.632388961892247,False,False,0.23274791505533798,-0.04092202382231718,0.3505,0.6408730964467005,False,False
Insulin glulisine,0.1979065548859998,0.066642654028436,False,0.07538784484848893,0.18975981663394856,0.00492,0.06739746835443039,True,False,0.1416747889411393,0.0115,0.06803557842643504,0.16125399320864217,0.01618,0.09445621621621621,True,False,0.22291051852529353,0.1107275699297991,0.03045,0.15848674698795182,True,False
Insulin human,-0.0807951609791951,0.8682009724473257,False,0.09087392727770638,-0.04852568441573412,0.3958,0.6281616458486406,False,False,-0.0708873407941903,0.4975,0.01738074905852205,-0.061354928811850576,0.4783,0.6605677749360613,False,False,0.09065849264599113,-0.12473442398603388,0.7447,0.8463882167280379,False,False
Interferon alpha,-0.0137457125996847,0.2609917050691244,False,0.13259668532246793,-0.09396754413278716,0.6943,0.8204934497816594,False,False,-0.08308093853327954,0.6001,0.0797862007349951,-0.07029815518377994,0.618,0.761917808219178,False,False,0.20100639153649336,-0.0940263024054434,0.6472,0.7782246941045606,False,False
Interferon beta,-0.0679483687076546,0.98312292358804,False,0.0991695924534256,-0.03423752523754008,0.3031,0.551090909090909,False,False,-0.04202293919153524,0.3533,0.08949076676731382,-0.04300982891911734,0.3835,0.5789162011173183,False,False,0.1096952766911593,-0.0726120302848266,0.5093,0.722810408921933,False,False
Intravenous nutrition supplements,-0.0265062694983871,0.6034082840236686,False,0.3457797013594619,0.03438085481336151,0.1028,0.33253055141579735,False,False,0.05263113252944896,0.0631,0.03389002239018479,0.009420921887509507,0.092,0.2621635883905013,False,False,0.2491213714266185,-0.08629118346570665,0.5971,0.7535411558669002,False,False
Iodine,0.0128167174973987,0.5048730385164051,False,0.03541301742824421,0.028632833757396482,0.1459,0.3969068010075567,False,False,0.018449616382195416,0.1449,0.01567834451690653,-0.0034311551695754153,0.2605,0.4711906354515051,False,False,0.05349618210902862,0.03555659855898837,0.1271,0.3802437673130194,False,False
Iodine compounds,-0.0724997879178359,0.8183217097862766,False,0.19075693161806828,-0.10173096558503533,0.6558,0.8083057615516258,False,False,-0.10570043813981812,0.6799,0.13376448975565935,-0.16913844667011227,0.9113,0.9377837065269176,False,False,0.1904257539290175,-0.11640434778735413,0.7048,0.8148828250401283,False,False
Ipratropium bromide,0.0715094162264839,0.2897142857142857,False,0.15216192401995055,-0.0047158842499701505,0.2458,0.4957310924369748,False,False,0.044262284459536,0.089,0.1350025024948368,-0.019432852195575716,0.3358,0.5384766146993318,False,False,0.2133279224846637,-0.05596787704087723,0.4349,0.693909963099631,False,False
Irbesartan,0.5204096007093579,0.0003176470588235,True,0.30985360688771946,0.3308381085103641,7e-05,0.010799999999999999,True,True,0.304417810228762,0.0001,0.29299033381925155,0.34925893185479107,8e-05,0.003927272727272727,True,True,0.29128986073479146,0.3224075699264754,0.00013,0.007199999999999999,True,True
Irbesartan with diuretic,0.4264233507335578,0.0017052631578947,True,0.5871081253398696,0.040200949236317535,0.1284,0.371566265060241,False,False,0.0714043228521203,0.0551,0.4799803807254597,0.1489058350468397,0.02001,0.10887052896725441,True,False,0.5227635308021636,0.16509729454660962,0.00892,0.08233846153846155,True,False
Iron and folic acid,0.288718084330153,0.0084272727272727,True,0.5126912431167243,0.05110342919448632,0.079,0.30270422535211267,False,False,-0.0578937505628501,0.4546,0.35367194262156265,0.07231447767224433,0.0728,0.23717647058823532,False,False,0.5217367183161467,0.0015346559553860966,0.2029,0.4985938566552901,False,False
Iron carboxymaltose,0.0434292053290258,0.3148163265306122,False,0.09643375418635636,-0.02331671714835744,0.2921,0.5421321888412016,False,False,-0.12429449481257976,0.769,0.058432748444910754,-0.01455299359331796,0.2755,0.48577959183673475,False,False,0.11887335819071787,-0.031942797161182104,0.3023,0.6012596685082874,False,False
Iron dextran,0.0258981496148994,0.3793212312549329,False,0.16588583706464333,-0.006018540574644435,0.2354,0.4872413793103448,False,False,-0.08794170212526388,0.5904,0.03136950908803282,-0.017703726910933765,0.279,0.4887131280388979,False,False,0.11723153457368984,0.03683519552938164,0.1076,0.3492972972972973,False,False
Iron sucrose,-0.037428344263339,0.7712670157068062,False,0.09852445840176449,-0.039898476242736056,0.3565,0.5992529182879377,False,False,-0.019482002316935504,0.2507,0.024830518987228656,-0.043065332956837184,0.4292,0.6201150501672241,False,False,0.16579625635028405,-0.0576041145152339,0.435,0.693909963099631,False,False
Irrigation Solutions,0.102223984508302,0.1964243048403707,False,0.12981108666920327,-0.02688360147387149,0.3219,0.5689885433715222,False,False,-0.020666328791920378,0.2752,0.09261557450465885,0.006288822605382162,0.2341,0.44944099378881985,False,False,0.08111074873995816,0.06733785286699105,0.0724,0.2729214659685864,False,False
Irrigation Washout Appliances,-0.0991290149338753,0.9894683544303796,False,0.022443570256885592,-0.08036483544594449,0.594,0.7783064809206541,False,False,-0.060499512959904016,0.4605,0.02022434490970082,-0.079125543602221,0.6363,0.7760632411067193,False,False,0.059759874311325456,-0.05972025545592147,0.4231,0.6877894736842105,False,False
Isavuconazole,-0.0664953658605793,0.8150920383963862,False,0.2961582565568638,-0.1580710694359538,0.8692,0.9148977604673807,False,False,-0.16521313262934875,0.904,0.15804700572294894,-0.14832178540587126,0.8659,0.9052373127114548,False,False,0.19603639276017837,-0.21774390720173606,0.9659,0.9744717421765531,False,False
Isocarboxazid,0.0212617222959653,0.3618610662358643,False,0.11574948500237603,-0.014104747921415077,0.236,0.48780861244019136,False,False,-0.028084757492999327,0.2952,0.08806212990954199,-0.056281983892942894,0.4799,0.6616290630975143,False,False,0.37449001091912426,-0.048056071876826756,0.3857,0.6686292134831461,False,False
Isometheptene mucate,0.075468272469557,0.2977043478260869,False,0.41295457786909173,-0.219006836072673,0.9717,0.9858487552841709,False,False,-0.2549045537352136,0.9955,0.2727382017703762,-0.1313560688819455,0.7965,0.861512268402604,False,False,0.40468541203846276,-0.19331894982580985,0.928,0.9554242135367016,False,False
Isoniazid,0.2271467562474168,0.0350732673267326,True,0.45110820457194567,-0.17363352843315036,0.9114,0.9405752508361204,False,False,-0.14220966913144079,0.8337,0.4102627040176283,-0.14704235211476596,0.8515,0.8941370928536704,False,False,0.5692578911077453,-0.05306851394023606,0.4233,0.6877894736842105,False,False
Isophane insulin,0.1947021118429809,0.0636521739130434,False,0.10729587803818719,0.18643556868148162,0.00518,0.0683560975609756,True,False,0.13855598467414254,0.0124,0.07513619831203011,0.13130239121507986,0.02788,0.1327876651982379,True,False,0.11155809369910141,0.12359648508618726,0.02114,0.13121379310344827,True,False
Isoprenaline hydrochloride,-0.0260743321718931,0.7259248658318426,False,0.008446576922312432,-0.010455604021540303,0.1401,0.38648275862068965,False,False,-0.02175739400037608,0.2385,0.005532894405547162,-0.02424377331989332,0.2394,0.45378947368421046,False,False,0.08137272727681821,-0.07804590529415038,0.596,0.7528421052631579,False,False
Isopropyl alcohol,0.1039467322593816,0.2089425742574257,False,0.06349462006699325,0.06385737868590316,0.0851,0.3059702479338843,False,False,0.05954938758582043,0.0676,0.04367650263386602,0.062100331894748284,0.1044,0.28365283018867926,False,False,0.14365551649664354,0.007136580718828774,0.1966,0.4881103448275862,False,False
Isosorbide dinitrate,0.4357992631840881,0.0025483146067415,True,0.45170146632376906,0.07367187792852813,0.0685,0.283448275862069,False,False,0.0691683382900402,0.0553,0.38436376092227686,0.12459355585995348,0.03496,0.1546682926829268,True,False,0.4801823015880188,0.0640551969418063,0.0754,0.27604067796610166,False,False
Isosorbide mononitrate,0.424754612609999,0.0004595744680851,True,0.40248243996805644,0.07636370710883877,0.0649,0.27583497053045186,False,False,-0.08907570388926096,0.5933,0.321332766470399,0.13737167115659665,0.02506,0.12340045558086561,True,False,0.4957513329241656,0.1781905627211767,0.00649,0.06581408450704225,True,False
Isotretinoin,0.1889709107696666,0.0743494736842105,False,0.34449038471776183,0.07430491281773793,0.0726,0.29421388367729834,False,False,-0.0918577150156895,0.6059,0.2943916232149202,0.07258276589418387,0.0901,0.26187096774193547,False,False,0.32776732919706764,0.1286842204933661,0.02031,0.1282226086956522,True,False
Ispaghula husk,0.2050937085015399,0.0535492487479131,False,0.4152593149838739,-0.09381448831869568,0.6204,0.7878095238095237,False,False,-0.028002537375080246,0.3044,0.3900076258272911,-0.10481352914447407,0.6888,0.8040194489465152,False,False,0.3967558753278555,-0.09180555778870551,0.5869,0.7484858490566038,False,False
Isradipine,-0.0136469221835075,0.3686124401913875,False,0.055720505178305846,0.0128120953328173,0.0757,0.2972945454545455,False,False,0.011068821147216388,0.0977,0.0309361641524023,-0.003014887018630829,0.1136,0.2952779783393502,False,False,0.11314013402933787,-0.01756962024171501,0.1891,0.47494883720930225,False,False
Itraconazole,0.3874988740311577,0.0019261146496815,True,0.5131577056874215,0.1272506844502138,0.02257,0.15726193548387096,True,False,0.10977124354579043,0.0247,0.3802568838122219,0.1999156427922508,0.00545,0.04985316455696203,True,True,0.5553465116767566,0.13525195533281856,0.01807,0.12083962848297213,True,False
Ivabradine,0.0505450727767899,0.3613980582524272,False,0.3042673696755621,-0.03632646950646808,0.3631,0.6055,False,False,-0.011263956675370347,0.2436,0.23220632138973996,-0.007773334599747035,0.2895,0.4938847671665352,False,False,0.3551461734015734,-0.07009585954594254,0.4869,0.722810408921933,False,False
Ivacaftor,-0.1147898376093202,0.98071469740634,False,0.052817561803866875,-0.18135758733509472,0.9438,0.9652499999999999,False,False,-0.18335012804853373,0.9558,0.041352385861362806,-0.18220902319981813,0.9629,0.9746316776007498,False,False,0.055728149503830204,-0.17847921233189848,0.9358,0.958557501183152,False,False
Ivermectin,0.5537880712078961,0.0003176470588235,True,0.3619003235776713,0.3312957931941089,4e-05,0.007200000000000001,True,True,0.24114607036498908,0.0002,0.2173877236991304,0.4258465024670539,1e-05,0.0018000000000000002,True,True,0.5768576795169992,0.32606343554192396,7e-05,0.00576,True,True
Ixekizumab,-0.0039254155966238,0.3648154713940371,False,0.02084763662266831,0.0072854481461945885,0.1212,0.361889502762431,False,False,-0.05258532071567002,0.4287,0.013726601263987503,-0.0072075516459879,0.1707,0.3785544147843942,False,False,0.1514244011733551,-0.0800471976824466,0.5776,0.7408646080760095,False,False
"Japanese encephalitis vaccine (Inactivated,adsorbed)",0.0961472190281615,0.1973907692307692,False,0.4080724930709223,-0.047675262852104154,0.4142,0.6456640230713772,False,False,-0.06882440657221471,0.4859,0.16757482044735517,0.029937315756235316,0.1681,0.3749349845201238,False,False,0.2039271255530709,0.055262229058831144,0.081,0.2891900826446281,False,False
Jaw Rehabilitation Device,0.117442542963792,0.1228937655860349,False,0.06596134106427787,0.10288279803719641,0.02129,0.151770297029703,True,False,0.12329509368559487,0.0091,0.060956819761092684,0.0956932244897846,0.03197,0.14832618025751074,True,False,0.08034238347236833,0.08580736890704561,0.02588,0.14370385604113112,True,False
Kaolin heavy,-0.0270109231404177,0.3371970074812967,False,0.3205142684333667,0.042688389025582564,0.1009,0.3295301204819277,False,False,-0.0024227816874115176,0.1971,0.17163270122668584,-0.001017165095076092,0.1942,0.40804669260700394,False,False,0.3632496162098333,-0.009645507063925928,0.2387,0.5345160621761658,False,False
Kaolin light,-0.062001440961678,0.8246942889137738,False,0.3204021100245551,-0.35017067848239963,0.9998,0.9998000000000001,False,False,-0.16742154926051486,0.9203,0.16173566891646718,-0.2750085936536296,0.9981,0.9981000000000001,False,False,0.3177660805170397,-0.24219435946332032,0.9844,0.9869276437847866,False,False
Ketamine,-0.0623798921616485,0.7814117647058823,False,0.06706524763577693,-0.019059763781424655,0.2892,0.5402800345721693,False,False,-0.042924545970554825,0.3529,0.028279102135248313,-0.05006702946724302,0.4373,0.6256995367306419,False,False,0.05954470512262344,-0.037488557460447575,0.3396,0.6352831168831169,False,False
Ketamine hydrochloride,0.0979141504563851,0.2093899308983218,False,0.112834508869328,0.06499883747064368,0.0717,0.29166101694915253,False,False,0.04142470142244836,0.0967,0.07955763076361833,0.11231947044282668,0.04096,0.1691655831739962,True,False,0.10549027692915836,0.09383512040574496,0.04061,0.1941132743362832,True,False
Ketoconazole,0.3282337178874521,0.0097237113402061,True,0.7720964419241623,0.09672354180731012,0.04362,0.22415771971496437,True,False,0.041904409074025706,0.1022,0.6743243517070072,0.19427525329431972,0.00751,0.060079999999999995,True,False,0.7248376492290093,0.18416455140241778,0.00562,0.060095049504950496,True,False
Ketone blood testing reagents,0.2657935115702312,0.0201740831295843,True,0.3368904972774087,0.0437536620130041,0.1149,0.3500479548660085,False,False,0.1100356415876967,0.0224,0.29931227616250167,0.061359661170233615,0.0998,0.2756624040920716,False,False,0.3334007774040886,0.06061680200384445,0.0825,0.2916530278232406,False,False
Ketoprofen,-0.0089323033802653,0.4909942196531791,False,0.14247509470095177,-0.06369998309832946,0.4801,0.69365618729097,False,False,-0.07037414797984502,0.4994,0.07568125470360088,-0.012952366583475426,0.2601,0.4711906354515051,False,False,0.07397001142908433,-0.03878999394072737,0.3271,0.6259982285208149,False,False
Ketorolac trometamol,0.2357932646594746,0.0331171026156941,True,0.3644665007679151,-0.039558240185602514,0.3847,0.6232449438202247,False,False,-0.0645030608565914,0.4741,0.15491257483392484,0.051879142766983195,0.1313,0.3200993227990971,False,False,0.3309693867265113,-0.042625182596739565,0.3803,0.6638388396454473,False,False
Ketotifen fumarate,0.0983314567794913,0.2252003872216844,False,0.2643895027092331,0.08311698145105709,0.0532,0.2487272727272727,False,False,0.14239441595744348,0.0088,0.14966280863808856,-0.007249518372151862,0.2723,0.48250041017227235,False,False,0.38709403640539397,0.10997143748021282,0.03138,0.16176801909307875,True,False
L-Alanyl-l-gutamine,-0.0181184668989547,0.5163631245601689,False,0.12676254747996862,-0.08683638751039405,0.6676,0.8087582725743129,False,False,-0.1437942972003226,0.8515,0.0942419143691482,-0.058245605040396144,0.5507,0.7072009512485137,False,False,0.17723113066975937,-0.16020630172289596,0.9199,0.952989928057554,False,False
L-Ornithine-L-Aspartate,-0.1018354839013774,0.925144283574638,False,0.07365365484493847,-0.10664618168842213,0.698,0.8210821992378878,False,False,-0.16277423304812924,0.9064,0.05053670610385563,-0.12117837690541812,0.7956,0.8614015037593984,False,False,0.11439676616298178,-0.11067631203891704,0.6849,0.7997017828200973,False,False
Labetalol hydrochloride,0.4155632884182212,0.0010536585365853,True,0.7784983432151108,0.04628051332334838,0.1118,0.34621714285714283,False,False,-0.009152165335082884,0.2229,0.706940024805,0.09698545504855258,0.0585,0.21201342281879196,False,False,0.7902460994697216,-0.0018508126245041136,0.2374,0.5340437044745058,False,False
Lacidipine,-0.050286542525978,0.745765744555621,False,0.12618556428697436,-0.13117467091771845,0.7772,0.864,False,False,-0.09295799829064812,0.6081,0.08923393600633633,-0.09543985699482306,0.6577,0.7890416435313715,False,False,0.12444717815901707,-0.15139137201930236,0.8247,0.8965032712632108,False,False
Lacosamide,0.340921525619377,0.0050532110091743,True,0.2599306906270644,0.14969433592798884,0.01291,0.11279032258064516,True,False,0.11610030110739618,0.0213,0.24895203956870138,0.186004425090215,0.00783,0.061951648351648354,True,False,0.340171812693554,0.09254115772330927,0.0468,0.20808146639511202,True,False
Lactic acid,-0.040640807421488,0.8265921787709498,False,0.08717600915758472,-0.0909365195661692,0.6729,0.8094290484140234,False,False,-0.1361335985517966,0.8323,0.08335276709794082,-0.0842152771319936,0.689,0.8040194489465152,False,False,0.12216222232726459,-0.07769709612048094,0.5493,0.7279067484662577,False,False
Lactulose,0.2593120655141981,0.0213458823529411,True,0.1708132184366371,0.07811395511051007,0.0631,0.273456,False,False,0.11836008948925325,0.016,0.17034958145798063,0.07725842285647111,0.0854,0.25408264462809915,False,False,0.2522893787449022,0.04589712182245088,0.112,0.35639999999999994,False,False
Lamivudine,0.3203427017728623,0.0127698113207547,True,0.5739356306549358,-0.18327199074863285,0.9299,0.954196674584323,False,False,-0.21281166686912822,0.9753,0.46309714595804086,0.015345612316404515,0.2039,0.4192578496669838,False,False,0.5563198524205316,-0.09018049182798396,0.5816,0.7442274881516588,False,False
Lamivudine and zidovudine,-0.050979297681922,0.9323910669975186,False,0.06269071871479015,-0.029731600394408964,0.291,0.5413953488372093,False,False,-0.038657994981817774,0.3659,0.032694664595483425,-0.07693083833564207,0.6908,0.8043096774193549,False,False,0.05465279107062426,-0.04993828717651839,0.3854,0.6686292134831461,False,False
Lamivudine/tenofovir disoproxil/doravirine,-0.0428439864499028,0.6952749691738594,False,0.14228443934176582,-0.0913437424345768,0.609,0.7828557863501484,False,False,-0.16507835986888375,0.9097,0.11332514296386909,-0.11595160840903157,0.7474,0.8330154798761609,False,False,0.1727153184516389,-0.09406265019711603,0.6055,0.7573087132140798,False,False
Lamotrigine,0.2623365764374201,0.0184601503759398,True,0.17452670578066432,0.16655683329247298,0.00818,0.08878793969849247,True,False,0.06671638188927734,0.0564,0.08354544545116627,0.21451299634936774,0.00409,0.04167169811320755,True,True,0.2907417988381975,0.06703951513930818,0.0745,0.27534470989761095,False,False
Lanreotide,0.0265900020411683,0.449260642270351,False,0.2505502131393553,-0.10519391992040941,0.6691,0.8087610520425295,False,False,-0.14278045237907352,0.8284,0.2468318568065625,-0.10232914984684575,0.677,0.7982096069868997,False,False,0.2446903436081479,-0.07457986711771092,0.5076,0.722810408921933,False,False
Lansoprazole,0.4363295554874181,0.0008470588235294,True,0.3487411419391071,0.22129429381065985,0.00208,0.043000000000000003,True,True,0.16820182538224263,0.0062,0.22328810414862976,0.27557296927023706,0.00061,0.012754285714285715,True,True,0.40000394982953147,0.29240277497501377,0.00025,0.010588235294117648,True,True
Lanthanum carbonate,0.0357645831078832,0.4267357197258188,False,0.16916379713786067,-0.12089665617119251,0.729,0.8349098621420996,False,False,-0.15127278221744717,0.8573,0.160216721293704,-0.11256469279266122,0.7209,0.8169695697796432,False,False,0.16880020750314262,-0.02985528668858466,0.3333,0.6305989492119088,False,False
Latanoprost,0.4254612846095112,0.0010536585365853,True,0.29420624387695793,0.17972380185266304,0.00616,0.07691098265895954,True,False,0.2107904391090907,0.0017,0.12814178583884062,0.2824234573413839,0.00061,0.012754285714285715,True,True,0.21822187421761252,0.2858436744599651,0.00025,0.010588235294117648,True,True
Latanoprost and Netarsudil,0.2908488128534057,0.0132515337423312,True,0.16845570070059968,0.145876301435205,0.01434,0.12030697674418606,True,False,0.09625797860923539,0.0301,0.09388836320673055,0.18967936147276163,0.00802,0.06261660649819496,True,False,0.15929753745629793,0.12761841939927618,0.02197,0.13367661971830985,True,False
Latanoprost and timolol,0.3484474832586445,0.0051336322869955,True,0.3304951922015482,0.08858172948087052,0.0527,0.24692407809110628,False,False,-0.010796373534039441,0.2376,0.2944164964465993,0.1446946809663593,0.02146,0.11205975903614458,True,False,0.3494810739233313,0.14494262131395605,0.01488,0.11059793814432989,True,False
Leakage Notification System,-0.0528464044336092,0.996707192575406,False,0.032655186725762286,-0.05587612802228676,0.4737,0.6899839142091154,False,False,-0.04696381232378872,0.4206,0.027954905045703637,-0.031600890146020036,0.3318,0.5348417910447761,False,False,0.0527122312974061,-0.019794878403301967,0.1619,0.4346799007444169,False,False
Ledipasvir/sofosbuvir,0.1038033247693808,0.1925460186142709,False,0.0198728448157498,0.09239283737156637,0.04527,0.22900046838407492,True,False,-0.01788264288274429,0.2251,0.0037352981987723854,0.10187277493189925,0.04964,0.1921548387096774,True,False,0.031658587566829155,0.08818904268984587,0.04688,0.20808146639511202,True,False
Leflunomide,0.3133245968295667,0.0088941176470588,True,0.5039264925605129,0.024505397317987405,0.1645,0.423761620977354,False,False,-0.014089424292471843,0.254,0.491339817813494,0.048687411347741044,0.1272,0.3148974943052392,False,False,0.5106282536024204,0.04799515043153813,0.1051,0.3434432677760968,False,False
Leg Bags,-0.1132778429481166,0.9894683544303796,False,0.022394500877670587,-0.13575196810328113,0.8445,0.9070711089010444,False,False,-0.1294152405003309,0.8025,0.01459017596128842,-0.1395072470707018,0.9006,0.9291919770773639,False,False,0.08394849692672601,-0.12523666169667885,0.771,0.8619886187273668,False,False
Leg Ulcer Wrap,-0.0702481516853897,0.7922465753424657,False,0.040392626710781476,-0.061590441966782164,0.4552,0.6771570247933885,False,False,-0.054833790972002645,0.4065,0.022264959334196477,-0.08394680492022069,0.5844,0.7347520372526194,False,False,0.05619703729981851,-0.049199277947281905,0.378,0.6625401459854013,False,False
Lenalidomide,-0.0428269501592235,0.6954856093080221,False,0.04676385575218345,-0.05365421552797262,0.4238,0.652,False,False,-0.04095585683073328,0.338,0.042470741893739006,-0.047801849325694666,0.4256,0.6165633802816901,False,False,0.1016083643051835,-0.08218389323275806,0.54,0.722810408921933,False,False
Lenograstim,-0.0167970914017844,0.5576700610997964,False,0.08230814712073997,-0.08855996455854051,0.5969,0.7799782214156079,False,False,-0.03894729061470596,0.3348,0.0696866718147241,-0.09406862860119428,0.6519,0.7870899944102852,False,False,0.10092780756330255,-0.0823019485374211,0.5401,0.722810408921933,False,False
Lenvatinib,-0.0187282229965156,0.5348429065743945,False,0.41331379249778444,-0.06860737799751412,0.517,0.7213953488372093,False,False,-0.04809543320297696,0.4014,0.26483790434479637,-0.0426848425701261,0.4345,0.6234741035856574,False,False,0.2778416299025498,0.05303326374916186,0.04724,0.20808146639511202,True,False
Lercanidipine hydrochloride,0.2777681061930248,0.0157304347826086,True,0.3831331024918835,0.06731662078146161,0.0755,0.2972945454545455,False,False,0.07910149429948342,0.0486,0.27610645304225745,0.1566853466480595,0.01578,0.09363956043956043,True,False,0.3048146805419588,0.1265581173748534,0.02131,0.13188997134670485,True,False
Letermovir,-0.0385052975381463,0.6759229334990677,False,0.13210147117164528,-0.12712611040329228,0.7554,0.8512676056338028,False,False,-0.1168407150847367,0.7185,0.08874077838957117,-0.04084807045015304,0.4062,0.6009534246575343,False,False,0.22532549662859502,-0.030034682178787242,0.3184,0.6184748201438849,False,False
Letrozole,0.2915167291292883,0.011636129032258,True,0.1712490063304647,0.25567828674755366,0.00063,0.0243,True,True,0.2201286942842878,0.0012,0.0999418445782736,0.16840924101375113,0.01305,0.08208,True,False,0.2269390207537918,0.1412279411934842,0.01657,0.11620519480519481,True,False
Leuprorelin acetate,0.0610501034573592,0.3405260545905706,False,0.20372194499109897,0.05961762841328348,0.0857,0.3059702479338843,False,False,0.15829377116126797,0.0064,0.18515110147488756,0.02017751320546327,0.2005,0.4156238003838772,False,False,0.24853861582476355,0.00093488077675152,0.2175,0.5145673603504929,False,False
Levamisole hydrochloride,-0.073202084360732,0.8230532809871003,False,0.21232818578978785,-0.15570340358066,0.864,0.9135461200585652,False,False,-0.0928988164097047,0.6167,0.10591350862166693,-0.11019124922033362,0.7153,0.8143814541622761,False,False,0.11878433007058253,-0.10642183549726338,0.6563,0.7824635761589405,False,False
Levetiracetam,0.405385379345308,0.0009473684210526,True,0.5452083785748134,0.20995087286035372,0.00256,0.047261538461538466,True,True,0.2295626284027408,0.0011,0.5069646315842449,0.10646267714119391,0.0507,0.19409684210526315,False,False,0.5678284054568381,0.019224937584283643,0.1725,0.4521844660194174,False,False
Levobunolol hydrochloride,0.026665993076,0.4453072877535687,False,0.06572671679216668,-0.0006228751107680166,0.2245,0.47938339920948614,False,False,0.05889634850260557,0.0647,0.03328765922292576,0.005879960224811227,0.2381,0.45378947368421046,False,False,0.21945753528933942,-0.09457483705736565,0.5954,0.7528421052631579,False,False
Levobupivacaine hydrochloride,-0.0463053084490582,0.985728813559322,False,0.09190374624653663,-0.2426513004424679,0.9898,0.993158774373259,False,False,-0.09093293682133553,0.6738,0.06880020931423236,-0.20700233542616425,0.9768,0.9840895522388059,False,False,0.10293700769343406,-0.22365992088494815,0.9878,0.9887154772937906,False,False
Levocarnitine,0.0336544188832341,0.4247339449541285,False,0.20399401088008817,-0.017832491278117014,0.3073,0.5555058430717863,False,False,-0.06992223532019891,0.5011,0.14085026735430306,-0.0016569255926232693,0.2788,0.4887131280388979,False,False,0.27657619181044124,-0.07524960131120673,0.5302,0.722810408921933,False,False
Levocetirizine,0.0555075128204007,0.326992443324937,False,0.15605414418217045,-0.048984554177974975,0.4157,0.6464449244060475,False,False,-0.05560695509738641,0.4273,0.11771823386972746,-0.03106176587359956,0.3729,0.5747170349251605,False,False,0.09430517490948764,-0.005597899811862038,0.2294,0.529109243697479,False,False
Levodopa,-0.039660788089149,0.5522291950886767,False,0.040678621685696914,-0.005889394007857135,0.1913,0.45258269441401966,False,False,0.02264606530053276,0.1101,0.025716807771204775,-0.030303423095958418,0.2862,0.49288361045130646,False,False,0.13516643980259513,-0.07822460665646601,0.5363,0.722810408921933,False,False
Levodopa/carbidopa/entacapone,0.0821067086314482,0.2633614678899082,False,0.23108083228824872,0.07477908736994265,0.0618,0.27065587044534406,False,False,0.011741697056684751,0.1639,0.22138713558111522,0.0746380550393383,0.0792,0.2438019801980198,False,False,0.41240128100227147,0.015603894454866039,0.1732,0.4529200968523002,False,False
Levofloxacin,0.1042023051225547,0.2051129032258064,False,0.15442232319988236,0.11798580783264588,0.02833,0.17584137931034485,True,False,0.09575834842971505,0.0321,0.12318423941084444,0.1574032455583561,0.01854,0.10321237113402064,True,False,0.17883044928553204,0.1759879395495205,0.00734,0.0724931506849315,True,False
Levomepromazine hydrochloride,0.2249497055453225,0.0401258426966292,True,0.4065097426659521,-0.1551108104926968,0.8486,0.9092142857142858,False,False,-0.06608511189378763,0.4864,0.35217860280826874,-0.0989711651022301,0.6602,0.7904833702882483,False,False,0.3796245627164513,-0.13094321250701213,0.7499,0.8484986904138293,False,False
Levomepromazine maleate,-0.0141664251713194,0.615038961038961,False,0.08131729596035508,-0.020177307588086266,0.303,0.551090909090909,False,False,-0.06522408698993112,0.4705,0.012137469945480261,-0.03527528310949014,0.3875,0.5821956974323387,False,False,0.08147428225790121,-0.07242627734876747,0.5025,0.722810408921933,False,False
Levonorgestrel,0.3423400605948845,0.004776923076923,True,0.5539651254711414,0.04319450412873765,0.1165,0.3527394957983193,False,False,-0.01612859993060593,0.2595,0.46813875865574883,0.11925055133777261,0.03344,0.151695,True,False,0.6634557792825717,-0.02065158185730422,0.2934,0.5928381665107577,False,False
Levothyroxine sodium,0.2598478741822658,0.0158670241286863,True,0.3741662487443892,0.14742337396522678,0.01198,0.10898999999999999,True,False,0.16429096216163958,0.005,0.30608870868425553,0.24901268285347283,0.00095,0.015545454545454546,True,True,0.29542035496067565,0.24087868756818148,0.00098,0.021168,True,True
Levothyroxine sodium and liothyronine,0.0530669743875974,0.3561982128350934,False,0.20911860974270113,-0.11706158629564778,0.7232,0.830468899521531,False,False,-0.19776684901756492,0.9584,0.12719573252168992,-0.021434502206269863,0.3391,0.5409571639586411,False,False,0.32071566655160244,-0.07460638330367725,0.5148,0.722810408921933,False,False
Lidocaine,0.4762554168018942,0.0004595744680851,True,0.4212267251872427,0.2040382306927948,0.00294,0.05121290322580645,True,False,0.08664457539655535,0.0383,0.2831186583812916,0.2987453314110385,0.00051,0.011563636363636364,True,True,0.5508845686072028,0.1834879029461503,0.00542,0.058644,True,False
Lidocaine hydrochloride,0.4449487158033693,0.0009473684210526,True,0.444321109636886,0.10428516917354845,0.03732,0.20669538461538461,True,False,0.07712923676357322,0.0484,0.3179590752620872,0.2677725663458593,0.00077,0.013976470588235295,True,True,0.4431425522903445,0.1452321871830874,0.01649,0.11602084690553746,True,False
Lidocaine/cetylpyridinium,-0.0337433717913069,0.7142313253012048,False,0.1951729771145736,-0.1502294775992694,0.8936,0.9286233766233767,False,False,-0.17100342124214757,0.9098,0.15401218265741667,-0.12753104449640082,0.8678,0.9055304347826088,False,False,0.2300381041343459,-0.091680442759818,0.6296,0.7705019830028329,False,False
Lidocaine/prilocaine (Premature Ejaculation),-0.0384538034849167,0.8881646437994724,False,0.015804689818805007,-0.01744160475872609,0.1871,0.44751381215469616,False,False,-0.03499806924415898,0.3309,0.010095568265514054,-0.03779064259646587,0.3894,0.5832898751733704,False,False,0.08896171851387036,-0.08199952342748168,0.6225,0.7648464163822526,False,False
Light liquid paraffin,0.1257691561685957,0.162060470324748,False,0.6956081010175315,0.005643209295699312,0.2119,0.4728347107438017,False,False,0.020024681225672962,0.1406,0.5621269941411815,0.13745724887393013,0.02545,0.12493636363636364,True,False,0.5023494185119974,0.1234896720956691,0.02345,0.13865806451612903,True,False
Linaclotide,0.0895201126113469,0.2444318181818182,False,0.23650279017980436,-0.1275457032316536,0.7555,0.8512676056338028,False,False,-0.08752499080838753,0.584,0.1280525335365187,-0.013130509157578558,0.3031,0.5098878504672897,False,False,0.17974965443763646,-0.03768981289358443,0.3478,0.6397276595744681,False,False
Linagliptin,0.170706597417477,0.0746622754491018,False,0.40791404183007907,-0.11718675746534543,0.7231,0.830468899521531,False,False,-0.05843413327166035,0.4388,0.338714604726587,-0.08844780679030963,0.6329,0.7741019252548131,False,False,0.47063910358750294,-0.061251139911200465,0.4486,0.7036862745098039,False,False
Linagliptin/metformin,0.1244809376135179,0.1014412955465586,False,0.45368002172020006,-0.1184906247612236,0.7549,0.8512676056338028,False,False,-0.16054938439060182,0.8885,0.3731755025642899,-0.03577554318352691,0.3943,0.5889958506224067,False,False,0.45032900574827417,-0.07195734080785043,0.5066,0.722810408921933,False,False
Linezolid,-0.0143457409274067,0.591814200398142,False,0.19116254515763598,-0.08805875694754182,0.6013,0.780933014354067,False,False,-0.0781546140257835,0.5375,0.1666328557458836,-0.11034886270575975,0.7215,0.8172207656004196,False,False,0.20703202821113742,-0.0551886798879765,0.4345,0.693909963099631,False,False
Lints,-0.0160978556319675,0.6152217898832685,False,0.14044595598323972,-0.008579425470211005,0.2581,0.5086642335766424,False,False,0.03468347220108154,0.1148,0.10543436739230005,-0.008179981791820959,0.2879,0.49288361045130646,False,False,0.1062994212183741,0.0024771828581506734,0.2159,0.5124659340659341,False,False
Linzagolix,-0.0072680729528292,0.561190798376184,False,0.09334622056202246,-0.12675663326444167,0.7677,0.8587426204039359,False,False,-0.07332962500042943,0.513,0.055686283445168794,-0.10446958060513198,0.6912,0.8043096774193549,False,False,0.08462918352020476,-0.13132575604235167,0.7606,0.8559042165538782,False,False
Liothyronine sodium,0.1753565632573311,0.0850480796586059,False,0.3728368395992958,0.026556132976871726,0.1593,0.41659008464328895,False,False,-0.05229337481469599,0.4134,0.3133965408794992,0.051156602538173945,0.1239,0.3115529685681024,False,False,0.3160253092552898,0.03659693869581681,0.1242,0.3747615062761506,False,False
Liquefied phenol,-0.0365853658536584,0.9237722277722276,False,0.09185980732128796,-0.22743224804475112,0.9841,0.9891372731503024,False,False,-0.08365174362873663,0.6398,0.06396073087273646,-0.18995451185247963,0.9677,0.9785730337078652,False,False,0.1072500686148713,-0.21045821375225574,0.9825,0.986610878661088,False,False
Liquid OTC cond specific vitamin & mineral supp (0913473),0.3770668718413578,0.0019261146496815,True,0.42811056059272434,-0.15120915107991081,0.8402,0.9051531172069824,False,False,-0.08393923303505504,0.5595,0.17770421131088388,0.19541927732203737,0.00679,0.05706770428015564,True,False,0.480484037481984,-0.055470296558059365,0.4303,0.6934063656550703,False,False
Liquid OTC glucose for diabetic hypo treatment (0913541),-0.0473493428302747,0.739458308693081,False,0.23867570738013444,-0.11178533895803222,0.7017,0.8241827079934747,False,False,-0.10421473726958598,0.6738,0.16998829939888027,-0.12940046816158082,0.7932,0.8611793068809643,False,False,0.24530789196612857,-0.08492511664824347,0.5613,0.7321304347826088,False,False
Liquid OTC probiotic (0913531),0.1866547717442847,0.0752453731343283,False,0.23512359668045602,0.02474716097178699,0.1472,0.39978947368421053,False,False,0.021602052139382995,0.1336,0.22193984874556216,0.04529195812023728,0.1193,0.30495621301775144,False,False,0.2456788771985935,0.03939993867140623,0.1093,0.35184500745156483,False,False
Liquid additive lactase (0913121),0.3247784500854943,0.012214696485623,True,0.5862046052946794,0.11529492229309976,0.02744,0.17192347826086954,True,False,0.16693781151952305,0.006,0.5387477462590201,0.17824673683023362,0.00994,0.07130860927152317,True,False,0.4239493526119864,0.25642879651408373,0.00055,0.014850000000000002,True,True
Liquid disc or non ACBS thickener - gum based (0913411),-0.0089430894308943,0.1250692682926829,False,0.14725640717372002,-0.014110685837214471,0.2186,0.47407228915662647,False,False,-0.014393553926049315,0.2269,0.06642513337903089,-0.028606869292921246,0.31,0.5134969325153375,False,False,0.09522288128247236,-0.027362309330116078,0.2332,0.529109243697479,False,False
Liquid micronutrient supplement (0913282),0.0928085743319753,0.2410732635585157,False,0.2618149401067221,0.10325653568749112,0.03804,0.20818025316455696,True,False,0.2272427424975605,0.0015,0.23574604559082968,0.1340795341105375,0.02904,0.1375578947368421,True,False,0.4436403643558181,0.02436226734004962,0.1501,0.41459846547314577,False,False
Liquid paraffin,0.0043203096176648,0.5482278654770075,False,0.3385964930640951,-0.1122297829888862,0.6983,0.8210821992378878,False,False,-0.033720487290536505,0.3222,0.19213915686214145,-0.06551720013777448,0.5257,0.6936263736263737,False,False,0.23524631984488342,-0.11256698020861518,0.6771,0.7974569247546347,False,False
Liraglutide,-0.0347997704774027,0.6961907090464549,False,0.2174161960711236,-0.046465945279374865,0.4146,0.6456640230713772,False,False,0.09283794159866343,0.0342,0.11181287158932995,-0.1166259863409181,0.7348,0.8253603744149767,False,False,0.3096592337738049,-0.0632230271534234,0.4645,0.7156348074179744,False,False
Lisdexamfetamine dimesylate,0.4557194812030382,0.0010536585365853,True,0.48392101125636855,0.14053906578173206,0.01489,0.12229049429657794,True,False,0.03461080824641085,0.1092,0.420915499487872,0.15905870185159485,0.01446,0.08823050847457628,True,False,0.542468294837736,0.15349810202896497,0.00957,0.08420487804878048,True,False
Lisinopril,0.0313396090479842,0.4020793774319066,False,0.05380513764947714,-0.04982587187814787,0.4309,0.6587006369426752,False,False,-0.07184378892192778,0.4948,0.04165464411713482,-0.029648747915995397,0.3715,0.5731714285714286,False,False,0.09790115515737274,-0.05198352862479763,0.4244,0.68873328324568,False,False
Lisinopril with diuretic,0.0341643596093183,0.4123029366306027,False,0.2540211460733023,-0.03864469643412465,0.3678,0.6069121466768526,False,False,0.017757998184544984,0.1334,0.17145213687413963,-0.02706561186066855,0.3554,0.5603386861313868,False,False,0.256763639979418,-0.06145127939364018,0.4529,0.7063277978339351,False,False
Lithium carbonate,0.1824632545918149,0.0740151285930408,False,0.2490119427989128,0.056068818483015335,0.0954,0.320160741885626,False,False,-0.05752096303593747,0.4384,0.23504127076020176,0.03785076501109593,0.1566,0.3576505263157894,False,False,0.37261958543929596,-0.10026429503109584,0.6289,0.7700816326530612,False,False
Lithium citrate,0.0949160955346206,0.2346385426653883,False,0.2380220030564053,-0.049573366419090374,0.4187,0.6486193548387097,False,False,-0.11926805213907253,0.7456,0.1981838646756131,-0.03169078244337608,0.3746,0.5758975088967971,False,False,0.26430036983416394,-0.058845627770602905,0.4358,0.6941946902654867,False,False
Lixisenatide,-0.0234079815047384,0.6366896551724138,False,0.28688679620558877,-0.06535858211864279,0.4979,0.7061483913328955,False,False,-0.07343087943924588,0.5188,0.06530058958287499,-0.01872720694633791,0.3068,0.5134969325153375,False,False,0.1948641121313398,-0.045517652711628415,0.3703,0.6572292522596549,False,False
Lodoxamide trometamol,0.1486253210237905,0.1217797752808988,False,0.24818221192313894,0.01749333441820833,0.1836,0.44409406494960807,False,False,-0.0356444990699433,0.3394,0.21672985038562864,0.047411318855279445,0.1417,0.33671287128712873,False,False,0.2237448466540971,0.04540986027371266,0.111,0.3549940828402367,False,False
Lofepramine hydrochloride,0.1846043266003804,0.0688436817472698,False,0.28296032538712734,0.00045060836490868505,0.2305,0.4846880466472303,False,False,0.0263396601309098,0.1207,0.12410050804115436,0.10828515426116295,0.04078,0.1691655831739962,True,False,0.151438723527071,0.08678960531625529,0.04502,0.20472252631578947,True,False
Loperamide hydrochloride,0.6854678978172348,0.0003176470588235,True,0.701327381818404,0.16508949905308407,0.00746,0.08525714285714285,True,False,0.04715189779625118,0.0846,0.6265243526402924,0.3430642448919153,6e-05,0.0038117647058823526,True,True,0.7451803808848171,0.2875401707805672,0.00023,0.01035,True,True
Loperamide hydrochloride and simeticone,0.0364239855909029,0.4301958997722095,False,0.1669147663480206,-0.009203383286835553,0.2621,0.5132692656391659,False,False,-0.003938791720952137,0.2146,0.09905724091548873,0.006480569211945521,0.247,0.4595348837209302,False,False,0.09532683936159692,0.03271920857281239,0.1403,0.3992727272727273,False,False
Lopinavir and ritonavir,-0.0926191111863647,0.8751304347826088,False,0.14481637537780667,-0.15871480115311917,0.8768,0.9171370460048427,False,False,-0.1833211274800244,0.944,0.10835097845115038,-0.13454850200624716,0.8241,0.8807798119742701,False,False,0.17423775692339738,-0.1421278496652323,0.8102,0.8877687626774848,False,False
Loprazolam mesilate,0.2018478027596915,0.0581320197044334,False,0.2159128768606663,0.0866880352064089,0.0503,0.24444404494382024,False,False,0.0278980353008472,0.1225,0.09434176255389215,0.11276787593024808,0.03956,0.16722035225048923,True,False,0.2351810157264529,0.19316893298466642,0.00486,0.054391709844559585,True,False
Loratadine,0.3548881740537462,0.00378,True,0.4293758790367873,0.19030384030728542,0.00485,0.06739746835443039,True,False,0.16043672286799346,0.0069,0.24488680790600292,0.33471563131190313,0.0001,0.004595744680851064,True,True,0.15059307834646363,0.35916239229894314,1e-05,0.0018000000000000002,True,True
Lorazepam,0.2842562740560307,0.013780415430267,True,0.23053740846198745,0.14628059660306666,0.01418,0.12030697674418606,True,False,0.22653992104271325,0.0009,0.19051319924662558,0.16132399978956782,0.01506,0.09036000000000001,True,False,0.27292592736348364,0.08919487212248224,0.04901,0.2113005988023952,True,False
Lormetazepam,-0.062738570900447,0.7858037865748709,False,0.18583359577220437,-0.03381838262593378,0.3524,0.5962411902897415,False,False,0.09922791536434114,0.0307,0.13910087198406196,-0.06167973056632089,0.512,0.6826666666666668,False,False,0.15881789712049244,-0.12483092986513132,0.7393,0.8422405063291138,False,False
Losartan potassium,0.1842603122991135,0.0757270588235294,False,0.2969044718159999,0.018759555742010915,0.1775,0.43911818181818185,False,False,0.007771622816394865,0.1802,0.2587884872495768,-0.03761719740269419,0.4013,0.5961540577716644,False,False,0.39108252218276585,-0.021208017917921866,0.2937,0.5928897196261683,False,False
Losartan potassium with diuretic,0.3639879350391519,0.0036904522613065,True,0.5841710463967911,0.09433352745982,0.04612,0.23112494279176204,True,False,0.05238180060003762,0.0777,0.4012780319982133,0.17378270859891828,0.01134,0.0756,True,False,0.5171703597609683,0.0888900357322488,0.04762,0.2083790322580645,True,False
Loteprednol etabonate,0.1309250235288858,0.1377317647058823,False,0.13617458366311863,0.08405070035525973,0.0513,0.2456940133037694,False,False,0.08811330005308934,0.0354,0.021937841643955847,0.11650671397758061,0.03511,0.1546682926829268,True,False,0.11469760648587446,0.11784338313571235,0.02171,0.13283389830508474,True,False
Low Friction Products,0.2710112226818659,0.0211924528301886,True,0.2581109105898838,0.08151329834643821,0.0526,0.24692407809110628,False,False,0.0346097952735524,0.1083,0.2395969958178712,0.10028436930569423,0.04802,0.18927591240875913,True,False,0.2543643157995701,0.10384994256855601,0.03309,0.16813521126760564,True,False
Low protein biscuits,-0.0612024654366456,0.8976652719665272,False,0.044055687011525624,-0.07760202400414067,0.5589,0.7488982630272952,False,False,-0.04323630350240062,0.3207,0.038115616410842934,-0.06928297881572851,0.5477,0.7072009512485137,False,False,0.0807743478606584,-0.09425218265612226,0.6255,0.7672231686541737,False,False
Low protein bread,-0.0649835164077264,0.915609657947686,False,0.03973171130981501,-0.09718736232915733,0.6747,0.81,False,False,-0.05366662641936057,0.3729,0.03345239991362481,-0.08650294144255447,0.6692,0.7937792421746294,False,False,0.07821998624590532,-0.10670233310084734,0.6969,0.8093032258064515,False,False
Low protein breads,-0.0226117305544274,0.5163631245601689,False,0.053633754003293066,-0.12636421108355256,0.8605,0.9127776141384388,False,False,-0.07227694443277947,0.5617,0.03635198702988407,-0.09150715286001723,0.7678,0.8461469387755103,False,False,0.1061347865128236,-0.13985773474563212,0.8858,0.9406725663716814,False,False
Low protein cakes,-0.0375735705514624,0.902447327451998,False,0.05392020489874061,-0.13553434948785023,0.8961,0.9301182123978856,False,False,-0.09123871800949021,0.6868,0.03349107492676395,-0.09538639594672979,0.819,0.8779354838709678,False,False,0.12507831683711612,-0.16233024095036272,0.9377,0.958557501183152,False,False
Low protein cereals,-0.0441976273000396,0.9815007132667618,False,0.03897401249920185,-0.000678578220033217,0.1216,0.3622841379310345,False,False,-0.007363145828515624,0.1709,0.0379265572157389,-0.0034279716196026076,0.1303,0.3183800904977375,False,False,0.15099512631532697,-0.07946942450965014,0.573,0.7378498212157331,False,False
Low protein cooking aids,-0.055698982910496,0.9751183830606353,False,0.036769397853462005,-0.021955054939655657,0.2375,0.48810656517602286,False,False,-0.015401897197408804,0.2131,0.03566990549851101,-0.025472429875692256,0.2792,0.4887131280388979,False,False,0.11980324688664534,-0.07973641176984134,0.5711,0.7364632835820896,False,False
Low protein desserts,-0.0271814807132184,0.7211654676258993,False,0.057622417362460765,-0.13293549636352933,0.889,0.9254168674698795,False,False,-0.08732953642048945,0.667,0.03748801996932649,-0.09126951010609036,0.7944,0.8613975903614458,False,False,0.12602506695107785,-0.16158988151108833,0.9356,0.958557501183152,False,False
Low protein grains/flours,-0.0460307289587187,0.9653707104881584,False,0.03703752628605661,-0.006771950088351767,0.1537,0.40885714285714286,False,False,-0.00628681451212109,0.1659,0.03600532320772676,-0.00990811791626769,0.1751,0.3831975683890578,False,False,0.1355519639116769,-0.07796133010885455,0.5667,0.7335458358298382,False,False
Low protein meals,-0.0227659078233955,0.6371242829827916,False,0.05357944135318693,-0.1252392898393798,0.8689,0.9148977604673807,False,False,-0.08223109596589043,0.6379,0.0354893219108251,-0.0884449520543108,0.7792,0.8547851701371255,False,False,0.12875327521550872,-0.16104638685333753,0.9359,0.958557501183152,False,False
Low protein miscellaneous,-0.0213361530679704,0.5957142857142856,False,0.05300172810625392,-0.1207697206792629,0.8575,0.9124137931034483,False,False,-0.07996827217978619,0.6256,0.03439209412555111,-0.08263305336848083,0.7465,0.8325534331440373,False,False,0.12565312992331223,-0.15395748066749612,0.9237,0.9545939741750359,False,False
Low protein mixes,0.0303026611957508,0.3792796208530806,False,0.08282958321187595,-0.09137838312166204,0.6107,0.7828557863501484,False,False,-0.04083698886819237,0.3289,0.05310962017521348,-0.05223183766025787,0.4249,0.6165633802816901,False,False,0.12440917669234253,-0.08568979390279509,0.5667,0.7335458358298382,False,False
Low protein pasta,-0.0458880482060042,0.9963805970149252,False,0.03878949394183029,-0.003573230707273129,0.1326,0.3752470588235294,False,False,-0.008775085245643185,0.1773,0.03737655174166954,-0.00561660897210554,0.1416,0.33671287128712873,False,False,0.14678547535186515,-0.08183622196407515,0.59,0.7495873015873016,False,False
Low protein pastas,-0.045391540872724,0.9917191011235954,False,0.03858955192940128,-0.004462930334852623,0.139,0.3856944801026958,False,False,-0.008624714340242756,0.1774,0.03729055581243912,-0.0069343706634619985,0.1477,0.34588082340195014,False,False,0.14851230137084903,-0.08401286300220438,0.6051,0.7572514484356894,False,False
Low protein risotto,-0.0245742506375905,0.6903450834879407,False,0.04759622351365933,-0.11563882192888958,0.8425,0.906382470119522,False,False,-0.07975650551777635,0.6248,0.03158647065586362,-0.07984221147592943,0.7271,0.8216359832635982,False,False,0.11446029262026192,-0.14817090428407756,0.9092,0.952989928057554,False,False
Low protein snacks,-0.0154688282325921,0.4301958997722095,False,0.05467763948832449,-0.11937964139698239,0.8538,0.9101183431952663,False,False,-0.07581086243536359,0.5979,0.03227538847327971,-0.07755126454601924,0.7067,0.8090847457627119,False,False,0.11456891477198039,-0.14128015513825898,0.8944,0.9465477707006369,False,False
Lubiprostone,-0.0503780355860165,0.7324211778703151,False,0.19441127472547692,-0.1950962396236362,0.9592,0.9757591721542803,False,False,-0.14944058387266146,0.8696,0.12243039983646364,-0.14405568376291986,0.8935,0.9247532343076185,False,False,0.22468085845385355,-0.17108230737923655,0.9135,0.952989928057554,False,False
Lubricant Gels,-0.1180132136532349,0.9919625643425364,False,0.025696985875532707,-0.14381475003044125,0.8706,0.9150832116788321,False,False,-0.13468587255488312,0.8236,0.01904133576215561,-0.14933115611552802,0.9224,0.9442578199052133,False,False,0.09713454768285246,-0.14444947250276347,0.8455,0.9072429210134128,False,False
Lumacaftor/ivacaftor,0.100544223902531,0.1902056074766355,False,0.120989372993215,0.08114860947454063,0.0648,0.27583497053045186,False,False,0.10496435694045005,0.0266,0.0902153922377954,0.05405765304529773,0.1141,0.29622115384615383,False,False,0.14092700210979803,0.060732534254961154,0.0835,0.29374592833876223,False,False
Lurasidone,0.2758674315176245,0.0191283582089552,True,0.2860801834532902,0.05363862854215217,0.1013,0.3295301204819277,False,False,0.09752949866153607,0.0313,0.23757110756758282,0.08933240778909843,0.0648,0.22534615384615386,False,False,0.27542897750940776,0.054463936819100355,0.0935,0.316056338028169,False,False
Lymecycline,0.1648302179788974,0.091447009735744,False,0.5049234690977041,0.12647183807968035,0.02296,0.15895384615384617,True,False,0.1480926009906729,0.0094,0.38407133200746735,-0.05351836491143875,0.4755,0.6575416133162612,False,False,0.5183527037914307,0.039155175947271574,0.1212,0.37098305084745764,False,False
Lymphoedema Garments,-0.070713649019813,0.9181356102461076,False,0.057059222282002,-0.06324444538621365,0.4516,0.6757842323651453,False,False,-0.04428166794382484,0.3352,0.021954462524581442,-0.07085892682367032,0.5478,0.7072009512485137,False,False,0.17111421640782232,-0.1283627717062227,0.7787,0.8664469618949537,False,False
Macitentan,0.2392469372193941,0.0303555555555555,True,0.348460441478058,-0.030253608915347976,0.3382,0.5844096000000001,False,False,-0.006590203380764971,0.2211,0.2509190220625255,0.05872144008477174,0.1055,0.28592220828105397,False,False,0.33337512652494483,-0.009646337138964416,0.2522,0.5463911735205617,False,False
Macrogol 3350,0.2452355750360317,0.0262185745140388,True,0.44647312009575313,-0.010997475032672814,0.2757,0.5284046140195209,False,False,-0.03101261587987164,0.3191,0.2751742800859034,0.1166771910469847,0.04054,0.1691655831739962,True,False,0.3623260605715968,0.09894993176516632,0.04099,0.1945898901098901,True,False
Macrogol 4000,0.0058225774587011,0.337354356846473,False,0.0635152134507192,-0.016905158008241807,0.2235,0.4786217821782178,False,False,-0.020919898981884944,0.2507,0.046180743155764814,0.01133320185245437,0.1294,0.3168979591836734,False,False,0.12985615506072556,-0.006138409437542832,0.1778,0.4610420168067227,False,False
Magnesium aspartate,0.3603880726041633,0.0025483146067415,True,0.43388562281304366,0.014523814442555669,0.1799,0.44007248018120043,False,False,-0.01963701844436194,0.2807,0.14896213189812546,0.16988217203758266,0.01125,0.07553291925465837,True,False,0.3432852481039961,0.1203595506151204,0.0231,0.13821606648199447,True,False
Magnesium carbonate,0.1135672603052983,0.1353191489361702,False,0.24643752828669807,-0.007159277523101701,0.2338,0.4865202312138729,False,False,-0.13647530973757654,0.8208,0.16373373136238778,0.003939378772843609,0.2168,0.43120441988950275,False,False,0.1744657534303662,-0.02713724028125605,0.2844,0.5809584905660378,False,False
Magnesium citrate,0.2952046471042941,0.0161857519788918,True,0.21104733762718975,0.2348141254181641,0.00124,0.03345365853658537,True,True,0.2838932247834697,0.0004,0.06328892656710017,0.26554776352505627,0.00147,0.021313907284768212,True,True,0.05748272257096687,0.2400609078638499,0.00152,0.026692682926829272,True,True
Magnesium glycerophosphate,0.3400998863095393,0.0043411764705882,True,0.1474496767636918,0.23809076187004266,0.0012,0.03345365853658537,True,True,0.267197826409615,0.0004,0.12169195401429833,0.2527161639255728,0.00107,0.01712,True,True,0.17027442286175487,0.16178806029969078,0.00942,0.0840793388429752,True,False
Magnesium hydroxide,0.2469580681865505,0.0364762645914396,True,0.13368827163105224,0.14096528441562417,0.01612,0.12992238805970147,True,False,0.2185812938551302,0.0023,0.11940156345269659,0.15011112499320428,0.01973,0.10778181818181819,True,False,0.16700764940301127,0.1157628655345281,0.02369,0.13865806451612903,True,False
Magnesium lactate,0.3313891614461427,0.00528,True,0.2561817875343585,0.12717261044324,0.00959,0.09595576036866359,True,False,0.06987486656345863,0.0366,0.13722680888345973,0.27063228165938025,0.00026,0.0073894736842105265,True,True,0.18415096104234407,0.28575218883195025,2e-05,0.00288,True,True
Magnesium oxide,-0.041104199920437,0.7050566037735848,False,0.20633757757022209,0.045846190561027775,0.1023,0.3317837837837838,False,False,0.003097389988874954,0.1888,0.07161649799030179,0.00824999447052711,0.1896,0.4025068762278978,False,False,0.27163795443276706,-0.0927629015153407,0.6076,0.7573087132140798,False,False
Magnesium sulfate,0.4188825679834396,0.0010536585365853,True,0.2693521085232812,0.21899318895554315,0.00205,0.042990291262135924,True,True,0.1676657479031989,0.0054,0.17212829172333066,0.3566698548088828,7e-05,0.0038769230769230764,True,True,0.2863465040471852,0.30958115920337376,0.00014,0.007199999999999999,True,True
Magnesium sulphate,-0.0146246646980017,0.4722119205298013,False,0.22837957347886362,-0.17977795241921896,0.9393,0.9615582938388626,False,False,-0.0993493609413153,0.6589,0.19042136105614704,-0.12589444344191714,0.8296,0.8844698914116486,False,False,0.2649511413815355,-0.18675170266131141,0.9402,0.9597504725897921,False,False
Magnesium trisilicate,0.1944211415638648,0.0489776223776223,True,0.7074346394336342,0.2577192806562788,0.00032,0.018189473684210526,True,True,0.3139128551949893,0.0001,0.5479064209391744,0.24009297721875456,0.00083,0.014575609756097561,True,True,0.5527695436600993,0.28042601889407354,0.00012,0.007005405405405405,True,True
Malathion,0.2577021783012962,0.0210807692307692,True,0.44747775470542106,0.18676873483684991,0.0049,0.06739746835443039,True,False,0.02795560685151608,0.1266,0.2670779281314567,0.284064059731906,0.00051,0.011563636363636364,True,True,0.32644095687500574,0.30248912704013353,0.00013,0.007199999999999999,True,True
Maltodextrin,-0.061884468923011,0.9469144254278729,False,0.062132478561285454,-0.04353936298615441,0.3753,0.6155508345978755,False,False,-0.028807274309852762,0.2929,0.06111344012119857,-0.0482282092915493,0.4579,0.6414163424124514,False,False,0.1648907851390381,-0.12316403583384782,0.796,0.8776722817764167,False,False
Mannitol,-0.0787901821786427,0.8817330508474578,False,0.09375191334348798,-0.09126916611204881,0.6071,0.7824200477326969,False,False,-0.11653065027510194,0.7342,0.05613501284738909,-0.08074743718999293,0.5786,0.7297092819614711,False,False,0.04779785502674294,-0.08364754513162678,0.5319,0.722810408921933,False,False
Maraviroc,0.0211311622967695,0.3952664576802508,False,0.13442823709140894,-0.04147317712270709,0.3674,0.6067155963302753,False,False,-0.05491933027602416,0.4298,0.06109741317030404,0.051788277164454735,0.0894,0.2613044654939107,False,False,0.07222683046772183,0.03203221398828831,0.0958,0.32181648522550543,False,False
"Measles, mumps and rubella vaccine",0.1615975966499457,0.1014412955465586,False,0.10285711011862309,0.07448064765086229,0.0681,0.282876923076923,False,False,0.08747437012721913,0.0405,0.09699036384906157,0.09233349696181424,0.0647,0.22534615384615386,False,False,0.3054350614601079,0.032865125969111064,0.1359,0.3940187919463087,False,False
"Measles, mumps, rubella and varicella vaccine",-0.0089430894308943,0.1250692682926829,False,0.14725640717372257,-0.014110685837214466,0.2186,0.47407228915662647,False,False,-0.014393553926049298,0.2269,0.06642513337903344,-0.028606869292921215,0.31,0.5134969325153375,False,False,0.09522288128247447,-0.027362309330116075,0.2332,0.529109243697479,False,False
Mebendazole,0.345932150606825,0.0054707423580786,True,0.7002812899963526,0.22041372301318013,0.00172,0.040363636363636365,True,True,0.19339632940950405,0.0024,0.3920124735201934,0.35689714477407086,8e-05,0.003927272727272727,True,True,0.47211771473270747,0.3197812065638556,6e-05,0.00576,True,True
Mebeverine hydrochloride,0.6726276707069495,0.0003176470588235,True,0.7644599752944925,0.050616384769477024,0.1059,0.33720176730486007,False,False,0.059627975178289536,0.074,0.5464774520931694,0.23047379585348968,0.00268,0.02938477157360406,True,True,0.7268850885947951,0.04315697959409755,0.1182,0.3647314285714286,False,False
Mebeverine hydrochloride compound preparations,0.1236791146726555,0.166485049833887,False,0.2852055084775572,0.021343850777233855,0.17,0.4309859154929578,False,False,0.08884769380287315,0.0368,0.2440974088347554,0.015300944461626621,0.2124,0.42797014925373134,False,False,0.35862281789639516,-0.12607352729907392,0.7344,0.8384270613107823,False,False
Mecasermin,-0.0475761073229507,0.8671524324324325,False,0.044002665864313895,0.014832906729512794,0.1098,0.34522270742358074,False,False,0.0085281042852675,0.1229,0.021550624681146657,-0.04386530003598803,0.3751,0.576,False,False,0.08787833138022372,-0.03321241103030862,0.2764,0.5757222757955641,False,False
Meclozine hydrochloride,-0.041753774680604,1.0,False,0.03926140965407987,-0.02982576422300937,0.2815,0.5319685039370079,False,False,-0.02573553074716463,0.2774,0.008338846977760217,-0.05345489508937302,0.5507,0.7072009512485137,False,False,0.08395046077851664,-0.09694962847147057,0.7231,0.829031847133758,False,False
Mecysteine hydrochloride,-0.0517664022174115,0.8370447266703478,False,0.16573371479126198,-0.1437068648665828,0.8778,0.9173991291727142,False,False,-0.13625650598509537,0.8249,0.11391214721583054,-0.08527767265172075,0.6615,0.7908444936358605,False,False,0.20189071460099917,-0.06479697028138258,0.4743,0.7189389473684211,False,False
Medicated stockings,0.2703963477887751,0.0134091743119266,True,0.09403816687953281,0.10736450424701745,0.01939,0.144172602739726,True,False,0.038116611814020984,0.0832,0.09272770483652781,0.1030187173474635,0.02702,0.129696,True,False,0.18945204549422934,0.11474001857278747,0.01131,0.09324274809160306,True,False
Medroxyprogesterone acetate,0.4021511602561364,0.0009473684210526,True,0.5548920966083339,0.12058396875090725,0.02544,0.1663135135135135,True,False,0.11308825325859478,0.02,0.35959094549317694,0.2022903155652294,0.00545,0.04985316455696203,True,True,0.5250533452954638,0.13862232714268716,0.0171,0.11838461538461538,True,False
Mefenamic acid,0.458109125939281,0.0003176470588235,True,0.5918908867343817,0.16458676845415032,0.00876,0.09115406698564592,True,False,0.15692646424676315,0.0047,0.43837390253207953,0.31325966714972614,0.00024,0.0073894736842105265,True,True,0.5130186394613234,0.24393800181921055,0.00119,0.02445283018867924,True,True
Mefloquine hydrochloride,0.3615154464125519,0.0125088607594936,True,0.5442278997627334,0.06287660220092241,0.0627,0.273456,False,False,-0.0511533869765608,0.422,0.4801206030854456,0.11413409641434066,0.02722,0.13036629711751663,True,False,0.5340185900723122,0.0693457599970764,0.04595,0.20764016736401672,True,False
Megestrol acetate,0.3158018652167419,0.009525,True,0.1830632557310241,0.2512190052402381,0.0008,0.028047761194029852,True,True,0.295910945165797,0.0004,0.07218858969684505,0.32854978166908655,0.00022,0.0069882352941176475,True,True,0.11373497190073822,0.29475825726133753,0.00028,0.010977049180327868,True,True
Melatonin,0.2153869517143966,0.0458566844919786,True,0.1085418323177314,0.05152480735652125,0.106,0.33720176730486007,False,False,-0.00015289685295058562,0.2068,0.05871087540849074,0.12941782947030514,0.03045,0.14267245119305857,True,False,0.1263942532268041,0.09705053130774328,0.04197,0.1966490238611714,True,False
Meloxicam,0.2840550059761794,0.0112695652173913,True,0.23985537895092313,0.09583414359323786,0.04045,0.21520197044334977,True,False,0.18116999979670714,0.0028,0.23452851946166253,0.08543742648437234,0.0599,0.21492537313432836,False,False,0.2832947666562009,0.09858998673582009,0.03358,0.16946915887850467,True,False
Melperone hydrochloride,-0.0409794812233836,0.9815007132667618,False,0.3044444623295923,-0.23044394480053737,0.9828,0.9890949720670391,False,False,-0.2407758482473062,0.9929,0.2901108064196002,-0.23132100239274825,0.9867,0.9880723226703755,False,False,0.3894427761903063,-0.18871555741410104,0.9493,0.9610684161199625,False,False
Melphalan,0.1151098318365303,0.1909045643153527,False,0.19088064154258289,-0.024694059789122074,0.3248,0.5717750611246943,False,False,-0.10062074326066976,0.655,0.10540122211694114,0.0970179839050581,0.0554,0.20385689948892674,False,False,0.19042102357384716,0.06745836653808225,0.075,0.27597955706984667,False,False
Memantine hydrochloride,0.1938376321937834,0.0561242975206611,False,0.3569281658733683,-0.028291562361573645,0.3298,0.5767548387096775,False,False,-0.05286318605592972,0.4154,0.26932801403888884,0.01583697075180418,0.1983,0.4118538461538462,False,False,0.34086849830430055,-0.012713710530414713,0.2608,0.5588571428571428,False,False
Menadiol sodium phosphate,0.4266253654646139,0.0016054054054054,True,0.3890708698439296,0.016148570800263117,0.1789,0.43911818181818185,False,False,0.031098613629073922,0.1155,0.23287597386597303,0.15495085130092576,0.01697,0.09702857142857142,True,False,0.32850495089334697,0.05821104493100864,0.0801,0.2874019933554818,False,False
Meningococcal A + C + W135 + Y vaccine,-0.0005585661086893,0.4837337192474674,False,0.47596752339650694,-0.10237075515294379,0.656,0.8083057615516258,False,False,-0.05068289086573938,0.3997,0.39260325486093606,-0.09896310492832062,0.6756,0.7974295081967213,False,False,0.3973013799507563,-0.08895830826212725,0.5755,0.7390487514863258,False,False
Meningococcal B vaccine,-0.1077338657986825,0.908731757451182,False,0.020722454159486592,-0.0990241291255485,0.6474,0.8044480183802412,False,False,-0.09949599512852716,0.6409,0.003684834869546516,-0.11089319643110884,0.7246,0.8199853326348874,False,False,0.0877614692730363,-0.14222041000815677,0.7995,0.8793893129770992,False,False
Meningococcal C vaccine,-0.0194949892620029,0.3027708154506437,False,0.1992908343624803,-0.04739751060830075,0.4123,0.6442516268980477,False,False,-0.03349703843732873,0.3344,0.17492827497320462,-0.09513624212923405,0.7273,0.8216359832635982,False,False,0.28948902156515144,-0.05379097320734951,0.4161,0.6810295230885692,False,False
Menotrophin,0.0205485175391025,0.0587095081967213,False,0.07673927346708598,0.02407575484815854,0.0663,0.2793320388349515,False,False,0.002793532663568655,0.1429,0.0256159185150856,0.01777243166180882,0.04297,0.17487457627118644,True,False,0.04039353990361971,-0.0016919920007718826,0.0839,0.29419480519480523,False,False
Menthol,0.2242453922271638,0.037893282149712,True,0.09573975604303842,0.15426543342045645,0.01137,0.10623862660944206,True,False,0.09386488156131789,0.0333,0.08044598221876131,0.20026220516852614,0.00536,0.049753846153846155,True,True,0.33604354501385025,0.1116749981640567,0.03208,0.16420094786729858,True,False
Mepacrine hydrochloride,0.166060616982268,0.0853001414427157,False,0.14255704341993236,0.04120321131521243,0.1188,0.3564,False,False,0.06669889975800034,0.0568,0.0890442352194446,0.10578904363121625,0.04538,0.180850184501845,True,False,0.14175695197539617,0.06746615286421573,0.0651,0.25381949458483755,False,False
Mepivacaine hydrochloride,0.0108740168305066,0.3686124401913875,False,0.33152899917132517,-0.06324990380997984,0.497,0.7057988165680473,False,False,-0.07526124178555589,0.5517,0.14553184604808833,-0.04559123343690368,0.4472,0.6329960681520315,False,False,0.2827698148291241,-0.07143759857088745,0.5172,0.722810408921933,False,False
Mepolizumab,-0.0433379695749391,0.704828258221681,False,0.1764380363315592,-0.05956776967321882,0.4666,0.6860830496936692,False,False,-0.13672961493568847,0.8225,0.14563609408756528,-0.06882555060608145,0.5486,0.7072009512485137,False,False,0.13220295439978247,-0.07576998078111373,0.5189,0.722810408921933,False,False
Meprobamate,-0.0599869874482337,0.7721278326554328,False,0.05488594165242655,-0.07246593509542153,0.5135,0.7207017543859648,False,False,-0.05770772020962695,0.4046,0.03678774627806625,-0.06225414361166561,0.4707,0.6521565105837075,False,False,0.12755220956486202,-0.09606118627904127,0.6205,0.7648464163822526,False,False
Meptazinol hydrochloride,0.5147055036457013,0.0020945454545454,True,0.27181830576552113,0.3115511105992639,0.00026,0.01651764705882353,True,True,0.23828032542534516,0.0007,0.026583199822586723,0.5124053071360297,2e-05,0.002057142857142857,True,True,0.11500041214536938,0.48760859075140284,1e-05,0.0018000000000000002,True,True
Mepyramine maleate,0.062130826519557,0.3214545454545455,False,0.5016634780354683,-0.07882875399296325,0.5544,0.7460473225404732,False,False,-0.14261936059667507,0.833,0.24350698198898102,0.00065634401536304,0.2596,0.4711906354515051,False,False,0.4372519809598392,-0.0281978905894494,0.3247,0.623424,False,False
Mercaptamine,-0.0784466876184514,0.8325425236242358,False,0.09990210514300568,-0.10894524129471636,0.6865,0.8168835164835165,False,False,-0.029048228365893818,0.3008,0.09257432778898156,-0.08792755164145939,0.616,0.7604434285714287,False,False,0.16032561643315069,-0.12862031891492368,0.7538,0.8515732217573222,False,False
Mercaptamine hydrochloride,-0.0906621100272148,0.9223988005997,False,0.04691686427939634,-0.10616930988381051,0.7051,0.8265258620689656,False,False,-0.06487133806326993,0.4688,0.04124384339311049,-0.11407155018473984,0.7852,0.8576663296258847,False,False,0.09961197283816059,-0.14765583151084752,0.8568,0.9158357248886689,False,False
Mercaptopurine,0.1608967748770203,0.1032867469879518,False,0.3426416828462435,-0.09043179476709258,0.6006,0.780933014354067,False,False,0.02971208043594723,0.1237,0.2579799491790191,0.031449842898932975,0.1644,0.36874766355140187,False,False,0.2938761925726342,0.04013205016113356,0.1111,0.3549940828402367,False,False
Meropenem,0.3419420681063542,0.0132515337423312,True,0.10700333113118843,0.23933552053127918,0.0018,0.040363636363636365,True,True,0.20299194574937102,0.003,0.05270267044434873,0.31050646322358727,0.00074,0.013661538461538461,True,True,0.16771742393850253,0.29085143877968106,0.0004,0.012521739130434783,True,True
Mesalazine (Systemic),0.2985515136385685,0.0110174496644295,True,0.24693903541445927,0.049033432919298015,0.1091,0.3450307467057101,False,False,0.08776486714101547,0.0366,0.2073603703411513,0.0926066606781974,0.0655,0.22636800000000004,False,False,0.2157664152353408,0.10031131753079311,0.04062,0.1941132743362832,True,False
Mesna,-0.0783963665523017,0.978383469485824,False,0.08823365168304387,-0.12795275202998724,0.8302,0.900505516549649,False,False,-0.0740231572522953,0.5514,0.029882405731153194,-0.09968586216652021,0.7935,0.8611793068809643,False,False,0.09011193452739907,-0.13540636685086604,0.8599,0.9176798418972332,False,False
Mesuximide,-0.0228900503290747,0.6699775280898876,False,0.15021463881515174,-0.053470459948776174,0.4404,0.6670855539971949,False,False,-0.08307314565217713,0.6104,0.04196755777861505,-0.052201696266460366,0.5158,0.6856172307692309,False,False,0.0707514393811488,-0.07616774894429529,0.5877,0.7484858490566038,False,False
Metformin hydrochloride,0.4857674427175898,0.0004595744680851,True,0.8527003411456279,-0.1337384678168967,0.7846,0.8690953846153846,False,False,-0.10236561225756488,0.6477,0.7824698260172045,-0.012086926689146413,0.31,0.5134969325153375,False,False,0.932937761732681,-0.16817923703905413,0.8696,0.9257447018235584,False,False
Metformin hydrochloride/pioglitazone,0.2523659260211861,0.0238129175946547,True,0.517994109119269,0.21387376225420499,0.0025,0.04655172413793104,True,True,0.1739807441314267,0.0051,0.36442392364287335,0.3028408188581557,0.00025,0.0073894736842105265,True,True,0.3840858459670906,0.23901093468816104,0.00135,0.025510344827586205,True,True
Metformin hydrochloride/rosiglitazone,-0.0319783197831978,0.8769829787234042,False,0.0948640703299205,-0.03833511191778262,0.3443,0.5874312796208531,False,False,-0.037132713627878344,0.3523,0.08992747581706417,-0.022726237744308694,0.2882,0.49288361045130646,False,False,0.1186089468256033,-0.053708790035407565,0.4165,0.6810295230885692,False,False
Metformin hydrochloride/sitagliptin,0.5020088620501587,0.0004595744680851,True,0.7341271750299491,-0.017300064988912775,0.2901,0.5406522864538396,False,False,0.002663818330065968,0.1873,0.6590539164876591,0.15284126106008109,0.01169,0.07745521472392639,True,False,0.7570037737769263,0.11348175327375506,0.02331,0.13865806451612903,True,False
Metformin hydrochloride/vildagliptin,0.2687592746285185,0.0140431486880466,True,0.5258295669053525,-0.05593861659293855,0.4506,0.6754309507286607,False,False,-0.07572607625174907,0.536,0.4303503620250846,0.07466010161293139,0.0692,0.23464992150706437,False,False,0.5121608429757645,0.04219536143962609,0.1075,0.3492972972972973,False,False
Methadone hydrochloride,0.2145992574340665,0.0446374100719424,True,0.4704175908207794,-0.1052142736741854,0.6797,0.8129302325581396,False,False,-0.032863331042975924,0.3295,0.3564700102317807,0.08053171406814907,0.0774,0.24346285714285715,False,False,0.40519225872797215,0.0785413141160974,0.0661,0.25657245080500896,False,False
Methenamine hippurate,0.1621656801980447,0.0686535211267605,False,0.15686452137865325,0.02782398515027274,0.1318,0.3736062992125984,False,False,-0.0014398527581144399,0.196,0.13460471719079736,0.05552149337245702,0.0968,0.270839378238342,False,False,0.2749775844256219,-0.0411485772873641,0.3696,0.6565263157894737,False,False
Methocarbamol,0.1934909464935128,0.0608376623376623,False,0.2321567587357909,0.12057282761931346,0.02382,0.160785,True,False,0.0716603573964607,0.0486,0.06462342513245833,0.1937708909204824,0.00719,0.05838496240601504,True,False,0.061471412876804354,0.2503872068508292,0.00095,0.020938775510204084,True,True
Methotrexate,0.4351002647317885,0.0003176470588235,True,0.5592445396180271,0.1007445153046704,0.03767,0.20810025575447574,True,False,0.12558267159584122,0.0164,0.54595754243983,0.09487895366374079,0.0525,0.19653379549393413,False,False,0.6188892631293892,0.05828214575090379,0.0863,0.30114378029079164,False,False
Methoxsalen,-0.0388470152752528,0.6995919364691509,False,0.04191761939027283,-0.06688385066955307,0.5209,0.7249639175257732,False,False,-0.01590554440901717,0.2348,0.041271500822256835,-0.07797734490343985,0.6552,0.7884300835654596,False,False,0.04755880643026966,-0.08290291560558471,0.6035,0.7565634782608694,False,False
Methoxy polyethylene glycol-epoetin beta,0.1304693547157997,0.1106545924967658,False,0.13178156532250185,0.0328677340777609,0.1126,0.34695577746077033,False,False,-0.1043857009549319,0.682,0.06308609713894187,0.06765354924372421,0.0722,0.23691376701966715,False,False,0.07449579311055299,0.057448462334794066,0.0657,0.25569729729729723,False,False
Methoxyflurane,0.0694257535755926,0.2776868327402135,False,0.08372881509226149,0.10508414322496253,0.03629,0.20254883720930236,True,False,0.07751290566399817,0.0471,0.07463159151003917,0.11024338185772084,0.04452,0.1790748603351955,True,False,0.12391511137314559,0.08666567942969836,0.05004,0.21531155378486055,False,False
Methyl salicylate,0.2650596177118465,0.0313661914460285,True,0.7044011594517832,-0.029086191756148707,0.331,0.5767548387096775,False,False,-0.14578511002729264,0.8401,0.5920241168714264,0.051303617006951095,0.1211,0.30629508196721317,False,False,0.611647885847026,0.05844671658645569,0.0834,0.29374592833876223,False,False
Methyl salicylate/levomenthol,-0.0396405497683741,0.6900223048327137,False,0.20861000841838984,-0.034781684470844135,0.3379,0.5844096000000001,False,False,-0.06597236696967589,0.4786,0.07516795110110708,-0.07957337206266926,0.5707,0.7234225352112676,False,False,0.18670335894324608,0.06312723819846462,0.0682,0.2610318021201413,False,False
Methylcellulose,-0.1186429915095124,0.9557605839416058,False,0.07306413834343572,-0.1741011047282886,0.9251,0.9506260704091342,False,False,-0.1462349274455285,0.8551,0.04767613213512567,-0.1734698591313513,0.9391,0.9559170593779454,False,False,0.16821906038287848,-0.11941141075946819,0.7348,0.8384405705229795,False,False
Methyldopa,0.0808473966239243,0.2578324022346369,False,0.22155556495970263,0.016476004163166268,0.1798,0.44007248018120043,False,False,-0.006803607866415843,0.2211,0.06266530695558026,0.02819748749561757,0.1715,0.3795491803278689,False,False,0.19071044137858106,0.02551203462504131,0.1462,0.40747354838709676,False,False
Methylnaltrexone bromide,-0.0652928399460018,0.7858037865748709,False,0.16975133868277903,-0.1300856731306396,0.7789,0.8649994858611825,False,False,-0.06207825604900604,0.4601,0.14941599747245815,-0.14227774087477943,0.8399,0.8893058823529412,False,False,0.2821525802823611,-0.15568617201974985,0.8422,0.9050507462686567,False,False
Methylphenidate hydrochloride,0.1341791794943101,0.1445867287543655,False,0.37460352833121835,-0.0396574769076873,0.3792,0.6186344410876133,False,False,-0.04690013674568778,0.3855,0.3348227727726871,-0.053204741033005175,0.4667,0.6495309278350515,False,False,0.411088479617566,-0.08431172403912433,0.5563,0.7306229508196721,False,False
Methylprednisolone,0.2694479736053745,0.0216,True,0.3894245183772407,0.06787232603405598,0.0732,0.2949850746268657,False,False,-0.019663795766533407,0.2701,0.26144398335413643,0.04719165937825823,0.1375,0.3307349665924276,False,False,0.32946827688146085,0.016313211753663386,0.1767,0.45929241877256316,False,False
Methylprednisolone aceponate,-0.1003603202138745,0.898212232096184,False,0.20400507955818725,-0.1898805998972546,0.9452,0.9662243256034075,False,False,-0.18767516460303937,0.9557,0.1942250798907338,-0.17543752365822016,0.9348,0.9528872109485605,False,False,0.3093667832573592,-0.22503349559357924,0.9756,0.9828805970149255,False,False
Methylprednisolone acetate,0.0852029939284469,0.2718553345388788,False,0.2609444478556556,-0.11588185140126478,0.7098,0.8265258620689656,False,False,-0.039165577330895485,0.3549,0.2526687478938613,-0.08410411855659825,0.6015,0.749273356401384,False,False,0.2937478060910922,-0.10475726728008067,0.6455,0.7774314381270904,False,False
Methylprednisolone sodium succinate,0.1417620538047861,0.1201720754716981,False,0.15602234476018007,0.0053111794348115185,0.1873,0.44751381215469616,False,False,0.031645760534800345,0.1032,0.0632295442866363,0.13711541981973105,0.02368,0.1197864168618267,True,False,0.08890361964985538,0.08897316739783212,0.03941,0.1900125,True,False
Methyltestosterone,-0.0197444831591172,0.5576700610997964,False,0.062493917448909864,-0.028770070687138858,0.2786,0.5314285714285715,False,False,0.018404283161645434,0.0782,0.04433717581250474,0.000661104236079731,0.1105,0.29204889975550125,False,False,0.059999940092157145,0.01043483077307525,0.0643,0.2520653357531761,False,False
Metoclopramide hydrochloride,0.4524593963129759,0.0004595744680851,True,0.22447373408188864,0.2277147313983646,0.00149,0.03657272727272727,True,True,0.17613790612916144,0.0039,0.1895321512714433,0.2677588777394516,0.00083,0.014575609756097561,True,True,0.3060549293565059,0.2093431495492795,0.00287,0.03826666666666667,True,True
Metolazone,0.110176442853475,0.2019939209726443,False,0.30271491061968636,-0.04402547334826675,0.4023,0.6347465303140979,False,False,-0.09080613695316388,0.6072,0.17270325927928576,0.04024338102581603,0.1554,0.3567098831030819,False,False,0.3974078356931743,-0.041155336516505506,0.3672,0.6558480594549959,False,False
Metoprolol tartrate,0.1542069657391895,0.117359085133418,False,0.3323102934287038,-0.032144784611153665,0.3523,0.5962411902897415,False,False,-0.0702764126186681,0.4984,0.19483560483577933,0.10302245687557778,0.05107,0.19409684210526315,False,False,0.28677526903745454,-0.035476456771806206,0.347,0.639161125319693,False,False
Metronidazole,0.4420345018801281,0.0010536585365853,True,0.516340387569062,0.08356099679054717,0.0593,0.26409896907216496,False,False,0.06805231891036019,0.0565,0.4448194659178192,0.14392024970435277,0.02093,0.11080588235294118,True,False,0.5009057547457629,0.10482978517496344,0.03416,0.17119628770301626,True,False
Metyrapone,0.0690898661412563,0.2708322756119674,False,0.12244083164925312,-0.02641717573968668,0.3131,0.5598476821192052,False,False,-0.03604921245425576,0.3343,0.018596930930342315,0.04613620948685153,0.1187,0.3045035629453682,False,False,0.12323546229109328,-0.0010404440635043012,0.2185,0.5158032786885246,False,False
Mexiletine hydrochloride,0.2571605944775894,0.0251207048458149,True,0.2564218850233665,0.10980030671098791,0.02746,0.17192347826086954,True,False,0.03395808721003587,0.1077,0.06274391299758098,0.21538415927883597,0.00496,0.04782857142857143,True,True,0.07992763012368864,0.16733010880219698,0.00892,0.08233846153846155,True,False
Mianserin hydrochloride,-0.0825088360142886,0.8529170305676856,False,0.16997675695063286,-0.08047216327769077,0.57,0.7585951940850276,False,False,-0.09783479737668208,0.6389,0.10167224585727086,-0.15428426021110708,0.8715,0.9079498553519768,False,False,0.3369308148749396,-0.10898955349593774,0.6762,0.7972663755458516,False,False
Micafungin,-0.0181184668989547,0.5163631245601689,False,0.12676254747996862,-0.08683638751039405,0.6676,0.8087582725743129,False,False,-0.1437942972003226,0.8515,0.0942419143691482,-0.058245605040396144,0.5507,0.7072009512485137,False,False,0.17723113066975937,-0.16020630172289596,0.9199,0.952989928057554,False,False
Miconazole,0.1413841242630228,0.1377317647058823,False,0.2124974591633081,0.08039335243787739,0.0601,0.26601639344262296,False,False,0.03932271693663295,0.1008,0.190334305940839,0.13256753530603313,0.02921,0.13806039387308536,True,False,0.30759448714863435,0.19736099180548455,0.00374,0.04616228571428572,True,True
Miconazole nitrate,0.4743487294239871,0.0004595744680851,True,0.5405230974902102,0.33671647337808774,4e-05,0.007200000000000001,True,True,0.3069517459180753,0.0002,0.3806245930351333,0.45508970351862726,1e-05,0.0018000000000000002,True,True,0.44516835271317357,0.4484025463309949,1e-05,0.0018000000000000002,True,True
Micro-Enema - Sodium Citrate,0.0708236708094339,0.2919123575810692,False,0.18089926832792624,0.003598145160589461,0.2236,0.4786217821782178,False,False,-0.0025641316413966475,0.212,0.028692405965756174,0.05484458140910973,0.1207,0.30589449003517,False,False,0.13794982439225523,0.09354090947267871,0.04493,0.20472252631578947,True,False
Midazolam hydrochloride,0.3922308113555388,0.0013787234042553,True,0.5318784431978025,0.01610401174053773,0.186,0.4473942093541203,False,False,-0.009320648537743463,0.2391,0.5014321027746977,0.11781497879662357,0.03671,0.15890501002004007,True,False,0.6268251735939059,0.061316624142589475,0.0818,0.29012807881773395,False,False
Midazolam maleate,0.1826662125633052,0.0740151285930408,False,0.17011649048922528,-0.002448026319098838,0.2447,0.49558878504672893,False,False,-0.011235948139011194,0.2396,0.143275160141503,0.004815042726515705,0.2452,0.4593512575888985,False,False,0.25294169558525037,-0.05204008731210961,0.4251,0.6893513513513514,False,False
Midodrine hydrochloride,0.1487635768782765,0.1303760479041916,False,0.28279355088131597,0.006987372928013973,0.2119,0.4728347107438017,False,False,-0.05432966691495514,0.4254,0.2687828486182321,-0.006468142453351066,0.2941,0.49936213668499607,False,False,0.2847717617293307,-0.028469674737062245,0.324,0.6226334519572954,False,False
Mifepristone/misoprostol,-0.0391178754352778,0.5178558432470259,False,0.19715542581971202,-0.050562455020756736,0.4107,0.6423692976104272,False,False,-0.08586239577815187,0.6037,0.12702291175782765,-0.13016529940957408,0.8671,0.9052373127114548,False,False,0.17533739991400632,-0.07756297561167315,0.5307,0.722810408921933,False,False
Miglustat,-0.0089430894308943,0.1250692682926829,False,0.14725640717372257,-0.014110685837214466,0.2186,0.47407228915662647,False,False,-0.014393553926049298,0.2269,0.06642513337903344,-0.028606869292921215,0.31,0.5134969325153375,False,False,0.09522288128247447,-0.027362309330116075,0.2332,0.529109243697479,False,False
Milrinone lactate,-0.0227932636469222,0.6507238335435057,False,0.1779343685786462,-0.1506470760447443,0.9028,0.9334839636189565,False,False,-0.17256021422317952,0.9134,0.1366661573392125,-0.11771628037045336,0.8492,0.8921556420233463,False,False,0.23029099787914087,-0.09398273757788879,0.6556,0.7824635761589405,False,False
Minocycline hydrochloride,0.1724465462358617,0.0865825352112676,False,0.2256988180460573,-0.07635343650094005,0.5412,0.7359496538703587,False,False,-0.10808441875587392,0.6827,0.1592799539393719,-0.03947108089863733,0.4214,0.6141862348178138,False,False,0.2740782188805818,-0.07456604159735279,0.521,0.722810408921933,False,False
Minoxidil,0.3861894513774374,0.0021857142857142,True,0.5207626835477377,0.02887851773679476,0.1475,0.39978947368421053,False,False,-0.0748131284189536,0.521,0.5103220219354132,0.028413920827874965,0.1763,0.3846545454545455,False,False,0.5452869084366587,-0.028748918079291474,0.3167,0.616281081081081,False,False
Mirabegron,0.3100016683261793,0.0075685039370078,True,0.3234106129838977,0.09777858438179743,0.0416,0.21862773722627735,True,False,0.10874685176762437,0.0222,0.31954302126481904,0.11147034969160964,0.04132,0.17032671755725193,True,False,0.391478985030014,-0.00859236610317139,0.2536,0.54887374749499,False,False
Mirtazapine,0.2716414835003676,0.018792,True,0.39336222888757055,0.11027696533552167,0.03215,0.19221041095890412,True,False,0.1757382748086763,0.0043,0.19125209286436218,0.2364165862040343,0.00238,0.028091803278688526,True,True,0.5092225847894218,0.06755086532727256,0.0747,0.27534470989761095,False,False
Misoprostol,0.0439919877863335,0.3999124315871775,False,0.21652070408195356,-0.05155870947375211,0.4286,0.6561133947554926,False,False,-0.045068236766333966,0.3793,0.16505959139799808,-0.005300059082443243,0.2882,0.49288361045130646,False,False,0.22305532569317987,0.015107212568438399,0.1783,0.4617841726618705,False,False
Misoprostol (Gynaecology),-0.0361867801902586,0.7636287215411559,False,0.1295715883548565,-0.00013363400696664215,0.1757,0.43911818181818185,False,False,-0.0615137752593938,0.4803,0.10590487264825588,-0.03728750727207724,0.392,0.5863711911357341,False,False,0.11054753131546458,-0.019681095076331576,0.2216,0.51971335504886,False,False
Mitomycin,-0.0407198842788982,0.7100509090909092,False,0.10736034851099985,-0.0795986953412155,0.5918,0.7770747720364741,False,False,-0.12539963322359263,0.7921,0.09619010662398109,-0.08647709157229913,0.6829,0.8012297664312873,False,False,0.2177099439664204,-0.10385650262581635,0.6836,0.7997017828200973,False,False
Mitotane,-0.0298602667256665,0.518551048951049,False,0.10665836356482294,-0.11183781846394542,0.7564,0.851837330552659,False,False,-0.024438282563917446,0.2703,0.013932273820196017,-0.0608400673812712,0.5012,0.6756232064878352,False,False,0.16121476641890886,-0.09822098207567313,0.6474,0.7782246941045606,False,False
Mizolastine,0.0535676844806502,0.3332777314428691,False,0.14557268414846647,-0.0410302695625841,0.3901,0.6258872403560831,False,False,-0.09494413328992045,0.6218,0.1334310057322654,-0.037160503916793826,0.4075,0.6019986348122867,False,False,0.2634240777365362,0.008573771975518847,0.1992,0.4914246575342466,False,False
Moclobemide,-0.0038998489802035,0.5909163346613545,False,0.13080430949384303,-0.1110758311627094,0.6974,0.8210354223433242,False,False,-0.2045741830855219,0.9699,0.12558157033833395,-0.12204101594025664,0.7645,0.8438017373530914,False,False,0.24640625118274884,-0.1295979086337335,0.7581,0.8548684759916492,False,False
Modafinil,0.2673822430386653,0.0166883720930232,True,0.2378152746248644,0.1895899465183534,0.00416,0.06283636363636363,True,False,0.14072840145265092,0.0115,0.11121882587664123,0.22179142471834412,0.00304,0.032832,True,True,0.20914912776370875,0.1877848419789891,0.0044,0.05002105263157895,True,False
Molnupiravir,0.2199948197873264,0.0474661921708185,True,0.060698144583216096,0.20543085799394434,0.00353,0.05525217391304348,True,False,0.06367061167056406,0.0646,0.05444002835581607,0.21023184165595424,0.00538,0.049753846153846155,True,True,0.0958930443008792,0.20556579355733365,0.00321,0.04153846153846154,True,True
Mometasone furoate,0.1725599646207202,0.0837115879828326,False,0.26468080424642193,-0.04308293273060302,0.3942,0.6278145695364239,False,False,-0.03006104079784672,0.3127,0.1318392747124283,0.005365894350640178,0.2483,0.4605178875638842,False,False,0.2844534357233629,-0.0006188650969564262,0.2174,0.5145673603504929,False,False
Mometasone furoate/olopatadine hydrochloride,-0.0854087138896653,0.8529170305676856,False,0.15719164082325943,-0.15052455138719728,0.8386,0.9043315027458811,False,False,-0.15394735798053644,0.8682,0.14214300460218365,-0.14351206708938227,0.8343,0.887290989660266,False,False,0.25886044624390303,-0.2505631446607741,0.9851,0.9869276437847866,False,False
Mometasone/glycopyrronium/indacaterol,0.1182371154706717,0.1724723726977248,False,0.15546183036403272,0.054400449416809896,0.0899,0.3147228525121556,False,False,0.08061532308067101,0.0419,0.12062363117412644,0.043000541526599434,0.1312,0.3200993227990971,False,False,0.16122352723043076,0.031412615427320455,0.1243,0.3747615062761506,False,False
Mometasone/glycoyrronium/indacaterol,-0.0328956612296099,0.6444433185560482,False,0.10097509018650186,-0.05110407082501363,0.4152,0.6461325648414985,False,False,-0.030094396631680276,0.3024,0.08480542932721469,-0.05958755538197481,0.4918,0.6707583596214511,False,False,0.11423318781045178,-0.04802925272828069,0.3773,0.6620373679935013,False,False
Monobasic potassium phosphate,0.0156677076053293,0.4158706697459584,False,0.10162978614201823,-0.071976580910767,0.5127,0.7200468140442132,False,False,0.000545723726086415,0.1811,0.04203228492577804,-0.010538688667963248,0.2431,0.4577994768962511,False,False,0.08024723844007076,-0.013285310669308163,0.2249,0.5246047516198704,False,False
Montelukast,0.2604435577714898,0.02,True,0.5092527686381858,-0.0036189032651673795,0.2484,0.49679999999999996,False,False,-0.08228790973804517,0.5665,0.33903897756998647,0.12855890901346465,0.03314,0.15142784810126583,True,False,0.5638400339049365,0.04252216649625791,0.1198,0.36787500000000006,False,False
Morphine (Opium Tincture),-0.0678611838553832,0.8945820660723649,False,0.12236861959104495,-0.11903131518978811,0.7742,0.8616630602782072,False,False,-0.1495643475935235,0.8694,0.11450538798991161,-0.10260908241427312,0.7342,0.8251155046826222,False,False,0.1886077083434725,-0.13790808645319091,0.8244,0.8965032712632108,False,False
Morphine hydrochloride,-0.1306566010746823,0.9451585127201566,False,0.05545376365819532,-0.11858494756810395,0.726,0.8327987254381306,False,False,-0.1077621054312608,0.6928,0.017077220731604004,-0.1349871883918615,0.8151,0.8759283582089553,False,False,0.054919241164973265,-0.06777626769900473,0.4619,0.7153747323340471,False,False
Morphine sulfate,0.5607723275335235,0.0003176470588235,True,0.7584085485469375,-0.10973279097158094,0.693,0.8204934497816594,False,False,-0.06805561559571197,0.4902,0.6547370303048237,0.051531669381127986,0.1282,0.31503071672354954,False,False,0.7877514617700064,-0.12175982063638223,0.7154,0.8241408000000001,False,False
Morphine tartrate and cyclizine tartrate,-0.099880451779663,0.8950994764397905,False,0.09071835444708243,-0.13609593393515487,0.7977,0.8771908396946565,False,False,-0.16532485487425963,0.9081,0.0477481715263911,-0.14166997560671757,0.837,0.8879528949950932,False,False,0.10534049228697684,-0.11471309315379331,0.698,0.8099419978517723,False,False
Moxifloxacin,0.3267001488625362,0.0114099667774086,True,0.23220570557887688,0.10170318255633885,0.02877,0.177552,True,False,0.0036183739515669036,0.1776,0.19048665222785477,0.11848113857727953,0.02702,0.129696,True,False,0.2380445497545619,0.10430483972127842,0.02539,0.1425038961038961,True,False
Moxifloxacin hydrochloride,0.6404000270467765,0.0003176470588235,True,0.6232911613374088,0.013594922323759077,0.184,0.44454972067039106,False,False,0.07177757118451941,0.0459,0.4382535656049398,0.19755490423630764,0.00695,0.05787169811320755,True,False,0.6015647347726591,0.05606759378674153,0.0891,0.30694736842105264,False,False
Moxisylyte hydorchloride,0.1245179665109817,0.1615156950672645,False,0.17955307060566694,0.004643421667660535,0.2067,0.467435736677116,False,False,0.00513459345094769,0.1815,0.13172582708369818,0.006057121922431912,0.2361,0.45170593445527013,False,False,0.18350562023423955,-0.05145764661536796,0.4042,0.6810234009360374,False,False
Moxisylyte hydrochloride,-0.0164166947577148,0.5485925925925926,False,0.18680994476158774,-0.049534159318025066,0.4036,0.6358687089715537,False,False,-0.07326414035926516,0.5164,0.1372593202590744,-0.07419099419939897,0.5541,0.7085822485207101,False,False,0.22061570947375597,-0.035405269148943326,0.3278,0.6265911504424779,False,False
Moxonidine,0.0137686542229918,0.5005369705671213,False,0.13607715449517954,0.020454348329275528,0.1635,0.42345323741007196,False,False,-0.03135063980161896,0.3062,0.07556768319500107,0.020575591542867158,0.1893,0.4025068762278978,False,False,0.23710439383829907,-0.007810378740273033,0.2431,0.537899692937564,False,False
Mupirocin,0.252594138735567,0.023647855530474,True,0.42004561674217855,0.044490050622397255,0.1141,0.34932203389830513,False,False,0.01632004679101244,0.1544,0.16930189362740544,0.09466438323402669,0.0623,0.22096551724137933,False,False,0.3095336053603276,0.06020243148384641,0.0821,0.2907147540983607,False,False
Mycophenolate mofetil,0.3966859927281337,0.0012342857142857,True,0.36153468085471996,0.12358707093331803,0.02416,0.1611692307692308,True,False,0.16865573615434068,0.0041,0.20183880102822327,0.2943888981713822,0.00044,0.01092134831460674,True,True,0.21374598016152557,0.23050207976502443,0.0015,0.026692682926829272,True,True
Mycophenolic sodium,0.3211519763387911,0.0140431486880466,True,0.12195013345037364,0.17563193964303692,0.00715,0.08393478260869566,True,False,0.13531156458495783,0.0133,0.07281710841816458,0.26972287243304877,0.00201,0.025538823529411767,True,True,0.12440154033856143,0.24810647122077953,0.00129,0.024878571428571427,True,True
Nabilone,0.1205464314234124,0.1724723726977248,False,0.08389067058812216,0.001440967122184849,0.2199,0.475416,False,False,0.12944464087225255,0.0133,0.03885307931856807,0.0827067413829479,0.076,0.24346285714285715,False,False,0.07957554413084045,0.02904905874569812,0.1422,0.4025583224115334,False,False
Nabumetone,0.2576884926524441,0.0211924528301886,True,0.2812597218366055,-0.08864268628037363,0.605,0.7811117752540346,False,False,-0.08379881728792535,0.577,0.2713594008692054,-0.08899042936141928,0.6388,0.776918918918919,False,False,0.29428051746630934,-0.032464917403177515,0.3397,0.6352831168831169,False,False
Nadolol,0.3142943079825829,0.0064975609756097,True,0.09643099502859576,0.2397214655040516,0.00053,0.022015384615384617,True,True,0.26728384357448187,0.0001,0.07816512804744746,0.26729794688628356,0.00043,0.010799999999999999,True,True,0.2241056415205822,0.1685860543549306,0.00566,0.060224630541871924,True,False
Nafarelin acetate,0.2381906853494957,0.0338256,True,0.23371771676857267,0.06786388860025518,0.0768,0.2984516129032258,False,False,-0.02285058973256617,0.2865,0.18646232619962688,0.05185022608196148,0.1207,0.30589449003517,False,False,0.2751393886995157,0.07110359251604215,0.0683,0.2610318021201413,False,False
Naftidrofuryl oxalate,0.2233597561861846,0.0150364640883977,True,0.08350070449116864,0.10159218496455828,0.01851,0.14127773851590106,True,False,0.08955835101288293,0.0211,0.048463862438798744,0.15318959150726097,0.00741,0.05988358208955224,True,False,0.07980733885604663,0.1429363771676385,0.00543,0.058644,True,False
Naldemedine,0.0203606759036597,0.2755595344673231,False,0.06336948215439675,-0.009669070141803224,0.2058,0.467435736677116,False,False,-0.02824434965059931,0.2967,0.012519083108161855,0.019152291010507826,0.095,0.26718749999999997,False,False,0.30326236744044555,-0.028936884329283725,0.3022,0.6012596685082874,False,False
Nalmefene,0.0670996440729214,0.2776868327402135,False,0.14374466552517084,-0.06166086917378677,0.4725,0.6899839142091154,False,False,-0.010178630004115799,0.2301,0.09993510103634418,-0.07249352941123513,0.553,0.70843390634262,False,False,0.15567489643610277,-0.08338755905286768,0.5519,0.7284731707317074,False,False
Naloxegol,0.0843406454407128,0.2565,False,0.05333467630732991,0.047568226841305655,0.1094,0.34522270742358074,False,False,-0.001559840913933877,0.2137,0.03375307918107018,0.07224015081029085,0.0851,0.2538372413793103,False,False,0.21514676422927392,0.1349644159597536,0.01548,0.11373061224489796,True,False
Naloxone hydrochloride,-0.1124192122651627,0.9223491745872936,False,0.24604836154186582,-0.018080659982425255,0.282,0.5321711790393013,False,False,-0.11089482965737409,0.6946,0.2438844980577306,-0.03274087941189147,0.3694,0.5718739255014327,False,False,0.28310657602097833,0.004074777418650553,0.1999,0.49234207525655643,False,False
Naltrexone hydrochloride,-0.0357111562258417,0.6954856093080221,False,0.19394583544235433,-0.11630043376507741,0.717,0.8288264815803524,False,False,-0.09682388685815112,0.6231,0.15142666396922344,-0.10626877406853015,0.7013,0.8078976,False,False,0.28140507104297674,-0.1194181682942609,0.7066,0.8157434526990914,False,False
Naltrexone/bupropion,0.1108538799071437,0.1407042253521126,False,0.2194226123901103,-0.01651709272982149,0.2709,0.5229168900804289,False,False,-0.05944922408340372,0.4532,0.10864227441401864,-0.0178151681787187,0.2897,0.4938847671665352,False,False,0.20845130526673594,-0.07716168459937772,0.5307,0.722810408921933,False,False
Nandrolone decanoate,0.1170948510270723,0.1735005405405405,False,0.15619536251828448,0.017171425997154564,0.1776,0.43911818181818185,False,False,0.05200360330011538,0.0811,0.14790062772199364,0.015444487751991585,0.2105,0.42533831775700937,False,False,0.2624330348317495,0.07604982271670066,0.0589,0.24,False,False
Naphazoline hydrochloride,0.0830573592075758,0.2818139946855624,False,0.29784407946775815,-0.009116777196390436,0.2629,0.51390407239819,False,False,-0.07722896174460749,0.5341,0.29100136656646325,-0.02191291998365646,0.3382,0.540719467061436,False,False,0.3369101497025484,-0.02154714257752454,0.2947,0.5937985074626866,False,False
Naproxen,0.2596775218396312,0.0210820143884892,True,0.12614852633268236,0.09575062299877574,0.04542,0.22921116279069767,True,False,0.007378455620727996,0.1877,0.07914657713474382,0.19930288360344772,0.00558,0.05064201680672269,True,False,0.16220193737890243,0.07681625454433424,0.0581,0.23768181818181816,False,False
Naratriptan hydrochloride,0.0864433926959219,0.2626544117647059,False,0.366800135492257,-0.10187915593441936,0.6526,0.8077757437070938,False,False,-0.08323275166160812,0.5686,0.33416103588473056,-0.14012095800027455,0.8209,0.8787710604558969,False,False,0.3999487084382415,-0.17486599329150848,0.882,0.9375590551181103,False,False
Nasal Products,0.2057928179883308,0.0542336106489184,False,0.35204129267227324,0.1988484755348078,0.0035,0.05525217391304348,True,False,0.12011822276412498,0.0177,0.273113968674383,0.23178185953211314,0.0026,0.02905979381443299,True,True,0.35231363350893197,0.07997426638722907,0.0547,0.2280926640926641,False,False
Natalizumab,-0.0873910912827519,0.9815007132667618,False,0.20990562795041667,-0.07638146572879281,0.5451,0.7398542713567839,False,False,-0.04747181088289609,0.3797,0.12519185793895737,-0.09103407498447444,0.6705,0.7940131578947368,False,False,0.2514669500396344,-0.12890758201442087,0.7719,0.8621013443640124,False,False
Natamycin,0.3036632939293401,0.0132515337423312,True,0.2611648548192794,0.0561037378516439,0.0818,0.3059702479338843,False,False,-0.0073183110806581625,0.2212,0.11626556010549882,0.11821794371603733,0.03392,0.15200663900414937,True,False,0.23196599887544922,0.03347246399355303,0.1156,0.36083236994219653,False,False
Nateglinide,0.1553635156546498,0.0786991304347826,False,0.4810706732895571,0.09825304779593903,0.03957,0.21208734491315134,True,False,0.12863838156975888,0.012,0.3779373080177748,0.153974872353312,0.0124,0.08043243243243244,True,False,0.3139561248798438,0.10452332143532075,0.02714,0.14803636363636363,True,False
Nebivolol,0.3843431096766016,0.0027447513812154,True,0.21595460458087046,0.2250404862608548,0.00163,0.03912,True,True,0.06390994930981214,0.0624,0.10590856023853512,0.33675658068259706,0.00013,0.005105454545454545,True,True,0.19615103917560328,0.29769380837870013,0.00024,0.010579591836734693,True,True
Nedocromil sodium,-0.010551639817159,0.5761926421404683,False,0.345317486795539,-0.02544623253897322,0.3186,0.5645414273995077,False,False,0.03213917009473111,0.1167,0.2581070982396134,-0.0773430704972014,0.5704,0.7234225352112676,False,False,0.36884875404161455,0.019373304188674313,0.1637,0.4370729295426453,False,False
Nefazodone hydrochloride,-0.1239950787454627,0.9618014527845036,False,0.03508210260390909,-0.15865473240590203,0.8881,0.9252381870781099,False,False,-0.12477045016495576,0.7673,0.013714323493312142,-0.13325373360045198,0.8367,0.8879528949950932,False,False,0.06987673676738937,-0.1755567158895223,0.9128,0.952989928057554,False,False
Nefopam hydrochloride,0.0481211615470441,0.3313082706766918,False,0.23795873635254716,-0.005981733189913103,0.2395,0.48988636363636356,False,False,-0.0932815660949062,0.6182,0.028755926399478993,-0.03128482577095467,0.3448,0.5468193832599119,False,False,0.21068737065253518,-0.14113371010724213,0.8064,0.8846236668359574,False,False
Nelarabine,-0.0089430894308942,0.1250692682926829,False,0.14725640717372268,-0.01411068583721447,0.2186,0.47407228915662647,False,False,-0.014393553926049308,0.2269,0.06642513337903355,-0.028606869292921222,0.31,0.5134969325153375,False,False,0.09522288128247514,-0.02736230933011606,0.2332,0.529109243697479,False,False
Neomycin sulfate,0.4914906718240551,0.0003176470588235,True,0.52444379983479,0.19079907445599237,0.00429,0.06361643835616439,True,False,0.18496013278528192,0.0031,0.444474848134938,0.2937992296387438,0.00043,0.010799999999999999,True,True,0.5625119951454232,0.20970747008415974,0.00258,0.03572307692307692,True,True
Neostigmine bromide,-0.0601535660620605,0.8437797356828194,False,0.11264224386138477,-0.08874145805780845,0.6397,0.8010156521739131,False,False,-0.048784365032057526,0.4103,0.023227381448340134,-0.08647368551960528,0.696,0.804828250401284,False,False,0.06828952524916232,-0.07663738364669893,0.5379,0.722810408921933,False,False
Neostigmine metilsulfate,-0.0498982593777823,0.7189621621621622,False,0.03632403623904501,-0.029390458614732214,0.3071,0.5555058430717863,False,False,-0.03095272825200456,0.2957,0.008065013575064395,-0.07283636942140828,0.5394,0.7035652173913044,False,False,0.07289754925437042,-0.04277972769098678,0.3591,0.6479999999999999,False,False
Nepafenac,0.1330217765900151,0.1454232558139535,False,0.24793045833196292,-0.10386871909433715,0.6599,0.8087582725743129,False,False,-0.11623545238631143,0.725,0.20503844086503775,-0.1351186596145281,0.8198,0.8783571428571428,False,False,0.34090245813482356,-0.03673508939694701,0.3363,0.6344174672489084,False,False
Netilmicin (Eye),0.0712222949395199,0.2467698113207547,False,0.10806813959056638,-0.0368664341862602,0.3256,0.5727166123778502,False,False,-0.030456853415430498,0.2896,0.0347664427646428,-0.005514111669023024,0.2017,0.41691100478468895,False,False,0.120321896133891,-0.01413479134977048,0.2222,0.5199913326110509,False,False
Netilmicin/Dexamethasone,0.1282112212771579,0.1412989449003517,False,0.2031084168813163,0.059220826510117605,0.0619,0.27065587044534406,False,False,0.09261225431560863,0.0285,0.19803623183857633,0.06359632419356108,0.0672,0.2300348652931854,False,False,0.18477366713051102,0.05841848534616627,0.0587,0.23968241965973536,False,False
Netupitant/palonosetron hydrochloride,0.0666433983693889,0.3004567474048443,False,0.03052914824218056,0.015770057390426993,0.1717,0.4322517482517482,False,False,0.05229480899629867,0.0702,0.015430675277442019,0.03374945777420907,0.1526,0.35290792291220563,False,False,0.09219483384575033,-0.07835901972744039,0.5168,0.722810408921933,False,False
Nevirapine,0.1337291027719143,0.1433271028037383,False,0.30599797548937757,-0.02702246994854192,0.3307,0.5767548387096775,False,False,-0.011780084791863977,0.2312,0.08569102565290665,0.07533187227034678,0.0846,0.253643153526971,False,False,0.2398809067515334,0.04307432848506203,0.1152,0.36010419681620837,False,False
Nicardipine hydrochloride,0.2259235388867146,0.0416715083798882,True,0.1325155942448124,0.02531023880446016,0.1607,0.4179807692307692,False,False,-0.00610855550010067,0.2174,0.09103296157291185,0.09302540875951257,0.0637,0.22336363636363638,False,False,0.13815491655274104,0.05632616652551277,0.091,0.3115055467511886,False,False
Nicorandil,0.2555050233243823,0.0215492957746478,True,0.233003801826686,0.0139836000598963,0.1904,0.45258269441401966,False,False,-0.04050209213542625,0.3644,0.13709432375695074,0.07277824123936061,0.0902,0.26187096774193547,False,False,0.2048163711728319,0.07000289820728663,0.0696,0.26467605633802815,False,False
Nicotinamide,0.4377298244651343,0.0016054054054054,True,0.6097498990479635,-0.09184237615088195,0.6169,0.7870667454223271,False,False,-0.17065483512571133,0.9108,0.49755627965785154,0.03829060698944273,0.1565,0.3576505263157894,False,False,0.651472759260032,-0.03652103880494988,0.3501,0.6408730964467005,False,False
Nicotinates,0.3417107888920508,0.0132515337423312,True,0.8109378513105021,0.1016866200076472,0.03807,0.20818025316455696,True,False,-0.021051824326998266,0.2723,0.6980632334835676,0.1647260329224383,0.01277,0.08160710059171598,True,False,0.7551263232262717,0.1492980371372325,0.01308,0.10236521739130434,True,False
Nicotine,0.1004179323003752,0.2102654867256637,False,0.25640230194979874,0.07772654892231386,0.0641,0.27526043737574557,False,False,0.020612085025559054,0.1402,0.17922148074331656,0.12550252901907252,0.03488,0.1546682926829268,True,False,0.3688035370765329,0.08055804817536863,0.0553,0.22926679462571978,False,False
Nicotine bitartrate,0.3153026923964447,0.0115764705882352,True,0.19252975643519765,0.19740515163350225,0.00423,0.06345,True,False,0.06640720686607315,0.0607,0.12454968677377365,0.26187545350534563,0.00124,0.01913142857142857,True,True,0.22683505854510455,0.23649227982405635,0.0016,0.026916923076923074,True,True
Nicotinic acid,-0.0270464023201441,0.6140130039011703,False,0.14920260523114004,-0.11644082303092813,0.7989,0.8777264870360956,False,False,-0.12225969152075779,0.7819,0.11402348533680551,-0.10006413324840055,0.7808,0.855237322515213,False,False,0.14749720508993647,-0.08485520211263327,0.61,0.7585433658816773,False,False
Nicotinic acid derivatives,-0.0211962833914053,0.5800691489361702,False,0.02482984206250427,-0.031457648989913045,0.2812,0.5319685039370079,False,False,-0.03736735185470082,0.3552,0.00606674044872102,-0.027693398904500417,0.2866,0.49288361045130646,False,False,0.01969080076253449,-0.05004324669823325,0.3437,0.6359794520547944,False,False
Nifedipine,0.1553281532213132,0.0986881309686221,False,0.2719920989843526,0.0035455596956934033,0.2175,0.47407228915662647,False,False,-0.1018559554835759,0.6646,0.2539227207249408,0.020613878854767398,0.1987,0.4122881844380403,False,False,0.28284488700839394,-0.0101195300661431,0.2515,0.5459698492462312,False,False
Night Drainage Bags,-0.119081453447082,0.9906660421545668,False,0.02144268155526008,-0.13881150287237212,0.8538,0.9101183431952663,False,False,-0.13141151129609424,0.8113,0.013370454472656612,-0.14281552148074908,0.9069,0.9341459227467811,False,False,0.07924323134092237,-0.12532941344146198,0.7698,0.8615378238341969,False,False
Nilotinib,0.0717572259423302,0.2268626692456479,False,0.06010737506548369,0.0317241560395315,0.1105,0.34621714285714283,False,False,0.028058046411003193,0.1066,0.03831980875229812,0.052744369107248515,0.0917,0.262,False,False,0.06219107915894839,0.058939830409922,0.0641,0.2520653357531761,False,False
Nimodipine,0.0125035645886771,0.4736175824175824,False,0.315789861909032,-0.225685202223943,0.9769,0.9887865168539327,False,False,-0.1801304292696162,0.9353,0.2706214232817793,-0.1943739070761818,0.9517,0.9660112781954887,False,False,0.33681739926951115,-0.18908624693144108,0.9173,0.952989928057554,False,False
Nintedanib,-0.0364647635626362,0.6805810055865923,False,0.03695769369805546,-0.06382171658444416,0.4939,0.7041742574257426,False,False,-0.016081829933420767,0.2347,0.022457141632811095,-0.06996187311676057,0.5585,0.7119716814159291,False,False,0.05697930186630484,-0.07264123487974271,0.5055,0.722810408921933,False,False
Niraparib,-0.0246225319396051,0.6954856093080221,False,0.07510517111915083,-0.09247771062475563,0.7101,0.8265258620689656,False,False,-0.1030838112680766,0.7388,0.061514434676666285,-0.07773966872522355,0.6926,0.8043096774193549,False,False,0.11191373586005904,-0.12198228652667924,0.8338,0.8996944583125313,False,False
Nirmatrelvir with Ritonavir,0.1947254909995979,0.0638276527331189,False,0.17852427448417696,0.11620653162544048,0.02875,0.177552,True,False,0.09919951446306485,0.0276,0.15784472021420282,0.1174765053228584,0.03862,0.16453491124260355,True,False,0.18714083152807115,0.10192544800970893,0.03753,0.18216808988764047,True,False
Nitazoxanide,-0.0815601680792832,0.8501447368421052,False,0.06886314201821686,-0.07573013106031452,0.5255,0.727149263292761,False,False,-0.032624386252266345,0.2995,0.05697699508606391,-0.1020785903623157,0.6816,0.8002565217391304,False,False,0.10343332902154612,-0.13136178812828214,0.7594,0.8556619718309858,False,False
Nitisinone,-0.0375378522032847,0.6031778656126482,False,0.12060502145241425,-0.04608718593771846,0.3861,0.6233004484304933,False,False,-0.041916623108854835,0.3671,0.07384729954709113,-0.05797188383401229,0.5013,0.6756232064878352,False,False,0.047317864370356455,-0.03321412801839542,0.2496,0.54456338028169,False,False
Nitrazepam,0.2706501442847156,0.0202893203883495,True,0.3259461160830667,0.047604120633984594,0.1097,0.34522270742358074,False,False,0.11284990193665406,0.0183,0.22296561623938016,0.09239396644045623,0.0594,0.2145551839464883,False,False,0.43552739522558503,0.08574681909977844,0.0504,0.216,False,False
Nitrofurantoin,0.3800390205682962,0.0017052631578947,True,0.5639797334540162,0.08558350094605242,0.0523,0.24658823529411764,False,False,0.011317122047854946,0.1667,0.4941182537808855,0.20620156295867706,0.00522,0.049236681222707426,True,True,0.5785379877495826,0.11786861907936977,0.02688,0.14773740458015266,True,False
Nitrous oxide,-0.1003457510385462,0.9849396226415096,False,0.11962861150333959,-0.08626864961200924,0.5853,0.7704131627056673,False,False,-0.04201108823866834,0.3514,0.04745991836666996,-0.0919259201142999,0.6647,0.7919205736348593,False,False,0.10757144782266059,-0.10318769984776208,0.6572,0.782985107556536,False,False
Nizatidine,0.1615135193608519,0.1002333785617367,False,0.2882377291394699,0.068943125503183,0.065,0.27583497053045186,False,False,0.07638190095127421,0.0459,0.24275257600827138,0.07692745258076807,0.0721,0.23691376701966715,False,False,0.36736912484839745,-0.025460726188518603,0.2992,0.5989545875810937,False,False
Nonoxinol 9,0.1647390825950239,0.0685579937304075,False,0.32437488174950835,-0.0030371128215083416,0.2391,0.4895317535545024,False,False,-0.11064685770484296,0.705,0.2556513761526674,0.0009245028767957032,0.2545,0.46662595419847325,False,False,0.42872279600517205,-0.018751944233499195,0.2787,0.5785347288296859,False,False
Norethisterone,0.3164172208581722,0.0064167364016736,True,0.7163000403400869,0.011789031552903494,0.1979,0.4591158798283262,False,False,0.03271506184651985,0.112,0.6251348746218359,0.08352945186630933,0.0707,0.23627076923076923,False,False,0.6835653603483587,0.02459384337115207,0.1554,0.422750629722922,False,False
Norethisterone enantate,0.0898719419655548,0.2283011583011583,False,0.20787406636898487,-0.07536143796579681,0.541,0.7359496538703587,False,False,-0.11502809008164255,0.7219,0.19511729408283485,-0.07773997204291093,0.5825,0.7332167832167833,False,False,0.2636186702885468,-0.03567487577005726,0.3421,0.6359794520547944,False,False
Norfloxacin,0.0160104600889311,0.40078125,False,0.22210524181157376,-0.17904007880855105,0.9284,0.9533155893536122,False,False,-0.13833766399753228,0.828,0.19504747381038734,-0.13823688026592829,0.8461,0.8921556420233463,False,False,0.2782261724041766,-0.22642242966066484,0.9783,0.98468219944082,False,False
Normal immunoglobulin (Gamma globulin),0.1520394154063103,0.1079714663143989,False,0.24538957127589212,-0.04362383975049506,0.4006,0.6334524158125916,False,False,-0.08568594111650991,0.5785,0.12878959780415977,0.055721640770622555,0.1096,0.29204889975550125,False,False,0.2775718074768083,0.026257440331098537,0.1434,0.40331249999999996,False,False
Nortriptyline,0.0697901592534707,0.3027708154506437,False,0.10000123268234462,0.056929304774364996,0.0928,0.31817142857142855,False,False,0.033227866927809206,0.1202,0.045873032265126734,0.08370312167150834,0.0713,0.2365714285714286,False,False,0.07113840189603604,0.07673385138654275,0.0594,0.24107865168539325,False,False
Nystatin,0.1407264335928977,0.1247701863354037,False,0.4475965838014828,-0.05772839549150395,0.4651,0.6848098159509203,False,False,-0.06430604001878797,0.471,0.29903736972053985,0.13960034780677652,0.02374,0.11980934579439254,True,False,0.28040420449930903,0.10743085212991842,0.03274,0.166788679245283,True,False
Obeticholic acid,-0.0460951518269758,0.7189621621621622,False,0.08133029314202578,-0.046862202153692,0.3947,0.6278145695364239,False,False,0.0015132125841574458,0.1809,0.02005872764317851,-0.034167990272307415,0.3637,0.566961038961039,False,False,0.14127261415525072,-0.05382728325304581,0.4112,0.6810295230885692,False,False
Octreotide acetate,-0.0806607971148953,0.8422094818081588,False,0.17342941991598437,-0.1999312208413474,0.9493,0.9690396975425332,False,False,-0.22623287382881108,0.9889,0.158042627123277,-0.18131914420332626,0.9355,0.9531509433962264,False,False,0.18741174951038342,-0.18407024966080981,0.9118,0.952989928057554,False,False
Oestrogens conjugated,0.300178742608511,0.0136626506024096,True,0.4421530333656525,0.21533252636169387,0.00184,0.040363636363636365,True,True,0.14249571397121355,0.01,0.34992280444489043,0.312030896839553,0.00026,0.0073894736842105265,True,True,0.4319240806678597,0.2396206620220808,0.00127,0.024878571428571427,True,True
Oestrogens conjugated with bazedoxifene,-0.0728580337473226,0.9848170212765958,False,0.20683266102441122,-0.1876453866644658,0.9512,0.9705205479452055,False,False,-0.16626228305996368,0.9198,0.20170930896777883,-0.17870732495709038,0.9528,0.9666735556599342,False,False,0.23463995157184347,-0.15703639223399024,0.8803,0.9362127031019202,False,False
Oestrogens conjugated with progestogen,0.1513697643706978,0.1194562025316455,False,0.12920167032767405,0.1601210258655871,0.01048,0.100608,True,False,0.2722608376700074,0.0003,0.09356444901183181,0.17309736210710253,0.01126,0.07553291925465837,True,False,0.27841591139853494,-0.006190505250015893,0.2464,0.5403289340101524,False,False
Ofatumumab,-0.0181184668989547,0.5163631245601689,False,0.12676254747996862,-0.08683638751039405,0.6676,0.8087582725743129,False,False,-0.1437942972003226,0.8515,0.0942419143691482,-0.058245605040396144,0.5507,0.7072009512485137,False,False,0.17723113066975937,-0.16020630172289596,0.9199,0.952989928057554,False,False
Ofloxacin,0.1410163159822464,0.13248,False,0.3311445855034435,-0.0036850867075828566,0.2419,0.492406779661017,False,False,0.03307890178605929,0.1143,0.327817017220436,-0.019863681653613706,0.3318,0.5348417910447761,False,False,0.34239634163043375,-0.10100820777139083,0.6314,0.7713936651583709,False,False
Oils for the ear,-0.042115915080463,0.7024936014625228,False,0.16389043888542698,-0.1027123114893133,0.6702,0.8091256281407035,False,False,-0.14119799410021666,0.8376,0.1623736532597554,-0.10807935561860495,0.7186,0.8160757097791798,False,False,0.2177464036286535,-0.08530355761024072,0.5657,0.7334405762304922,False,False
Olanzapine,0.4070033043461464,0.0012342857142857,True,0.6041497649181111,0.18734234871410962,0.00473,0.06677647058823528,True,False,0.20109559137160432,0.0023,0.5623912293095419,0.12080134294951193,0.03736,0.16075219123505974,True,False,0.6926481283894069,-0.066276990726784,0.4852,0.722810408921933,False,False
Olanzapine embonate,0.2468655306158138,0.0453328545780969,True,0.1828048890475188,0.13937491346071662,0.0184,0.14093617021276594,True,False,0.19835720683657732,0.0036,0.14241666447479617,0.20300786970909182,0.00812,0.06309064748201439,True,False,0.24081282671662252,0.10662372102207236,0.03183,0.1633083135391924,True,False
Olaparib,-0.065697042852927,0.8359667221297837,False,0.025322213122151105,-0.07004111342214708,0.4976,0.7061483913328955,False,False,-0.09176532335835816,0.6103,0.023302410990684197,-0.0699708314566275,0.5244,0.6932093023255813,False,False,0.08694979053235097,-0.09945153872583598,0.6478,0.7782246941045606,False,False
Olmesartan medoxomil,0.2528329435998172,0.0292499999999999,True,0.27436408210179075,0.24213408713709134,0.00083,0.028047761194029852,True,True,0.07717938724184542,0.046,0.1652737602747033,0.3208541315818804,0.00021,0.006978461538461538,True,True,0.3043772044384794,0.23191955792359037,0.00139,0.025661538461538458,True,True
Olmesartan medoxomil/amlodipine,0.3571936565223439,0.0076235294117647,True,0.19742188685029793,0.12204549800833862,0.0265,0.16934911242603548,True,False,0.06192376285614054,0.0638,0.08584234649727096,0.29847881621314204,0.00062,0.012754285714285715,True,True,0.24159235805806822,0.3339468931191173,7e-05,0.00576,True,True
Olmesartan medoxomil/amlodipine/hydrochlorothiazide,0.2486032378206058,0.0083267175572519,True,0.2926882661597956,-0.01305129872843601,0.2553,0.5054518790100826,False,False,-0.048267857339585926,0.4006,0.20617519928384043,0.0777199334473312,0.04413,0.17861383177570095,True,False,0.3301802270231359,0.07575697825407111,0.03589,0.17821241379310343,True,False
Olmesartan medoxomil/hydrochlorothiazide,0.3188800513694525,0.0072867469879518,True,0.16108384496281125,0.1581043146950859,0.01118,0.10545327510917031,True,False,0.046913638224925315,0.0876,0.0352831884064988,0.23855713217739516,0.00223,0.027150837988826813,True,True,0.18520087871399282,0.25816192502593266,0.00062,0.016134939759036144,True,True
Olodaterol,0.1592535435278504,0.1106545924967658,False,0.13569620004661376,0.03977022368622495,0.1283,0.371566265060241,False,False,-0.04832224572471225,0.3904,0.09973438611726348,0.047584236718164294,0.1331,0.32339257592800896,False,False,0.32875992447883595,-0.048350995103048036,0.3937,0.6711854775059194,False,False
Olopatadine,0.6169045681506019,0.0003176470588235,True,0.8553639541297386,0.14578305835236013,0.01211,0.10898999999999999,True,False,0.11481536108874231,0.0161,0.7674562912725785,0.2561127121424941,0.0009,0.015307086614173227,True,True,0.8576604899871877,0.1332224850970935,0.01636,0.11602084690553746,True,False
Olsalazine sodium,0.1348883233173219,0.1460809248554913,False,0.07377736257384004,0.12332841651257606,0.02425,0.1611692307692308,True,False,0.0654687635250871,0.0632,0.06408262324145708,0.09123051927943979,0.0607,0.216,False,False,0.10197986715851226,0.13171215042323303,0.01921,0.12573818181818183,True,False
Omalizumab,-0.0867576219495981,0.996707192575406,False,0.034352043074595495,-0.12049228680946135,0.8191,0.8914216624685138,False,False,-0.028854587204753854,0.2875,0.029939947175095183,-0.1078858728647533,0.8188,0.8779354838709678,False,False,0.04775169985689143,-0.12853424035932948,0.8397,0.9032629482071713,False,False
Omega-3-acid ethyl esters,0.3458351087727481,0.0062886075949367,True,0.433231784672632,0.13109159028154024,0.01978,0.14429090909090908,True,False,0.13681323753211766,0.0128,0.3840150451571196,0.17720648530235386,0.01068,0.0734126582278481,True,False,0.4071972330869339,0.21427574565126095,0.00224,0.03320816326530612,True,True
Omeprazole,0.3332982467992248,0.0050532110091743,True,0.41802714391719065,0.09519441424776905,0.04328,0.22364784688995212,True,False,0.0469279507374264,0.0912,0.3305165716780277,0.12094680462763792,0.03625,0.15754527162977866,True,False,0.48254677574600435,0.06723012786334587,0.0737,0.27534470989761095,False,False
Ondansetron hydrochloride,-0.011383367701297,0.6034082840236686,False,0.08117626586664173,-0.04067184167748206,0.3852,0.6232449438202247,False,False,-0.13700552312051817,0.8143,0.05421159033975842,-0.029850189419268522,0.3782,0.577884016973126,False,False,0.11541546480361764,-0.002939181588977648,0.231,0.529109243697479,False,False
Opicapone,0.2907877784480805,0.0154622950819672,True,0.30676660536555966,0.20589778009585322,0.00299,0.0516672,True,False,0.2060193501961407,0.0017,0.18226414848996453,0.2708958824237985,0.00098,0.015797014925373134,True,True,0.30107289770239587,0.2918312568992982,0.00029,0.010977049180327868,True,True
Opium and morphine,0.0404213235636241,0.3686124401913875,False,0.22500542852510141,0.004133812482553951,0.1978,0.4591158798283262,False,False,-0.06453842171494188,0.481,0.1060079215222377,0.0009978300830239886,0.2416,0.45576943231441047,False,False,0.22270005801028048,-0.022576369384968466,0.2844,0.5809584905660378,False,False
Oral Film Forming Agents,0.2066923388228376,0.0520962711864406,False,0.2318287929524352,-0.017612852189607616,0.2924,0.5421321888412016,False,False,0.04578867031163594,0.0921,0.2168127596679742,0.02006000865345237,0.2082,0.42345762711864404,False,False,0.19801706300454514,0.01622190450127627,0.1795,0.46337142857142855,False,False
Oral rehydration salts,0.310100632209761,0.0173244215938303,True,0.7654521654381838,0.185109505800273,0.0045,0.0648,True,False,0.17234695820881923,0.005,0.6429305300449902,0.31104481451615096,0.00016,0.005857627118644068,True,True,0.6140733167329975,0.2801988652237065,0.00031,0.010977049180327868,True,True
Orlistat,0.2520575183137722,0.0237793721973094,True,0.49483428936466034,-0.08772113795098291,0.5941,0.7783064809206541,False,False,-0.19086560462470736,0.9505,0.45812121230655156,-0.05970622698817297,0.5046,0.6776496894409938,False,False,0.39576416849624974,0.029645511559993006,0.1327,0.38950339213025775,False,False
Orphenadrine hydrochloride,0.4065573421677357,0.0015211267605633,True,0.4471721899952499,0.13611643739088441,0.01763,0.13828695652173914,True,False,0.07474370835023016,0.0488,0.4281132085808196,0.21532452837873534,0.00362,0.03741244019138756,True,True,0.4562522196386025,0.18884687684748225,0.00394,0.04687912087912088,True,True
Oseltamivir phosphate,0.1786527672201597,0.0756637168141592,False,0.29911667349066173,-0.12794436106657747,0.7699,0.8594232558139535,False,False,-0.18498346488704354,0.9461,0.0323669588769081,0.13031072332129937,0.02628,0.12727533632286997,True,False,0.23525435676798623,0.02036311915572734,0.153,0.42099363057324846,False,False
Osimertinib,-0.0696999668781323,0.8537479541734861,False,0.13904166576814825,-0.18419511247525866,0.9461,0.9662297872340425,False,False,-0.07654186167208478,0.5408,0.04545253921161885,-0.1315832729507216,0.8718,0.9079498553519768,False,False,0.18009898763102383,-0.18879808657833602,0.9466,0.9610684161199625,False,False
Ospemifene,0.1746898717983865,0.085943018335684,False,0.3698720094118184,0.0611680967129893,0.0889,0.312742671009772,False,False,0.0903903511501141,0.034,0.17378892923915346,0.05071549726050771,0.1287,0.31554143019296255,False,False,0.3387813140998218,-0.07768045550425885,0.533,0.722810408921933,False,False
Other Appliances,0.3512636548469056,0.0048342857142857,True,0.5657780068875409,0.27785380209126903,0.00041,0.019761702127659573,True,True,0.2812666193671411,0.0001,0.49825366931244885,0.2321417477134113,0.0021,0.026068965517241378,True,True,0.6577875242130322,0.05440578622004223,0.0885,0.3060575079872205,False,False
Other HIV infection preparations,-0.0179355927637581,0.5800691489361702,False,0.15418807614074037,-0.12847186883544823,0.798,0.8771908396946565,False,False,-0.17165326488593285,0.9251,0.12519188864273967,-0.10085800711725171,0.7062,0.8090847457627119,False,False,0.1812785292513679,-0.13081158475877835,0.779,0.8664469618949537,False,False
Other acid preparations,-0.1040244370316524,0.8975698587127159,False,0.11031990001825531,-0.12127915927311456,0.7384,0.8412151898734177,False,False,-0.1792171523163324,0.935,0.0563957471449571,-0.1298799593202566,0.7883,0.859422805247225,False,False,0.09247922928939123,-0.1307938892641194,0.7583,0.8548684759916492,False,False
Other alcohol and saline preparations,0.1744973983966137,0.0972887671232876,False,0.03969910332574733,0.1935018728276186,0.00753,0.0856042105263158,True,False,0.17097049611312978,0.0068,0.030238504372046338,0.20303938759839094,0.01054,0.0734126582278481,True,False,0.14834791233206568,0.16100519010007483,0.01147,0.09365433962264151,True,False
"Other alcohol, wine and spirit preparations",-0.0576328304882738,0.8989875,False,0.029163284155780955,-0.1549414713230743,0.9215,0.9478285714285715,False,False,-0.0045544347183129955,0.154,0.026663716968231554,-0.13418973901412815,0.9096,0.9364804575786463,False,False,0.031810128342982136,-0.1588417435905759,0.9263,0.9554242135367016,False,False
Other amino acidandnutritional agent preparations,-0.0354349471122944,0.7332227488151658,False,0.032551770941617875,-0.01697048510695486,0.2142,0.47407228915662647,False,False,-0.018563331773470932,0.2334,0.031297126075621184,-0.010694300145508545,0.1941,0.40804669260700394,False,False,0.13682901094722977,-0.04476843467021931,0.3505,0.6408730964467005,False,False
Other anti-inflammatory preparations,-0.0369918699186991,0.9402603550295858,False,0.029890547497667397,-0.04618195024763434,0.383,0.6215477084898572,False,False,-0.0014465863147585113,0.1394,0.025453633674554776,-0.05534773335204157,0.5483,0.7072009512485137,False,False,0.03669128209613437,-0.057961209469511964,0.4337,0.6934063656550703,False,False
Other antiperspirant preparations,-0.0380849473850568,0.6436142131979695,False,0.14755782369040304,-0.11468743895568488,0.7246,0.831634431455898,False,False,-0.13465252074424888,0.8046,0.13346544189747656,-0.12120932658543843,0.7913,0.860845921450151,False,False,0.26379696135501507,-0.15922855187457577,0.8632,0.9202922013820335,False,False
Other antiviral preparations,-0.0769034374544224,0.8702980561555075,False,0.09478205537427642,-0.11290885848300211,0.7362,0.8391514511873351,False,False,-0.11430616813333987,0.7298,0.04881085189691192,-0.12047415513057105,0.8178,0.8779354838709678,False,False,0.12542836581377803,-0.16316752110574623,0.8874,0.9419085995085994,False,False
Other aromatic inhalation preparations,-0.0757638300943901,0.8616559956592512,False,0.30702770821815273,-0.05079732952872567,0.4238,0.652,False,False,-0.02486837473628097,0.2738,0.164132584463335,-0.12153650379765679,0.7938,0.8611793068809643,False,False,0.13031921162316928,-0.10287735230721134,0.6598,0.7843522289488168,False,False
Other aural preparations,-0.0256387921022067,0.7101065375302663,False,0.09476030168478078,-0.0859495880993818,0.663,0.8087582725743129,False,False,-0.04359375335176517,0.3937,0.028235431581408066,-0.04501540073233194,0.449,0.6344381948986266,False,False,0.08848243346098617,-0.08482718962645908,0.6392,0.7747878787878788,False,False
Other barrier preparations,0.2363330979389088,0.0371720930232558,True,0.4974037124424372,0.09492090120341085,0.0434,0.2237326968973747,True,False,0.08561193874016038,0.0387,0.35635573170987933,0.19482152733653926,0.0071,0.05787169811320755,True,False,0.26408141366171245,0.21264020240272385,0.00285,0.03826666666666667,True,True
Other base/diluent/suspending agent/stabiliser preparations,0.1829657209468702,0.075616,False,0.20488137524922578,0.08537912763613284,0.0593,0.26409896907216496,False,False,0.01075307803774659,0.1695,0.18213310610898747,0.14490514534908003,0.02251,0.11631961722488038,True,False,0.17703956909503127,0.1423030233680494,0.01458,0.11059793814432989,True,False
Other bisphosphonate and other preparations,0.0540601439275018,0.3448918032786885,False,0.08185872859219212,0.12014704633811644,0.02313,0.1591108280254777,True,False,0.07728122880904102,0.0426,0.08063029562390234,0.11988113479837578,0.03234,0.14926153846153845,True,False,0.13637632314836667,0.12063181101096851,0.02104,0.1309694524495677,True,False
Other bitter and tonic preparations,-0.0321138211382113,0.8945820660723649,False,0.048548709559633085,-0.1252263833058746,0.8737,0.9160116279069767,False,False,-0.08481163534700396,0.6523,0.03357362436006961,-0.09170282272933547,0.804,0.8670194707938094,False,False,0.11320168198097691,-0.15329746045855286,0.9222,0.954,False,False
Other calcium supplement preparations,0.1492047040627435,0.1212090225563909,False,0.47205326069711495,-0.05795288845689489,0.4614,0.6835555555555555,False,False,-0.09735755929282806,0.6296,0.4282862284194924,-0.01115948687214096,0.3024,0.5091067809820733,False,False,0.46969937857812083,-0.08490949847559967,0.5642,0.7330751653638004,False,False
Other camouflage preparations,0.2948073941989542,0.0140896551724137,True,0.6652253083502229,-0.029175780142266988,0.3403,0.5866304868316041,False,False,-0.040649917578135575,0.366,0.6637746140674516,-0.01596957808291229,0.317,0.52098937784522,False,False,0.6526569023478945,0.1414567307290545,0.01249,0.09948613138686131,True,False
Other chromium preparations,-0.0565174190154799,0.9815007132667618,False,0.27610333338215587,-0.21651094293961362,0.9769,0.9887865168539327,False,False,-0.23057020212700136,0.9893,0.26589973257636745,-0.2257576018066146,0.985,0.9880723226703755,False,False,0.35075339868542443,-0.16033661045661993,0.8905,0.9442709867452136,False,False
"Other colour, flavour and sweetening preparations",-0.0053071918752833,0.3027708154506437,False,0.20908117839297802,-0.011082378997871328,0.2317,0.4854238603297769,False,False,-0.07706863890852234,0.5394,0.14020564110492773,-0.085873186334058,0.6431,0.7803910112359551,False,False,0.11263617816022164,-0.0755013104059067,0.5106,0.722810408921933,False,False
Other compound vitamin/mineral formulation preparations,0.2008981925987601,0.0516778156996587,False,0.2675288575800513,0.03269055510991911,0.0998,0.3281095890410959,False,False,-0.02290837139587879,0.272,0.2627535626418641,0.020700039347398076,0.1451,0.3421572052401747,False,False,0.2798645782046768,0.016740120593358228,0.1216,0.37098305084745764,False,False
Other concentrated water preparations,0.3602288652094902,0.0034515463917525,True,0.38621899396621273,0.1524135094208793,0.00959,0.09595576036866359,True,False,0.05559128084923233,0.0685,0.3465931912314667,0.18926941206971387,0.00705,0.05787169811320755,True,False,0.37304306236613927,0.16736416008075752,0.00678,0.06843364485981307,True,False
Other cordial/soft drink preparations,0.1023148252304659,0.213035294117647,False,0.26701441785938484,-0.04136612793297069,0.3824,0.6215477084898572,False,False,-0.03527211919115154,0.3253,0.21576754422188227,-0.02209510803723377,0.3349,0.5381531598513012,False,False,0.2866281470200228,-0.07023869885050714,0.4919,0.722810408921933,False,False
Other digestive aid preparations,0.3000517599766266,0.0158361185983827,True,0.41278778445013853,-0.012547863601820024,0.27,0.5221128021486124,False,False,0.0319898429261246,0.1103,0.28716364403169925,0.0761227312676734,0.0845,0.253643153526971,False,False,0.41652235470697996,0.011179986948406299,0.1837,0.47013270142180097,False,False
"Other disinfectant,preservative and sterilising preparations",-0.0045132960953419,0.4355891238670695,False,0.08139370968507575,-0.007428463974302092,0.1784,0.43911818181818185,False,False,-0.0007730427059876658,0.1628,0.037932929332374576,-0.05380243156808296,0.5002,0.6756232064878352,False,False,0.13976506607528516,-0.08532441507180351,0.6158,0.7626880733944954,False,False
Other dusting powder preparations,-0.0277540233733239,0.6431969504447268,False,0.3678547060423899,-0.10647203227718337,0.6957,0.8204934497816594,False,False,-0.07718345146286248,0.5464,0.25891391996447755,-0.0922105721353962,0.6938,0.8044057971014492,False,False,0.28509595687508704,0.01089341004869874,0.1414,0.40134559789750324,False,False
Other eczema preparations,0.0610588216173147,0.3134297872340426,False,0.16846274365553215,-0.10138592932333577,0.6534,0.8077757437070938,False,False,-0.14573170786169173,0.8475,0.08629188985571845,-0.04490767691553781,0.4272,0.6177831325301205,False,False,0.09239506042668932,-0.05877937161341034,0.4417,0.6989538461538461,False,False
Other emollient preparations,0.2382728732548631,0.0276204255319148,True,0.6258295292575775,0.13581228216011404,0.01825,0.14089964412811387,True,False,0.1242227561777084,0.0181,0.498156289568924,0.20271244131298732,0.00504,0.04816991150442478,True,True,0.41477521745392887,0.2712459923970343,0.00039,0.012521739130434783,True,True
Other enzyme preparations 0911020,0.1865309564858726,0.0740151285930408,False,0.2859146828136909,0.08007834041496928,0.0585,0.26215767634854775,False,False,0.02442195801611396,0.1348,0.2674789798755356,0.1313089116078125,0.0297,0.13999999999999999,True,False,0.27001016295666147,0.15859308513641818,0.01005,0.08614285714285713,True,False
Other expectorantand demulcent cough preparations,0.0969028468732774,0.0661371428571428,False,0.47458217540372527,0.07950670905021917,0.04672,0.23112494279176204,True,False,0.0645951613413377,0.0486,0.33243327189778427,0.11520370122213243,0.0172,0.0978821052631579,True,False,0.2987178578975157,0.16688901973630937,0.00196,0.03017872340425532,True,True
Other eye tear/lubricant/astringent preparations,0.1524132657960033,0.1079714663143989,False,0.212017997687304,-0.008687432063672573,0.251,0.4996866359447004,False,False,0.022955557845633728,0.1257,0.035087652733815866,0.12355616709132594,0.03166,0.14738275862068964,True,False,0.09425047504239215,0.11634975956958611,0.02499,0.14195905511811022,True,False
Other food for special diet preparations,0.0317679002206764,0.2370229007633587,False,0.04351553992362722,0.018772207991080925,0.0903,0.3156116504854369,False,False,-0.01960391083771408,0.2573,0.03942168756476261,0.025967682796531572,0.0803,0.24498305084745758,False,False,0.15297378315728172,-0.011194014561439317,0.2011,0.4947334851936218,False,False
Other food preparations,0.0235565064189988,0.4480420105026256,False,0.24738333361702203,-0.0680812840948039,0.5015,0.7093909626719056,False,False,0.032385594736681934,0.1112,0.1525059224102716,0.02256670288231929,0.1888,0.4023905325443787,False,False,0.19724441235043078,-0.050321644502408766,0.4085,0.6810295230885692,False,False
Other health supplement preparations,0.0309080578485923,0.26071719038817,False,0.2648725430080805,-0.010327862693958773,0.2251,0.4795029585798817,False,False,-0.031585969339169455,0.2988,0.08762351927017342,-0.03921003169569507,0.3227,0.5249661399548533,False,False,0.32348669898131177,-0.06629129977551663,0.4748,0.7191921458625525,False,False
Other homeopathic preparations,0.0016874750426769,0.5178558432470259,False,0.1240639416909256,-0.011165016341389543,0.2543,0.5047933884297521,False,False,-0.03199893932807321,0.3222,0.07027645950822203,0.021786571729119297,0.176,0.38438827098078865,False,False,0.11250520725403357,0.027999728153697202,0.122,0.3716784203102962,False,False
Other household and over the counter preparations,-0.0218478249190403,0.4806981818181818,False,0.14614183170220807,0.04923476707312426,0.0803,0.30429473684210523,False,False,0.05555380379598893,0.0617,0.0866393528524314,0.001171281743322341,0.1832,0.39413545816733064,False,False,0.16098884854160234,0.020553220963561155,0.1318,0.3889768076398363,False,False
Other individually formulated bought in preparations,0.3141494695004828,0.011543606557377,True,0.5684025382933106,0.19659738532878498,0.00389,0.05959148936170213,True,False,0.25913838305726117,0.0004,0.4210908226327644,0.27501066307178795,0.00071,0.013452631578947369,True,True,0.3455226139349862,0.268847485490073,0.00027,0.0108,True,True
Other intravenous nutrition preparations,0.0446026266154845,0.3292550335570469,False,0.1492284806969626,-0.026997165415212274,0.3072,0.5555058430717863,False,False,-0.012640417121315495,0.2279,0.0762706052714609,-0.007831162854694974,0.2467,0.4595348837209302,False,False,0.11364753328116617,-0.033922789754851634,0.308,0.6092307692307692,False,False
Other lozenge and spray preparations,-0.0233446855605513,0.634888178913738,False,0.23996650792028118,-0.0042168972861139995,0.2455,0.49558878504672893,False,False,0.05479619086974708,0.0738,0.12850319507644337,-0.046308717824032924,0.4325,0.6218443113772455,False,False,0.24504108110018108,0.014852872309768585,0.1802,0.46337142857142855,False,False
Other magnesium preparations,0.3215688640981345,0.0123428571428571,True,0.367973351524138,-0.002337851858021767,0.2309,0.4846880466472303,False,False,0.03447100759888472,0.1061,0.30467213852311004,0.00247966948587999,0.2469,0.4595348837209302,False,False,0.41599982096398724,0.09209388725550335,0.04468,0.20472252631578947,True,False
Other mineral formulation preparations,-0.0453169408328188,0.71571119133574,False,0.19153433041102663,-0.14829515338832164,0.8462,0.9084453280318091,False,False,-0.1490613523807832,0.8602,0.1648377023705656,-0.160418848320089,0.9013,0.9292639618138425,False,False,0.23135445850422276,-0.18092603836708848,0.929,0.9555428571428571,False,False
Other minor cut and abrasion preparations,-0.0175356818089933,0.4726289493019838,False,0.1793519141605302,-0.07575643795582546,0.5944,0.7783064809206541,False,False,-0.05346639450575906,0.4486,0.17071388201613313,-0.09762697189680887,0.7696,0.8476981132075471,False,False,0.27099731041012853,-0.05758482610910496,0.4385,0.696953642384106,False,False
Other miscellaneous topical preparations,-0.0419033315782269,0.7156219145093318,False,0.1796411880942782,-0.14216388345326722,0.8111,0.887744680851064,False,False,-0.10419240401212866,0.6669,0.03481160189607757,-0.06205015818876684,0.5046,0.6776496894409938,False,False,0.19899506455799154,-0.05895476863386358,0.4501,0.7037973950795947,False,False
"Other mouth wash, gargle and dentifrice preparations",0.2320804446588399,0.0362404715127701,True,0.2800231327667665,0.13728339436286702,0.01822,0.14089964412811387,True,False,0.1389802063129403,0.0113,0.12485081380660701,0.07326835372898227,0.0848,0.253643153526971,False,False,0.31744830139483904,0.00677480914231597,0.2105,0.5071199999999999,False,False
Other multivitamin preparations,0.2297641270405385,0.0372787644787644,True,0.49611198707093973,0.07806564966883865,0.0632,0.273456,False,False,0.08734575006575561,0.0362,0.461914717242473,0.17555091621840366,0.01124,0.07553291925465837,True,False,0.504844221065622,0.11689271592184866,0.02837,0.15247371007371005,True,False
Other nasal infection preparations,-0.0127344523976076,0.4711281296023564,False,0.17584242745409617,-0.11024695834348137,0.7421,0.8422184873949579,False,False,-0.1006764292285744,0.6577,0.14275222136310772,-0.12640914654407628,0.8455,0.8921556420233463,False,False,0.34686452091748554,-0.12991777206012636,0.795,0.8770173646578141,False,False
Other neuromuscularar transmisson preparations,0.0052097249436848,0.4323265306122448,False,0.03335504760957653,0.0288653382303175,0.1166,0.3527394957983193,False,False,0.049151136774666364,0.0704,0.023366697993140395,0.030426492265798234,0.125,0.313,False,False,0.060008612941212625,0.0035853618623344816,0.1618,0.4346799007444169,False,False
Other non-opioid analgesic preparations,0.1317352315823786,0.14575,False,0.35773574932968055,0.06388919509854972,0.0819,0.3059702479338843,False,False,0.04734239049713626,0.089,0.3086603429302359,0.050883033012249945,0.1276,0.3148974943052392,False,False,0.37696008928281466,0.04982656469747488,0.1018,0.33570687022900764,False,False
Other oil preparations,0.2071619466534252,0.0391423149905123,True,0.23107075777738628,0.0314615452586088,0.1015,0.3296842105263158,False,False,0.06323522426837529,0.039,0.10776305126538521,0.18434205036232812,0.00478,0.04701176470588235,True,True,0.1384673215584611,0.2252864941076667,0.00141,0.025810169491525422,True,True
Other oral iron preparations,-0.0630030180073278,0.7846302472685451,False,0.05383353334295349,-0.045979891379942274,0.4051,0.6368384279475983,False,False,-0.0699474749378373,0.4918,0.040489810617271416,-0.05307265237757256,0.4691,0.6510500641848523,False,False,0.09396916360641594,-0.028262143164985275,0.309,0.609731506849315,False,False
Other oral ulceration and inflammation preparations,-0.05293428974504,0.7917942857142857,False,0.20466787570759326,0.02244822169753694,0.1359,0.3802383419689119,False,False,0.025626376738141488,0.1111,0.13697431241831104,-0.018916665520282414,0.2555,0.46708629441624366,False,False,0.21869693972859938,0.0177446574732903,0.1383,0.39828571428571424,False,False
Other osmotic laxative preparations,-0.0363236775694457,0.6436142131979695,False,0.09866867220660724,-0.0847863764232642,0.6196,0.7878095238095237,False,False,-0.10118751553381787,0.6884,0.06566272709346066,-0.07982378201599657,0.6362,0.7760632411067193,False,False,0.09034084414609622,-0.08450848974765812,0.5753,0.7390487514863258,False,False
Other otitis external preparations,0.1558875052194794,0.1002333785617367,False,0.14847113380099453,-0.023530928285174696,0.3072,0.5555058430717863,False,False,-0.007958643662050369,0.2226,0.08070763177113227,0.058919155167954554,0.1057,0.286017521902378,False,False,0.14500288053642907,-0.018544499067493513,0.2697,0.5700117416829745,False,False
Other pancreatin preparations,-0.0337688734030197,0.9106997468354432,False,0.04022500963527553,0.008844689080453771,0.0846,0.3059702479338843,False,False,0.00025237936408590444,0.1373,0.03886469787667368,0.006928538330266393,0.0787,0.24346285714285715,False,False,0.15303205563603206,-0.07332003229764282,0.5363,0.722810408921933,False,False
Other pantothenic acid preparations,-0.0409794812233836,0.9815007132667618,False,0.3044444623295923,-0.23044394480053737,0.9828,0.9890949720670391,False,False,-0.2407758482473062,0.9929,0.2901108064196002,-0.23132100239274825,0.9867,0.9880723226703755,False,False,0.3894427761903063,-0.18871555741410104,0.9493,0.9610684161199625,False,False
Other phosphate supplement preparations,0.3314509936133979,0.0074303999999999,True,0.02704261637720018,0.308799919645227,0.00014,0.014086956521739129,True,True,0.19022959768074046,0.0032,0.00835081777261737,0.3230404209844398,0.00025,0.0073894736842105265,True,True,0.11411685194027532,0.22563341538288487,0.00137,0.025510344827586205,True,True
Other preparations,0.2307329764013295,0.0366151456310679,True,0.354195046223151,-0.08998664445074807,0.603,0.780933014354067,False,False,0.011913152020561552,0.1669,0.11162502237219218,0.10332430335563447,0.0535,0.1988984509466437,False,False,0.2758768827846677,-0.011689514596149161,0.262,0.5597626112759645,False,False
Other preparations for biliary disorders,-0.0268698971144479,0.7208206358728254,False,0.06645101813495169,-0.013311283759067575,0.1942,0.4558699891657638,False,False,0.013713148477228626,0.094,0.0062582073992970555,-0.027547410347120018,0.266,0.4756291390728477,False,False,0.12801208724813762,-0.04365041868382777,0.3435,0.6359794520547944,False,False
Other psoriasis preparations,0.1773667453461422,0.0756637168141592,False,0.3533388831884078,-0.05947945232050041,0.473,0.6899839142091154,False,False,0.011949205860069605,0.1638,0.34595234113819506,-0.058110598881619735,0.4948,0.6713366834170854,False,False,0.36642570153872733,-0.025932515389701916,0.3154,0.6148592057761733,False,False
Other purified water preparations,0.1122452655241017,0.0152330578512396,True,0.23522451770182584,-0.08361979364139235,0.6221,0.7890405167351732,False,False,-0.13608372679407357,0.8202,0.16696217683214876,-0.014712369491743234,0.2629,0.4720399002493766,False,False,0.2713270735273535,-0.014088089376035085,0.2281,0.528540192926045,False,False
Other rubefacient and topical antirheumatic preparations,-0.0820906938467499,0.9223491745872936,False,0.22619287709064217,-0.17893650484013796,0.932,0.9558974358974359,False,False,-0.1391679165323808,0.8357,0.21527827353749784,-0.1756948622763557,0.9409,0.9572981629769194,False,False,0.2675615696030539,-0.11723049480904855,0.7221,0.8287651434643996,False,False
Other screening and monitoring agent preparations,-0.0393459094973258,0.953176241480039,False,0.13881484969716362,-0.07939315975916415,0.6169,0.7870667454223271,False,False,-0.013706710369460461,0.2253,0.09057065839532541,-0.11928190074936788,0.8787,0.912935064935065,False,False,0.1451635585324731,-0.06497898599355971,0.4867,0.722810408921933,False,False
Other selenium preparations,0.1424850026168584,0.0599647058823529,False,0.10461519463824276,0.03085864892913709,0.1118,0.34621714285714283,False,False,0.0795438122651129,0.0331,0.09114457972581214,0.057941790586077575,0.0725,0.23691376701966715,False,False,0.19020321947257646,-0.06775081064722442,0.4829,0.722810408921933,False,False
Other shampoo and scalp preparations,0.0494514259506364,0.3304274937133277,False,0.21086675946246758,-0.016398826138495026,0.2764,0.5292765957446809,False,False,-0.10558984592042277,0.6797,0.18586957923226,-0.04221016016464976,0.4133,0.6064728260869565,False,False,0.20364824951667093,-0.04514977946897105,0.3814,0.6638388396454473,False,False
Other single substance preparations,0.1645823226490819,0.075616,False,0.13109164440813825,0.18005998530422884,0.00326,0.05375267175572519,True,False,0.20175674951413033,0.0011,0.09415670353169991,0.14367963764422875,0.01261,0.08106428571428571,True,False,0.16762832547247541,0.05797180850191898,0.064,0.2520653357531761,False,False
Other soothing haemorrhoidal preparations,0.0932791878916542,0.2212631578947368,False,0.40799293639011514,-0.0024219767415667565,0.2344,0.4872413793103448,False,False,0.007864270275547208,0.1809,0.3092900628364904,0.10671256023430074,0.04654,0.18445211009174312,True,False,0.26047103881700273,0.1401726474436744,0.01569,0.11449459459459459,True,False
Other stimulant laxative preparations,-0.0812883899125898,1.0,False,0.03755147883613541,-0.061810790746666636,0.4542,0.677048275862069,False,False,-0.05727121256488178,0.414,0.006836795414870922,-0.07450872815728764,0.6107,0.7568045845272207,False,False,0.08489786934611088,-0.1405366853562789,0.8574,0.9159169139465876,False,False
Other sunscreening preparations,0.2615665764755838,0.0254973913043478,True,0.7116756371259422,-0.026162003105046745,0.3336,0.5801739130434783,False,False,0.023737115819759416,0.1389,0.6725343111154043,-0.02313410767753436,0.3591,0.5627904278462654,False,False,0.6588537620022941,0.08596929629372459,0.0504,0.216,False,False
Other test for helicobacter pylori preparations,-0.0521903964831131,0.7668944606413993,False,0.12345758215424507,-0.032643264837597975,0.3217,0.5689885433715222,False,False,-0.02150718499042794,0.2608,0.0310531171334002,-0.06387309577233762,0.5102,0.6826666666666668,False,False,0.07981314366040793,-0.08973564191538327,0.6114,0.7585433658816773,False,False
Other tincture preparations,0.0322149736465784,0.4155254237288135,False,0.28062547124371995,-0.17876177363440013,0.916,0.9435193133047212,False,False,-0.030665949413822797,0.311,0.19676698912003088,-0.11408563237347764,0.7394,0.8288033212247015,False,False,0.31770464684093136,-0.13998299114643661,0.7985,0.8790825688073395,False,False
Other toiletry preparations,0.1653523801728477,0.0968880330123796,False,0.6689104095440208,-0.07792429326557639,0.5619,0.7515195046439628,False,False,-0.017153724942315637,0.2653,0.611447248819601,0.037226641678585755,0.1673,0.37370010341261634,False,False,0.5637720841566225,0.1351624767775229,0.01779,0.11933664596273293,True,False
Other topical anaesthetic and antipruritic preparations,-0.0739797996872025,0.8202424242424242,False,0.26018577207569626,-0.1374626076483438,0.8015,0.8796951219512196,False,False,-0.14472908791659528,0.8435,0.09400529534110635,-0.10227569629965845,0.688,0.8040194489465152,False,False,0.2096628097062594,-0.10865900614086102,0.6645,0.789189664650907,False,False
Other topical circulatory preparations,-0.0968403715399211,0.9117209302325582,False,0.1180192864246723,-0.05224133769958351,0.4172,0.647844716031632,False,False,-0.12020470822009172,0.7499,0.02145526764688388,-0.09573445336790655,0.6616,0.7908444936358605,False,False,0.10993754637103248,-0.07311313135319625,0.4915,0.722810408921933,False,False
Other topical corticosteroid preparations,0.2811124667169503,0.0080275862068965,True,0.35249504797771125,0.018224599769508788,0.1156,0.35100000000000003,False,False,-0.09835871771553913,0.6889,0.3378507529910648,0.02221504552593424,0.1276,0.3148974943052392,False,False,0.3560754341139043,0.002489052662984904,0.1541,0.4218707224334601,False,False
Other topical nasal decongestant preparations,-0.0789068647464615,0.8529170305676856,False,0.14571473059861306,-0.06313627622252604,0.475,0.6899839142091154,False,False,-0.03709512057690897,0.3292,0.08301992729002838,-0.0383380700416143,0.3878,0.5821956974323387,False,False,0.17862783151332307,-0.05611987744408216,0.4279,0.6912645739910314,False,False
Other treatment of dry mouth preparations,-0.0702396716682248,0.8769715817694369,False,0.0834932396842949,-0.08478822325362213,0.5995,0.7808028933092225,False,False,-0.048522302030008305,0.3972,0.022858487023517227,-0.06810241417744038,0.5544,0.7085822485207101,False,False,0.07450176028913003,-0.0686733123839234,0.4899,0.722810408921933,False,False
Other urological pain preparations,0.0958398654346834,0.2058174523570712,False,0.1199783094872946,-0.04498382918124621,0.3774,0.6175636363636364,False,False,-0.12491492363450764,0.7696,0.08240632186766972,-0.01786950146258349,0.2955,0.5006117647058823,False,False,0.09257847366664762,-0.04611514314539228,0.3623,0.6521399999999999,False,False
Other vaginal/vulva changes preparations,0.1192074735380469,0.0307367556468172,True,0.059746580475543265,0.05638703108257918,0.03074,0.18703774647887322,True,False,-0.012015172878269595,0.2119,0.042774989816087405,0.06357946149679972,0.02159,0.1121019230769231,True,False,0.1051581795001183,0.05344743522599572,0.03009,0.15775339805825242,True,False
Other vehicle and emulsifying agent preparations,0.1516082645392427,0.0850480796586059,False,0.5213890662466644,-0.048861978941470686,0.4254,0.6529090909090909,False,False,-0.22273266779726805,0.9838,0.44318202505791915,-0.05270533576588709,0.4941,0.6713366834170854,False,False,0.49132857884344694,-0.055666129591838066,0.4449,0.7014481751824818,False,False
Other vitamin A preparations 0906011,0.20677271974994,0.0553275747508305,False,0.14352327930251374,0.15441472946668727,0.01225,0.10915555555555555,True,False,0.05650315439952655,0.0713,0.04975922813006628,0.1658890192005783,0.01326,0.08230344827586206,True,False,0.28659809772315825,0.24015444080481138,0.00098,0.021168,True,True
Other vitamin B compound preparations,0.2916925989603794,0.0202893203883495,True,0.586337000673182,-0.15370462912835212,0.8592,0.9127776141384388,False,False,-0.06423180372189244,0.4703,0.4706384472069065,-0.03206864552377503,0.3688,0.571609756097561,False,False,0.5826128598992554,-0.07522529275887901,0.5161,0.722810408921933,False,False
Other vitamin B preparations,0.1224805968692027,0.170476399560922,False,0.19747823014532173,-9.061335045057232e-05,0.2352,0.4872413793103448,False,False,-0.08411364976195779,0.5761,0.06666813113942782,0.03968635926137175,0.1569,0.3576505263157894,False,False,0.12901485530832102,0.006103600431934491,0.2068,0.5020606060606061,False,False
Other vitamin C (Ascorbic acid) preparations,0.0663680157218351,0.3004567474048443,False,0.1060377976937178,0.010576997990482022,0.1932,0.4558165938864629,False,False,-0.0470244630743844,0.3772,0.02475562507242446,0.015023826731778323,0.2033,0.4186158245948523,False,False,0.09671892588060016,0.03043564722429536,0.1319,0.3889768076398363,False,False
Other vitamin C preparations,-0.0276713124274099,0.7748233931673423,False,0.05685020713664257,-0.014587027845556176,0.1975,0.4591158798283262,False,False,0.00020345476732601481,0.1443,0.04771911717009303,-0.02181645364768465,0.2501,0.4605178875638842,False,False,0.17920401283366116,-0.06531503308891236,0.4785,0.719899721448468,False,False
Other vitamin D preparations,0.2524403694592456,0.0364762645914396,True,0.36397383600127076,-0.007127003426377282,0.2354,0.4872413793103448,False,False,-0.13721640815453312,0.8156,0.3425248776486026,0.013831808038810593,0.1951,0.408394584139265,False,False,0.3798201140263816,-0.0023081909255075676,0.2088,0.5044022346368715,False,False
Other x-ray contrast media preparations,0.1325352361750969,0.1339097387173397,False,0.09163513947027746,0.0637166424199671,0.0855,0.3059702479338843,False,False,0.030247420829314146,0.1151,0.004763488412562911,0.11767363371626986,0.03624,0.15754527162977866,True,False,0.10035591657244591,0.05952538972397157,0.0816,0.28989473684210526,False,False
Other zinc preparations,0.1034789489281192,0.200446247464503,False,0.07438411761668984,0.060137414468454706,0.0851,0.3059702479338843,False,False,0.08601986070425395,0.0389,0.06956966965881128,0.08066970208065193,0.0711,0.23627076923076923,False,False,0.12462017854158525,0.03155586876439937,0.1254,0.3756782246879335,False,False
Oxandrolone,0.0180844362649134,0.4249099236641221,False,0.2513898088366071,-0.06561682088769386,0.4962,0.7057988165680473,False,False,-0.0005889422523695679,0.1994,0.17658339813448942,-0.10211479058935324,0.6963,0.804828250401284,False,False,0.40511671859980114,-0.16195389602314295,0.8608,0.9181866666666667,False,False
Oxazepam,0.1903138743273642,0.0502013793103448,False,0.12810317117316372,0.20110731017859476,0.00264,0.047919327731092434,True,True,0.026558284301505516,0.116,0.09257440728344024,0.22189087240170388,0.00265,0.02920408163265306,True,True,0.13810154639646033,0.17824392859425747,0.00434,0.04986382978723404,True,True
Oxcarbazepine,0.5994465473039791,0.0003176470588235,True,0.7104683618975656,0.11789608394610769,0.02694,0.170532944606414,True,False,0.19257361498401937,0.0028,0.5603342393238677,0.13440932312006623,0.02622,0.12727011235955055,True,False,0.6879744614668994,0.030057267890035218,0.1377,0.397105473965287,False,False
Oxitriptan,0.0670224149542587,0.1964444444444444,False,0.08095439944678928,0.03912713454025991,0.0649,0.27583497053045186,False,False,0.011178938436569046,0.1213,0.06577406157429677,0.048250246673985676,0.0536,0.1989278350515464,False,False,0.07871077809731475,0.037951872182032845,0.057,0.23496183206106871,False,False
Oxprenolol hydrochloride,-0.0319783197831977,0.8769829787234042,False,0.09486407032992317,-0.038335111917782605,0.3443,0.5874312796208531,False,False,-0.037132713627878344,0.3523,0.08992747581706673,-0.02272623774430868,0.2882,0.49288361045130646,False,False,0.11860894682560585,-0.05370879003540759,0.4165,0.6810295230885692,False,False
Oxybuprocaine hydrochloride,0.0310983827896626,0.3832807570977918,False,0.12893809700373204,-0.017491952079594048,0.2789,0.5314285714285715,False,False,0.02917217959422665,0.1112,0.11309664532451769,0.0036671248715364015,0.2299,0.4457296329453894,False,False,0.1684545632256953,0.026698070494363426,0.1388,0.39828571428571424,False,False
Oxybutynin,0.2928407736215342,0.011636129032258,True,0.3666966737561831,0.028005899487603125,0.1532,0.40853333333333336,False,False,0.021577739126797113,0.1397,0.3395339460092134,0.036233502058281866,0.1572,0.3576505263157894,False,False,0.33320849405567965,-0.0023074295326875054,0.2273,0.5273555316863587,False,False
Oxybutynin hydrochloride,0.0050373353019066,0.3073561643835616,False,0.10679558660071109,-0.015350290143842697,0.2332,0.4861562198649952,False,False,-0.008582172909329456,0.2037,0.0062326482145294015,0.0008584922083815696,0.1331,0.32339257592800896,False,False,0.1117685755029012,-0.02141634000393615,0.2387,0.5345160621761658,False,False
Oxycodone hydrochloride,0.3223721844850536,0.0077322957198443,True,0.2596502390325349,0.12007666668066508,0.02687,0.170532944606414,True,False,0.12936431241151425,0.0123,0.235103322749463,0.14802636093495763,0.02058,0.11003168316831684,True,False,0.4050418169942882,0.0020201249631396825,0.2118,0.5077558268590455,False,False
Oxycodone hydrochloride/naloxone hydrochloride,0.0040894885328915,0.5494555403556771,False,0.025813245278673458,-0.005808591711371928,0.2494,0.49787800369685775,False,False,-0.07311000929715712,0.5076,0.003138390383048306,0.01808800165199029,0.2071,0.4230170132325141,False,False,0.06693283982410492,0.026448984266065706,0.1477,0.4095404364569961,False,False
Oxymetazoline hydrochloride,0.1011610218074219,0.1986055045871559,False,0.0681165025664342,0.14004614973613586,0.01767,0.13828695652173914,True,False,0.09169927172364306,0.0345,0.030676225038528737,0.12565177814488257,0.0334,0.151695,True,False,0.055584699319281894,0.12730585136061318,0.01955,0.12719277108433735,True,False
Oxymetholone,-0.0641228820262036,0.9326105054509416,False,0.06896841772451134,-0.0754303222145219,0.5369,0.733061946902655,False,False,-0.07434970266222009,0.5104,0.015884873236962416,-0.06437146668685019,0.4922,0.6707583596214511,False,False,0.04456855724199493,-0.06871128043700982,0.4485,0.7036862745098039,False,False
Oxytetracycline,0.352874807892795,0.0023586206896551,True,0.49834364861840585,0.11746360555147935,0.02603,0.16783522388059702,True,False,-0.03895555479179269,0.3495,0.4674467607033991,0.12453059203181831,0.03103,0.1447619870410367,True,False,0.5430176310869161,0.09116990252104316,0.04401,0.20268997867803837,True,False
Oxytocin,-0.0089430894308943,0.1250692682926829,False,0.14725640717372124,-0.014110685837214471,0.2186,0.47407228915662647,False,False,-0.014393553926049317,0.2269,0.06642513337903166,-0.028606869292921226,0.31,0.5134969325153375,False,False,0.09522288128247303,-0.027362309330116057,0.2332,0.529109243697479,False,False
Ozanimod,-0.0319783197831977,0.8769829787234042,False,0.09486407032992317,-0.038335111917782605,0.3443,0.5874312796208531,False,False,-0.037132713627878344,0.3523,0.08992747581706673,-0.02272623774430868,0.2882,0.49288361045130646,False,False,0.11860894682560585,-0.05370879003540759,0.4165,0.6810295230885692,False,False
Padimate O,-0.0415214866434378,0.9894683544303796,False,0.035634731264433395,-0.055929726062514014,0.4735,0.6899839142091154,False,False,-0.0480446328923474,0.4283,0.028378478673176666,-0.022024595527808385,0.2447,0.4588125,False,False,0.04925992397566037,-0.014460017311720643,0.132,0.3889768076398363,False,False
Palbociclib,0.0189380597204655,0.3411838417147568,False,0.047770750098946935,-0.014089170672948815,0.2096,0.4711092611862643,False,False,-0.015147682859148364,0.2101,0.04387810810331505,0.006532367013228894,0.1593,0.3610577124868835,False,False,0.09914428543636167,-0.02266234019204319,0.2394,0.5345386996904026,False,False
Paliperidone,-0.0196093172009999,0.6264414587332053,False,0.20061322358996114,-0.042620088029280814,0.3906,0.6258872403560831,False,False,-0.05496418328857011,0.4191,0.17549853617251276,-0.04473044576433965,0.4347,0.6234741035856574,False,False,0.2802587722404539,-0.09549801014556966,0.6073,0.7573087132140798,False,False
Pamidronate disodium,-0.024496141841911,0.4779708454810495,False,0.13409850503919818,-0.1026468806239128,0.7034,0.8257304347826088,False,False,-0.04410372776080255,0.3686,0.10794794868888657,-0.11876505204522433,0.8319,0.8862493839329719,False,False,0.18694413848201474,-0.0813651991236375,0.5603,0.7317097944377268,False,False
Pancreatin,0.3212609953064216,0.0077322957198443,True,0.38258446532005363,0.13522851594529436,0.01833,0.14089964412811387,True,False,0.04336016036002168,0.0906,0.20669610985634235,0.20269369181387745,0.00536,0.049753846153846155,True,True,0.5047457591740692,0.0038853738136244227,0.2113,0.5071199999999999,False,False
Pantoprazole,0.1777255422054995,0.0560238805970149,False,0.045403370402659515,0.17750236118598683,0.00336,0.05416119402985075,True,False,0.1519663696043879,0.0046,0.012874569933694291,0.18901981722944347,0.00479,0.04701176470588235,True,True,0.08551776075351192,0.18096587853127127,0.00331,0.0420564705882353,True,True
Pantothenic acid (Calcium pantothenate),-0.0409794812233836,0.9815007132667618,False,0.30444446232959155,-0.2304439448005374,0.9828,0.9890949720670391,False,False,-0.2407758482473062,0.9929,0.2901108064195995,-0.23132100239274817,0.9867,0.9880723226703755,False,False,0.38944277619030565,-0.1887155574141011,0.9493,0.9610684161199625,False,False
Papaveretum,-0.0369918699186992,0.9402603550295858,False,0.02989054749766684,-0.046181950247634364,0.383,0.6215477084898572,False,False,-0.0014465863147585093,0.1394,0.025453633674553888,-0.05534773335204157,0.5483,0.7072009512485137,False,False,0.03669128209613326,-0.05796120946951195,0.4337,0.6934063656550703,False,False
Papaverine hydrochloride,0.0143760602631936,0.268029197080292,False,0.040171052277199304,-0.009680537229765017,0.1827,0.4439055118110236,False,False,-0.048523087232327906,0.4178,0.024966448876782343,-0.018217551698182646,0.222,0.43553133514986375,False,False,0.0849048111267574,0.002850570238996239,0.115,0.36010419681620837,False,False
Paracetamol,0.4957975653215812,0.0003176470588235,True,0.47421180189994716,0.012450860641018795,0.1938,0.4558699891657638,False,False,-0.003001272521343604,0.2049,0.2972509331045686,0.18768474565030996,0.00796,0.06252218181818182,True,False,0.38912376925040615,0.1233786241596031,0.02427,0.1397952,True,False
Paracetamol and caffeine,-0.0847874075099374,0.8502706849315069,False,0.11260283468142829,-0.12222167251731593,0.7353,0.8385681098204857,False,False,-0.013132370537010137,0.247,0.06969218616566064,-0.12027336204129326,0.7531,0.8367777777777777,False,False,0.1639234042032286,-0.14848160494512821,0.8128,0.889251012145749,False,False
Paracetamol and ibuprofen,-0.1081021722856888,0.9106997468354432,False,0.08294636485019014,-0.12100458742876301,0.7419,0.8422184873949579,False,False,-0.09940862699133082,0.646,0.045614060814275215,-0.16530217447002502,0.8998,0.9290478011472275,False,False,0.0937545035818994,-0.13726406616420717,0.7823,0.8687753213367609,False,False
Paracetamol and phenylephrine hydrochloride,0.0332985273691126,0.4267357197258188,False,0.28371533846686525,0.04046102873312042,0.1289,0.3717276368491321,False,False,-0.06114142706259524,0.457,0.2527145021038174,0.00407998581510908,0.2514,0.462148085106383,False,False,0.285899607161871,0.03836498218007875,0.1278,0.3818091286307054,False,False
Paracetamol combined preparations,-0.0812188420478272,0.8436495867768594,False,0.24759855351291504,-0.20800496610282945,0.9584,0.9757591721542803,False,False,-0.12803384561033782,0.7727,0.1305702436077002,-0.1095478699610872,0.7147,0.8143291139240507,False,False,0.2679882659963456,-0.13957115148004182,0.7779,0.8661154639175258,False,False
Paraffin hard,-0.0104508342966526,0.517642105263158,False,0.08110336237009619,-0.12740861835994605,0.8305,0.900505516549649,False,False,-0.10332978805533843,0.6997,0.011810658842133392,-0.01356581337068098,0.2316,0.44705630026809656,False,False,0.07357896995449653,-0.06272077895199756,0.4626,0.7153747323340471,False,False
Paraffin soft white,0.2680940378235386,0.0216504672897196,True,0.7079471462310297,0.2360064025028515,0.00091,0.02808,True,True,0.23084676960401337,0.0011,0.5439860827218967,0.32387481566472764,8e-05,0.003927272727272727,True,True,0.5190232050235859,0.29296708022762635,0.00011,0.0069882352941176475,True,True
Paraffin soft yellow,0.0700803299587858,0.2931563318777292,False,0.22293365349784788,-0.02374205679532746,0.3125,0.5598476821192052,False,False,-0.046493754464433275,0.378,0.19422428819432946,0.0021596091087636607,0.2556,0.46708629441624366,False,False,0.2521336165359148,-0.005982085253684987,0.2406,0.5352173017507724,False,False
Paraldehyde,0.4193798885488466,0.0004595744680851,True,0.30808505965632194,0.10775992343092684,0.028,0.17429394812680116,True,False,-0.037988867251149215,0.3394,0.25606380338022205,0.15406890721961147,0.01295,0.08208,True,False,0.29096117650632647,0.06138699801560097,0.0634,0.25173529411764706,False,False
Parecoxib sodium,0.1098281819455868,0.1829087093389296,False,0.0967781022907579,-0.007357042607459645,0.2461,0.49581360671015834,False,False,0.07469676594545206,0.0475,0.03414419984306316,0.05442733451412963,0.1069,0.28755168119551683,False,False,0.1154869583997381,-0.03908906631566419,0.3458,0.6384,False,False
Paricalcitol,0.1496395450827222,0.1026362416107382,False,0.10155835991245332,0.017885327436332452,0.1497,0.4029489414694894,False,False,0.09503336128546164,0.0249,0.07975842787699883,0.09617263124747004,0.04176,0.17148593155893535,True,False,0.0906547484468413,0.0536816391216984,0.0729,0.27374999999999994,False,False
Paromomycin sulfate,-0.0445528931489874,0.7098640776699029,False,0.13678600732584767,-0.08896969819076442,0.6389,0.8008538283062645,False,False,-0.10657409175648794,0.7036,0.1073177127776217,-0.1287259031786346,0.8668,0.9052373127114548,False,False,0.18337510026556225,-0.13842000447802438,0.8433,0.9057614314115309,False,False
Paroxetine hydrochloride,-0.0805284600288381,0.8370447266703478,False,0.08489892407655109,-0.12729585356109824,0.7537,0.8510151594354418,False,False,-0.09108452368027033,0.6054,0.06062552549142253,-0.10857893789576231,0.7047,0.8090847457627119,False,False,0.1365616226046985,-0.07678900233393246,0.5321,0.722810408921933,False,False
Patiromer calcium,0.1033264242951881,0.1751538461538461,False,0.09145111743864731,0.06724054237253325,0.056,0.25681528662420383,False,False,0.022148978137780745,0.1115,0.05628699037564633,0.07163417531747011,0.0605,0.216,False,False,0.03861479101236276,0.07334879844473506,0.0473,0.20808146639511202,True,False
"Pdr 2.4 kcal/ml m/sk lower volume, higher protein (0913011)",-0.1352476460128243,0.9451585127201566,False,0.09214767308105065,-0.17443936390351913,0.9076,0.9371013384321223,False,False,-0.18432281661445749,0.9443,0.061527540638722455,-0.17430608464738248,0.9176,0.9420228136882128,False,False,0.14974245683803433,-0.10745308925819683,0.6664,0.7903798024149286,False,False
Pdr 3.7 kcal/g energy and higher protein fortifier (0913141),-0.0475620047502581,0.9815007132667618,False,0.030872806058353852,-0.012529874599863771,0.1786,0.43911818181818185,False,False,-0.015980051224806422,0.217,0.029380479114978986,-0.012226643637418634,0.1847,0.396,False,False,0.15038430225024724,-0.08379715582614743,0.6016,0.7560628272251309,False,False
Pdr 3.8 - 4.9 kcal/g energy (carbohyd) fortifier (0913142),-0.0215789834533191,0.5783551401869159,False,0.040461711133257805,-0.005779180175894037,0.1485,0.40095,False,False,-0.014384350146000507,0.2103,0.038877429668754515,-0.004585980344388697,0.1445,0.3411147540983607,False,False,0.14534375548175227,-0.0705897164493051,0.5177,0.722810408921933,False,False
Pdr disc or non ACBS energy and protein fortifier (0913391),-0.0256949188561747,0.7221974865350089,False,0.038555579956643826,0.01600716452726609,0.0641,0.27526043737574557,False,False,0.0032244684231105256,0.124,0.03681492897984495,0.014076752895698836,0.0592,0.21419095477386935,False,False,0.1534198749918636,-0.07045102178910215,0.5183,0.722810408921933,False,False
Pdr disc/non ACBS Protein SfI metabolic cond (inf) (091357),-0.030397588912234,0.5949298013245032,False,0.026771241514076505,-0.07008064224709075,0.5062,0.7137023498694517,False,False,-0.08595239331804068,0.5665,0.024546994418009227,-0.06641651628833509,0.5045,0.6776496894409938,False,False,0.1260307892204262,-0.07242258331485173,0.4995,0.722810408921933,False,False
Pdr disc/non ACBS protein SfI metabolic condition (0913442),-0.0181184668989547,0.5163631245601689,False,0.12676254747996873,-0.08683638751039402,0.6676,0.8087582725743129,False,False,-0.14379429720032258,0.8515,0.0942419143691482,-0.05824560504039616,0.5507,0.7072009512485137,False,False,0.1772311306697596,-0.16020630172289602,0.9199,0.952989928057554,False,False
Pdr disc/non ACBS protein SfI metabolic condition (0913445),-0.036394815057246,0.8945820660723649,False,0.03548229323604479,-0.0004444355429727994,0.1225,0.3634615384615385,False,False,-0.003462923346219686,0.1559,0.03382195335228222,-0.0008019152719590355,0.1185,0.3043519619500594,False,False,0.14590597425792085,-0.06986532078506329,0.5118,0.722810408921933,False,False
Pdr disc/non ACBS protein SfI metabolic condition (0913447),-0.0345685051068646,0.9106997468354432,False,0.03879520209629028,0.00623166830345703,0.0934,0.31921518987341774,False,False,-0.002125006483341289,0.1474,0.03761295127979658,0.0042885055066239595,0.0906,0.2618964143426295,False,False,0.15082544785291507,-0.07399845497989949,0.5388,0.722810408921933,False,False
Pdr disc/non ACBS single L-amino acid supplement (0913445),-0.0812627581772312,0.8370447266703478,False,0.07409384877482494,-0.1759907850595768,0.9134,0.942189111747851,False,False,-0.13591749296218264,0.8119,0.011404284959404931,-0.08398623229741302,0.5986,0.748192018507808,False,False,0.12086416060019822,-0.1124645878609312,0.6805,0.7992,False,False
Peak Flow Meters,0.5362528585246722,0.0003176470588235,True,0.638520839005416,0.03526345458819886,0.1314,0.3736062992125984,False,False,0.10025645850668406,0.0273,0.3332237406203551,0.24079034396812396,0.00185,0.024072289156626507,True,True,0.5314526527176098,0.1587251724214631,0.00977,0.08509354838709676,True,False
Pegfilgrastim,-0.0558444868754839,0.9254529147982062,False,0.13126339745704474,-0.11326918542967249,0.7719,0.8611006711409396,False,False,-0.03320517408939648,0.3187,0.07132161719591412,-0.10133554588091588,0.7885,0.859422805247225,False,False,0.2377430142065371,-0.11100591666246591,0.7192,0.8267546567323044,False,False
Peginterferon alpha,-0.1214317021928414,0.940566371681416,False,0.1794656299523557,-0.11736589899942386,0.7194,0.8289792,False,False,-0.11540611385940154,0.7253,0.14681634480312034,-0.11852161672415068,0.7544,0.8373607399794449,False,False,0.17957102314584605,-0.1247081951591258,0.7329,0.8380434092112229,False,False
Peginterferon beta,-0.0709544862583964,0.9842960151802658,False,0.07552310766566817,-0.021601783787361554,0.2271,0.48124461839530336,False,False,-0.024158069124528034,0.2405,0.06772089398721726,-0.03911924886592198,0.3175,0.52098937784522,False,False,0.10323941829559957,-0.07058547719682849,0.4725,0.7189389473684211,False,False
Pelvic Toning Devices,0.0101857830383109,0.4790043668122271,False,0.16131108250237403,-0.09632691480164259,0.6391,0.8008538283062645,False,False,-0.07865099741593055,0.541,0.09976683157472788,-0.06288365235906192,0.5022,0.6762793017456359,False,False,0.12517188464450302,-0.06600729682485136,0.4682,0.7163796033994334,False,False
Penciclovir,-0.0539407686722828,0.7858037865748709,False,0.10500780829714773,-0.08725805503652605,0.61,0.7828557863501484,False,False,-0.14515579513134558,0.844,0.10120589713304018,-0.08617039614452228,0.6412,0.7791298482293424,False,False,0.13847351920921525,-0.08579480353133294,0.575,0.7390487514863258,False,False
Penicillamine,-0.0436819332130313,0.7221974865350089,False,0.0558957735960649,-0.0765157179959482,0.5532,0.7452269326683292,False,False,-0.06618572864046557,0.4749,0.0214571748438801,-0.06375941607245093,0.5203,0.688872014696877,False,False,0.2314987498406741,-0.18457385751080896,0.9134,0.952989928057554,False,False
Pentamidine isetionate,0.0456322215103736,0.2119685658153241,False,0.06740903130005471,0.03428786630523211,0.0705,0.2873207547169811,False,False,0.02542136865122666,0.0805,0.008824001719438423,0.01680146880924206,0.0929,0.26368462549277266,False,False,0.06575833235475326,-0.008849534452900565,0.1629,0.4354752475247524,False,False
Pentazocine hydrochloride,-0.0199192829268303,0.6371312101910829,False,0.13997915185332677,-0.0132101620719156,0.2752,0.528384,False,False,-0.07591779277616309,0.5344,0.0999904498855051,-0.042234964834859674,0.4234,0.6154401076716016,False,False,0.27409909346300565,-0.03588342992449701,0.3413,0.6359794520547944,False,False
Pentosan polysulfate sodium,-0.0284156588660956,0.653168765743073,False,0.06800323349291892,-0.05902457444825733,0.46,0.6833562585969739,False,False,-0.05179752063848724,0.4028,0.028130783123457626,-0.03384090148581925,0.3679,0.5710344827586207,False,False,0.07162601940731683,-0.042985635619716994,0.3663,0.6555099337748345,False,False
Pentoxifylline,0.1045165070386712,0.202663967611336,False,0.12716415352618404,0.006523209640062864,0.1981,0.4591158798283262,False,False,0.0007740163802929705,0.1939,0.08821856809101469,0.010707474350716869,0.2253,0.4400072332730561,False,False,0.15649531789654336,-0.01653477422598541,0.2715,0.5713073929961089,False,False
Peppermint oil,0.3517511678940036,0.0034515463917525,True,0.6286497310801328,0.0344948971933044,0.1317,0.3736062992125984,False,False,-0.07673765414113255,0.5373,0.5208378622896337,0.11831504512990328,0.03762,0.16142257425742573,True,False,0.5700791150503828,0.11663844238300011,0.02768,0.15022311557788945,True,False
Perampanel,0.3144979719760904,0.0086721189591078,True,0.1791834157936908,0.1805616043063432,0.0051,0.0683560975609756,True,False,0.1439172758959828,0.0084,0.11238637997998735,0.27429786709493575,0.00064,0.013041509433962265,True,True,0.22584782060954223,0.18163869354913662,0.00585,0.060750000000000005,True,False
Pergolide mesilate,-0.0152439024390243,0.4610554323725055,False,0.0647209960410784,-0.09239018078668315,0.7165,0.8288264815803524,False,False,-0.07770744550245448,0.6144,0.02466188594425245,-0.021120171218280106,0.2344,0.44944099378881985,False,False,0.04308294844731653,-0.04851198513724686,0.3576,0.6474568315171835,False,False
Pericyazine,-0.0043695521764238,0.0446374100719424,False,0.2807410787269532,-0.1185872753522886,0.7743,0.8616630602782072,False,False,-0.12728509490531503,0.7885,0.07404975623606036,-0.012827568337724039,0.2139,0.4281964782205746,False,False,0.24837757266066807,-0.019422332502257517,0.2366,0.5334613778705637,False,False
Perindopril arginine,-0.0004534269505335,0.5498181818181819,False,0.1852415591715818,-0.04416273040841335,0.3825,0.6215477084898572,False,False,-0.012902866204424199,0.2346,0.03241609315169802,-0.028563773089507083,0.3582,0.5627904278462654,False,False,0.11565679909170123,-0.06245924602657434,0.4613,0.7153747323340471,False,False
Perindopril arginine with diuretic,0.0322679069513122,0.418053804765565,False,0.3146203750621973,-0.05775902931535354,0.4623,0.6836303901437372,False,False,-0.07021779164539643,0.5081,0.026921019733144647,0.017502340221543997,0.1768,0.38479758308157097,False,False,0.1687547351398575,-0.04341185993108278,0.3591,0.6479999999999999,False,False
Perindopril erbumine,0.1192489304977401,0.1704263736263736,False,0.1260146295440685,0.12484078732183783,0.02365,0.16013793103448276,True,False,0.11491635039400999,0.0211,0.07414387560804792,0.1071090172025672,0.04717,0.18638391224862888,True,False,0.26164376794355504,0.08272790971400489,0.0525,0.22105263157894736,False,False
Perindopril erbumine with diuretic,-0.039203927220422,0.5501803278688525,False,0.0843718328125671,-0.07569528395786433,0.5325,0.7307292327203551,False,False,-0.053425735038782396,0.3937,0.06584131188257136,-0.066635281190463,0.5098,0.6826666666666668,False,False,0.11533723840607724,-0.11758341350283885,0.748,0.8472364971158889,False,False
Perindopril tosilate,0.0423180325245102,0.3073561643835616,False,0.10480185690419608,-0.006135437414539792,0.2119,0.4728347107438017,False,False,-0.10393062193581061,0.6821,0.07187647608133652,0.0068307158092161275,0.1855,0.39710604558969276,False,False,0.12195088284006772,0.008061579528176663,0.1661,0.4418423645320197,False,False
Perindopril tosilate/indapamide,-0.0220032943473448,0.5983841584158416,False,0.02498220549044572,-0.03330731958696304,0.2964,0.5462662116040956,False,False,-0.039580672311071714,0.3703,0.006394355558382081,-0.029024913288196806,0.3023,0.5091067809820733,False,False,0.01926419704135396,-0.05075305526215813,0.3494,0.6406655348047537,False,False
Perindopril with calcium channel blocker,0.1595152772513657,0.0608376623376623,False,0.3514552848531881,-0.06062141232042376,0.4838,0.6971367578385591,False,False,-0.07700551784080806,0.5406,0.3457295113663402,-0.054637001702054905,0.4861,0.6674990464081373,False,False,0.3589167419791195,-0.0639101646716086,0.478,0.719899721448468,False,False
Permethrin,0.3842033997877409,0.0020945454545454,True,0.5076872783488022,0.23023496141591482,0.00152,0.03688988764044944,True,True,0.12883252935389747,0.0138,0.3456788914365948,0.350216159134459,0.00012,0.004984615384615384,True,True,0.37419770596389357,0.2803309307320609,0.00037,0.012295384615384616,True,True
Perphenazine,-0.0951252693591643,0.8888223510806537,False,0.1377237155759129,-0.1629126156095087,0.8918,0.9278843930635838,False,False,-0.14095744958719583,0.8361,0.08504647048840408,-0.15878567494322182,0.8979,0.9284174246050743,False,False,0.23143998050167314,-0.17378542537355818,0.898,0.9480351906158359,False,False
Pethidine hydrochloride,0.1539008939115822,0.114052442159383,False,0.13536123155659796,0.043612081201807255,0.1145,0.34932203389830513,False,False,0.00856430442213158,0.1702,0.13049842801617684,0.037118173852062446,0.1519,0.3520429184549357,False,False,0.17140001764130053,0.022325389872824654,0.1549,0.421921815889029,False,False
Phased formulations of ethinylestradiol,0.0529627578683029,0.33516,False,0.18195483553977398,0.028740303250398502,0.1487,0.4009887640449438,False,False,0.06978309627027342,0.0523,0.09351608496313146,0.08046010632053822,0.0766,0.24346285714285715,False,False,0.17330584755950285,0.043731075626017246,0.1087,0.35095964125560536,False,False
Phenazone/lidocaine,0.3950283138007862,0.0012342857142857,True,0.5046942095936813,0.18780554612064196,0.00456,0.0648,True,False,0.17004289684289758,0.0043,0.461914947063629,0.2774529190146297,0.00056,0.012095999999999997,True,True,0.5477255918477808,0.10246576878108136,0.0375,0.18216808988764047,True,False
Phenelzine sulfate,0.17066762153185,0.09237,False,0.3783273402870657,-0.019902120742648032,0.3015,0.5501164556962026,False,False,-0.1539259354159705,0.8714,0.35115458906359565,0.010791533032136591,0.2327,0.44837823371989294,False,False,0.32768768142695204,0.018501796315798298,0.1702,0.4480487210718636,False,False
Phenindione,0.024340669064748,0.4610554323725055,False,0.08575791830540425,0.05689522541587333,0.0949,0.320160741885626,False,False,-0.08118466283060066,0.5564,0.030336796758721363,0.013357208391117769,0.2133,0.42798885793871866,False,False,0.0331674113607906,0.029931187098660963,0.1387,0.39828571428571424,False,False
Phenobarbital,0.0382527956126865,0.4145,False,0.19642879299164673,0.008163737587590295,0.1986,0.45975160599571735,False,False,0.017061599498042614,0.1504,0.1952851536947091,0.010368220378407426,0.2247,0.4400072332730561,False,False,0.34443999875952735,-0.11046203035947116,0.6727,0.7944406779661016,False,False
Phenobarbital sodium,0.0817029292769984,0.2748914798206278,False,0.2445290786809471,-0.13126338673081903,0.7728,0.8613250773993808,False,False,-0.09703144668168856,0.6341,0.1341273603315415,-0.08674753849026831,0.6217,0.7647334851936219,False,False,0.23898031832172595,-0.08724191066874344,0.5705,0.7363870967741936,False,False
Phenol,0.0169521304606294,0.4810980392156863,False,0.316928445050649,-0.04732987577746598,0.4145,0.6456640230713772,False,False,-0.03921698944660026,0.3468,0.15568437620598552,-0.08684154970493074,0.6191,0.7628385624643468,False,False,0.42193205331737127,-0.07864091783433386,0.5303,0.722810408921933,False,False
Phenothrin,-0.0409794812233836,0.9815007132667618,False,0.3044444623295923,-0.23044394480053737,0.9828,0.9890949720670391,False,False,-0.2407758482473062,0.9929,0.2901108064196002,-0.23132100239274825,0.9867,0.9880723226703755,False,False,0.3894427761903063,-0.18871555741410104,0.9493,0.9610684161199625,False,False
Phenoxybenzamine hydrochloride,0.1559460621525699,0.1087105263157894,False,0.27301244212569264,-0.05526160143471939,0.4388,0.6655955056179776,False,False,-0.04405663616390725,0.3624,0.2625252571488781,-0.04201741712706701,0.4173,0.6102694651320244,False,False,0.3260389458140559,-0.05256842062415934,0.4071,0.6810295230885692,False,False
Phenoxymethylpenicillin (Penicillin V),0.3466471898312134,0.0036904522613065,True,0.6378847487273414,-0.03355784208084102,0.3633,0.6055,False,False,-0.018565430174248807,0.2722,0.6008716036778206,0.032099934309663805,0.17,0.3773895169578623,False,False,0.6423151316361572,-0.0416617824983684,0.373,0.6601963993453355,False,False
Phenprocoumon,-0.019919353358146,0.2948362369337979,False,0.11944494592059818,0.019868587356478253,0.1171,0.35307112970711296,False,False,-0.028192131659830394,0.2832,0.06598973457089263,-0.01905679131474976,0.2304,0.4457296329453894,False,False,0.08035630067286792,0.005373015230875187,0.1244,0.3747615062761506,False,False
Phentolamine/aviptadil,0.284334966811713,0.0142349570200573,True,0.13945398216012472,0.17810452951208175,0.00631,0.07744090909090909,True,False,0.15596518166592507,0.0067,0.08073237190156879,0.2518659133960403,0.00152,0.021319480519480523,True,True,0.05296350106934922,0.25744417843016293,0.00055,0.014850000000000002,True,True
Phenylbutazone,0.1737825711964591,0.0853001414427157,False,0.20224212266614117,0.0886475998777866,0.04667,0.23112494279176204,True,False,0.05724228495457979,0.0685,0.15221647514589265,0.13558597090789812,0.02469,0.12259862068965517,True,False,0.17466361664720653,0.07305856037541035,0.059,0.24,False,False
Phenylephrine hydrochloride,0.1131897583621245,0.1838490566037735,False,0.21616798674397641,0.08119715492876056,0.0617,0.27065587044534406,False,False,0.08296139896501632,0.0432,0.18897058694755797,0.03398627194862472,0.1615,0.36451410658307215,False,False,0.32314444432249556,0.0759172957718618,0.0619,0.24714232902033267,False,False
Phenylephrine hydrochloride and tropicamide,0.1297374670221026,0.1632053571428571,False,0.21597004320948365,0.040560593305348155,0.0978,0.3248294930875576,False,False,0.13421544073871014,0.0169,0.20360024763264828,0.05523442484672388,0.0867,0.2558360655737705,False,False,0.19453710854903927,0.052462097183745275,0.072,0.27188811188811185,False,False
Phenytoin,0.2541827363539172,0.0226379862700228,True,0.24978096638915936,0.034982602349381844,0.1446,0.3958631178707224,False,False,0.07672926578821468,0.0467,0.2056111428175319,0.08537723922236165,0.0747,0.24154491017964072,False,False,0.3576433926514746,0.014362522036168848,0.1862,0.4739294117647059,False,False
Phenytoin sodium,0.131840483063793,0.1535510204081633,False,0.0994010267600729,0.05291071112278199,0.0926,0.31817142857142855,False,False,0.04388305330705136,0.0892,0.0779052433970292,0.04381201202597067,0.1379,0.33096,False,False,0.11113349740449163,0.003280876102253235,0.2051,0.5008271186440678,False,False
Pholcodine,0.2262869488142198,0.0286188679245283,True,0.5808566857402064,0.2536643693931687,0.00052,0.022015384615384617,True,True,0.1962843315003841,0.0022,0.41140312855092054,0.3277978357804765,6e-05,0.0038117647058823526,True,True,0.3701918458607867,0.33152115955943157,4e-05,0.0048000000000000004,True,True
Phosphates,0.0820378309402266,0.2611491712707182,False,0.09773418171382875,0.021541361974120647,0.1707,0.4317470725995316,False,False,-0.042562794518988964,0.3702,0.03407430812001799,0.0487039325277456,0.1286,0.31554143019296255,False,False,0.16156039893395036,0.03589764444999735,0.1251,0.3752999999999999,False,False
Phosphates (Rectal),0.0126521333285438,0.5147821149751597,False,0.2240273962612157,-0.1627539351748206,0.8753,0.9160116279069767,False,False,-0.08507785530606002,0.5699,0.18787201449589597,-0.13078698103341085,0.7972,0.8618378378378379,False,False,0.3313407811412533,-0.08706482155881848,0.5794,0.7418518079430944,False,False
Physical Debridement Device,0.333006970893093,0.0143796033994334,True,0.1592147719921565,0.17177629253970594,0.00941,0.09587547169811321,True,False,0.14008870427058975,0.0114,0.13894547712580685,0.19872834530481934,0.00838,0.06426382978723404,True,False,0.15426561841160147,0.22140248223780348,0.00324,0.04153846153846154,True,True
Phytomenadione,0.2540205993143737,0.0238129175946547,True,0.26801039168316887,0.0246026051711796,0.1544,0.40971007371007373,False,False,0.10162995629394764,0.0282,0.11693617030093006,0.15333801419828907,0.01792,0.10038963730569948,True,False,0.19603186726537714,0.09122506669039152,0.04659,0.20808146639511202,True,False
Pilocarpine hydrochloride,-0.0653537218099188,0.8131189127972819,False,0.13374784160940445,-0.11883057619949365,0.7455,0.8444048243314107,False,False,-0.025098392104303566,0.2837,0.10233063752566263,-0.10361628211106162,0.6999,0.8067150480256136,False,False,0.24110837188093037,-0.07677584931527748,0.5339,0.722810408921933,False,False
Pilocarpine nitrate,0.0046737519525502,0.4985689655172413,False,0.1432119190431307,-0.08104845204004249,0.561,0.7507806691449815,False,False,-0.057446428905900015,0.4337,0.14310497660205412,-0.08210419914181803,0.5999,0.7485753899480069,False,False,0.3056907531048374,-0.12342769014659181,0.7337,0.8380708619777896,False,False
Pimecrolimus,0.4372361873837538,0.0009473684210526,True,0.46266151626538166,0.0693465801058524,0.0792,0.30270422535211267,False,False,-0.015261250281842359,0.2516,0.4224371221331701,0.07884545281484406,0.0829,0.2500893854748603,False,False,0.4982481813566618,-0.009852617301333858,0.2542,0.549072,False,False
Pimozide,0.1341549557772625,0.1276887272727272,False,0.19413727019728566,-0.07227939965899159,0.5304,0.7301873804971319,False,False,-0.10380741666237757,0.6702,0.1875482785440351,-0.06636486897070798,0.5351,0.6996464891041162,False,False,0.31310078853340195,-0.13395420334413805,0.7743,0.8643348837209303,False,False
Pindolol,0.0088670938595208,0.2711739130434782,False,0.2475994658881041,-0.02715318941820264,0.318,0.564404272801972,False,False,-0.009850190382979835,0.2232,0.10472969552205758,-0.03255442696992034,0.3512,0.5549319678127286,False,False,0.2113975948481417,-0.049857499644183914,0.3944,0.6718485804416404,False,False
Pioglitazone hydrochloride,-0.0484855714684832,0.7332227488151658,False,0.2300158190150946,-0.019941206474360165,0.3001,0.5497849280270957,False,False,-0.00869733336105365,0.2239,0.1710439211425907,-0.04066292921976067,0.4149,0.6082876526458617,False,False,0.15006574778796566,-0.06431263849243078,0.4637,0.7153747323340471,False,False
Piperacillin sodium/tazobactam sodium,-0.0343208905566359,0.7332227488151658,False,0.051283354953984284,-0.08532187272300086,0.6484,0.8044480183802412,False,False,-0.06254989921118548,0.5085,0.02651987343886597,-0.04008170578435283,0.3832,0.5789162011173183,False,False,0.036597797043880775,-0.06004013201529075,0.4443,0.7010138787436084,False,False
Pipotiazine palmitate,-0.0260743321718931,0.7259248658318426,False,0.008446576922312432,-0.010455604021540303,0.1401,0.38648275862068965,False,False,-0.02175739400037608,0.2385,0.005532894405547162,-0.02424377331989332,0.2394,0.45378947368421046,False,False,0.08137272727681821,-0.07804590529415038,0.596,0.7528421052631579,False,False
Piracetam,0.1453139633178022,0.1194562025316455,False,0.13892695413669842,0.0424393604995948,0.1097,0.34522270742358074,False,False,0.04943078589143515,0.076,0.1385823352693606,0.0375378555559551,0.1357,0.32749944134078207,False,False,0.13981505160239982,0.05110101339207986,0.0854,0.29896920583468395,False,False
Pirenzepine,0.1583739712115539,0.1097007874015748,False,0.16830119926734088,0.04744174482322968,0.1115,0.34621714285714283,False,False,0.0019281333435668252,0.1993,0.14716519230164793,0.08374046337663117,0.0762,0.24346285714285715,False,False,0.22237556591244223,0.13046373107685344,0.0207,0.12922543352601154,True,False
Pirfenidone,-0.115318638395914,0.9592540067994172,False,0.0652562813051566,-0.11965944428197782,0.7722,0.8611006711409396,False,False,-0.14355927895672238,0.8464,0.06407922529913712,-0.11804329187513735,0.7933,0.8611793068809643,False,False,0.08826116175497922,-0.13612476738799034,0.8152,0.8900859019706923,False,False
Piroxicam,0.1564062503046144,0.1105976470588235,False,0.12866883941359641,0.11972144754860199,0.02708,0.170532944606414,True,False,0.23689919854612865,0.0009,0.08146353329236855,0.10484455715507586,0.04978,0.1923520572450805,True,False,0.11111739484330274,0.14544486644449203,0.01449,0.11059505300353356,True,False
Pitolisant hydrochloride,0.0867955797251936,0.1308387096774193,False,0.0073395943940367525,0.0596681516602931,0.03907,0.21045187032418952,True,False,0.09160452295971397,0.0159,0.0056591343287040186,0.07423916703008851,0.03361,0.151695,True,False,0.0864455382426168,0.007113907140947414,0.1333,0.3896184032476319,False,False
Pivmecillinam hydrochloride,0.234410850381925,0.0166756476683937,True,0.2302788263922061,0.08686377459243168,0.0342,0.19750212765957448,True,False,0.013572536025689131,0.1485,0.08140223479275155,0.161253086767545,0.00704,0.05787169811320755,True,False,0.4415153403544999,0.07252913879665518,0.0573,0.23530038022813685,False,False
Pizotifen malate,0.3556946822087727,0.003849504950495,True,0.4371521806991485,0.17481718204122323,0.00674,0.08043314917127072,True,False,0.1353927970742274,0.0108,0.33614579313729465,0.24509526136185755,0.00156,0.021328301886792453,True,True,0.4794528567360439,0.16459288818292167,0.00903,0.08264745762711864,True,False
Pneumococcal,0.4723117942058616,0.0003176470588235,True,0.5584124798031487,0.07636836657230645,0.0698,0.28608728652751425,False,False,0.06193303740390061,0.0678,0.55244887218679,0.11823435059641173,0.03894,0.1650070588235294,True,False,0.6142326504613504,-0.07006111396864913,0.4989,0.722810408921933,False,False
Podophyllotoxin,0.2176759072418644,0.0429639344262295,True,0.42101119497466655,0.25717071291783217,0.00044,0.0198,True,True,0.2825113180877002,0.0002,0.3453913320238984,0.2847212356100196,0.00018,0.006171428571428572,True,True,0.5083287670082774,0.15625795353434624,0.00757,0.07423783783783783,True,False
Podophyllum resin,-0.0641860096869303,0.9201924812030076,False,0.03215742557796675,-0.013791727953572573,0.2061,0.467435736677116,False,False,0.014863605616207256,0.1088,0.02195644791465512,-0.04565400333127803,0.3882,0.5821956974323387,False,False,0.050834996353773754,-0.006807958047011,0.1538,0.42158375634517764,False,False
Policosanol,-0.015040650406504,0.4013354134165366,False,0.32040091716689145,0.06678324324130433,0.04688,0.2311890410958904,True,False,0.08045148791957932,0.0288,0.040461140555820285,0.014685495353444367,0.05065,0.19409684210526315,False,False,0.2829171608451987,-0.07335748697837395,0.5313,0.722810408921933,False,False
Polihexanide,-0.0169349137871634,0.595536730641959,False,0.02022202142115337,-0.008722907897152812,0.2275,0.48124461839530336,False,False,-0.06079243288182305,0.4348,0.01540673085058275,-0.024525842704803135,0.3148,0.5190595419847329,False,False,0.02914794892225059,-0.0407201194371467,0.3379,0.6352831168831169,False,False
Pollen allergy preparations,-0.0224545102593883,0.6198865979381444,False,0.06638965816452636,-0.041899721078513315,0.3667,0.6060229533282326,False,False,-0.06717453377866393,0.5365,0.03414570985062637,-0.04555557968989709,0.4524,0.6359298245614036,False,False,0.3078055682890639,-0.09351302021839396,0.636,0.7730782217220034,False,False
Polymyxins,-0.0328870517173787,0.6423664122137405,False,0.04632310821505936,-0.02008907886521175,0.254,0.5047286108555658,False,False,-0.030686122204770933,0.3013,0.03691948678904389,-0.03793411443548841,0.3699,0.5719284180386542,False,False,0.09299022973065418,-0.06787014667786055,0.4931,0.722810408921933,False,False
Polyvinyl alcohol,0.1737931042804547,0.0939779005524862,False,0.14573233529824714,-0.04462899944390424,0.3914,0.62624,False,False,-0.04378380116029867,0.363,0.12927491557654025,0.014838046300535488,0.2072,0.4230170132325141,False,False,0.19436893706954528,-0.03638151464709421,0.3432,0.6359794520547944,False,False
Ponatinib,-0.0224545102593883,0.6198865979381444,False,0.06638965816452747,-0.04189972107851331,0.3667,0.6060229533282326,False,False,-0.06717453377866393,0.5365,0.03414570985062748,-0.04555557968989709,0.4524,0.6359298245614036,False,False,0.3078055682890648,-0.09351302021839397,0.636,0.7730782217220034,False,False
Posaconazole,0.262012400101086,0.0226379862700228,True,0.28534158306738533,0.003227360805963023,0.2164,0.47407228915662647,False,False,-0.08800375409763829,0.5856,0.21707032394112857,0.12163927610030713,0.03496,0.1546682926829268,True,False,0.2900633039250947,0.12371987977399582,0.02379,0.13865806451612903,True,False
Potassium bicarbonate,0.0187099592295712,0.3431842105263158,False,0.04384879518443752,-0.0162453246547811,0.225,0.4795029585798817,False,False,-0.021522788181808153,0.2415,0.021889532843045068,0.027082576056612295,0.1248,0.313,False,False,0.11634193513536029,-0.009984971854331276,0.2068,0.5020606060606061,False,False
Potassium chloride,0.243319724230744,0.0251207048458149,True,0.30894504366231446,0.11167362417951796,0.0324,0.19221041095890412,True,False,0.17966044985042307,0.0043,0.24294753932448454,0.12365722716768567,0.03371,0.151695,True,False,0.31604254545257304,0.0946270616391976,0.04367,0.20241888412017167,True,False
Potassium citrate,0.2542518445706259,0.0308950819672131,True,0.23195456071598086,0.1682465613661589,0.00834,0.08956097560975611,True,False,0.1345023942196036,0.0131,0.11870546205689814,0.20590017641908429,0.00592,0.05177004048582996,True,False,0.17927317617304994,0.20311026193013856,0.00381,0.04647640449438202,True,True
Potassium iodide,-0.0260743321718931,0.7259248658318426,False,0.008446576922312432,-0.010455604021540303,0.1401,0.38648275862068965,False,False,-0.02175739400037608,0.2385,0.005532894405547162,-0.02424377331989332,0.2394,0.45378947368421046,False,False,0.08137272727681821,-0.07804590529415038,0.596,0.7528421052631579,False,False
Potassium permanganate,0.4231846204062899,0.0012342857142857,True,0.33261720163605624,0.28222472858005365,0.00026,0.01651764705882353,True,True,0.28196626461362106,0.0004,0.05479829014588933,0.39552618649542887,1e-05,0.0018000000000000002,True,True,0.1654503833984079,0.4065328759379514,1e-05,0.0018000000000000002,True,True
Povidone iodine,-0.0408776835099446,0.653168765743073,False,0.03042795437689927,-0.023520989502850292,0.248,0.49679999999999996,False,False,-0.030875385447373525,0.2825,0.02944524957624961,-0.03133059897587763,0.2948,0.499817896389325,False,False,0.09146409767908081,-0.053263429676668916,0.3898,0.6711854775059194,False,False
Powder 1 - 2.2 kcal/ml soup (0913011),0.1834434051177235,0.0730364471669219,False,0.24314912307036163,0.10330556490561645,0.04016,0.21418666666666666,True,False,0.16751389798423394,0.005,0.03343258150773343,0.2322914294669039,0.00259,0.02905979381443299,True,True,0.04324021322402305,0.2623351726582255,0.00052,0.014850000000000002,True,True
Powder 1 kcal/g peptide based formula (0913091),-0.0543825080741236,0.9106997468354432,False,0.014591191311143281,-0.039782279741596746,0.3456,0.5891838989739543,False,False,-0.018726707958847844,0.2362,0.010943500184386057,-0.03129360060345421,0.3183,0.5212494313874148,False,False,0.12339736529853185,-0.07799946277937372,0.5567,0.7306229508196721,False,False
Powder 1.3 kcal/ml milkshake pre-thickened (0913051),0.0193694588302766,0.4610554323725055,False,0.06612889304670211,0.015114215363862976,0.1771,0.43911818181818185,False,False,0.017772898808288397,0.1451,0.054644934826363345,0.0238335239142991,0.1751,0.3831975683890578,False,False,0.05571305471087962,0.025370568249799035,0.1427,0.4029176470588235,False,False
Powder 1.3 kcal/ml milkshake pre-thickened (0913671),0.0407509160252738,0.3613980582524272,False,0.12649632517428366,-0.0025594060415188562,0.2181,0.47407228915662647,False,False,0.027057809532897673,0.1123,0.10750672674053863,0.01659899886663455,0.188,0.40126482213438736,False,False,0.15949942504801617,-0.046409370997180815,0.3795,0.6638388396454473,False,False
Powder 1.4 - 1.6 kcal/ml milkshake with fibre (0913011),-0.0638991426855279,0.7937661152310325,False,0.15834557929639514,-0.11680041551849142,0.7161,0.8288264815803524,False,False,-0.007138702567126064,0.2283,0.13805319689305418,-0.1064522373483145,0.6982,0.8054159103043247,False,False,0.14619433542902627,-0.0952870403506402,0.6017,0.7560628272251309,False,False
Powder 1.4 kcal/ml milkshake (0913021),0.2770607652260837,0.0159127659574468,True,0.5488287255516933,-0.17461488211800133,0.9,0.9332693230916946,False,False,-0.20464892742534882,0.9691,0.4138472140454408,0.011693797308549934,0.2305,0.4457296329453894,False,False,0.5109657235558844,-0.0750835234200163,0.5098,0.722810408921933,False,False
Powder 1.5 kcal/ml smoothie (0913011),-0.1145259641815174,0.9106997468354432,False,0.198550601483648,-0.13913733471155476,0.7974,0.8771908396946565,False,False,-0.1492017979918083,0.8537,0.10421219493103129,-0.13151180579467855,0.7877,0.859422805247225,False,False,0.1602960867600436,-0.12975174893271207,0.7478,0.8472364971158889,False,False
Powder 1.5 kcal/ml smoothie plant based (0913011),-0.130808006131039,0.9328974739970284,False,0.22424563812565212,-0.11631836897742931,0.7165,0.8288264815803524,False,False,-0.16731213828778146,0.9033,0.13356828612669747,-0.14897214875644932,0.8472,0.8921556420233463,False,False,0.21221346889110093,-0.14806515037098816,0.8155,0.8900859019706923,False,False
Powder 1.6 kcal/ml milkshake (0913011),-0.0141565625259968,0.6134287573194535,False,0.10828423087340944,-0.12237145979252036,0.7432,0.8426834645669291,False,False,-0.034884248505101606,0.3395,0.00667669435373397,-0.014541912257627949,0.3144,0.5187960275019099,False,False,0.043516774610025566,-0.04318450369952283,0.3757,0.6608299430431245,False,False
Powder 1.6 kcal/ml milkshake with fibre (0913011),-0.0364283541108935,0.6919208899876391,False,0.16174470575686006,-0.06157178016132755,0.47,0.6899839142091154,False,False,-0.07087125766930484,0.505,0.15712570538304083,-0.05785850975190748,0.4902,0.6698595825426945,False,False,0.15863977068437118,-0.0727883694372299,0.4973,0.722810408921933,False,False
Powder 1.7 kcal/ml milkshake pre-thickened (0913051),-0.1061332820173197,0.9106997468354432,False,0.11979523287925631,-0.1608612660630089,0.885,0.9230323515210043,False,False,-0.1423886903380163,0.8341,0.10587348103081551,-0.15648616914259866,0.8884,0.9207984644913627,False,False,0.1534228526236583,-0.23171565341977296,0.98,0.9859338612016768,False,False
Powder 1.7 kcal/ml milkshake pre-thickened (0913671),-0.1022599890341669,0.8945820660723649,False,0.08853928970268199,-0.12621831598109437,0.761,0.8537996886351843,False,False,-0.1349051758875172,0.8071,0.0723556379080641,-0.13071425225776126,0.7921,0.8610649219929543,False,False,0.08305877947978835,-0.13713773726613063,0.7799,0.8670015440041173,False,False
Powder 10g GMP protein equivalent (0913205),-0.0417710186204765,0.9106997468354432,False,0.039497357728783045,-0.005929877440303254,0.155,0.41029411764705886,False,False,-0.005813052184427446,0.1664,0.038854000133877964,-0.008776117774711526,0.1746,0.3831975683890578,False,False,0.13508107647587897,-0.07322250975844483,0.5353,0.722810408921933,False,False
Powder 10g GMP protein equivalent (0913206),-0.0379144018378841,0.9323910669975186,False,0.03833487685763237,0.009205418061019164,0.0845,0.3059702479338843,False,False,-0.00013462295305845752,0.1387,0.0366228629702382,0.0077420288862770316,0.0772,0.24346285714285715,False,False,0.15558647105937884,-0.071750902504934,0.5243,0.722810408921933,False,False
Powder 10g protein equivalent (0913205),-0.0273713497623852,0.740516814159292,False,0.03828487509294931,0.01091356443087888,0.0815,0.3059702479338843,False,False,-0.01328637859700899,0.2016,0.03749500518200488,0.008777073117660803,0.0789,0.24346285714285715,False,False,0.1620591145337692,-0.06848797933832747,0.5053,0.722810408921933,False,False
Powder 10g protein equivalent (0913221),-0.0587214085167631,0.9848498583569404,False,0.031340932030958224,-0.008198898977645258,0.1652,0.42429488703923907,False,False,-0.011401507145083669,0.198,0.03107348321079606,-0.010398666596862253,0.1861,0.3979960396039604,False,False,0.12407607819460631,-0.07250777179268925,0.5257,0.722810408921933,False,False
Powder 10g protein equivalent (0913222),-0.0410570539340218,0.9404667651403248,False,0.03765874853780715,-0.002415571514602943,0.1314,0.3736062992125984,False,False,-0.006690125293370595,0.1671,0.036980816668153116,-0.0050599164824083,0.1434,0.3392595837897042,False,False,0.14154974568809586,-0.07729005203137974,0.5623,0.7323688969258589,False,False
Powder 10g protein equivalent (0913225),-0.0378756346684115,0.9353237765694512,False,0.038490885402603925,0.006003751232923749,0.0959,0.320160741885626,False,False,-0.0021909399475876514,0.1477,0.03707067085514282,0.003947814938675639,0.091,0.2618964143426295,False,False,0.14749554765142747,-0.07272199145218211,0.5321,0.722810408921933,False,False
Powder 10g protein equivalent (0913226),-0.0441712181805111,0.9402603550295858,False,0.03881325082390308,-0.003718170300929052,0.1391,0.3856944801026958,False,False,-0.007701386000493384,0.1745,0.038583392012345064,-0.005743138950980447,0.1507,0.3503896663078579,False,False,0.13931261928435124,-0.07392429446005781,0.5399,0.722810408921933,False,False
Powder 10g protein equivalent (0913227),-0.0077095272759728,0.3098889837745516,False,0.028541132620084064,0.010331096626180918,0.092,0.3172822966507177,False,False,0.016270937818478663,0.0812,0.02757153075051133,0.012771933729096326,0.0771,0.24346285714285715,False,False,0.12344443690634221,-0.059362496016810595,0.4394,0.6978705882352941,False,False
Powder 15g GMP protein equivalent (0913205),0.0059030879970638,0.1534801362088536,False,0.11542774445274173,-0.07083892881600477,0.5658,0.7548659666460777,False,False,-0.032659192530408075,0.3275,0.030641938815734848,-0.020013203567315827,0.2272,0.44231351351351356,False,False,0.11424646022223317,-0.07092010507055833,0.5328,0.722810408921933,False,False
Powder 15g protein equivalent (0913201),-0.0019577485578755,0.1106545924967658,False,0.10077916291790412,-0.07242888408345298,0.576,0.7632883435582821,False,False,-0.03242677182794842,0.3294,0.031478399525586176,-0.026468977446728947,0.2776,0.48766829268292683,False,False,0.09698643468498802,-0.07118052291047797,0.538,0.722810408921933,False,False
Powder 15g protein equivalent (0913204),0.1184658710924374,0.1364344746162928,False,0.15660421530683788,0.013817784512185455,0.1498,0.4029489414694894,False,False,0.008626200394978903,0.1468,0.11684210652893423,0.0511229384805157,0.0796,0.2438019801980198,False,False,0.2080510567609566,0.004626681844806762,0.162,0.4346799007444169,False,False
Powder 15g protein equivalent (0913205),-0.0315725507245453,0.7535296187683285,False,0.09846032676020422,-0.07466375240753165,0.5831,0.7693927916921196,False,False,-0.035960129876815086,0.3463,0.021540465442496992,-0.04566685248804716,0.4353,0.6237931034482759,False,False,0.0962393061243042,-0.08366916750555525,0.6193,0.7643931428571428,False,False
Powder 15g protein equivalent (0913206),0.104326787695551,0.1478025258323765,False,0.12929766788263797,-0.011542323708810259,0.2136,0.47407228915662647,False,False,0.001887586627814166,0.1588,0.04942320090685426,0.05175050613530055,0.0595,0.21455759599332216,False,False,0.16413111123103985,-0.017562448391713736,0.2214,0.51971335504886,False,False
"Powder 2 kcal/ml m/sk higher volume, higher energy (0913011)",0.1706995158731939,0.085203409090909,False,0.17313363082485622,-0.03605733048203322,0.3573,0.5995341614906832,False,False,-0.015339070164571872,0.2503,0.1388304020370813,-0.013308739320641166,0.3012,0.5078782201405153,False,False,0.14972601759682924,-0.0064670015951188145,0.2298,0.529109243697479,False,False
Powder 2.3 - 2.4 kcal/ml milkshake lower volume (0913011),0.1167395831229177,0.1751225806451612,False,0.2752194425024923,0.011003100131449861,0.1963,0.458387027027027,False,False,0.05039592265443422,0.085,0.22259403836764957,0.06353844546777011,0.0998,0.2756624040920716,False,False,0.2614203438654382,0.049507359263573525,0.0992,0.3304899845916795,False,False
Powder 2.6 kcal/g dessert style (milk based) (0913011),0.0159567640594359,0.4948051948051947,False,0.03925935266706193,-0.002580596472044522,0.2419,0.492406779661017,False,False,0.017437527518671867,0.145,0.0348455003364615,0.0056881273119097,0.2502,0.4605178875638842,False,False,0.14192023638880813,0.05296151557621861,0.0974,0.3251684698608965,False,False
Powder 2.6 kcal/ml dessert style (milk based) (0913011),-0.0134437519448645,0.6062984293193717,False,0.07125787495218061,-0.06941788004948825,0.5125,0.7200468140442132,False,False,-0.05972530913915985,0.4404,0.038014701590329936,-0.030469926012509432,0.3802,0.578376404494382,False,False,0.07642640857613359,-0.033117601120591623,0.3367,0.6346178010471205,False,False
Powder 2.7 kcal/ml milkshake pre-thickened (0913051),-0.0457044901903072,0.7702783925451369,False,0.041158107473881156,-0.08001614660857968,0.5993,0.7808028933092225,False,False,-0.07257338154198677,0.5478,0.014694963016601892,-0.04762956620601438,0.4199,0.6128270270270271,False,False,0.03632468839851377,-0.07860988789484732,0.5668,0.7335458358298382,False,False
Powder 2.7 kcal/ml milkshake pre-thickened (0913671),-0.0319783197831977,0.8769829787234042,False,0.09486407032992317,-0.038335111917782605,0.3443,0.5874312796208531,False,False,-0.037132713627878344,0.3523,0.08992747581706673,-0.02272623774430868,0.2882,0.49288361045130646,False,False,0.11860894682560585,-0.05370879003540759,0.4165,0.6810295230885692,False,False
Powder 20g GMP protein equivalent (0913205),0.0329946712752422,0.1735005405405405,False,0.1236300611653236,-0.06560516931400258,0.5235,0.7261925545571246,False,False,-0.028787410465731546,0.3036,0.027829899115237033,-0.0038946863794621024,0.1542,0.3547092651757189,False,False,0.1308846296477425,-0.06185589006731936,0.4655,0.715644128113879,False,False
Powder 20g protein equivalent (0913201),-0.0592483451457392,0.975323076923077,False,0.045805766085413424,-0.026137275471023947,0.2564,0.5071648351648352,False,False,-0.01822101945373089,0.2278,0.04174805535638526,-0.025212246014698066,0.2706,0.4802760887428102,False,False,0.13477028802129476,-0.08000692036748552,0.5644,0.7330751653638004,False,False
Powder 20g protein equivalent (0913204),-0.0617258041811249,0.8501447368421052,False,0.037765666300910494,-0.07018968597475347,0.4935,0.7040686922060766,False,False,-0.042401122978115616,0.31,0.023207863372947446,-0.06083320621105394,0.4591,0.6422642487046633,False,False,0.08155356409894643,-0.07806314964866617,0.517,0.722810408921933,False,False
Powder 20g protein equivalent (0913205),-0.0623800910881761,0.9848170212765958,False,0.03945298767697014,-0.030313886600098303,0.279,0.5314285714285715,False,False,-0.023689226603072523,0.254,0.037462740096676383,-0.030575394949804782,0.2943,0.49936213668499607,False,False,0.11493758528355869,-0.075223617607337,0.5271,0.722810408921933,False,False
Powder 20g protein equivalent (0913206),-0.0447139692543937,0.9142224458983392,False,0.03567492641068015,-0.012530548163128269,0.1842,0.44454972067039106,False,False,-0.012259593123534019,0.1994,0.034911957635143764,-0.014023712932096468,0.2045,0.41988593155893533,False,False,0.13318518832644366,-0.07434375435611841,0.5361,0.722810408921933,False,False
Powder 25g protein equivalent per 100g (0913207),-0.0520303994774058,0.8138440677966102,False,0.07034324173063788,0.012607661961470213,0.1157,0.35100000000000003,False,False,-0.004287196647931879,0.1764,0.06179516661578166,0.01700767398060836,0.1154,0.29816267942583735,False,False,0.17468028512842215,-0.08608575880148124,0.5907,0.7496545240893068,False,False
Powder 28g protein equivalent per 100g (0913223),-0.0341889740727354,0.908731757451182,False,0.040297630831014675,0.008307936610363985,0.0864,0.30629508196721306,False,False,0.00014021104996105236,0.1361,0.03897674550067842,0.006127376337441988,0.0822,0.2483244755244755,False,False,0.15329161550671588,-0.07412924600514804,0.5412,0.7236534653465346,False,False
Powder 3.7 kcal/g energy and protein fortifier (0913081),0.3391082450066549,0.0148840336134453,True,0.1904971339526883,0.2734619859370366,0.00061,0.0243,True,True,0.286515719217267,0.0006,0.17696568486286424,0.290997172395269,0.00094,0.015545454545454546,True,True,0.23757943347006116,0.16994937221788628,0.0087,0.08099999999999999,True,False
Powder 39g protein equivalent per 100g (0913201),-0.0399131622076264,0.9106997468354432,False,0.029969541169124203,-0.012758872825988915,0.1805,0.44028893905191874,False,False,-0.02004358965932838,0.2373,0.02963191043711222,-0.01458966432579264,0.1973,0.41096239151398267,False,False,0.13583963516633313,-0.07963826472343395,0.5732,0.7378498212157331,False,False
Powder 39g protein equivalent per 100g (0913204),-0.0367110329845545,0.921138276553106,False,0.03791556773926186,0.001868278197672093,0.1111,0.34621714285714283,False,False,-0.0045131371677235394,0.1567,0.036462631631705156,-0.0005711730182451347,0.1146,0.2971620648259303,False,False,0.14933824332879786,-0.07512865362786299,0.5481,0.7272088452088452,False,False
Powder 39g protein equivalent per 100g (0913205),-0.0524617284989312,0.9451585127201566,False,0.05526487205836761,0.003553536600688048,0.1145,0.34932203389830513,False,False,-0.010805082422421914,0.1937,0.053015302571706946,-0.002490159796008801,0.14,0.3337748344370861,False,False,0.16254823844141142,-0.09373438164150842,0.6533,0.7824635761589405,False,False
Powder 3:1 formula (0913181),-0.0275397872573659,0.7735609756097561,False,0.03775779369770771,0.011571594939544488,0.0763,0.2984516129032258,False,False,0.00494309885428023,0.1156,0.03620075914815213,0.010131622140486076,0.069,0.23433962264150945,False,False,0.1516862113095112,-0.07116687566392679,0.5215,0.722810408921933,False,False
Powder 4.4 kcal/g amino acid based ONS with MCT (0913061),-0.0627808047309969,0.8509950738916257,False,0.028955781857116225,-0.06250232367310955,0.4745,0.6899839142091154,False,False,-0.025565338917799534,0.2688,0.01581949921544934,-0.04090677423773465,0.3628,0.5662196531791908,False,False,0.11795901478684301,-0.059939291009583756,0.4337,0.6934063656550703,False,False
Powder 4.4 kcal/g juice style (0913061),-0.0669822828249155,0.9849396226415096,False,0.03882944940931643,-0.043271387555345896,0.3667,0.6060229533282326,False,False,-0.022666238014750706,0.2533,0.03592589005944791,-0.038761189856339175,0.3645,0.5676423936553713,False,False,0.14080536423116163,-0.08614016960870644,0.6022,0.7562511627906976,False,False
Powder 4.6 kcal/g peptide based formula (0913091),-0.058423495992885,0.918704112337011,False,0.016554240466141845,-0.046724741184336845,0.3861,0.6233004484304933,False,False,-0.023302567120921176,0.26,0.012940949646767397,-0.037675168503337984,0.359,0.5627904278462654,False,False,0.11613229947446291,-0.0735223486662835,0.5199,0.722810408921933,False,False
Powder 4.7 kcal/g formula (0913093),0.6017601010705917,0.0003176470588235,True,0.5756399897846377,-0.0004014376967905687,0.2307,0.4846880466472303,False,False,0.01998587200308897,0.1477,0.4625040573248611,0.22414302331991462,0.00256,0.028950785340314138,True,True,0.5459936583707823,0.11320560741926454,0.02778,0.15038796992481201,True,False
Powder 4.8 kcal/g milk replacer (0913081),-0.065035863092517,0.9323910669975186,False,0.022903234847507004,-0.04059404429634686,0.3135,0.5600992555831266,False,False,-0.019815610529177335,0.2091,0.022835724872133922,-0.04128672952582198,0.3285,0.5307105459985042,False,False,0.1735624446188605,-0.1741048529969238,0.9299,0.9560133269871489,False,False
Powder 4:1 formula (0913181),-0.0322222165407504,0.8769829787234042,False,0.03798672853320728,0.00873007503669979,0.0847,0.3059702479338843,False,False,-0.0008520693102463751,0.1417,0.03644055867757845,0.007688995307360836,0.0769,0.24346285714285715,False,False,0.1515045234598842,-0.07254110138215851,0.5297,0.722810408921933,False,False
Powder 5 kcal/g formula (0913092),-0.0567716031598035,0.9618014527845036,False,0.031758655081473464,-0.022095600292503025,0.2369,0.48810656517602286,False,False,-0.014901772212632019,0.2134,0.02967769512234275,-0.02528027241549203,0.2803,0.48944866612772836,False,False,0.12696553725595494,-0.07312049817339378,0.5264,0.722810408921933,False,False
Powder 5 kcal/g formula (0913093),0.2806023484426594,0.0223999999999999,True,0.484781686406915,-0.12229132034414245,0.7584,0.8535375000000001,False,False,-0.06852354678164696,0.493,0.4254950730299032,-0.09053670795914197,0.6447,0.780746218487395,False,False,0.44210011906915325,-0.17606045829815797,0.9068,0.952989928057554,False,False
"Powder 5 kcal/g high energy, low protein formula (0913094)",-0.0422900703288053,0.9068198757763976,False,0.031417595311688085,-0.0239433621458037,0.247,0.4967597765363128,False,False,-0.01258628991953036,0.1981,0.030110864724888442,-0.021774525123432937,0.2547,0.46662595419847325,False,False,0.13125271827177343,-0.07285261692468296,0.5269,0.722810408921933,False,False
Powder 5 kcal/g milkshake (0913062),0.3663725256021196,0.0036367346938775,True,0.40098167073731994,0.07016779567001177,0.0728,0.29447191011235957,False,False,0.07308985705355185,0.0516,0.36829420887180997,0.08473887273146741,0.0717,0.23691376701966715,False,False,0.43973653732550055,0.014418351473646524,0.1756,0.45698313253012046,False,False
Powder 5g protein equivalent (0913203),-0.0438824890665012,0.7193085234093637,False,0.39386216879596414,0.011673176853058813,0.1789,0.43911818181818185,False,False,0.04561046873595451,0.0837,0.04313113778463962,0.001679837131099987,0.1344,0.3258181818181818,False,False,0.3460368742501939,-0.09801556440690017,0.6338,0.7730782217220034,False,False
Powder 5g protein equivalent (0913204),-0.0276281498802977,0.7259248658318426,False,0.08733537711229544,-0.0795260945353213,0.6202,0.7878095238095237,False,False,-0.03679110143680071,0.3527,0.02339474704557787,-0.043898939032187924,0.4324,0.6218443113772455,False,False,0.08507357471258081,-0.08143028814988583,0.6113,0.7585433658816773,False,False
Powder 5g protein equivalent (0913207),0.0388387825695486,0.1529486887115165,False,0.130089790347797,-0.03406746802211846,0.3274,0.5744792851340375,False,False,0.010746691099213668,0.1249,0.04010649978614922,0.0162533398863255,0.086,0.2551648351648352,False,False,0.13134673048094347,-0.048596740811395055,0.3735,0.6601963993453355,False,False
Powder 5g protein equivalent (0913209),-0.053821735041926,0.8195865168539326,False,0.1466858606086604,-0.12324068045693931,0.8096,0.8867829614604462,False,False,-0.06826846553058749,0.5202,0.08165429298983018,-0.09215969804960578,0.7259,0.8209130890052356,False,False,0.14420513935513446,-0.07967921665670803,0.5625,0.7323688969258589,False,False
Powder 5g protein equivalent (0913221),-0.0474229769091699,0.9106997468354432,False,0.0630610613603586,-0.07922481355246931,0.6023,0.780933014354067,False,False,-0.04153672699648587,0.3743,0.02039053542412461,-0.06024458035960546,0.5587,0.7119716814159291,False,False,0.07181784572756522,-0.09600113426484706,0.6982,0.8099419978517723,False,False
Powder 5g protein equivalent (0913222),-0.0246118527755382,0.6903450834879407,False,0.09450560701825195,-0.08498135031885541,0.6564,0.8083375142531357,False,False,-0.042038233371107035,0.385,0.029532078505013493,-0.04351317583129797,0.4355,0.6237931034482759,False,False,0.09284242492174133,-0.08441230525011603,0.636,0.7730782217220034,False,False
Powder 5g protein equivalent (0913224),-0.0430547804552816,0.9427091711623344,False,0.033286623031680396,0.009839363828506626,0.0848,0.3059702479338843,False,False,0.00047129654557932744,0.138,0.030223611999418254,0.005107370037811517,0.097,0.2710478654592497,False,False,0.1377387791523671,-0.07288380236627794,0.5333,0.722810408921933,False,False
Powder 5g protein equivalent (0913225),-0.017142999596194,0.4509925484351714,False,0.09163612611185656,-0.07731482487333707,0.6059,0.7813397014925373,False,False,-0.0352107968913398,0.3432,0.026969846049410218,-0.03755187601648171,0.3777,0.577784702549575,False,False,0.08533515419126558,-0.08045033899280982,0.6042,0.7565634782608694,False,False
Powder 5g protein equivalent (0913226),-0.0544767916581025,0.9326105054509416,False,0.03971268634153069,-0.0276102855164233,0.2608,0.5117749546279492,False,False,-0.020619553054787156,0.2349,0.0368566328618426,-0.027261606993617616,0.2688,0.47904950495049503,False,False,0.11668571918552084,-0.0768005060703453,0.5378,0.722810408921933,False,False
Powder 5g protein equivalent (0913227),-0.0318964792528569,0.7189621621621622,False,0.10105970143177334,-0.08357085399347151,0.6392,0.8008538283062645,False,False,-0.04033076881765416,0.3746,0.04378549361245554,-0.04683142751911142,0.4526,0.6359298245614036,False,False,0.11082755599429961,-0.07787127854952608,0.5821,0.7444262877442273,False,False
Powder 6.7 kcal/g energy and protein fortifier (0913141),0.1440820527846101,0.1204396486825595,False,0.19192890308866417,0.0035489589193325394,0.2069,0.467435736677116,False,False,-0.04300588504427015,0.3554,0.16791217561296656,0.010854211832063615,0.2204,0.43475409836065576,False,False,0.18458156753707122,0.06874193060194328,0.0639,0.2520653357531761,False,False
Powder 77g protein equivalent per 100g (0913202),-0.0341976875620228,0.9106997468354432,False,0.04024185885725595,0.008318981705094243,0.0864,0.30629508196721306,False,False,4.918918593899114e-05,0.1375,0.038919995365688353,0.0062785817060932525,0.0811,0.24637974683544306,False,False,0.15254233871435696,-0.07349550682632826,0.5367,0.722810408921933,False,False
Powder 77g protein equivalent per 100g (0913203),-0.0089430894308942,0.1250692682926829,False,0.14725640717372357,-0.014110685837214487,0.2186,0.47407228915662647,False,False,-0.014393553926049326,0.2269,0.06642513337903444,-0.02860686929292124,0.31,0.5134969325153375,False,False,0.09522288128247625,-0.027362309330116064,0.2332,0.529109243697479,False,False
Powder 77g protein equivalent per 100g (0913204),-0.0445309602820909,0.9323910669975186,False,0.03958789290811093,-0.005186893507407449,0.153,0.408504326328801,False,False,-0.006307292447749902,0.1701,0.038609793256770164,-0.008492164596984845,0.1721,0.38048720573183215,False,False,0.134457182206274,-0.07398511084519302,0.5387,0.722810408921933,False,False
Powder 77g protein equivalent per 100g (0913206),-0.0418343465938357,0.7614252336448599,False,0.058389881982722325,0.030686802941939623,0.0509,0.2456940133037694,False,False,0.0040766266969707666,0.1247,0.05070384479401491,0.035258355670126695,0.04513,0.18042587800369686,True,False,0.18423540499776503,-0.04443949352059217,0.3564,0.6463677581863979,False,False
Powder 79g protein equivalent per 100g (0913205),-0.0354107224754862,0.9106997468354432,False,0.03952117366846564,0.005545436550377318,0.0979,0.3248294930875576,False,False,-0.0024415743563822416,0.1477,0.0380261362539982,0.0040522382986724155,0.0908,0.2618964143426295,False,False,0.1507502274544672,-0.0746753342009385,0.5445,0.726472906403941,False,False
Powder OTC ONS (0913311),0.2711479333586224,0.0068806451612903,True,0.43921606144416636,0.24017651972587156,0.0004,0.019761702127659573,True,True,0.27206883605714094,0.0002,0.3285946584150663,0.24264653292574487,0.00012,0.004984615384615384,True,True,0.29696016285592564,0.2344983821898541,8e-05,0.00576,True,True
Powder OTC follow on formula (0913511),0.0940766016314974,0.2086852589641434,False,0.35999643801278125,-0.11495062712256432,0.7179,0.8288264815803524,False,False,-0.2008315372001598,0.9679,0.32058861001220873,-0.14888777217491486,0.8544,0.8967463556851313,False,False,0.3856648301214337,-0.10450852223308753,0.6564,0.7824635761589405,False,False
Powder OTC infant formulae (0913501),-0.1042367412955004,0.8936872037914692,False,0.24748466462881624,-0.15234054760601792,0.8426,0.906382470119522,False,False,-0.16189118391266805,0.8932,0.09513579512089809,-0.0793884323645477,0.5834,0.7339219569015725,False,False,0.33970913333852004,-0.14855709968736372,0.8088,0.8868060913705583,False,False
Powder OTC milkshake meal replacer (0913521),-0.0409794812233837,0.9815007132667618,False,0.30444446232959155,-0.23044394480053743,0.9828,0.9890949720670391,False,False,-0.24077584824730616,0.9929,0.2901108064195993,-0.23132100239274814,0.9867,0.9880723226703755,False,False,0.38944277619030576,-0.1887155574141011,0.9493,0.9610684161199625,False,False
Powder OTC or discontinued soup (0913311),0.0945339873219858,0.0127419558359621,True,0.45169100520792727,0.06036944561746311,0.0679,0.282876923076923,False,False,0.06936975558080952,0.0412,0.30030173867230037,0.0981623777811596,0.01871,0.10379076923076923,True,False,0.2749341881481472,0.15498498356764473,0.00181,0.02896,True,True
Powder amino acid formula (0913107),0.1043803128108452,0.2098224852071006,False,0.30123668550658045,0.15685525734810815,0.01091,0.10381321585903083,True,False,0.07283265558707896,0.0566,0.29758378658261275,0.15584416539092147,0.01759,0.09945,True,False,0.3353096683044051,0.09577630195060197,0.04396,0.20268997867803837,True,False
Powder amino acid formula (0913131),-0.0147855841954656,0.4020560747663551,False,0.023953334876232746,-0.007531466418676327,0.1683,0.42919480519480524,False,False,-0.017289348301252415,0.2251,0.019261053255168692,0.0016952623003639272,0.1278,0.3148974943052392,False,False,0.12631071804352567,-0.03815732617772761,0.3129,0.6123913043478261,False,False
Powder amino acid semi solid  (0913131),-0.0037423332182977,0.540668960770819,False,0.06640083970438149,0.010666985139818033,0.1608,0.4179807692307692,False,False,-0.003749353726310263,0.1949,0.0311107782627833,0.034131242774980544,0.1175,0.3021428571428571,False,False,0.10187118324030686,0.0013318589894605105,0.1863,0.4739294117647059,False,False
Powder carbohydrate supplement (0913191),-0.0031816392031352,0.3027708154506437,False,0.1625875319871245,-0.04490439353297405,0.395,0.6278145695364239,False,False,-0.02144412836954468,0.2661,0.12169283418542631,-0.09397610586023503,0.748,0.8332542547705003,False,False,0.16923224824782745,-0.03390181207183478,0.3011,0.6012596685082874,False,False
Powder carbohydrate supplement (0913193),0.2193181095741626,0.0444130434782608,True,0.2785328852706711,-0.09152027756922824,0.6133,0.7849194312796208,False,False,-0.07232196801974741,0.5151,0.1736384460936662,0.05229554811579246,0.1221,0.3081028037383177,False,False,0.22485521346388548,-0.03287883151980183,0.3321,0.6297945566286216,False,False
Powder delisted probiotic (0913531),0.2526418818189018,0.0254588235294117,True,0.3796104953391993,0.07065268317426274,0.0741,0.2962513863216266,False,False,0.04561078856930702,0.0908,0.2113234527272969,0.15570964298095097,0.01794,0.10038963730569948,True,False,0.3268466824353299,0.06819070463987774,0.0739,0.27534470989761095,False,False
Powder disc or non ACBS carbohydrate supplement (091344),-0.0060888159752238,0.502867762687634,False,0.12783677720222997,-0.034919008214188176,0.3348,0.5817924376508448,False,False,-0.040934519248831486,0.3389,0.09812940485186561,-0.03386505249975211,0.3504,0.5544791208791209,False,False,0.23804191262466,-0.030044720133227062,0.3107,0.6112131147540983,False,False
Powder disc or non ACBS infant formula (0913444),-0.0542711744937623,0.9419764243614932,False,0.03703138599979594,-0.04194410251674276,0.3543,0.59805,False,False,-0.02174353498427364,0.2451,0.03492032776341758,-0.0352388542636372,0.3338,0.5368637379002233,False,False,0.1355938690491174,-0.07057628144397489,0.4988,0.722810408921933,False,False
Powder disc or non ACBS lactose free formula (0913352),0.2193010900110895,0.0485525483304042,True,0.41396516564161334,0.10808451829269956,0.03245,0.19221041095890412,True,False,0.2769964188178768,0.0003,0.24369493741673542,0.15481785310347426,0.01573,0.09360000000000002,True,False,0.2535480574511738,0.1727195745891873,0.00584,0.060750000000000005,True,False
Powder disc or non ACBS pre-thickened formula (0913356),0.2352121607022076,0.0381297709923664,True,0.41639338347664934,0.16377101475551173,0.0095,0.09595576036866359,True,False,0.3243251515132677,0.0001,0.24607863738693625,0.23975627653634604,0.00159,0.02133167701863354,True,True,0.19667638037319513,0.2550929268091749,0.00071,0.01704,True,True
Powder disc or non ACBS thickener - gum based (0913411),0.3289455373030872,0.0163136842105263,True,0.18843734057074546,0.3045700200689886,0.00034,0.01883076923076923,True,True,0.12092254334026695,0.0194,0.14154193171011376,0.24412072681383118,0.00342,0.03586019417475728,True,True,0.12399447856738033,0.21853011151130405,0.00371,0.0460551724137931,True,True
Powder disc or non ACBS thickener - starch based (0913411),0.0432240203313192,0.4013354134165366,False,0.20846462582512992,-0.1044140006751555,0.6675,0.8087582725743129,False,False,-0.13544455986204731,0.8058,0.13130743305164227,-0.05827563704910672,0.4903,0.6698595825426945,False,False,0.24083615183124119,-0.10064148531068788,0.6218,0.7648464163822526,False,False
Powder discontinued amino acid formula (0913355),-0.0654840166227196,0.7863537492844876,False,0.07345829029126161,-0.02224454123931116,0.2939,0.5439794344473007,False,False,-0.04983886535583151,0.3897,0.039135570700373434,-0.03647670598622581,0.377,0.577784702549575,False,False,0.16368723083529924,-0.05544786599547726,0.4264,0.690940735183796,False,False
Powder discontinued amino acid formula (0913361),-0.0350102767351842,0.8950994764397905,False,0.03544325923389513,0.014387612638480818,0.0689,0.2845583173996176,False,False,-3.2456970566039764e-05,0.1402,0.033190483576369334,0.009106242369417527,0.0753,0.24203571428571433,False,False,0.15310697304598253,-0.07709339229085929,0.559,0.7317097944377268,False,False
Powder discontinued extensively hydrolysed formula (0913351),-0.0212209793828117,0.611578125,False,0.21165031569623527,-0.09805577379179932,0.6483,0.8044480183802412,False,False,-0.08404864655502008,0.5623,0.14946539278473914,-0.08218353002146309,0.601,0.7490825158684361,False,False,0.2538271160993364,-0.10311435561958743,0.6402,0.7755647784632641,False,False
Powder energy (carbohydrate and fat) fortifier (0913211),-0.0320683732473023,0.5635225893459205,False,0.037753204857524314,-0.07750896270705256,0.5351,0.7319924002533249,False,False,-0.03087566889910635,0.2676,0.021223005595070177,-0.0668657449473891,0.4936,0.6713366834170854,False,False,0.07277671335642688,-0.0508343542117792,0.3677,0.6558480594549959,False,False
Powder energy (carbohydrate) fortifier (0913211),-0.0072142056310199,0.5222259414225942,False,0.016861557092188395,-0.04179761979601424,0.3556,0.5986718628215121,False,False,0.003351034987973177,0.1545,0.008439071308807944,-0.029575522911236926,0.3161,0.5204085365853658,False,False,0.08794685459992391,-0.0528986053363103,0.3963,0.672942655145326,False,False
Powder essential fatty acid supplement (0913212),-0.0784103801905032,0.9521288433382138,False,0.028395383360121706,-0.07127630099271803,0.53,0.7301020408163265,False,False,-0.03496532398209664,0.3044,0.023044078412772784,-0.06784172319957471,0.5554,0.7094405677114134,False,False,0.08458534767652859,-0.09077080600661976,0.6173,0.7632246998284733,False,False
Powder extensively hydrolysed formula (0913101),0.2150532530110047,0.0428446069469835,True,0.4517394632116084,0.12455856721353714,0.02337,0.15955471698113208,True,False,0.08976807799342988,0.0316,0.39135194758493164,0.2033185041579157,0.00539,0.049753846153846155,True,True,0.46206507034915534,0.1299028202762408,0.0199,0.12749112426035503,True,False
Powder extensively hydrolysed formula (0913132),0.0838756149327907,0.2515622076707203,False,0.29118213109026203,-0.03160200536176895,0.3552,0.5984648985959439,False,False,0.020706698826355202,0.1463,0.049264552063622125,0.07909070936687301,0.0709,0.23627076923076923,False,False,0.09642427082519722,0.062024745912104044,0.0773,0.2808724832214765,False,False
Powder extensively hydrolysed formula rice based (0913101),0.2987123332906357,0.0153692307692307,True,0.16927516086059224,0.1928582095325882,0.0043,0.06361643835616439,True,False,0.03854665158907219,0.1,0.10444856836540162,0.2330799111891541,0.00247,0.028342857142857142,True,True,0.23000631160717366,0.13739962296180624,0.01639,0.11602084690553746,True,False
Powder extensively hydrolysed formula with MCT (0913102),0.1598488254224102,0.0419247232472324,True,0.038270063090259154,0.12326320753497842,0.00663,0.08000446927374301,True,False,0.11995448957433431,0.0055,0.012417882793963386,0.1422777507273825,0.00636,0.054731474103585656,True,False,0.09884124448982268,0.12327016761428672,0.01049,0.08782325581395349,True,False
Powder fibre fortifier (0913151),-0.0309840038725858,0.6950666666666667,False,0.05211451238104192,0.014608855988358448,0.0991,0.3266341463414634,False,False,-0.02214018251675113,0.2593,0.04871336095633649,0.007302216061881037,0.1353,0.32689932885906037,False,False,0.14130326512207125,-0.06303195396400744,0.4683,0.7163796033994334,False,False
Powder flavour additive (0913301),-0.0288724018631249,0.7814117647058823,False,0.04107224583652469,0.005199381344219463,0.101,0.3295301204819277,False,False,-0.008281255209241965,0.1795,0.03962390270040839,0.007428746412179912,0.0837,0.25215062761506274,False,False,0.1516384609444743,-0.06910498702329315,0.5071,0.722810408921933,False,False
Powder flavour additive (0913302),-0.0009035974992246,0.2591197771587744,False,0.09969929262166066,-0.06376113542857306,0.5163,0.7213953488372093,False,False,-0.027452369513465812,0.2972,0.031676201639123436,-0.024775786156709632,0.2623,0.4717138103161398,False,False,0.10863513905924971,-0.0708860997886992,0.5304,0.722810408921933,False,False
Powder infant formula (0913231),-0.0387491802292644,0.9404667651403248,False,0.03684587157436103,0.00712421182919896,0.0909,0.31654574638844307,False,False,-0.0010143330127075439,0.1419,0.03528612628411132,0.004725419542088232,0.0909,0.2618964143426295,False,False,0.14611871999250392,-0.072037939285108,0.5252,0.722810408921933,False,False
Powder infant formula (0913232),-0.0289036574222214,0.8138440677966102,False,0.0404049535592198,0.012502130235699184,0.074,0.2962513863216266,False,False,0.005139100730202619,0.1159,0.039245151186194316,0.010569500279751584,0.0675,0.2303317535545024,False,False,0.15112701885537716,-0.06640057989443238,0.492,0.722810408921933,False,False
Powder infant formula (0913233),-0.0366604862510523,0.9223988005997,False,0.04170441741782349,0.006012351382911158,0.0951,0.320160741885626,False,False,-0.0023488968585389184,0.1474,0.04074165093241433,0.0043155387134293155,0.0911,0.2618964143426295,False,False,0.1542956881697224,-0.07222025418146813,0.528,0.722810408921933,False,False
Powder infant formula (0913234),0.0045147367964666,0.1946006191950464,False,0.03070117106359571,0.01830208854077044,0.0652,0.2761411764705882,False,False,0.026231684560651298,0.0514,0.0287938912768525,0.019373308894034005,0.0532,0.1984663212435233,False,False,0.13705418829197846,-0.06454173232950872,0.4734,0.7189389473684211,False,False
Powder infant formula (0913235),-0.0337688734030198,0.9106997468354432,False,0.04022500963527309,0.008844689080453777,0.0846,0.3059702479338843,False,False,0.0002523793640859013,0.1373,0.03886469787667113,0.006928538330266387,0.0787,0.24346285714285715,False,False,0.15303205563602973,-0.07332003229764278,0.5363,0.722810408921933,False,False
Powder infant formula (0913236),-0.0414794532412292,0.953176241480039,False,0.03319003500090312,0.003462636751916141,0.1073,0.3401524926686217,False,False,-0.003644975628138441,0.1523,0.031221183960781662,0.0008678290366157627,0.108,0.2897888198757764,False,False,0.15333137982983835,-0.07754819268386494,0.5624,0.7323688969258589,False,False
Powder infant formula (0913237),-0.0493087049203945,0.957351482741857,False,0.036843773523845824,-0.013008204970795537,0.1875,0.44751381215469616,False,False,-0.013225496143447082,0.2049,0.03672094564954287,-0.013897490996195177,0.206,0.42216318785578744,False,False,0.1257602856928557,-0.07621730250327746,0.5498,0.7279411764705882,False,False
Powder infant formula (0913238),-0.0352723986447171,0.9122298387096774,False,0.0388899126777571,0.008730575001417266,0.0856,0.3059702479338843,False,False,-0.00047348668521066996,0.139,0.03740374589597539,0.007656438396886067,0.0774,0.24346285714285715,False,False,0.14876239317886086,-0.07163766088714305,0.5234,0.722810408921933,False,False
Powder infant formula (0913242),-0.1455277595446548,0.999851576994434,False,0.06461036788220831,-0.09304158971924167,0.6681,0.8087610520425295,False,False,-0.06818123835048569,0.517,0.061257750008258616,-0.08996015899347619,0.6919,0.8043096774193549,False,False,0.10521614506183907,-0.12638982798104537,0.7906,0.8752868852459017,False,False
Powder infant formula (0913251),-0.0327997013954315,0.8377748344370861,False,0.02969006850802447,0.0026223122627485464,0.1102,0.3459767441860465,False,False,0.00182103150678168,0.1309,0.02800799189690162,0.0009540697012922819,0.1134,0.2952779783393502,False,False,0.14111437095574042,-0.07562441297840597,0.5515,0.7284731707317074,False,False
Powder lactose free formula (0913105),0.2819435607833219,0.0210832535885167,True,0.43396919646226406,0.1691180286081973,0.00787,0.08672893401015228,True,False,0.2690368957568536,0.0002,0.3384710606872757,0.17739088280717977,0.01026,0.0724235294117647,True,False,0.24864003196528495,0.16562801685484196,0.00822,0.07813565217391304,True,False
Powder low calcium infant formula (0913109),-0.0031143317212571,0.4212413793103448,False,0.04209373389809312,0.021509124609834677,0.0736,0.29549442379182156,False,False,0.03200159351465494,0.054,0.026033512328309083,0.01839785917138891,0.0927,0.26346315789473684,False,False,0.16751680490472842,-0.0616249333022173,0.464,0.7153747323340471,False,False
Powder micronutrient supplement (0913284),-0.0423344925050208,0.9181356102461076,False,0.02920931879300881,-0.005871899864594124,0.1477,0.39978947368421053,False,False,-0.008968093431661748,0.1815,0.0262316352079891,-0.005298820783296421,0.1489,0.34770162162162166,False,False,0.13348271087846764,-0.06737134221213421,0.4953,0.722810408921933,False,False
Powder micronutrient supplement (0913291),-0.0519914039226101,0.953176241480039,False,0.027656700500938047,-0.027157538803946998,0.2671,0.5183611859838275,False,False,-0.019578690935146397,0.2392,0.02331988553378339,-0.02285347854804835,0.2618,0.4717138103161398,False,False,0.12628528072475442,-0.07644308709645402,0.553,0.7284731707317074,False,False
Powder pre-thickened drink (0913171),-0.0227497725761765,0.5399999999999999,False,0.10180390726676203,-0.07568332312754468,0.5278,0.7289309462915601,False,False,-0.07485314597732667,0.5085,0.06627503381787225,-0.08105128586767946,0.5781,0.7297092819614711,False,False,0.11748904706927488,-0.10342916613622932,0.6507,0.78084,False,False
Powder pre-thickened formula (0913108),0.1112927638227487,0.174103448275862,False,0.3594481736650018,-0.08532142349670457,0.5878,0.7722919708029197,False,False,0.032077063004032395,0.1122,0.3044321174632394,-0.07913300833164626,0.5902,0.74087623474724,False,False,0.26719209445302916,-0.02152167453724689,0.3022,0.6012596685082874,False,False
Powder preterm human milk fortifier (0913651),0.0183662609024747,0.4311818181818182,False,0.07476154861990825,-0.013443173003572444,0.25,0.4981549815498155,False,False,-0.032300608636731995,0.3036,0.05279387676334646,-0.023117410867254582,0.3179,0.52098937784522,False,False,0.10333228097525038,-0.041142762104666275,0.3539,0.644,False,False
Powder preterm infant formula (0913111),0.3108559175376611,0.009525,True,0.46805451066110393,0.23187765853419393,0.00116,0.03296842105263158,True,True,0.1943379660937715,0.0027,0.46606138217177506,0.2500157122426673,0.00151,0.02131764705882353,True,True,0.5069383612861557,0.2529702456297358,0.00086,0.019761702127659573,True,True
Powder single L-amino acid supplement (0913213),-0.0085233104971109,0.3166052409129332,False,0.09093803343373597,-0.0724924693310558,0.5765,0.7634825260576333,False,False,-0.03169018321268158,0.3246,0.0260369575457855,-0.027278056226044654,0.2847,0.49288361045130646,False,False,0.08882908538274381,-0.07263253103155307,0.5474,0.7271247695144437,False,False
Powder slow release carbohydrate supplement (0913192),-0.019748895805893,0.5222259414225942,False,0.0716681731132468,-0.07927666681891828,0.5495,0.7428886107634542,False,False,-0.026583217947842876,0.258,0.05153881874889166,-0.06969093825959578,0.5302,0.6965835866261397,False,False,0.11741353256698461,-0.08902630697553998,0.586,0.7480851063829788,False,False
Powder soya based formula,-0.0450775943811711,0.710385498489426,False,0.207474053300443,-0.1350172341022077,0.8113,0.887744680851064,False,False,-0.09959543218546543,0.6539,0.1512019770080033,-0.1660496311349993,0.9209,0.9440265654648956,False,False,0.2525505314162434,-0.12343601843516233,0.7422,0.8450985767000527,False,False
Powder soya based formula (0913106),0.3036008568452219,0.013780415430267,True,0.2785077437429778,0.25538217203436187,0.00083,0.028047761194029852,True,True,0.25205213643232277,0.0005,0.18648937403856292,0.2754764185362578,0.00072,0.013523478260869566,True,True,0.16371291756830986,0.19512899570934542,0.00392,0.04687912087912088,True,True
Powder thickener - gum based (0913161),0.1261608240987455,0.1709114754098361,False,0.08092873873205964,0.047884656965147876,0.122,0.3624759284731774,False,False,0.007234911582212268,0.1824,0.07974240218698181,0.04660629708670187,0.1429,0.3384473684210526,False,False,0.10132949293333116,0.06397511961548977,0.0887,0.3060575079872205,False,False
Powder thickener - starch based (0913161),0.2292186812892598,0.0331171026156941,True,0.26340759050077533,-0.02301257557369835,0.308,0.5555058430717863,False,False,-0.08678899646407034,0.5889,0.1906979753876924,-0.020784232110629724,0.3351,0.5381531598513012,False,False,0.2670380649214248,-0.03169808890071777,0.3315,0.6297785588752197,False,False
Powder: 5g protein equivalent (0913691),-0.0471870915526492,0.7790982658959537,False,0.09720565443800766,-0.08624917193010126,0.6295,0.7923776223776222,False,False,-0.04240221456596822,0.3702,0.00826183706191308,-0.05168102930772072,0.4401,0.6277544554455445,False,False,0.086898683169225,-0.09147297493360705,0.6353,0.7730782217220034,False,False
Pramipexole,0.4334210683291009,0.0004595744680851,True,0.6369746458757277,0.12833782601440388,0.0202,0.14588970099667775,True,False,0.11240537664465511,0.0211,0.600477331613439,0.19020349641723233,0.00647,0.055020472440944886,True,False,0.7206664927245428,-0.0752913177745603,0.5164,0.722810408921933,False,False
Prasterone,0.0209549850367524,0.4734897360703812,False,0.2570479466955785,-0.10017561202534488,0.6509,0.8066230636833046,False,False,-0.05227516859806949,0.4061,0.21418225674777736,-0.13891299310164662,0.8275,0.8833162055335968,False,False,0.2553911246431243,-0.10727810565505115,0.6667,0.7903798024149286,False,False
Prasugrel,0.2414485071734195,0.0312097959183673,True,0.29733417495255066,0.10771280820741529,0.03463,0.19795300261096607,True,False,0.08315795902828597,0.0434,0.28459272242913936,0.09301819145086854,0.0649,0.22534615384615386,False,False,0.2861069128475191,0.1331866305265094,0.0183,0.12160733944954129,True,False
Pravastatin sodium,0.2676601874381442,0.0184601503759398,True,0.1247350458566382,0.22369044637393634,0.00176,0.040363636363636365,True,True,0.19475687540528652,0.0018,0.07979931665558215,0.3204186325107506,0.00022,0.0069882352941176475,True,True,0.11456710370715062,0.27314707187543585,0.00045,0.0135,True,True
Praziquantel,0.0502216886624951,0.3442887612797374,False,0.24188641408223188,-0.10121280910307921,0.6652,0.8087582725743129,False,False,-0.05399470558413892,0.4174,0.05449236940963231,-0.03600269647712139,0.3902,0.5840831600831601,False,False,0.15339210227218703,-0.053742690496248934,0.4136,0.6810295230885692,False,False
Prazosin hydrochloride,0.4280376573955499,0.0009473684210526,True,0.15640419407230632,0.31251381063379874,9e-05,0.011435294117647059,True,True,0.12069319019417597,0.0173,0.11911893094106352,0.3348568918710025,0.00015,0.005785714285714285,True,True,0.2678303516835965,0.18864347129446965,0.00508,0.05620408163265306,True,False
Prednisolone,0.2726072587902521,0.0166067532467532,True,0.6395853673247146,0.021831119101162495,0.1707,0.4317470725995316,False,False,0.04471747639102889,0.0952,0.6124923724469171,0.0805371804149995,0.0787,0.24346285714285715,False,False,0.6871138847570819,-0.01132948004629065,0.2628,0.5603632773938795,False,False
Prednisolone acetate,0.4933567257826785,0.0003176470588235,True,0.49595764518609187,0.04476252102186383,0.1144,0.34932203389830513,False,False,0.11624387847275941,0.0185,0.3869424699021029,0.2483779650910773,0.00195,0.02507142857142857,True,True,0.4684370698541028,0.09370593705270944,0.04572,0.2070339622641509,True,False
Prednisolone sodium metasulphobenzoate,-0.0353227883371897,0.7024936014625228,False,0.23893108956314435,-0.06064985654668285,0.4758,0.6899839142091154,False,False,-0.09539027766103231,0.6254,0.05374217765428524,-0.024971750295945887,0.3588,0.5627904278462654,False,False,0.16083508443213568,-0.02517342979796235,0.3085,0.6096614821591949,False,False
Prednisolone sodium phosphate,0.2883439677605487,0.0140680115273775,True,0.3267445169468405,-0.01837873185285989,0.3018,0.5501164556962026,False,False,-0.03354002119920151,0.3255,0.20405545798535996,0.0707058177287997,0.0913,0.2618964143426295,False,False,0.3447814899502495,-0.030845836240024075,0.3352,0.6328951048951049,False,False
Prednisone,-0.0460824678778242,0.615038961038961,False,0.21582719398456962,-0.13610593085329462,0.8185,0.8914216624685138,False,False,-0.11139716500246064,0.7068,0.17733060416440638,-0.13948631699941366,0.8622,0.9023023255813953,False,False,0.2053228528816503,-0.10003062671476104,0.631,0.7713412563667232,False,False
Pregabalin,0.2455516196233893,0.0275538461538461,True,0.44291329189754614,0.13772312903122022,0.01749,0.13787737226277372,True,False,0.03414726872891049,0.1106,0.43836819679899053,0.1291022161727751,0.0306,0.14306493506493506,True,False,0.43387835360080884,0.12181175977874976,0.02539,0.1425038961038961,True,False
Pressure Offloading Device,0.1043049578149441,0.1788215417106652,False,0.137096304178983,-0.08794900823224018,0.6005,0.780933014354067,False,False,-0.1386015860258013,0.8258,0.08484323225221813,-0.030590767872552476,0.359,0.5627904278462654,False,False,0.13024160677482466,-0.05086683786549068,0.4055,0.6810295230885692,False,False
Pressure Plates/Shields,-0.0725798894271046,0.9936605890603086,False,0.030029957534822516,-0.059936349360096605,0.4921,0.7039311258278145,False,False,-0.04743331478669804,0.414,0.02930404630367911,-0.049414943607734275,0.4695,0.6510500641848523,False,False,0.07144747943805363,-0.033340037438272935,0.2584,0.5548151093439364,False,False
Pridinol mesilate,0.1354212273198104,0.1100665792922673,False,0.21351107705007777,0.006868511166275882,0.2008,0.4619041533546326,False,False,-0.012491709464458255,0.234,0.12491305053249413,-0.014223461976891125,0.2966,0.5016883320281911,False,False,0.30125481560727985,-0.03933975931917768,0.3656,0.6548059701492537,False,False
Prilocaine hydrochloride,0.2874387345726805,0.0022736842105263,True,0.18987025179591743,0.1425841653696891,0.00204,0.042990291262135924,True,True,0.0014400831736044238,0.1676,0.11900270381032962,0.20722826609209508,2e-05,0.002057142857142857,True,True,0.2747234036563566,0.17590971569678668,0.00066,0.016386206896551726,True,True
Primaquine,0.0269021072602411,0.4071801242236024,False,0.18339440034041843,-0.03162433374124778,0.3353,0.582192926045016,False,False,-0.054447848673099035,0.4178,0.18007586027239209,-0.028384401811004163,0.3593,0.5627904278462654,False,False,0.17959970542085457,-0.03694552381686019,0.3425,0.6359794520547944,False,False
Primidone,0.1765378433310599,0.07776,False,0.3934124886309517,-0.01617150884786179,0.2915,0.5418588640275387,False,False,-0.03458489804168825,0.3261,0.3340020856908983,0.08574439794231431,0.0633,0.22268403908794784,False,False,0.3967117671600582,0.026949395290732734,0.1424,0.40259685863874345,False,False
Pristinamycin,0.0434041925177643,0.2943400174367916,False,0.09217617701898473,0.10789414230802429,0.02096,0.14991258278145697,True,False,-0.029486938882075625,0.2924,0.0658630222780544,0.11533841636249868,0.02359,0.1196112676056338,True,False,0.10776895190940272,0.11978707342900623,0.01722,0.11845605095541402,True,False
Probenecid,-0.0920958334874191,0.8793467656415695,False,0.12614646896137782,-0.1062275456159777,0.6877,0.8168835164835165,False,False,-0.11375022478332635,0.7176,0.0868040925541762,-0.12183790967489645,0.7727,0.8498126272912424,False,False,0.11312189239271142,-0.07765707568968862,0.5279,0.722810408921933,False,False
Procarbazine hydrochloride,-0.071026001847969,0.8131189127972819,False,0.11121070944917677,-0.12155721955325584,0.7402,0.8422184873949579,False,False,-0.08454797110564868,0.5682,0.04025683324273177,-0.15135274983137845,0.858,0.8992139737991266,False,False,0.32489734569068185,-0.15632082757787763,0.8404,0.9035659532105526,False,False
Prochlorperazine maleate,0.1960288065273982,0.0633693053311793,False,0.1593001852565935,0.1030935260050899,0.04014,0.21418666666666666,True,False,0.14186127891331796,0.0097,0.12136113081011335,0.14920306547425075,0.02037,0.11003168316831684,True,False,0.1310088040132411,0.11366390886241183,0.02948,0.15493138686131386,True,False
Prochlorperazine mesilate,0.2965287029516907,0.012084887459807,True,0.3876752208706479,0.1685601524511556,0.00816,0.08878793969849247,True,False,0.16279643852437004,0.0073,0.21209604752605804,0.23941920190281157,0.00198,0.025306508875739642,True,True,0.199873325271533,0.23240491717415124,0.00158,0.02687244094488189,True,True
Procyclidine hydrochloride,0.3094891659956799,0.011636129032258,True,0.7275291442825903,-0.01235264172856069,0.2733,0.526139037433155,False,False,-0.05425840945080266,0.4215,0.7080998239428369,-0.052264936836471036,0.4651,0.6482787096774193,False,False,0.7539358164919385,-0.04278769893880685,0.374,0.6603529411764706,False,False
Progesterone,0.463279501307783,0.0003176470588235,True,0.7226632580083554,0.19979590992936247,0.00345,0.0552,True,False,0.1443368370841077,0.0095,0.6095875663469383,0.24958713562333157,0.00148,0.021313907284768212,True,True,0.8142510984198034,0.0691725357242608,0.0649,0.253497287522604,False,False
Proguanil hydrochloride,0.030597468908034,0.4249045072574485,False,0.1424433270501283,-0.09541543885714988,0.632,0.7945130890052357,False,False,-0.15616476693251777,0.8735,0.02070339441874347,-0.003781405834878039,0.2659,0.4756291390728477,False,False,0.11428560317020942,-0.06096147271096243,0.4491,0.7037973950795947,False,False
Proguanil hydrochloride with atovaquone,0.4775956778265278,0.0006612244897959,True,0.6391838058949831,0.03148126978861083,0.137,0.38232558139534883,False,False,0.07147726419222203,0.0552,0.5202368227716607,0.17923946535522903,0.00849,0.0645718309859155,True,False,0.6201996295749774,0.11620569955145636,0.02632,0.14502857142857142,True,False
Promazine hydrochloride,0.0682945109675807,0.1873952033368091,False,0.26402783666897334,-0.08712462955362611,0.6284,0.7920420070011668,False,False,-0.1647353564041781,0.8979,0.2188033246498734,-0.05496477946574773,0.5079,0.6805607940446651,False,False,0.25701295964772164,-0.11544591726246314,0.7449,0.8463882167280379,False,False
Promethazine hydrochloride,0.5204010915988522,0.0003176470588235,True,0.4859494989823431,0.28189762735094237,0.00019,0.014657142857142858,True,True,0.1903769348829551,0.0028,0.22906316521666248,0.449523749199801,2e-05,0.002057142857142857,True,True,0.3780879496806341,0.3182904578523402,0.0001,0.006545454545454545,True,True
Promethazine teoclate,0.0981516853958697,0.2091632047477744,False,0.24930174597466792,0.036563756656639995,0.1297,0.37353600000000003,False,False,0.06307272631482759,0.0627,0.044623852320424984,0.10682320792416529,0.0472,0.18638391224862888,True,False,0.14413606305265758,0.08974604757787429,0.04717,0.20808146639511202,True,False
Propafenone hydrochloride,-0.1160179394213014,0.9121938414941948,False,0.23261488259729035,-0.06532056021890306,0.4883,0.7003505976095618,False,False,-0.04658993687187371,0.3836,0.18654048137352086,-0.06419702992571445,0.5207,0.688872014696877,False,False,0.23260489646244864,-0.06801644028584104,0.4839,0.722810408921933,False,False
Propamidine isetionate,0.1591195807280605,0.1106545924967658,False,0.3362528429951914,-0.10553728452658229,0.6674,0.8087582725743129,False,False,-0.031157425839628067,0.3218,0.07869950779514401,0.03638799010513965,0.1634,0.3679417273673257,False,False,0.1778714926567483,-0.009828337022619638,0.25,0.54456338028169,False,False
Propantheline bromide,0.2080693605586391,0.049275,True,0.3904129072608249,0.10970669166998691,0.0326,0.1923934426229508,True,False,0.0393787746743609,0.1054,0.1023288247181049,0.16309145864139465,0.01467,0.08900898876404495,True,False,0.2232217232162811,0.13190645147601485,0.01849,0.12176341463414635,True,False
Propiverine hydrochloride,0.0583329467786729,0.330597489539749,False,0.19059750664015007,-0.13058125456530584,0.7689,0.8591950336264874,False,False,-0.11773836420634666,0.7303,0.13889331375546576,-0.10329300499664375,0.6942,0.8044377682403433,False,False,0.16277802820539222,-0.12697323535944446,0.7387,0.8420010554089711,False,False
Propranolol hydrochloride,0.5857462697439826,0.0003176470588235,True,0.4554985078617675,0.14975528809893893,0.01277,0.11212682926829269,True,False,0.1733384492816062,0.0042,0.19629570370042893,0.36511598163246867,3e-05,0.002492307692307692,True,True,0.5043821647492688,0.17427459432753298,0.00691,0.06942139534883722,True,False
Propylthiouracil,0.3661759766496449,0.0020945454545454,True,0.5550629146007859,-0.16549790285768998,0.8741,0.9160116279069767,False,False,-0.1630436426092055,0.8953,0.5285183945144085,-0.16010282152269226,0.8732,0.9083023591718825,False,False,0.557331255756938,-0.14864909732461556,0.8105,0.8877687626774848,False,False
Prosthetic Adhesives,0.068137101585422,0.2671838975297346,False,0.06553936097773871,0.017169300890071137,0.1648,0.4237714285714286,False,False,0.0019501377530937484,0.1849,0.0608282546779082,0.007651472010333484,0.2133,0.42798885793871866,False,False,0.15067865685295834,-0.030273458749001825,0.3199,0.6191871083258729,False,False
Proxymetacaine hydrochloride,0.1879906225976327,0.0689719626168224,False,0.4243129912151885,-0.09546901538012469,0.6323,0.7945130890052357,False,False,-0.10385367056668876,0.6718,0.304677968324665,-0.08979403315176943,0.6415,0.7791298482293424,False,False,0.426693954468068,-0.10684830655586207,0.6587,0.7834757709251101,False,False
Prucalopride,0.144568967584539,0.1250692682926829,False,0.1788446086804436,-0.08689240843196341,0.5847,0.7700926829268293,False,False,-0.03440095973227024,0.3277,0.12310810344188217,-0.022094419191407654,0.3321,0.5349261744966443,False,False,0.19122522458877,0.0402286635556675,0.1149,0.36010419681620837,False,False
Pseudoephedrine hydrochloride,0.1337740663503726,0.0740151285930408,False,0.6318273468209493,0.034377805628530156,0.1316,0.3736062992125984,False,False,0.06394925377666597,0.0587,0.5032884999032127,0.13049823406756103,0.01722,0.0978821052631579,True,False,0.44028271137334396,0.23383881801528705,0.0003,0.010977049180327868,True,True
Pseudoephedrine hydrochloride combinations,-0.0618781017022891,0.9121090909090908,False,0.33829196555405894,-0.11071390490083904,0.7102,0.8265258620689656,False,False,-0.11228106796971357,0.7205,0.21938951063352208,-0.0918353433568034,0.6579,0.7890416435313715,False,False,0.3191802086238049,-0.12243919895181024,0.7465,0.8467653543307087,False,False
Pulsed Electromagnetic Stimulator,-0.0289507197415006,0.7875102974828375,False,0.05298010458510383,-0.1261572899011022,0.8724,0.9160116279069767,False,False,-0.08434839624018596,0.6492,0.03587882828572808,-0.09099454082183663,0.7986,0.8624879999999999,False,False,0.12039593044999986,-0.15407786934597,0.924,0.9545939741750359,False,False
Pyrazinamide,0.0185068161190498,0.4810980392156863,False,0.2646824353832441,-0.06499613169751983,0.4765,0.6899839142091154,False,False,-0.1379973874233134,0.8137,0.13593084276491862,-0.04271894253781005,0.4082,0.6019986348122867,False,False,0.221487381846879,-0.047810101321998165,0.3818,0.664,False,False
Pyridostigmine bromide,0.0001191449602351,0.559609756097561,False,0.1655683466939537,-0.11627778060968127,0.7183,0.8288264815803524,False,False,-0.06050872781404898,0.4609,0.1651816505986724,-0.11908502029569591,0.7496,0.8345100463678516,False,False,0.24153589388912577,-0.16515067236438166,0.8579,0.9159980227385072,False,False
Pyridoxine hydrochloride,0.3286179836607074,0.0085263157894736,True,0.3412439131057383,0.06313748244453495,0.0796,0.30270422535211267,False,False,0.08676934718384645,0.0373,0.2739262163702263,0.13866843273652024,0.02411,0.1211106976744186,True,False,0.3872827522579033,0.07780225284153994,0.0576,0.23608349146110055,False,False
Pyrimethamine,0.2563244856450308,0.0353454545454545,True,0.35295867511247014,-0.19112057181951794,0.942,0.9638654666035054,False,False,-0.12143448643205901,0.7508,0.28544698912890953,-0.1093904376562376,0.7185,0.8160757097791798,False,False,0.3493321458539185,-0.1985962076805985,0.9477,0.9610684161199625,False,False
Quetiapine,0.1214621463783123,0.1793551106427818,False,0.06863060050059633,0.0623163109985251,0.0905,0.3157996768982229,False,False,-0.018599114897480055,0.2622,0.00860836636467599,0.08593190760386196,0.0707,0.23627076923076923,False,False,0.12321670025803244,0.08149573827651291,0.0625,0.24907749077490776,False,False
Quinagolide hydrochloride,-0.0179089280727414,0.620844130853111,False,0.06466805018143951,-0.022411607830600068,0.3071,0.5555058430717863,False,False,0.006762976065779473,0.1814,0.049534890555349875,-0.03576820701322981,0.3834,0.5789162011173183,False,False,0.07489413098563691,-0.07319221684088417,0.5054,0.722810408921933,False,False
Quinapril hydrochloride,0.0267832632391314,0.4227381316998468,False,0.13980818163040631,-0.004426990458862115,0.232,0.4855813953488372,False,False,-0.11379966792256391,0.719,0.1341461693397209,0.00018401243116639084,0.2424,0.4568795811518325,False,False,0.21162513300586638,-0.061872987718247785,0.4459,0.702,False,False
Quinapril hydrochloride with diuretic,-0.0489497037039191,0.7737388276262334,False,0.17173593198747472,-0.09499712372844919,0.6696,0.8089127516778524,False,False,-0.03076134486845747,0.3123,0.05210150709270933,-0.09494891382802272,0.7092,0.8105142857142857,False,False,0.17861094574367564,-0.0636449247197195,0.4636,0.7153747323340471,False,False
Quinidine sulfate,-0.0037397295186287,0.5320610263522886,False,0.25971729632013096,0.008195531195931409,0.2013,0.4620701381509033,False,False,0.021305448783340564,0.1403,0.13711482720514778,0.02656501298365373,0.1728,0.380865306122449,False,False,0.36276697713808814,-0.032641874983394284,0.345,0.6374679213002565,False,False
Quinine bisulfate,0.2652697746631799,0.0171463917525773,True,0.13639377230243643,0.2103910977497985,0.00195,0.04212,True,True,0.17871893265770888,0.0037,0.09427902786984699,0.19873069929974338,0.00567,0.05090788381742739,True,False,0.18907214336709322,0.1503310525127054,0.01146,0.09365433962264151,True,False
Quinine sulfate,0.1430545617112345,0.1292608695652173,False,0.06281545568986291,0.08834512481643696,0.05234,0.24658823529411764,False,False,0.05164396602296812,0.0833,0.04824527271323553,0.08692919725476245,0.0646,0.22534615384615386,False,False,0.08734395155769648,0.05929282569263125,0.0872,0.30330434782608695,False,False
Rabeprazole sodium,0.2820208036930416,0.0160424403183023,True,0.49429809530420554,0.10723476838363734,0.03296,0.19398801089918258,True,False,0.08056984732147633,0.0459,0.4578383327401434,0.143214550639453,0.02056,0.11003168316831684,True,False,0.505817045818282,0.0880827952512549,0.04715,0.20808146639511202,True,False
Rabies,0.0286931674715103,0.4315094625283875,False,0.3528536726626704,-0.11644289271214119,0.7196,0.8289792,False,False,-0.025754308952336012,0.3014,0.07224532283870044,-0.016888180126430837,0.3206,0.5238245083207261,False,False,0.19477886702669356,-0.06621914016616512,0.4741,0.7189389473684211,False,False
Rabies immunoglobulin,0.0006745657165281,0.5163631245601689,False,0.22998334696623413,-0.07524511146140847,0.5254,0.727149263292761,False,False,-0.08539341397492912,0.5796,0.08672282925543451,-0.08751112736355673,0.6042,0.7517695852534562,False,False,0.06680836624964281,-0.08147064536727718,0.5242,0.722810408921933,False,False
Racecadotril,-0.0246225319396051,0.6954856093080221,False,0.07510517111915038,-0.09247771062475561,0.7101,0.8265258620689656,False,False,-0.10308381126807659,0.7388,0.06151443467666595,-0.07773966872522355,0.6926,0.8043096774193549,False,False,0.1119137358600586,-0.12198228652667922,0.8338,0.8996944583125313,False,False
Raloxifene hydrochloride,0.1928170504550007,0.0648,False,0.16767100257043965,0.11164756703727909,0.03055,0.18640677966101696,True,False,0.08368534145416279,0.0411,0.10377605775983978,0.16154340134178366,0.01481,0.08960672268907563,True,False,0.1744692585107922,0.13065042270592192,0.01983,0.12749112426035503,True,False
Raltegravir,-0.0320030075016468,0.8316840934371524,False,0.057327055511249836,-0.045708021511201624,0.3965,0.6288105726872247,False,False,-0.06993645610322646,0.5526,0.027638963022914464,-0.05475417825439437,0.5334,0.698269090909091,False,False,0.3017813760540661,-0.10292776932540959,0.6833,0.7997017828200973,False,False
Ramipril,-0.0040795679314015,0.569007367716008,False,0.11663058442572993,-0.05165833346517558,0.4463,0.6717825783972124,False,False,-0.07621713087974556,0.5253,0.017438149067555142,0.016733249483325285,0.2178,0.4323970588235294,False,False,0.1631890596364992,-0.07415557333217702,0.5179,0.722810408921933,False,False
Ramipril with calcium channel blocker,0.1129069137464045,0.2028958543983822,False,0.20117391343839686,-0.0824449502883389,0.5713,0.7589225092250923,False,False,-0.11166871219397811,0.7027,0.14357515771840912,0.010972196189270776,0.2345,0.44944099378881985,False,False,0.19787008272950668,-0.011816421870442155,0.2664,0.564564705882353,False,False
Ranibizumab,-0.0654799356811961,0.7721278326554328,False,0.24772023141749422,-0.14321148290640304,0.8233,0.8949813789632611,False,False,-0.14364848584173154,0.8431,0.1951119603589554,-0.09855331356213436,0.6705,0.7940131578947368,False,False,0.29072628292933833,-0.107543063260676,0.6582,0.7834757709251101,False,False
Ranitidine hydrochloride,0.4294238056180628,0.0012342857142857,True,0.49392312954569384,0.04463809722954539,0.1122,0.34621714285714283,False,False,0.05229957495517372,0.0825,0.46701772010797316,0.07793773638715586,0.0782,0.24346285714285715,False,False,0.5283580928199962,0.12008181736386297,0.02335,0.13865806451612903,True,False
Ranolazine,0.398673808852045,0.0031999999999999,True,0.27526037691563365,0.18266006618022898,0.00519,0.0683560975609756,True,False,0.11816463251127945,0.018,0.2253138700278704,0.2583946279745613,0.00121,0.018802877697841724,True,True,0.26407525563327383,0.212034602458414,0.00212,0.032022377622377626,True,True
Rasagiline mesilate,-0.0092313339599429,0.6001582069874752,False,0.05675446202097345,0.015892657518918253,0.1789,0.43911818181818185,False,False,-0.04876083860048934,0.394,0.049928350481441175,0.029138285123509182,0.1804,0.390054054054054,False,False,0.20344981098301618,0.010796648383957079,0.1926,0.4803879907621247,False,False
Ready to serve 0.9 kcal/ml juice style liquid (0913061),-0.0780886970709418,0.9715311143270622,False,0.04740895762148678,-0.06072988619251279,0.4732,0.6899839142091154,False,False,-0.02407778487758345,0.2583,0.040312134594821414,-0.05136611534280517,0.4507,0.6359298245614036,False,False,0.12049729146955923,-0.09986541445451615,0.6686,0.79219747668678,False,False
Ready to serve 1 - 1.3 kcal/ml m/sk lower energy (0913011),0.2263265128543045,0.0399579737335834,True,0.2398671371094897,0.14603947235732934,0.01505,0.12313636363636361,True,False,0.13385579437870274,0.0113,0.19852146617456823,0.191016865390689,0.00822,0.06363870967741934,True,False,0.24438683606406053,0.1235472829448117,0.02367,0.13865806451612903,True,False
Ready to serve 1 kcal/ml milkshake (0913061),-0.0712759954258926,0.882504494976203,False,0.02313936745629408,-0.05564431798856776,0.4202,0.6492360515021459,False,False,-0.04301461747442286,0.3389,0.01953992876013466,-0.05922300183364452,0.4694,0.6510500641848523,False,False,0.0797554843634024,-0.056487665108631575,0.4062,0.6810295230885692,False,False
Ready to serve 1 kcal/ml milkshake lower energy (0913021),0.0131580021432292,0.4657450257921887,False,0.14590202789569284,-0.0895246776821457,0.619,0.7878095238095237,False,False,-0.08974559372732185,0.6103,0.11365385871621991,-0.04087673589698371,0.4033,0.5983021978021977,False,False,0.1361209398058877,-0.026283131881081036,0.2864,0.583057492931197,False,False
Ready to serve 1 kcal/ml milkshake style (0913091),-0.0574789871688475,0.8634155844155844,False,0.05003909744889934,-0.10395866462550934,0.7269,0.8333885350318472,False,False,-0.02651281249982374,0.2523,0.03366500503361425,-0.06718685690060057,0.5332,0.698269090909091,False,False,0.06895210000245489,-0.018210127580835275,0.2051,0.5008271186440678,False,False
Ready to serve 1.3 - 1.5 kcal/ml milkshake (0913031),-0.077334984429667,0.8461880153930732,False,0.14990838249693572,-0.07163598699723361,0.5262,0.7276517285531371,False,False,-0.1338113713424484,0.8061,0.040723352808328506,-0.04020619235129517,0.4079,0.6019986348122867,False,False,0.08843610353845277,-0.06274273478913245,0.4613,0.7153747323340471,False,False
Ready to serve 1.3 - 1.5 kcal/ml milkshake (0913631),-0.0646699964250897,0.934004948045522,False,0.03915115492003085,-0.13283542108419844,0.8544,0.9101183431952663,False,False,-0.04180827036245573,0.3226,0.014743104218494452,-0.09243453019150875,0.7426,0.8310963730569949,False,False,0.03456779038134172,-0.08358417905662024,0.5459,0.726472906403941,False,False
Ready to serve 1.5 kcal/ml juice style (0913011),0.3365335113443296,0.0051336322869955,True,0.35735533512156337,-0.03555076545444837,0.3705,0.609969512195122,False,False,-0.026512953315876265,0.292,0.30406084178693626,-0.010951134885335062,0.3036,0.5103315175097276,False,False,0.3263772570481359,-0.006058368284117958,0.2376,0.5340437044745058,False,False
Ready to serve 1.5 kcal/ml juice style (0913021),-0.0168599709949666,0.616683495145631,False,0.06314211357152943,-0.0019546735153354077,0.2238,0.4786217821782178,False,False,0.009388802269150376,0.1642,0.005653169173767791,-0.03356212251822201,0.3796,0.578376404494382,False,False,0.0828156659239544,-0.07282011034428922,0.5032,0.722810408921933,False,False
Ready to serve 1.5 kcal/ml milkshake (0913011),0.4271807467426363,0.0003176470588235,True,0.2650569924822608,0.3263948787751522,4e-05,0.007200000000000001,True,True,0.2894293178180026,0.0001,0.1667724052329489,0.42238775047427235,1e-05,0.0018000000000000002,True,True,0.21765894641614703,0.46652718543989335,1e-05,0.0018000000000000002,True,True
Ready to serve 1.5 kcal/ml milkshake (0913021),-0.0078225650820425,0.5043083511777302,False,0.06451799335532848,-0.10220734024920847,0.6819,0.8137591160220995,False,False,-0.0003015790394692651,0.1679,0.03378386365064412,-0.050605902031745746,0.4184,0.6114641407307172,False,False,0.08022678108622006,-0.009520095010852964,0.2112,0.5071199999999999,False,False
Ready to serve 1.5 kcal/ml milkshake (0913091),-0.0775851836330302,0.9618014527845036,False,0.042603242091836635,-0.11304887727012973,0.7639,0.8549347150259068,False,False,-0.0576388581826262,0.3955,0.03094226188608684,-0.08564067914585442,0.6557,0.7885561735261402,False,False,0.08022797333785459,-0.059788843536795845,0.4055,0.6810295230885692,False,False
Ready to serve 1.5 kcal/ml milkshake (0913311),0.0821517835254904,0.2487457627118644,False,0.03809069689205968,0.08114954687806518,0.0524,0.24658823529411764,False,False,0.07365112275602358,0.0484,0.022203959132865436,0.061235524491324134,0.092,0.2621635883905013,False,False,0.048169887078788554,0.09828488774482053,0.03623,0.1794880733944954,True,False
Ready to serve 1.5 kcal/ml milkshake lower volume (0913041),0.0418844850797172,0.3499411764705882,False,0.24002353986937863,-0.05683061662108766,0.4432,0.6694489510489511,False,False,-0.06488737177173293,0.4716,0.19849830485442366,-0.0846601412506398,0.6111,0.7568045845272207,False,False,0.20468776624093732,-0.07452227286735487,0.5065,0.722810408921933,False,False
Ready to serve 1.5 kcal/ml milkshake lower volume (0913641),-0.0333623693379791,0.908731757451182,False,0.10816949529655773,-0.07983299054405628,0.6285,0.7920420070011668,False,False,-0.08963914304904869,0.6564,0.00700489220111844,-0.0353398712839977,0.3733,0.5747170349251605,False,False,0.03182462992467017,-0.04864636569459389,0.3408,0.6356891191709844,False,False
Ready to serve 1.5 kcal/ml milkshake plant based (0913011),0.0254163591764727,0.1641023359288097,False,0.02918581079550331,0.03194455861938994,0.0513,0.2456940133037694,False,False,0.03248900981548965,0.0482,0.028057291749590485,0.03603263553545404,0.03767,0.16142257425742573,True,False,0.16941949982174198,-0.035696583589654156,0.3078,0.6092307692307692,False,False
Ready to serve 1.5 kcal/ml milkshake with fibre (0913021),-0.0186626789738544,0.4822070963070239,False,0.023792004792639543,-0.051299061833289826,0.4081,0.6406220930232559,False,False,0.0023852894464773166,0.1455,0.014937573039386032,-0.041473297101106706,0.3689,0.571609756097561,False,False,0.1204778622641417,-0.07686305960660532,0.5281,0.722810408921933,False,False
Ready to serve 1.5 kcal/ml smoothie (0913021),0.00881439958173,0.3411838417147568,False,0.015349413547329993,0.011275093963673223,0.1029,0.33253055141579735,False,False,0.04764719343798047,0.034,0.008704833829435987,0.01727159826074328,0.0901,0.26187096774193547,False,False,0.13603305955030254,-0.06058820317034048,0.4467,0.7027472687545521,False,False
Ready to serve 1.5 kcal/ml yoghurt style drink (0913011),0.0669612045522923,0.3027708154506437,False,0.2112503638167086,-0.05296036748537181,0.4323,0.6599067137809187,False,False,-0.02983709074146856,0.3097,0.15231803433537572,-0.05768869562134204,0.49,0.6698595825426945,False,False,0.15179961664327224,-0.025389940978924726,0.3072,0.6087633027522935,False,False
Ready to serve 1.5 kcal/ml yoghurt style drink (0913311),-0.0432287080759251,0.7226698564593302,False,0.28208775770675576,-0.11740217115722805,0.7174,0.8288264815803524,False,False,-0.056897159049820956,0.4309,0.17702601840782917,-0.13432393687123084,0.8092,0.8713220338983051,False,False,0.213788285354377,-0.07021963147518583,0.5036,0.722810408921933,False,False
Ready to serve 1.6 kcal/ml milkshake lower volume (0913031),0.1536609203962033,0.1104879581151832,False,0.040883715549792976,0.10417243872717069,0.03549,0.19963125,True,False,0.05067845789236677,0.0776,0.029855664904207324,0.13759382032889225,0.02508,0.12340045558086561,True,False,0.035537065499140486,0.1601115775312728,0.00959,0.08420487804878048,True,False
Ready to serve 1.6 kcal/ml milkshake lower volume (0913631),-0.0190104346395195,0.2501797752808989,False,0.0594409133458107,-0.06556751749954785,0.4875,0.7001329787234043,False,False,-0.13423404404710465,0.8334,0.050078841271274044,-0.0638170542066529,0.5185,0.6870920245398772,False,False,0.057096595538982386,-0.05655609235795278,0.3885,0.6711854775059194,False,False
Ready to serve 1.8 kcal/ml milkshake (0913081),0.2059575643732722,0.0518105621805792,False,0.2404910674561076,0.07441946523122529,0.0684,0.283448275862069,False,False,-0.018897414038495864,0.2653,0.161507258313489,0.05750695872098226,0.11,0.29204889975550125,False,False,0.2010787886737263,0.06093643405499652,0.0809,0.2891900826446281,False,False
Ready to serve 100% MCT liquid (0913181),-0.03033217739256,0.8172446448703495,False,0.029234433670127236,0.0018525700302497907,0.1108,0.34621714285714283,False,False,-0.0009382940516498565,0.1413,0.025743614533118353,0.0021008805980149976,0.1035,0.2822727272727273,False,False,0.13409661612585166,-0.07584551666345882,0.5531,0.7284731707317074,False,False
Ready to serve 10g GMP protein equivalent (0913205),-0.0357602799830467,0.918081447963801,False,0.036176529621511855,0.005994591990643039,0.0947,0.320160741885626,False,False,-0.001745790727360068,0.1436,0.0343006070555576,0.004019172152388301,0.0908,0.2618964143426295,False,False,0.15302339966262501,-0.0758974199187742,0.5508,0.7284731707317074,False,False
Ready to serve 10g protein equivalent (0913201),0.0031501029922625,0.1170642857142857,False,0.10400975324813366,-0.06944663528407921,0.5564,0.7468770186335404,False,False,-0.031578100795973084,0.321,0.032679285776756606,-0.023137281861648585,0.2478,0.46023043852106615,False,False,0.10447032892673402,-0.06965775834844304,0.5253,0.722810408921933,False,False
Ready to serve 10g protein equivalent (0913204),-0.0550067971660723,0.8476309719934102,False,0.06933522573421458,-0.08599673547869557,0.6012,0.780933014354067,False,False,-0.04891952804879368,0.3493,0.03315754990012054,-0.0636184009955882,0.4885,0.6692301838934686,False,False,0.07311583598910043,-0.07706162642941994,0.5159,0.722810408921933,False,False
Ready to serve 10g protein equivalent (0913205),-0.048744510617089,0.9106997468354432,False,0.040382274878097535,-0.01796246010749771,0.2155,0.47407228915662647,False,False,-0.014964149983797808,0.2137,0.03878352741506441,-0.01886521680072304,0.2382,0.45378947368421046,False,False,0.12543781019027234,-0.07180439438228894,0.5195,0.722810408921933,False,False
Ready to serve 10g protein equivalent (0913206),-0.0416736464655735,0.7861855670103092,False,0.0866756557836289,-0.09711749560293027,0.6952,0.8204934497816594,False,False,-0.05225487242867236,0.4232,0.03026866305043263,-0.06130394156590772,0.5341,0.6987619624470018,False,False,0.06974114755276728,-0.07956603064998387,0.5731,0.7378498212157331,False,False
Ready to serve 10g protein equivalent (0913222),-0.034727631902075,0.9106997468354432,False,0.038513831719174885,0.005705141266051797,0.095,0.320160741885626,False,False,-0.0026068476133035323,0.1498,0.03736552077265176,0.0037578521162866555,0.0934,0.264755905511811,False,False,0.1503853074072875,-0.07413829935635964,0.5397,0.722810408921933,False,False
Ready to serve 10g protein equivalent (0913225),-0.0496202073958867,0.9069989658738368,False,0.0966760248530899,-0.08641845993341206,0.6522,0.8077706422018348,False,False,-0.04534588918000552,0.4042,0.03636323027934674,-0.044236544219018514,0.4263,0.6171635388739947,False,False,0.0630745730355059,-0.07230143408658782,0.5338,0.722810408921933,False,False
Ready to serve 10g protein equivalent (0913226),-0.0475335920368591,0.940566371681416,False,0.037201917641814686,-0.007214589181154682,0.1581,0.41544525547445255,False,False,-0.010015962945299611,0.1892,0.036953494985660806,-0.008762369328893769,0.174,0.38233977619532045,False,False,0.13328441597044705,-0.07270901943554248,0.5252,0.722810408921933,False,False
Ready to serve 10g protein equivalent (0913227),-0.0347824365112504,0.9122298387096774,False,0.040143235475212924,0.008738787203657785,0.0849,0.3059702479338843,False,False,-3.213302507711405e-05,0.1382,0.03870749372675486,0.006900192681930657,0.0786,0.24346285714285715,False,False,0.15163072367436448,-0.07271310238360833,0.5303,0.722810408921933,False,False
Ready to serve 15g GMP protein equivalent (0913205),-0.0201868023207787,0.5488087731322824,False,0.05028473912835962,-0.11698000466601512,0.8442,0.9070711089010444,False,False,-0.07731810305935274,0.6045,0.03581383700646312,-0.08391608977770051,0.7499,0.8345100463678516,False,False,0.11446354852496754,-0.14275143781641692,0.8974,0.9480351906158359,False,False
Ready to serve 15g protein equivalent (0913201),-0.0025956345644553,0.1296521109770808,False,0.11011392350348714,-0.07549637683677765,0.5975,0.7802102719033233,False,False,-0.03342987895885977,0.3335,0.035468657502608414,-0.028897067204648373,0.2962,0.5014043887147336,False,False,0.10730737329149309,-0.07562694174815857,0.5737,0.7380536033353187,False,False
Ready to serve 15g protein equivalent (0913204),-0.0384131169360067,0.7960546075085325,False,0.11199781710017542,-0.10092426241430841,0.7336,0.8370713153724247,False,False,-0.05531061084669481,0.4633,0.049414886088661625,-0.058615644313611874,0.55,0.7072009512485137,False,False,0.11609145274289168,-0.08916403916099062,0.6523,0.7823253747917824,False,False
Ready to serve 15g protein equivalent (0913205),-0.021907773304416,0.6161036269430051,False,0.10288849544706413,-0.08820973859075822,0.6745,0.81,False,False,-0.04608114155670299,0.4093,0.03509775350540989,-0.04582821918516653,0.4531,0.6359298245614036,False,False,0.10175825424105767,-0.08652225217944165,0.6477,0.7782246941045606,False,False
Ready to serve 15g protein equivalent (0913206),-0.0306759876225799,0.7960546075085325,False,0.09421127268120544,-0.09385921455277005,0.709,0.8265258620689656,False,False,-0.050168835760176375,0.4345,0.036356634210164884,-0.051095283991926976,0.5051,0.6776496894409938,False,False,0.08597997255829437,-0.08171027583672172,0.6173,0.7632246998284733,False,False
Ready to serve 15g protein equivalent (0913226),-0.0587686192764887,0.944364705882353,False,0.08128797280735223,-0.03666542134468668,0.323,0.5697110204081632,False,False,-0.04002296777751978,0.3299,0.07569053571626105,-0.022194118623362655,0.2607,0.4711906354515051,False,False,0.08660108532379973,-0.04427403962608221,0.3316,0.6297785588752197,False,False
"Ready to serve 2 kcal/ml milkshake, lower volume (0913081)",-0.0191011805582964,0.5424494845360824,False,0.026199376773775374,-0.014777050118607865,0.2066,0.467435736677116,False,False,-0.017848672604587675,0.2357,0.02278060965560258,-0.011475366181925217,0.2058,0.42215384615384616,False,False,0.13184611115970746,-0.08549848841915965,0.6032,0.7565634782608694,False,False
Ready to serve 2.4 kcal/ml milkshake higher volume (0913011),0.0463308014062974,0.366298555377207,False,0.42774190441831816,-0.07447587945030706,0.5406,0.7359496538703587,False,False,-0.10803564106998995,0.6846,0.2747862579171928,-0.058527486057767183,0.4959,0.6724067796610169,False,False,0.40637163642917074,-0.12974531834974432,0.7612,0.8559042165538782,False,False
Ready to serve 2.4 kcal/ml milkshake lower volume (0913011),0.2793572711733118,0.0140651162790697,True,0.11215330723595962,0.09668661967882648,0.03474,0.19795300261096607,True,False,0.06491424583291024,0.0515,0.08619445479233934,0.14433624620841734,0.01599,0.09371707317073172,True,False,0.11840488485222178,0.1292880135780444,0.01773,0.11933664596273293,True,False
Ready to serve 2.4 kcal/ml milkshake lower volume (0913021),-0.0089266662672972,0.5262463465553237,False,0.07111502477553022,-0.09479514526167553,0.6553,0.8083057615516258,False,False,-0.02383719184757125,0.2619,0.05662672941136859,-0.059957853811563974,0.4916,0.6707583596214511,False,False,0.11512036607681064,-0.004786072249124371,0.1865,0.4739294117647059,False,False
Ready to serve 2.4 kcal/ml milkshake lower volume (0913051),0.4317400196363454,0.0017052631578947,True,0.27431248676574815,0.10785634531902749,0.03244,0.19221041095890412,True,False,0.05307570278807171,0.079,0.20623434044069344,0.10962600820117316,0.04436,0.17876417910447762,True,False,0.3158480337801174,-0.011715301813888513,0.2583,0.5548151093439364,False,False
Ready to serve 2.5:1 milkshake with fibre (0913181),-0.0323241929787534,0.879141795007966,False,0.04028023786196955,0.009394826189895877,0.0825,0.3059702479338843,False,False,-0.00034903049374918413,0.1395,0.038763955681786144,0.007767401968407763,0.0762,0.24346285714285715,False,False,0.15129904728074095,-0.07241412276654877,0.5287,0.722810408921933,False,False
Ready to serve 20% MCT liquid (0913181),-0.0490730151840113,0.7960932347924957,False,0.05690822738544776,-0.08917077310436773,0.6386,0.8008538283062645,False,False,-0.060165746261109376,0.4657,0.00752779215084598,-0.05850674114763287,0.4993,0.6756232064878352,False,False,0.07688944571209866,-0.0791496959408319,0.5595,0.7317097944377268,False,False
Ready to serve 20g GMP protein equivalent,-0.015413713209802,0.4020560747663551,False,0.10306136646575448,-0.08556178349392214,0.6598,0.8087582725743129,False,False,-0.044826745706629104,0.4033,0.03555032073695663,-0.04490416980126812,0.4467,0.6327029508196721,False,False,0.09343565204208903,-0.08369303986802701,0.6308,0.7713412563667232,False,False
Ready to serve 20g GMP protein equivalent (0913206),-0.0205552668392112,0.5780200400801604,False,0.09973154983340171,-0.08884456573374445,0.6779,0.8120642659279779,False,False,-0.0481112675155228,0.4217,0.03120084927771083,-0.044111364763238604,0.4407,0.6279102902374669,False,False,0.09667653625560324,-0.08517273807319208,0.641,0.7759058823529411,False,False
Ready to serve 20g protein equivalent (0913201),-0.0751844173490653,0.9715311143270622,False,0.055880636535271644,-0.07500099042529729,0.538,0.7337727272727274,False,False,-0.04824161608102433,0.3605,0.040636886855262566,-0.06161167208138243,0.488,0.6692301838934686,False,False,0.10138376647885994,-0.09798580833434249,0.6452,0.7774314381270904,False,False
Ready to serve 20g protein equivalent (0913204),-0.0635182853002925,0.9815007132667618,False,0.03202806995975416,-0.01661587519593739,0.2063,0.467435736677116,False,False,-0.013963276186924547,0.2089,0.030521998276155538,-0.018897962839213373,0.2361,0.45170593445527013,False,False,0.11395330803048365,-0.07319080214553837,0.5215,0.722810408921933,False,False
Ready to serve 20g protein equivalent (0913205),-0.0538274897577825,0.9114172989377846,False,0.04071666921964823,-0.028578824246909485,0.2681,0.519834829443447,False,False,-0.020912678734310325,0.2354,0.036484364879780795,-0.028218142724585202,0.2741,0.4848078495502862,False,False,0.11541462667612601,-0.07543671733292218,0.5278,0.722810408921933,False,False
Ready to serve 20g protein equivalent (0913206),-0.0584973513423427,0.83472,False,0.059022293015062455,-0.0975890162273615,0.672,0.8094290484140234,False,False,-0.06394704482252216,0.4367,0.03430822252656185,-0.0778218764917081,0.5948,0.7447930434782609,False,False,0.07800879570375885,-0.08987574342848315,0.5876,0.7484858490566038,False,False
Ready to serve 3.3 kcal/ml higher protein dessert (0913141),-0.1546531912492793,0.9737159364467984,False,0.07441828683627338,-0.12456056632472753,0.7517,0.8492008368200837,False,False,-0.037482479438739134,0.3353,0.0200804361152489,-0.11389476766483062,0.7314,0.8239500000000001,False,False,0.06940606063279042,-0.14260179597140732,0.8009,0.8799308240081384,False,False
Ready to serve 33.5% MCT liquid (0913181),-0.0290832839040787,0.7525734430082256,False,0.08897732773122913,-0.08496824883864706,0.6537,0.8077757437070938,False,False,-0.03748672649640546,0.358,0.02257165154013907,-0.044657761346542056,0.4375,0.6256995367306419,False,False,0.0854731839247811,-0.08601274633041371,0.6432,0.7770201342281878,False,False
Ready to serve 3:1 dessert (0913181),-0.0763602291839959,0.9521288433382138,False,0.054972484332124316,-0.10428001462633832,0.7121,0.8275158687466381,False,False,-0.06792003759620935,0.4744,0.030292029013708865,-0.08878224422266406,0.6863,0.8038569880823402,False,False,0.05154387341079725,-0.08855221243310114,0.5899,0.7495873015873016,False,False
Ready to serve 4.5 - 5 kcal/ml energy (fat) liquid (0913142),-0.0736578369874365,0.9848498583569404,False,0.03961811470352605,-0.05333297994277191,0.4492,0.6745684503127172,False,False,-0.04515902096261848,0.3911,0.03658179385591587,-0.050321588987975466,0.483,0.6645095541401274,False,False,0.1507659637947143,-0.09873517696942055,0.685,0.7997017828200973,False,False
Ready to serve 4:1 milkshake with fibre (0913181),-0.029817057145666,0.8018479001135074,False,0.03684996181714517,0.00843151486677994,0.0895,0.3141818181818182,False,False,-1.819864239494123e-05,0.138,0.03591366816443253,0.006192473904019251,0.0865,0.2558360655737705,False,False,0.14479720223710124,-0.06769102569906625,0.5025,0.722810408921933,False,False
Ready to serve 50% MCT liquid (0913181),-0.0279377824400016,0.776050896471949,False,0.03521956798364567,0.004734009831551167,0.0992,0.3266341463414634,False,False,-0.0002683144490242479,0.1397,0.033646998655319504,0.00406267421132504,0.0922,0.26238735177865613,False,False,0.14439950789106093,-0.07081935070123903,0.5205,0.722810408921933,False,False
Ready to serve disc or non ACBS m/sk higher protein (091334),-0.0256387921022067,0.7101065375302663,False,0.09476030168478078,-0.0859495880993818,0.663,0.8087582725743129,False,False,-0.04359375335176517,0.3937,0.028235431581408066,-0.04501540073233194,0.449,0.6344381948986266,False,False,0.08848243346098617,-0.08482718962645908,0.6392,0.7747878787878788,False,False
Ready to serve discontinued  pre-thickened drinks (0913421),-0.0157204538472534,0.4388364732479277,False,0.07046335512275104,-0.04730799090222461,0.3651,0.6060229533282326,False,False,-0.12201027455898902,0.777,0.06914552022970033,-0.055183752226194774,0.4401,0.6277544554455445,False,False,0.1204382256119374,-0.050097808177692806,0.3748,0.6605089722675367,False,False
Ready to serve discontinued dessert (0913311),0.0989401869883574,0.1153196930946291,False,0.28108201021525525,0.026753458136909193,0.1304,0.3736062992125984,False,False,-0.0015350758708241603,0.1975,0.09689710948736252,0.11343688373518607,0.01586,0.09371707317073172,True,False,0.24008520095893138,0.09553982652876004,0.02504,0.14195905511811022,True,False
Ready to serve discontinued juice (0913311),-0.0333623693379791,0.908731757451182,False,0.10816949529655773,-0.07983299054405628,0.6285,0.7920420070011668,False,False,-0.08963914304904869,0.6564,0.00700489220111844,-0.0353398712839977,0.3733,0.5747170349251605,False,False,0.03182462992467017,-0.04864636569459389,0.3408,0.6356891191709844,False,False
"Ready to serve infant formula, high energy (0913104)",0.04127645233352,0.2344491362763915,False,0.02776676755337204,-0.002521336423368281,0.157,0.4138243902439024,False,False,0.004684956835533619,0.1374,0.016436223107563874,0.01145155879916527,0.116,0.2989976133651551,False,False,0.14940232449318813,-0.037717797820402,0.32,0.6191871083258729,False,False
Ready to serve non ACBS oil (0913481),-0.0485348801110256,0.9302299651567943,False,0.05887951418518744,0.004633202108355258,0.1117,0.34621714285714283,False,False,-0.01529071281886161,0.2235,0.05704592245870066,0.004254329382956045,0.1189,0.30465480427046265,False,False,0.15373327631727618,-0.07295742880207233,0.5316,0.722810408921933,False,False
Ready to serve non ACBS preparation for surgery ONS(0913341),0.1074707791227691,0.1997560975609756,False,0.25472510895815437,-0.05733666341846815,0.4463,0.6717825783972124,False,False,-0.06435924841381255,0.4691,0.011643129335749292,0.08801970132760066,0.0701,0.23618691588785048,False,False,0.06086277856484357,0.043422943182418246,0.1111,0.3549940828402367,False,False
Ready to serve pre-thickened drink (0913171),-0.055321850738107,0.7535296187683285,False,0.17355572378061634,-0.11255682302947993,0.6975,0.8210354223433242,False,False,-0.05808622707620082,0.4278,0.08764846645048896,-0.1254602998896038,0.7742,0.8510290076335878,False,False,0.16991402667360622,-0.14839113495928433,0.8133,0.889251012145749,False,False
Ready to serve preterm infant formula (0913111),0.3044652232640161,0.0094736842105263,True,0.2126660649489649,0.1642289707394169,0.00844,0.08956097560975611,True,False,0.0934461446373247,0.0333,0.1973006516357374,0.19320670430337525,0.0065,0.055058823529411764,True,False,0.24722251765529146,0.17294953836060237,0.00627,0.06388301886792454,True,False
Reboxetine,0.2970984842673519,0.011543606557377,True,0.42511198555611895,0.06239307252080965,0.0947,0.320160741885626,False,False,-0.003946697482111695,0.2197,0.25267266995363946,0.17578425885656307,0.01099,0.07488454258675079,True,False,0.44909660425602027,0.058891715535630614,0.0871,0.30330434782608695,False,False
Relugolix,0.1848113836309604,0.0730364471669219,False,0.2110774342213314,0.019793081641547382,0.1713,0.432,False,False,-0.002512465815526084,0.2087,0.1375300676217196,0.06049502916824998,0.1017,0.2794809160305343,False,False,0.24304648677268526,0.07570116913408557,0.063,0.25060773480662984,False,False
Repaglinide,0.0676750723416009,0.0140680115273775,True,0.2782722794266056,-0.1380847278353934,0.8666,0.9135461200585652,False,False,-0.17501207065608737,0.9192,0.2199730285121353,-0.08371149898361681,0.6884,0.8040194489465152,False,False,0.3137744858210888,-0.07768947392849902,0.5611,0.7321304347826088,False,False
Respiratory Syncytial Virus (RSV),0.1489871990690643,0.1201720754716981,False,0.2136145094542099,0.0996998038694031,0.04138,0.21853496332518335,True,False,0.04862828950981976,0.0856,0.1602992938313792,0.06529939729811349,0.0943,0.26584615384615384,False,False,0.2580117844413581,0.1149705265339669,0.02853,0.15247371007371005,True,False
Ribavirin,-0.0651843948914865,0.8949056603773585,False,0.13036057949431867,-0.06569289521207147,0.497,0.7057988165680473,False,False,-0.05920318576918782,0.4502,0.11264197969550926,-0.09906488167262281,0.7247,0.8199853326348874,False,False,0.19533304301618704,-0.08892938215257074,0.589,0.7492579505300353,False,False
Ribociclib,0.1917900958582721,0.07344,False,0.015928281921750442,0.19350851109880376,0.00732,0.08512258064516129,True,False,0.04751610732743108,0.0837,0.013466108440452818,0.18813996734252322,0.01197,0.07834909090909091,True,False,0.06062655071769796,0.15945617484397828,0.01185,0.09550746268656717,True,False
Riboflavin,0.2489526056825993,0.0077860465116279,True,0.5612983186914449,-0.11936253806378923,0.7508,0.8486279434850864,False,False,-0.1933134877353975,0.9551,0.46303526526368133,-0.03422352143450081,0.3828,0.5789162011173183,False,False,0.5724997040746025,-0.10530479369502213,0.6808,0.7992,False,False
Rifabutin,0.4834539660235149,0.0004595744680851,True,0.4130720023484734,0.12345227774744488,0.01976,0.14429090909090908,True,False,0.06685932069809608,0.0544,0.30049840379149795,0.18328982503935323,0.00537,0.049753846153846155,True,True,0.44570673242750425,0.11315627173391199,0.02547,0.14252642487046632,True,False
Rifampicin,0.0459963796524251,0.3845853658536585,False,0.04395964166636945,0.03154823100375253,0.148,0.40010012515644555,False,False,0.022473112555452104,0.1382,0.0084846024748646,0.04087707184071435,0.1521,0.35212861736334405,False,False,0.09631575951244187,0.01119407014425148,0.1903,0.4761988439306359,False,False
Rifampicin combined preparations,0.0048363494443323,0.3411838417147568,False,0.17582479148912533,-0.13625251366335075,0.8516,0.9101183431952663,False,False,-0.13907029476540417,0.8294,0.1254808514188186,-0.08965510924287362,0.7032,0.8090847457627119,False,False,0.23152706763692543,-0.055466883083731496,0.4278,0.6912645739910314,False,False
Rifaximin,0.0558555058884501,0.3362196339434276,False,0.34749939006697084,0.015538946688071343,0.1872,0.44751381215469616,False,False,0.00786618400425653,0.1758,0.11839968661120548,-0.04652291848171553,0.443,0.6299407504937459,False,False,0.214674608320229,-0.08393607051466424,0.5568,0.7306229508196721,False,False
Rilpivirine,0.0393990206233016,0.3372757475083056,False,0.12705721106339563,0.0687808803027364,0.0583,0.2618045738045738,False,False,0.08526648888496709,0.0311,0.08017834358637455,0.045630781111055146,0.1004,0.2769655172413793,False,False,0.1674130908461272,0.0795452971674892,0.04495,0.20472252631578947,True,False
Riluzole,0.2048407296901074,0.05382,False,0.21336387203500629,0.28869298665710763,0.00017,0.014657142857142858,True,True,0.2547754192770415,0.0002,0.13355344684926618,0.18542247158904465,0.00858,0.06502657342657342,True,False,0.24026572483788533,0.16776689189278765,0.00832,0.07813565217391304,True,False
Rimegepant,0.1451536519662172,0.1304784688995215,False,0.24023556738384022,-0.0014301019125536895,0.2421,0.492406779661017,False,False,0.0006048549551435477,0.2039,0.22665547810612685,0.015972413424808603,0.2219,0.43553133514986375,False,False,0.2699393846070762,0.06728256499178961,0.0745,0.27534470989761095,False,False
Rimexolone,-0.0818440456227002,0.8616559956592512,False,0.16160774100062336,-0.16798394748774345,0.9153,0.9432480916030535,False,False,-0.1253028315617224,0.7732,0.03331295726435757,-0.10390195998905599,0.7114,0.812169133192389,False,False,0.15563774949086595,-0.1308121358983679,0.7894,0.8744123076923077,False,False
Riociguat,-0.0801775846095531,0.8370447266703478,False,0.052452638083055336,-0.048593804481806994,0.391,0.6260637509266124,False,False,-0.0838601849710771,0.5521,0.03520854366760684,-0.07278837240427224,0.5305,0.6965835866261397,False,False,0.060477481136337,-0.03825079840486054,0.3251,0.6236376554174068,False,False
Risankizumab (Crohn's),-0.0409794812233837,0.9815007132667618,False,0.30444446232959155,-0.23044394480053743,0.9828,0.9890949720670391,False,False,-0.24077584824730616,0.9929,0.2901108064195993,-0.23132100239274814,0.9867,0.9880723226703755,False,False,0.38944277619030576,-0.1887155574141011,0.9493,0.9610684161199625,False,False
Risedronate sodium,0.0245549620017883,0.4621506646971935,False,0.19264210061600617,-0.09419399345820538,0.627,0.7920420070011668,False,False,-0.043691021067800775,0.3691,0.16312749656350667,-0.09158221333243265,0.644,0.780746218487395,False,False,0.2263994317599607,-0.13913427075313786,0.7834,0.8691032357473035,False,False
Risperidone,0.3572305691652022,0.0048676056338028,True,0.5799029867728145,0.06711469909281649,0.079,0.30270422535211267,False,False,0.06607191245280776,0.0625,0.5355166787606354,0.08169601845903818,0.0772,0.24346285714285715,False,False,0.6492069944253455,-0.02660021637372037,0.3181,0.6184482448244825,False,False
Ritlecitinib,0.0657992226176326,0.2100413793103448,False,0.39710974407814514,-0.07023083506881905,0.5348,0.7319924002533249,False,False,-0.19975140880192602,0.964,0.34746183713474466,-0.09849138932886863,0.7204,0.8169695697796432,False,False,0.36660375453959193,-0.07556181086522777,0.5571,0.7306229508196721,False,False
Ritonavir,0.1835747375032523,0.0331373493975903,True,0.41309989021341886,-0.06433171078785892,0.4889,0.7007458526874586,False,False,-0.20846382514257825,0.9727,0.3121682074976052,0.007584064245548092,0.2107,0.42533831775700937,False,False,0.38321261167380716,-0.006662655851045264,0.2208,0.51971335504886,False,False
Rituximab,0.1440776217414018,0.1340071174377224,False,0.40056374902180536,-0.018794540860902587,0.3028,0.551090909090909,False,False,-0.028871955209448658,0.3128,0.3310149784823838,0.035119371870278304,0.1636,0.3679417273673257,False,False,0.39488671143520493,-0.00713168761118237,0.2469,0.540547112462006,False,False
Rivaroxaban,0.1405531910997164,0.1106545924967658,False,0.18387067105218557,-0.006159817736036674,0.2355,0.4872413793103448,False,False,-0.10158527500609238,0.6584,0.1729857122640328,0.0030312463642063045,0.2365,0.45207079646017695,False,False,0.2205138171477482,-0.03106749010987704,0.3192,0.6189156193895871,False,False
Rivastigmine,0.2034030766318983,0.0522393277310924,False,0.45151169617564124,-0.046705330901206314,0.4125,0.6442516268980477,False,False,-0.10972758701711091,0.6909,0.4188863666742533,-0.08573517326442452,0.6124,0.7576082474226805,False,False,0.44303231730768156,-0.06865048065115131,0.4822,0.722810408921933,False,False
Rizatriptan,0.1465814475660035,0.1268442284325638,False,0.4122917581936,-0.06999240347897254,0.5153,0.7213953488372093,False,False,-0.07220480980811517,0.5134,0.21257036088256154,0.06007607668987691,0.1094,0.29204889975550125,False,False,0.3721403972435027,-0.004263712632835416,0.2311,0.529109243697479,False,False
Roflumilast,0.3018833808566288,0.0140431486880466,True,0.22864634694268415,0.08225709317461874,0.055,0.2533049040511727,False,False,0.012422594302804745,0.1571,0.07379054373807381,0.26110500119386415,0.00145,0.021313907284768212,True,True,0.16548681434802448,0.2125071023881694,0.00299,0.03938048780487805,True,True
Romiplostim,-0.0934194693502003,0.9106997468354432,False,0.08843426041583846,-0.11383783121719704,0.7222,0.8302032996274614,False,False,-0.13109454227310569,0.801,0.07156926597396396,-0.1302658355560306,0.8293,0.8844698914116486,False,False,0.11873042384842869,-0.14586459729224116,0.8385,0.9028713858424726,False,False
Romosozumab,-0.0321698584985941,0.6095593220338983,False,0.2749522715877488,-0.10216073419996878,0.6844,0.8158410596026491,False,False,-0.20042005785779135,0.9626,0.19901447664768124,-0.13088413695898377,0.8473,0.8921556420233463,False,False,0.3094519904856371,-0.059936431827785845,0.4503,0.7037973950795947,False,False
Ropinirole hydrochloride,0.3575184647218912,0.0030193548387096,True,0.6074975250367176,-0.03726729136653058,0.3689,0.6082625954198474,False,False,-0.08675134815835482,0.5917,0.5884656656183087,-0.02350251918631854,0.3541,0.5591052631578948,False,False,0.6060025602029336,-0.040717852887038636,0.3726,0.6601963993453355,False,False
Ropivacaine hydrochloride,-0.0143493493513522,0.3425777777777778,False,0.17305915550962525,-0.06555524473470321,0.53,0.7301020408163265,False,False,-0.038576428273170454,0.3626,0.1633195073562922,-0.08703214278982324,0.7156,0.8143814541622761,False,False,0.2764438768549732,-0.053686403932262095,0.4122,0.6810295230885692,False,False
Rosiglitazone,-0.0319783197831977,0.8769829787234042,False,0.09486407032992317,-0.038335111917782605,0.3443,0.5874312796208531,False,False,-0.037132713627878344,0.3523,0.08992747581706673,-0.02272623774430868,0.2882,0.49288361045130646,False,False,0.11860894682560585,-0.05370879003540759,0.4165,0.6810295230885692,False,False
Rosuvastatin calcium,0.093036385304566,0.2373942857142857,False,0.35158660994021673,-0.09236883615088667,0.6178,0.7876672566371682,False,False,-0.13627607689523946,0.8184,0.26287459740794195,-0.092291208790068,0.645,0.780746218487395,False,False,0.35025289736416,-0.1526257601138345,0.8322,0.8996944583125313,False,False
Rotavirus,-0.0777079699393982,0.8301860724233983,False,0.12026907353778138,-0.11566738400436481,0.7209,0.8295919019712307,False,False,-0.08784541121914086,0.5877,0.10146838806629765,-0.11012659181351071,0.7165,0.8149763033175356,False,False,0.14879422816990706,-0.08185355399088352,0.5524,0.7284731707317074,False,False
Rotigotine,0.1087062971900101,0.1967063655030801,False,0.28370827067618654,-0.02887432600168948,0.3335,0.5801739130434783,False,False,0.0689449490881277,0.0546,0.275495036622061,0.006335255097200001,0.2458,0.4595348837209302,False,False,0.3480492779578934,-0.10548906740676617,0.6377,0.7747086614173229,False,False
Roxadustat,0.0601398385283466,0.2633614678899082,False,0.1990252517377643,-0.020783529214647854,0.2995,0.5496346644010195,False,False,-0.1190822821053779,0.7402,0.19229945054354414,-0.051198424460713314,0.4641,0.6475813953488372,False,False,0.2896180864358271,0.02442673674074904,0.1461,0.40747354838709676,False,False
"RtS  2.4 kcal/ml m/sk high volume, higher protein (0913011)",-0.024438037708637,0.6249065300896287,False,0.03137362873529803,-0.10253016148999868,0.6731,0.8094290484140234,False,False,-0.04946939769756757,0.3839,0.010301317424059375,-0.052143348844165216,0.4465,0.6327029508196721,False,False,0.022459381010572765,-0.05794332152563346,0.423,0.6877894736842105,False,False
"RtS  2.4 kcal/ml m/sk lower volume, higher protein (0913011)",0.1813503134254457,0.0786991304347826,False,0.11191839256548175,0.06155499780119957,0.0822,0.3059702479338843,False,False,0.07447596516515412,0.0446,0.10585973049458564,0.06409410005675416,0.0993,0.27533761232349163,False,False,0.1702231105605836,-0.020632936495262554,0.2807,0.5785347288296859,False,False
RtS 1 kcal/ml milkshake lower energy with fibre (0913021),0.0127085654402482,0.3013171996542783,False,0.05022118650938667,-0.051469262932330936,0.3852,0.6232449438202247,False,False,0.009507488079299194,0.1303,0.021152541899554178,-0.010667817250034883,0.1967,0.4101081081081081,False,False,0.09515649293091166,0.03336878456000761,0.0886,0.3060575079872205,False,False
RtS 1.3 kcal/g dessert style (fruit based) (0913051),0.4713061393215552,0.0017052631578947,True,0.21210904363263872,0.35731078049244286,2e-05,0.0054,True,True,0.33866808833557904,0.0002,0.2062313857685405,0.36502894634555066,7e-05,0.0038769230769230764,True,True,0.3082946714687216,0.2314331434519388,0.00169,0.027865648854961834,True,True
RtS 1.3 kcal/ml dessert style (fruit based) (0913051),0.4138962965822718,0.0093010676156583,True,0.13046309036826031,0.272020283369957,0.0013,0.03383132530120482,True,True,0.1579383771027699,0.0094,0.12648484389640746,0.2575223214396546,0.0031,0.033313432835820896,True,True,0.3048977480464342,0.17891718431811018,0.00576,0.06039611650485437,True,False
RtS 1.4 - 2 kcal/g dessert style (milk based) (0913011),0.3503122728454549,0.0056793103448275,True,0.3179410988279855,0.17763063514815203,0.00611,0.07673023255813953,True,False,0.20081850602293674,0.0009,0.3034537742901965,0.18906692793702107,0.00832,0.06418285714285714,True,False,0.3440395110009553,0.10410997415159724,0.03686,0.18136127562642368,True,False
RtS 1.4 - 2 kcal/ml dessert style (milk based) (0913011),0.3338561778868182,0.00648,True,0.25688314199286366,0.15652377421426653,0.01074,0.10264778761061946,True,False,0.15870304252254533,0.0059,0.24813089351125206,0.17722214289152588,0.01022,0.0724235294117647,True,False,0.28729094762570284,0.14240547991473385,0.01646,0.11602084690553746,True,False
RtS 1.4 - 2 kcal/ml dessert style (milk based) (0913311),-0.1441990106472874,0.972,False,0.10146437608505499,-0.20294020965072532,0.9569,0.9749547169811321,False,False,-0.17984956360149384,0.9391,0.06408062958072125,-0.21088706862498358,0.9746,0.9827899159663865,False,False,0.12987407267728024,-0.23710286460821461,0.9845,0.9869276437847866,False,False
RtS 1.4 kcal/ml energy and higher protein liquid (0913141),0.6772017086599905,0.0003176470588235,True,0.2696138878067359,0.5478861498122493,1e-05,0.0054,True,True,0.5044600863159833,0.0001,0.24984335437306915,0.5799595812186638,1e-05,0.0018000000000000002,True,True,0.26896049538193745,0.4597469774407481,1e-05,0.0018000000000000002,True,True
RtS 1.4-1.5kcal/ml energy & higher protein liquid (0913141),0.6373903757524211,0.0003176470588235,True,0.32972763539180616,0.5227881128209063,1e-05,0.0054,True,True,0.5012463182082596,0.0001,0.29015464052697304,0.5584817231194652,1e-05,0.0018000000000000002,True,True,0.2770304003927688,0.4390877763712232,1e-05,0.0018000000000000002,True,True
RtS 1.5 - 1.6 kcal/ml milkshake higher protein (0913011),0.0757761075540239,0.2741837837837838,False,0.11951526427515224,0.003961272417608073,0.2105,0.47117098445595856,False,False,0.054475023374353095,0.0735,0.10900237803555624,0.0025258870881654464,0.2416,0.45576943231441047,False,False,0.14055729701689978,-0.009029244350260023,0.2331,0.529109243697479,False,False
RtS 1.5 - 1.6 kcal/ml milkshake with fibre (0913011),-0.0313831038765115,0.6903450834879407,False,0.03685476481841454,-0.02787637187821169,0.3079,0.5555058430717863,False,False,0.04264904111254215,0.0648,0.0244560944647495,-0.0077119270316508715,0.2403,0.45490622261174407,False,False,0.051535062998246395,0.002289495564180602,0.1548,0.421921815889029,False,False
RtS 1.5 kcal/g dessert style (milk based) (0913021),0.0882211985794561,0.0657271860095389,False,0.016682192484576253,0.05297822993058084,0.02471,0.16372269938650305,True,False,0.04664181778215078,0.0333,0.006521997195479745,0.058798703914582966,0.01883,0.1040225063938619,True,False,0.1449080168328094,-0.015582558827921625,0.2113,0.5071199999999999,False,False
"RtS 1.5 kcal/ml m/sk higher protein, higher energy (0913061)",-0.0499534987884518,0.7442262816735415,False,0.04469194725830217,-0.07423641649466864,0.5274,0.7288445297504799,False,False,-0.0324615014979668,0.2652,0.020253278266035957,-0.038759742061622075,0.3282,0.530622754491018,False,False,0.07782994814954747,-0.007721595089590485,0.1846,0.4713191489361702,False,False
"RtS 1.5kcal/ml m/sk, higher protein, pre-thickened (0913051)",0.2034508361472293,0.0622135922330097,False,0.19222366337161123,0.0618475746651957,0.0808,0.3054965034965035,False,False,0.07099217683683588,0.0522,0.15480109069352233,0.018400229776173446,0.1957,0.40841739130434784,False,False,0.19873518671953216,0.03892246222017243,0.1121,0.35639999999999994,False,False
RtS 1.6 kcal/g dessert style (fruit based) (0913011),0.0617347596714873,0.1952907216494845,False,0.17925571019193665,-0.038877201671134405,0.3499,0.5937030636292223,False,False,-0.0326512422029942,0.3258,0.17697066566865471,-0.02898965312171121,0.3363,0.5388783382789317,False,False,0.24768528022649128,-0.04788631862371014,0.3876,0.6703090472377903,False,False
RtS 1.6 kcal/ml dessert style (fruit based) (0913011),0.1775253009130137,0.0520962711864406,False,0.19683006457362817,0.04299749913255288,0.0818,0.3059702479338843,False,False,0.06283386416673198,0.0489,0.19257835082043318,0.06489139822125643,0.0651,0.22534615384615386,False,False,0.28901728382349057,-0.022924044176787985,0.2704,0.5708721951219511,False,False
RtS 2 - 2.4 kcal/ml m/sk lower volume with fibre (0913011),-0.0076135126768086,0.2986875,False,0.02992423690848689,0.012121047065364226,0.0777,0.2997,False,False,0.0037141878737414515,0.1231,0.028369824253877685,0.011484408633032158,0.07,0.23618691588785048,False,False,0.1496342320122911,-0.06880705317038875,0.509,0.722810408921933,False,False
"RtS 2 kcal/ml m/sk high protein, high energy+fibre (0913011)",-0.0832566934492604,0.8881646437994724,False,0.11447940621761543,-0.11270061417541916,0.7322,0.8364717080909571,False,False,-0.06370479014265715,0.4703,0.1140064390783323,-0.10581341366649911,0.7319,0.8239500000000001,False,False,0.20669811226508628,-0.1280287564830221,0.7602,0.8559042165538782,False,False
RtS 2-2.4 kcal/ml m/sk hi prot hi eng plant based (0913011),0.0206242089287787,0.3027708154506437,False,0.04471333321564841,0.03561025527553232,0.0571,0.2585660377358491,False,False,0.01584798435802694,0.1007,0.03754923103659713,0.040627408030517474,0.0549,0.20236177474402728,False,False,0.16850461312771825,-0.02042642420810183,0.2415,0.536115107913669,False,False
"RtS 2-2.4 kcal/ml m/sk higher protein,higher energy(0913011)",-0.0484804168086343,0.7332227488151658,False,0.1524502467677773,-0.1374775805436155,0.834,0.9025250501002003,False,False,-0.1105903778430343,0.7015,0.10925484825066878,-0.050119807619542905,0.451,0.6359298245614036,False,False,0.22675695973292387,-0.07786149912278476,0.5431,0.7254768089053804,False,False
RtS 2.4 kcal/ml dessert style (milk based) (0913051),0.1967738974752054,0.0372255319148936,True,0.3724962322810399,0.023829864598433854,0.1534,0.40856226880394575,False,False,0.08633118360386523,0.0307,0.333251709605037,-0.011671580339475776,0.3041,0.5107744945567652,False,False,0.3919524689283663,-0.029818333607305993,0.3216,0.6213381037567084,False,False
RtS 2.4 kcal/ml milkshake lower volume with fibre (0913021),0.0191199843623912,0.165416204217536,False,0.016639788570536274,0.03277675137299718,0.04239,0.22116521739130435,True,False,0.035411427181543435,0.0419,0.012391092010065718,0.03030005045615797,0.04024,0.1691019455252918,True,False,0.15988254676500213,-0.05472652656674336,0.415,0.6810295230885692,False,False
RtS 2.5 kcal/ml energy (carbohydrate) liquid (0913142),0.0264635410285195,0.1106545924967658,False,0.04734891414731157,0.04058305778059656,0.03248,0.19221041095890412,True,False,0.03731393262524738,0.0388,0.04619892997161579,0.03928766286927506,0.02588,0.12638194130925506,True,False,0.15999348238221722,-0.05226712790257446,0.4007,0.6777697729052468,False,False
RtS 3.3 - 4 kcal/ml energy with protein liquid (0913141),0.2377032522445271,0.0177818181818181,True,0.1313528945099497,0.0603695122896623,0.0628,0.273456,False,False,-0.027861998084973773,0.2956,0.1266264066730839,0.06298457607275901,0.0709,0.23627076923076923,False,False,0.22474865934012678,0.004060400872743278,0.1872,0.47398594847775183,False,False
RtS 3.3 kcal/ml energy and higher protein liquid (0913141),-0.0226792806660088,0.5509843003412969,False,0.029686508283620294,-0.05321273545180254,0.4085,0.6407843137254902,False,False,-0.042839012764895004,0.3436,0.022246855647441444,-0.03509942083602748,0.3366,0.538959229058562,False,False,0.09836559171574766,0.003325253025300411,0.1619,0.4346799007444169,False,False
RtS OTC dietary supp for early alzheimers disease (0913551),-0.021098551807515,0.620844130853111,False,0.0797325462902142,-0.07972549287394495,0.5496,0.7428886107634542,False,False,-0.0940034209984061,0.6202,0.07869661929878846,-0.07225327030625131,0.5405,0.7036915662650602,False,False,0.10321220670468101,-0.08438919264376726,0.55,0.7279411764705882,False,False
RtS disc condition specific complete infant formula(0913381),-0.0276713124274099,0.7748233931673423,False,0.05685020713664235,-0.014587027845556173,0.1975,0.4591158798283262,False,False,0.00020345476732600026,0.1443,0.04771911717009247,-0.021816453647684645,0.2501,0.4605178875638842,False,False,0.17920401283366072,-0.06531503308891234,0.4785,0.719899721448468,False,False
RtS disc or non ACBS energy and protein fortifier (0913391),-0.0076952136244348,0.5494555403556771,False,0.12506339362064123,-0.018501478442105958,0.2835,0.5331383812010444,False,False,-0.0813682883323155,0.5593,0.1032645748166876,-0.039774355952983294,0.4106,0.603330612244898,False,False,0.1618629601844772,-0.052092268297914225,0.41,0.6810295230885692,False,False
"RtS extensively hydrolysed formula, high energy (0913103)",-0.0324455203356347,0.7060729927007299,False,0.032323925598185976,-0.004650261381534163,0.1581,0.41544525547445255,False,False,0.00022823448312725525,0.1472,0.028334669567125714,0.004160619662324473,0.1246,0.31294883720930233,False,False,0.12864970749010785,-0.03728629033770414,0.3091,0.609731506849315,False,False
Rufinamide,0.1131803055340615,0.1886070686070686,False,0.08675431066224548,0.03377546219124439,0.1476,0.39978947368421053,False,False,0.06325244922417143,0.0631,0.006509604143497882,0.08887620587509697,0.0708,0.23627076923076923,False,False,0.07356522933628551,0.03907697137933504,0.1241,0.3747615062761506,False,False
Rupatadine fumarate,0.1988813459147558,0.0622135922330097,False,0.4183592677434793,0.009861534358963716,0.1906,0.45258269441401966,False,False,-0.004061665775516068,0.2061,0.3813606266705195,-0.03239843769306359,0.3803,0.578376404494382,False,False,0.4201303861210619,0.0011889887572185517,0.2069,0.5020606060606061,False,False
Rutosides,0.3380672925588848,0.0074571428571428,True,0.27367994172738286,-0.04399517250306758,0.3949,0.6278145695364239,False,False,0.016643854585134198,0.145,0.22227562919510868,0.008205996661306196,0.2213,0.43494813466787985,False,False,0.2629021335315359,0.0011270808217563064,0.204,0.5004040862656073,False,False
Ruxolitinib,-0.094518078211156,0.902447327451998,False,0.2265155056899344,-0.2493264121292893,0.989,0.9931380753138074,False,False,-0.21128221243314432,0.9767,0.12257416125769116,-0.19576191179716898,0.9652,0.9765021077283372,False,False,0.24288827554248316,-0.2505864126952273,0.9896,0.9900583603520149,False,False
Ryeqo,0.0871954869952674,0.2446092715231788,False,0.18195689268654736,0.09655233968493206,0.0441,0.22506792452830188,True,False,0.1397756953030205,0.0102,0.14134757605363069,0.026425317410458282,0.1793,0.388064128256513,False,False,0.2171105531929769,-0.02335113316675001,0.2988,0.5989545875810937,False,False
Sacrosidase,-0.0606030633327935,0.9815007132667618,False,0.1562503321464337,-0.10827679263283502,0.7466,0.8452075471698114,False,False,-0.007412734800948331,0.2041,0.10914681343554133,-0.16352102882654365,0.9482,0.9638174117647059,False,False,0.19156164493488637,-0.10078505918430228,0.6828,0.7997017828200973,False,False
Sacubitril/valsartan,-0.1516458215235042,0.9618014527845036,False,0.054496154210842085,-0.1292066532290744,0.7695,0.8594208893485005,False,False,-0.03717611658530652,0.3451,0.054171521713498816,-0.12561762658436754,0.7757,0.8513780487804877,False,False,0.3239161220144279,-0.2104500229409859,0.9535,0.9646651053864168,False,False
Safinamide,0.3154099128606404,0.0159127659574468,True,0.12443431328732235,0.2352196467359677,0.00215,0.043000000000000003,True,True,0.3619660223170508,0.0001,0.036455275639423856,0.28950400208165267,0.00134,0.02024055944055944,True,True,0.23444771906550832,0.1597950846294229,0.0113,0.09324274809160306,True,False
Salbutamol,0.4612530161552193,0.0003176470588235,True,0.5359701710748431,0.11921197739607739,0.02688,0.170532944606414,True,False,0.08627191867527532,0.0398,0.4602363516414876,0.19095568461397128,0.00698,0.05787169811320755,True,False,0.5279612239935705,0.23167877593597297,0.00152,0.026692682926829272,True,True
Salicylic acid,0.3326998738665417,0.011304,True,0.80798479046492,0.13990707938681782,0.01629,0.13032,True,False,0.21122916135459832,0.0019,0.6761324878570958,0.23728207027650217,0.00203,0.02559537572254335,True,True,0.6780769307444221,0.19431449297602113,0.00395,0.04687912087912088,True,True
Salmeterol,0.1569142627344573,0.1032867469879518,False,0.25053334212971834,-0.023831856373650658,0.3144,0.5607795210569777,False,False,0.013366221058297123,0.1589,0.2234463880554326,-0.003291020870040444,0.2633,0.47236544850498335,False,False,0.3977238146857289,-0.13623293194713526,0.792,0.875496417604913,False,False
Sapropterin,-0.0211962833914053,0.5800691489361702,False,0.02482984206250516,-0.03145764898991304,0.2812,0.5319685039370079,False,False,-0.03736735185470081,0.3552,0.006066740448721353,-0.027693398904500403,0.2866,0.49288361045130646,False,False,0.019690800762535265,-0.050043246698233255,0.3437,0.6359794520547944,False,False
Sarilumab,-0.0164836594078065,0.3697452229299363,False,0.12700354232419564,-0.010155910364478625,0.2101,0.47117098445595856,False,False,-0.08413075479702271,0.6111,0.11107368165724141,-0.03733056011808131,0.3863,0.5814689895470383,False,False,0.11183436371663036,-0.03577359764594461,0.2918,0.5901573033707865,False,False
Saxagliptin,0.1727756809623653,0.0759330396475771,False,0.1138174199308376,0.08725176179126314,0.0378,0.20818025316455696,True,False,0.03587997400357896,0.0929,0.06929480309265512,0.10558197349645593,0.03705,0.1597365269461078,True,False,0.260662915522869,-0.020962770105634344,0.2737,0.5725150048402711,False,False
Saxagliptin/dapagliflozin,0.1564167140890832,0.117359085133418,False,0.03868727693641816,0.18047132487506373,0.0074,0.08525714285714285,True,False,0.13135308626004233,0.0168,0.03266909473519852,0.1660028726657881,0.01597,0.09371707317073172,True,False,0.11638798904221825,0.13937191405355304,0.01741,0.11933664596273293,True,False
Saxagliptin/metformin,0.2116924803093452,0.0254588235294117,True,0.41210454235472727,-0.07618107891590215,0.5463,0.7407457627118644,False,False,-0.21904377511594333,0.9838,0.3463811368512416,-0.043911412122212584,0.4165,0.6099254237288135,False,False,0.41783145491236073,-0.08333853367900058,0.5637,0.7330751653638004,False,False
Secnidazole,-0.0114111498257839,0.2089215491559086,False,0.28942347799917123,-0.13517885711532024,0.8313,0.900505516549649,False,False,-0.23454099494654465,0.9883,0.22203877047467613,-0.13393459232623,0.8694,0.9063243243243243,False,False,0.29664402028564063,-0.09007338402428203,0.6252,0.7672231686541737,False,False
Secobarbital sodium,0.1293139984584555,0.1530205011389521,False,0.18469746117016939,0.004457027848937995,0.2071,0.467435736677116,False,False,-0.08028557375084676,0.542,0.16310341503083892,-0.009955334041479604,0.2825,0.49266828087167075,False,False,0.23005412791599933,0.0034710845148935997,0.2052,0.5008271186440678,False,False
Secukinumab,-0.0609934155891244,0.9949518916394208,False,0.03356694199446009,-0.03968568985862863,0.3463,0.5899116719242903,False,False,-0.033638458272090346,0.3274,0.0029762289920752805,-0.0654043343189725,0.6358,0.7760632411067193,False,False,0.07545438798536686,-0.10893210522614373,0.7769,0.8654481691593605,False,False
Selegiline hydrochloride,0.1495089970129066,0.1153196930946291,False,0.3458798889797803,0.0028209373605425853,0.2181,0.47407228915662647,False,False,0.04952657155211445,0.0818,0.19423377033618328,0.0884499699451636,0.0666,0.2290285714285714,False,False,0.4140559730485158,0.2032659280774495,0.00285,0.03826666666666667,True,True
Selenium,-0.0498556053977094,0.740516814159292,False,0.04503856266292372,-0.07069710300521373,0.5048,0.7121933376877859,False,False,-0.06603031176502133,0.4592,0.027340773640607163,-0.09829646057894335,0.687,0.8038569880823402,False,False,0.07983167452205298,-0.08472868667387842,0.5567,0.7306229508196721,False,False
Selenium sulfide,0.341801459065979,0.009,True,0.8354273162743073,0.1281067112404319,0.02189,0.15502426229508198,True,False,0.056081054319753014,0.0759,0.7501256450164273,0.27814776773929994,0.00069,0.013452631578947369,True,True,0.7306115629015671,0.2910311125785685,0.00026,0.01059622641509434,True,True
Semaglutide,-0.0266649151555925,0.6591396226415095,False,0.06874559356776877,-0.12254419041655286,0.7424,0.8422184873949579,False,False,-0.05036738294045556,0.403,0.053420200449467936,-0.07718730528852343,0.5757,0.7280515222482435,False,False,0.24841459318859072,-0.23920805923110333,0.9811,0.9865810055865921,False,False
Senna,0.2813460900485865,0.0158670241286863,True,0.6784629021556925,-0.02594243588219817,0.3311,0.5767548387096775,False,False,0.026483179121396295,0.1341,0.6625284891647034,0.04026419287543026,0.1498,0.34937068965517243,False,False,0.6350799866335513,0.024919211153446107,0.1557,0.42303396226415096,False,False
Sennosides,0.1894272656567888,0.0690865116279069,False,0.30978177566451837,-0.0035638466541861548,0.2478,0.49679999999999996,False,False,-0.00464681614265361,0.2138,0.3027101537292928,0.02468911636221706,0.1889,0.4023905325443787,False,False,0.31757912813002387,0.030901318887934005,0.1339,0.39031578947368417,False,False
Sertraline hydrochloride,0.2788282430524318,0.0136145454545454,True,0.3871853049382078,-0.022797479605014333,0.3118,0.5598403990024938,False,False,-0.05473510362888819,0.4304,0.04562657968149708,0.16996652308704752,0.01206,0.07869969788519637,True,False,0.23499400265521597,0.05096467113879515,0.0993,0.3304899845916795,False,False
Sevelamer,0.2521124938458013,0.0254588235294117,True,0.5014837892322268,-0.010496586697116748,0.2578,0.5085369863013698,False,False,-0.020846845785682307,0.2715,0.4397711688670771,0.07700370001869478,0.0685,0.23300787401574805,False,False,0.5748343891016586,0.05828977884841655,0.0786,0.28296000000000004,False,False
Shingles (H/Z),-0.0116771299510781,0.5961771315267681,False,0.09030453525817661,-0.014908625578440908,0.272,0.5245714285714287,False,False,0.03609263597084902,0.1037,0.07660877463739268,-0.013917791583384694,0.3007,0.5078279906176701,False,False,0.0780324830523933,-0.033901719279735884,0.3305,0.6297785588752197,False,False
Sildenafil (Erectile Dysfunction),0.0825426957246701,0.2748914798206278,False,0.14959624723360443,-0.002252057517372639,0.2452,0.49558878504672893,False,False,-0.048769153908691236,0.4004,0.11978566634235333,-0.03990822286458253,0.4231,0.6154181818181818,False,False,0.13987598390574463,-0.0358063330513632,0.3489,0.6402922684791844,False,False
Sildenafil(Vasodilator Antihypertensive),0.21365870937823,0.048063829787234,True,0.15921032616925213,0.00045129084316313916,0.2297,0.48426146341463416,False,False,-0.06938633334687742,0.4973,0.12091898695199221,0.06669461457024815,0.0995,0.27553846153846157,False,False,0.21511080643153158,0.015271206611650164,0.1754,0.45698313253012046,False,False
Silk Garments,0.1598549388919755,0.1057595744680851,False,0.46702891845576,-0.1323936940932936,0.7979,0.8771908396946565,False,False,-0.09054243568372604,0.6009,0.44540579598457064,-0.09137085322239046,0.6417,0.7791298482293424,False,False,0.4459514724039363,0.03899365766762396,0.1167,0.3632161383285303,False,False
Silver nitrate,0.2270427992267374,0.0374150289017341,True,0.3703807434178841,0.1664934912092028,0.0085,0.08956097560975611,True,False,0.09754950008021462,0.0273,0.11123850491799037,0.11935141520332206,0.03687,0.15927840000000001,True,False,0.151640657663617,0.11419886702019529,0.02872,0.15247371007371005,True,False
Silver sulfadiazine,0.1041100178479859,0.1765605095541401,False,0.1262879407081089,-0.029850692355573593,0.3205,0.5674426229508196,False,False,-0.012938947593176486,0.2391,0.11592648933127647,-0.007933161582999799,0.2609,0.4711906354515051,False,False,0.17461607290277215,-0.0456920170074685,0.3806,0.6638388396454473,False,False
Simeticone,0.2060650216223945,0.042963503649635,True,0.7275967023543529,0.09206702817874894,0.04563,0.22921116279069767,True,False,0.0998350590941675,0.0307,0.5617346903275112,0.22364968536465168,0.0019,0.024574850299401197,True,True,0.5199898870735428,0.2027831359138631,0.00192,0.02983597122302158,True,True
Simple,0.1957016049113998,0.0396135849056603,True,0.6434101390954073,0.15838471844304242,0.00786,0.08672893401015228,True,False,0.12261902234627906,0.0132,0.4713943500073704,0.21909784305000382,0.00088,0.0152064,True,True,0.46830503406223156,0.22842597683117496,0.0003,0.010977049180327868,True,True
Simvastatin,0.1182810940153575,0.175889007470651,False,0.1877245492148727,-0.023346209697408825,0.3152,0.5608171334431631,False,False,0.011626027142020448,0.1705,0.12698092469527011,0.07635252636919009,0.0848,0.253643153526971,False,False,0.22498374600485083,-0.02548802018872972,0.3128,0.6123913043478261,False,False
Simvastatin and ezetimibe,0.2282256513991248,0.0300521739130434,True,0.25952566066700655,0.17531127469089572,0.0054,0.06942857142857144,True,False,0.18296644092335732,0.003,0.21699978001069176,0.2947225984531499,0.00016,0.005857627118644068,True,True,0.2577970016294503,0.3005929757506196,9e-05,0.006270967741935484,True,True
Siponimod,0.0204619589850177,0.223953488372093,False,0.1119964841934521,0.01543950631046708,0.1055,0.33720176730486007,False,False,0.010932682300114294,0.1207,0.09893092535523074,0.046848191676869336,0.04862,0.19087186932849365,True,False,0.16542030075391412,-0.008417029715710286,0.1714,0.4503941605839416,False,False
Sirolimus,0.4900223793018038,0.0008470588235294,True,0.2549550618980937,0.31147626576770826,0.00013,0.01404,True,True,0.21619417364455296,0.002,0.040897884665195505,0.5003787756322853,1e-05,0.0018000000000000002,True,True,0.14286085958653527,0.4923003079239034,1e-05,0.0018000000000000002,True,True
Sitagliptin,0.4755012966305335,0.0012342857142857,True,0.6619815511082112,0.0007209333975786911,0.2308,0.4846880466472303,False,False,-0.05019190863714713,0.4017,0.628793818295541,0.025069790608030537,0.1914,0.40452446183953034,False,False,0.6824216666616065,-0.01601200345272038,0.2734,0.5725150048402711,False,False
"Skin Adhesive, Sterile",0.4333101953614823,0.0025483146067415,True,0.28442561351846196,0.25417318759419777,0.00076,0.028047761194029852,True,True,0.22230700880504853,0.0016,0.14379347299367318,0.35793617180722626,0.00013,0.005105454545454545,True,True,0.2223462679954632,0.27728630513478725,0.0004,0.012521739130434783,True,True
"Skin Closure Strips, Sterile",0.4145797993956127,0.0020945454545454,True,0.2856550297259065,0.13568933630891372,0.01984,0.14429090909090908,True,False,0.149706368285264,0.0107,0.20193017631241394,0.26619796366031606,0.00164,0.021732515337423312,True,True,0.4157415333985206,0.0489254752816711,0.0968,0.3236656346749226,False,False
Skin Fillers And Protectives,-0.100792196349752,0.9254529147982062,False,0.028944324041128455,-0.10807773765508975,0.7201,0.8291130063965885,False,False,-0.11210325048738565,0.7314,0.01710091395690083,-0.11927646577713205,0.7956,0.8614015037593984,False,False,0.0600439542738197,-0.06499271862675605,0.4737,0.7189389473684211,False,False
Skin Protectors,-0.095316938601759,0.996707192575406,False,0.02752019515084181,-0.06314334616806716,0.4848,0.6981120000000001,False,False,-0.0440984379223764,0.3657,0.027201231545352145,-0.06459895769715031,0.5386,0.7029462235649546,False,False,0.07423806734621374,-0.05057212066036571,0.3666,0.6555099337748345,False,False
"Skin protectives,fillers and cleansers",-0.0333930001793107,0.6198865979381444,False,0.05656421703397063,-0.018617328387062322,0.2327,0.4861562198649952,False,False,-0.03315969051883262,0.3214,0.02439926759038613,-0.04828834664492914,0.4255,0.6165633802816901,False,False,0.0600184602339745,-0.02855820335459501,0.2521,0.5463911735205617,False,False
Sodium aurothiomalate,-0.0843340661998357,0.996707192575406,False,0.054325502483805854,-0.07929699365691592,0.5936,0.7783064809206541,False,False,-0.08433829663037815,0.6189,0.004150280693424269,-0.10391749955941901,0.8186,0.8779354838709678,False,False,0.10771466838752675,-0.15692710881777694,0.915,0.952989928057554,False,False
Sodium benzoate,-0.0610678757973833,0.7846302472685451,False,0.013457441539406534,-0.05741971252538152,0.432,0.6599067137809187,False,False,-0.032265577047997665,0.3059,0.010817983093671657,-0.05373527664368754,0.4427,0.6299288537549407,False,False,0.0299998994180235,-0.023420147554305912,0.2626,0.5603632773938795,False,False
Sodium bicarbonate,0.5030412891079477,0.0004595744680851,True,0.6991659676455451,0.23065750616032918,0.00087,0.028047761194029852,True,True,0.2562387166401302,0.0002,0.6795379652844498,0.25986689833991633,0.00084,0.014632258064516129,True,True,0.7040469964374911,0.24303269882289005,0.00079,0.018751648351648352,True,True
Sodium chloride,0.4824924247577481,0.0003176470588235,True,0.0670027282422071,0.38816684793820216,2e-05,0.0054,True,True,0.19573535988328744,0.0025,0.006368947720188034,0.48654294647880286,1e-05,0.0018000000000000002,True,True,0.08370993869991383,0.4551653618412655,1e-05,0.0018000000000000002,True,True
Sodium citrate,0.048884783304742,0.3691792828685259,False,0.3750688246920173,0.1488633489780361,0.01485,0.12229049429657794,True,False,0.01778302748814542,0.1555,0.3123461639806602,0.13548085946068322,0.02816,0.13368263736263736,True,False,0.42791813525796896,0.23722071527268002,0.0012,0.02445283018867924,True,True
Sodium citrate (Rectal),0.2725346307155317,0.0200039408866995,True,0.16043118506876353,0.17437124854609373,0.00743,0.08525714285714285,True,False,0.1409372676879963,0.0102,0.10238845339560698,0.23785797260944644,0.00238,0.028091803278688526,True,True,0.19786898902011507,0.215173111211724,0.00286,0.03826666666666667,True,True
Sodium clodronate,-0.0278055906195185,0.6075088177661659,False,0.040798292300499917,-0.02607290482414008,0.2746,0.5277010676156584,False,False,-0.06545671430022929,0.4607,0.020137943611994835,-0.02899335484056872,0.3177,0.52098937784522,False,False,0.08526207795357876,-0.12126133868852683,0.7464,0.8467653543307087,False,False
Sodium cromoglicate,0.2886967403753426,0.0163275590551181,True,0.7833658573134783,0.05957040587818713,0.0919,0.3172822966507177,False,False,0.04556726929070273,0.0957,0.5779849624749589,0.13860211472028588,0.02483,0.12301100917431193,True,False,0.5798848670270075,0.11785498482230755,0.02579,0.14357319587628867,True,False
Sodium dihydrogen phosphate dihydrate,0.4051922921318081,0.0063529411764705,True,0.2682840753455288,0.18355997951116723,0.00537,0.06942857142857144,True,False,0.15823296577580326,0.0071,0.14012827956742846,0.3466241882133666,0.0005,0.011563636363636364,True,True,0.25902904276692074,0.29328045951136295,0.00064,0.016386206896551726,True,True
Sodium feredetate,0.1986725567026886,0.0636521739130434,False,0.793558356361823,-0.09246446886246527,0.6146,0.7859893428063943,False,False,-0.06284923117457512,0.4641,0.7480500467665872,-0.16971415188183872,0.9008,0.9291919770773639,False,False,0.7720110432760894,-0.11706362906841199,0.6927,0.805291711517761,False,False
Sodium fluoride,0.5021319401193973,0.0003176470588235,True,0.6135547439403608,0.1699288437846078,0.00759,0.08583455497382199,True,False,0.15535274827522214,0.0081,0.5741472690811191,0.24053818296042148,0.00157,0.021328301886792453,True,True,0.5645950416928434,0.2801841019261598,0.00036,0.012295384615384616,True,True
Sodium fusidate,0.2316986226181116,0.0270231759656652,True,0.253025337615732,-0.05876844488695682,0.4666,0.6860830496936692,False,False,-0.05752959936052335,0.441,0.12295721479487798,0.07026394591917692,0.0778,0.24346285714285715,False,False,0.2743208651604907,-0.05206452805185873,0.4064,0.6810295230885692,False,False
Sodium hypochlorite,0.0573165499705228,0.3090461538461538,False,0.20164021741843718,-0.06623743576419823,0.4875,0.7001329787234043,False,False,-0.06272353493850501,0.4629,0.10036439996460367,-0.009759590952844066,0.2698,0.47996052631578945,False,False,0.1201178523749944,0.008743604449568537,0.1773,0.46029807692307695,False,False
Sodium lactate,-0.0028457662363672,0.4393192771084337,False,0.2482455576306727,-0.12251336833499843,0.7587,0.8535375000000001,False,False,-0.1643999009105936,0.9036,0.1695697033981215,-0.12102544334177731,0.7954,0.8614015037593984,False,False,0.29508370537236916,-0.09351607618098276,0.607,0.7573087132140798,False,False
Sodium oxybate,0.2406702016924577,0.0331171026156941,True,0.0965267331566847,0.18161963027752634,0.00499,0.06778867924528302,True,False,0.21422522834769914,0.0012,0.029460370911626454,0.19453046140092886,0.00621,0.05386987951807229,True,False,0.07287558654804416,0.13987708473630828,0.0149,0.11059793814432989,True,False
Sodium phenylbutyrate,-0.0693272544035418,0.953176241480039,False,0.06737191068503445,-0.04348110068436592,0.3382,0.5844096000000001,False,False,-0.028092811789979886,0.2565,0.0465828819420826,-0.07802510322072534,0.5999,0.7485753899480069,False,False,0.1544611774344511,-0.045800556104997156,0.3408,0.6356891191709844,False,False
Sodium picosulfate,0.1867449700453815,0.0456729874776386,True,0.13641069076057366,0.08125562866675225,0.03378,0.19590563002680966,True,False,0.18757204244278325,0.0014,0.11510058762621822,0.12672005981197823,0.01641,0.09528387096774193,True,False,0.17239239978136223,0.03425317287051697,0.096,0.32198757763975155,False,False
Sodium polystyrene sulfonate,-0.0085664075324996,0.5636363636363636,False,0.16263391081595469,-0.06762122587776156,0.4945,0.7045646437994723,False,False,-0.13312656897415842,0.7877,0.14554902984278228,-0.07903802507432107,0.58,0.7304956268221574,False,False,0.18943891699091564,-0.06499337139385762,0.469,0.7169426751592356,False,False
Sodium tetradecyl sulphate,-0.0152773359782388,0.3833191489361702,False,0.09284036455819622,-0.026954412204746328,0.2796,0.5318239436619718,False,False,-0.07986596678595485,0.6058,0.07097171755614662,-0.03409012366400718,0.3504,0.5544791208791209,False,False,0.18612807757995853,-0.015816860872063077,0.1992,0.4914246575342466,False,False
Sodium valproate,0.4164261775808134,0.0010536585365853,True,0.5756303269219424,0.21198529341488972,0.00219,0.04300363636363637,True,True,0.14856765023888494,0.0065,0.5518970977475066,0.14120748929913546,0.0217,0.11240287769784173,True,False,0.6286891256209066,0.0958584347465285,0.04123,0.1951562363238512,True,False
Sodium zirconium cyclosilicate,0.0254126184056561,0.4488017950635751,False,0.21365277253255288,-0.06291372016394235,0.4766,0.6899839142091154,False,False,-0.10347205809495222,0.6657,0.1909893091295507,-0.05565130564679489,0.4803,0.6616290630975143,False,False,0.2510268045409505,-0.055607425262691294,0.4314,0.6934063656550703,False,False
Sofosbuvir/ledipasvir,0.1498303645724115,0.080573888091822,False,0.04281399413229858,0.1122305341791839,0.01912,0.14389965156794426,True,False,-0.051828050976955864,0.3981,0.0344894262077764,0.1211861543806854,0.02047,0.11003168316831684,True,False,0.11516253370650475,0.0981683664758743,0.02018,0.12820235294117646,True,False
Sofosbuvir/velpatasvir,-0.024241352323033,0.6371242829827916,False,0.05670256072512725,-0.0932273862653935,0.7187,0.8288264815803524,False,False,-0.0798763572894481,0.6235,0.026157958775849033,-0.030255749238197904,0.3217,0.5247577358490567,False,False,0.05032865000539677,-0.05552454037758484,0.4201,0.6858775510204081,False,False
Sofosbuvir/velpatasvir/voxilaprevir,-0.0321138211382113,0.8945820660723649,False,0.048548709559633085,-0.1252263833058746,0.8737,0.9160116279069767,False,False,-0.08481163534700396,0.6523,0.03357362436006961,-0.09170282272933547,0.804,0.8670194707938094,False,False,0.11320168198097691,-0.15329746045855286,0.9222,0.954,False,False
Soft soap,0.0225654094932459,0.2451671388101983,False,0.11635406852722752,0.007340016973236309,0.13,0.3736062992125984,False,False,-0.003635223239570425,0.1796,0.03984979917889919,0.010460796857927857,0.1029,0.281346835443038,False,False,0.03156662244888797,-0.004617684805657607,0.123,0.37314606741573036,False,False
Solifenacin,-0.0757971593109713,0.8257046979865771,False,0.26383045127229643,-0.0670791058844204,0.5036,0.711529411764706,False,False,-0.10099477493448804,0.6483,0.21942762165832586,-0.08833394195852497,0.6325,0.7741019252548131,False,False,0.2623639827513996,-0.050657021377918186,0.4134,0.6810295230885692,False,False
Solifenacin/tamsulosin,-0.0927574608566379,0.879141795007966,False,0.1117759977312307,-0.10146929958825902,0.6548,0.8082102857142858,False,False,-0.14406634192523737,0.8395,0.0873927401281075,-0.07169120791918165,0.5438,0.7063187011425135,False,False,0.11630537825659326,-0.05560582721336155,0.415,0.6810295230885692,False,False
Soluble insulin (Neutral insulin),0.1871395263788557,0.0745151424287856,False,0.05162128845159597,0.13706428083545516,0.01922,0.14415,True,False,0.11124411858474458,0.022,0.027770976842470763,0.1256679181534113,0.03416,0.15276521739130436,True,False,0.0744540198885677,0.11333243078839579,0.0285,0.15247371007371005,True,False
Somapacitan,-0.0305845915602013,0.8461880153930732,False,0.03473810269401889,-0.0674374742224848,0.5547,0.7460473225404732,False,False,-0.04152786685630545,0.3788,0.016547088053862402,-0.06959045647693753,0.6777,0.7985990180032733,False,False,0.07900600872630748,-0.058004714765215105,0.4404,0.6979192956713133,False,False
Somatrogon,0.0578528453084771,0.2299020172910663,False,0.13786043255396419,-0.01775580227204478,0.265,0.5161406672678088,False,False,0.008179665106024114,0.1586,0.11307215980763863,-0.017370803074662156,0.2855,0.49288361045130646,False,False,0.26335708570388683,-0.09095026553214433,0.6,0.7552447552447552,False,False
Somatropin,-0.0175903376503666,0.6206353697749196,False,0.18987004432209476,-0.08915255799077908,0.5997,0.7808028933092225,False,False,-0.020458311412585604,0.2718,0.12987157036897035,-0.08739739576439241,0.6238,0.766443686006826,False,False,0.2509257003450812,-0.19527722184283708,0.9365,0.958557501183152,False,False
Sorafenib,-0.0173054587688733,0.4818100072516316,False,0.09602930329046733,-0.03517591362521387,0.3301,0.5767548387096775,False,False,-0.0797494342320072,0.6114,0.061986639382807796,-0.03294032550629375,0.3447,0.5468193832599119,False,False,0.15191643390944798,-0.008853443901920126,0.1671,0.4428662576687116,False,False
Sotalol hydrochloride,0.1838749766623597,0.0484282685512367,True,0.17988142091806536,0.17429862831279896,0.00185,0.040363636363636365,True,True,0.16628004004891547,0.0019,0.06923999670256864,0.20153105658641807,0.0018,0.023563636363636363,True,True,0.1919025633835023,0.09744307303765519,0.02751,0.14967657430730477,True,False
Specialist food replacer 3:1 bread (0913181),0.0755268041919708,0.2840495575221239,False,0.13775801502307128,-0.013813300315421408,0.2797,0.5318239436619718,False,False,0.028683496343993094,0.1257,0.09701420767985958,0.038995366052037024,0.1514,0.35163870967741934,False,False,0.09277209552578147,0.08694507934309903,0.0522,0.22064970645792564,False,False
Specialist food replacer 3:1 breakfast cereal (0913181),0.0670047077365103,0.2752258064516129,False,0.16912860348659176,-0.02458145711648375,0.3006,0.5497849280270957,False,False,-0.041518147292485076,0.3492,0.021313611086957285,0.0638998171985958,0.0872,0.2569604365620737,False,False,0.13094790563242742,0.09820859926328297,0.03181,0.1633083135391924,True,False
Specialist food replacer 3:1 confectionery (0913181),0.1914693189949484,0.071977743431221,False,0.2823342454026283,-0.09404468162987419,0.6233,0.7892989449003516,False,False,-0.096292184833148,0.6195,0.04038977904932173,0.14306266697859585,0.02384,0.12003356643356643,True,False,0.14693802459494754,0.08690282858753355,0.05235,0.22085156250000001,False,False
Specialist food replacer 3:1 ready meal (0913181),-0.1502085956452709,0.9653152804642166,False,0.10284856323528457,-0.23803080362809734,0.9834,0.9890949720670391,False,False,-0.21660027911504068,0.9816,0.004739725269664374,-0.15243077741707597,0.8616,0.9021114881240911,False,False,0.13368367841964035,-0.20461684035716937,0.943,0.9610684161199625,False,False
Specialist food replacer 3:1 savoury biscuit (0913181),0.0541555721950784,0.3547817589576547,False,0.1452478840824475,-0.08283345149212072,0.5637,0.7525290482076638,False,False,-0.06763437277865873,0.4837,0.08760232218695796,0.007288427982913714,0.2387,0.45378947368421046,False,False,0.13814765312690747,-0.0026776600500462537,0.2283,0.528540192926045,False,False
Specialist food replacer 4.3:1 flour type mixes (0913181),-0.001179272521797,0.4610554323725055,False,0.06740070431194956,-0.1287292812329181,0.8418,0.906382470119522,False,False,-0.11578344299934425,0.7483,0.030955175352394337,-0.061791316412824066,0.5181,0.6870920245398772,False,False,0.15764307813338063,-0.15320949215904955,0.892,0.945145659637077,False,False
Specialist food replacer 4.5:1 flour type mixes (0913181),-0.0538372054742712,0.8183217097862766,False,0.05046401099254383,-0.14214880447778855,0.8831,0.921495652173913,False,False,-0.1286229033839223,0.8009,0.04804310209420015,-0.13467438635978093,0.8972,0.9281379310344827,False,False,0.14631554342646513,-0.1756204911313304,0.9419,0.9610316485592819,False,False
Specialist food replacer 4.8:1 confectionary (0913181),0.0877398037697813,0.2501797752808989,False,0.14197768479544115,-0.044262689339479105,0.402,0.6347368421052632,False,False,0.010181937748500975,0.1673,0.0753675252285233,0.02258840699188818,0.1944,0.408069970845481,False,False,0.08160324088480853,-0.008623459612323477,0.2458,0.5395609756097561,False,False
Specialist food replacer OTC or disc bread (0913461),0.1547895162948976,0.1059920318725099,False,0.28239474153700583,0.06223696646136837,0.0809,0.3054965034965035,False,False,0.09960612251115743,0.0275,0.22756972306182754,0.09935206633255933,0.05183,0.1957216783216783,False,False,0.1974131608681754,0.0727833434342037,0.0595,0.24107865168539325,False,False
Specialist food replacer OTC or disc pasta (0913461),0.1932745649978797,0.0764064421669106,False,0.3229893644466746,0.1510834274044821,0.01097,0.10392631578947369,True,False,0.19787487274021948,0.0028,0.22275208813989023,0.19280628308819733,0.00899,0.06627440273037542,True,False,0.1630320419103134,0.15762822936891788,0.01211,0.09724014869888475,True,False
Specialist food replacer OTC pasta (0913461),-0.1618386292820384,0.996707192575406,False,0.09421587606459936,-0.24437607052220417,0.9902,0.993158774373259,False,False,-0.08408477762169841,0.5641,0.08061416381087838,-0.19727905442456972,0.9704,0.9799270687237028,False,False,0.07218548650722711,-0.19225695419241637,0.9477,0.9610684161199625,False,False
Specialist food replacer OTC pizza bases (0913461),0.1734657712140345,0.0796987012987013,False,0.5296477821996934,0.1811348417791484,0.00537,0.06942857142857144,True,False,0.15441445376909346,0.0075,0.4557673106272251,0.27847679758741706,0.00053,0.011563636363636364,True,True,0.3823677292293064,0.2641382003066337,0.00036,0.012295384615384616,True,True
Specialist food replacer OTC/disc breakfast cereal (0913461),-0.103879854074732,0.8989478079331942,False,0.09546998739893098,-0.06720321828384382,0.4881,0.7003505976095618,False,False,-0.010127309369957265,0.2238,0.09489076977460542,-0.06596967969372222,0.5112,0.6826666666666668,False,False,0.21448604410345984,-0.140858716058528,0.7974,0.8785395206527282,False,False
Specialist food replacer OTC/disc flour additives (0913461),0.3393102808645862,0.0095160839160839,True,0.10801522755794313,0.2365111142079498,0.00086,0.028047761194029852,True,True,0.127537865712,0.014,0.08752801881435546,0.26903492513072697,0.00078,0.01404,True,True,0.10772412886606586,0.22022810759558967,0.0018,0.02896,True,True
Specialist food replacer OTC/disc flour type mixes (0913461),-0.0293392132550044,0.6062984293193717,False,0.129038874134624,-0.0868022284888252,0.5861,0.7709963459196102,False,False,-0.101047198021399,0.6505,0.08721401933824191,-0.09593229201718387,0.6797,0.8000828337874659,False,False,0.17478611921097698,-0.10427848410858905,0.6539,0.7824635761589405,False,False
Specialist food replacer OTC/disc rolls/baguettes (0913461),0.0147054197515692,0.3932047058823529,False,0.26392447440764466,-0.05710062238570332,0.4377,0.664393534785664,False,False,-0.17775472485136556,0.9337,0.20713052291665812,-0.03936347626470449,0.3838,0.5789162011173183,False,False,0.22712223574666368,0.007968327583878738,0.17,0.4480487210718636,False,False
Specialist food replacer OTC/disc savoury biscuits (0913461),-0.0335304615330902,0.8357114317425083,False,0.07319705308749747,-0.024308640107963884,0.2548,0.5049247706422019,False,False,0.004395115728353669,0.1274,0.003913539956109768,-0.02934569653670345,0.2856,0.49288361045130646,False,False,0.12009033329586605,-0.046121729408380704,0.3645,0.6539202657807308,False,False
Specialist food replacer OTC/disc sweet biscuits (0913461),0.0563027520405604,0.26071719038817,False,0.3659001683640538,-0.2367741801564071,0.9836,0.9890949720670391,False,False,-0.16847229680852682,0.9116,0.35288576513068537,-0.23214134549708593,0.9839,0.9880723226703755,False,False,0.4524044093584373,-0.13901435991514047,0.7946,0.8770173646578141,False,False
Specialist food replacer bread (0913261),-0.0221495647398081,0.620844130853111,False,0.04601033655565734,-0.11463996245040416,0.8385,0.9043315027458811,False,False,-0.07344875580425056,0.587,0.029326998933893567,-0.07870108955381924,0.7208,0.8169695697796432,False,False,0.1224758946513188,-0.14592382885879812,0.9055,0.9526936190940087,False,False
Specialist food replacer bread (0913271),0.0657597658986577,0.318527027027027,False,0.19817699887031603,0.041654411774214806,0.1208,0.3613961218836565,False,False,0.08687151812111954,0.0411,0.09723303156887664,0.08284248900222528,0.0752,0.24203571428571433,False,False,0.054732903184913306,0.06146116713455362,0.0886,0.3060575079872205,False,False
Specialist food replacer breakfast cereal (0913261),-0.0635027485886383,0.9715311143270622,False,0.03922935431519259,-0.047256157317247145,0.3724,0.6121643835616438,False,False,-0.03215996612861834,0.2859,0.0374608190327842,-0.04837150439672937,0.4099,0.6030061266167461,False,False,0.1014785046263651,-0.08977478419839041,0.6141,0.7614557979334098,False,False
Specialist food replacer cake mix (0913261),0.0437699489936781,0.333195325542571,False,0.10518848080860121,-0.05514997004749539,0.4198,0.6492360515021459,False,False,-0.02789294874391514,0.2734,0.05380198476594644,-0.007698711110337686,0.221,0.43475409836065576,False,False,0.12586663561188194,-0.03265655921586889,0.2946,0.5937985074626866,False,False
Specialist food replacer cakes (0913261),-0.0359903070733911,0.8986457680250783,False,0.04805887138337073,-0.13198587274767817,0.8881,0.9252381870781099,False,False,-0.0893513641063188,0.6799,0.02940699944626357,-0.09235102456599498,0.8052,0.8676628428927681,False,False,0.1199101159073569,-0.1563535920319957,0.9272,0.9554242135367016,False,False
Specialist food replacer confectionery (0913261),0.0967213171531071,0.1491958762886598,False,0.08893007325153368,-0.040061452136324505,0.347,0.5906382978723405,False,False,-0.026587070756729895,0.2787,0.045744935728421976,0.020351541823907183,0.1029,0.281346835443038,False,False,0.19147697619252235,-0.06660154545466916,0.4824,0.722810408921933,False,False
Specialist food replacer desserts (0913261),-0.0233917718855668,0.6601728240450846,False,0.05149085441186341,-0.12337013268428722,0.8663,0.9135461200585652,False,False,-0.07905902777353258,0.6195,0.03380587330308471,-0.08617396603388998,0.7666,0.8452557427258806,False,False,0.11793002869608282,-0.14773402237559963,0.9093,0.952989928057554,False,False
Specialist food replacer egg (0913261),-0.0644488801369496,0.9815007132667618,False,0.03665502072435123,-0.04177557387771484,0.3426,0.5874312796208531,False,False,-0.02718531209130353,0.266,0.034413994511534485,-0.045400762757216294,0.3984,0.5930696071674707,False,False,0.10523893645824733,-0.0893802369485316,0.6175,0.7632246998284733,False,False
Specialist food replacer flour type mixes (0913261),0.0007047380532464,0.4626066420664206,False,0.06608605684633073,-0.06059898999951913,0.4439,0.6697206703910614,False,False,-0.0321241397311965,0.2833,0.04323799363063385,-0.03365978970940465,0.3195,0.5224224072672218,False,False,0.0993165791527496,-0.052230296160992,0.3871,0.6703090472377903,False,False
Specialist food replacer flour type mixes (0913271),0.0702704887813437,0.2986875,False,0.2049291890079843,0.07879846514605826,0.0633,0.273456,False,False,0.11197420124480469,0.0238,0.1381364072529968,0.09707100517382408,0.06,0.21492537313432836,False,False,0.09041105717276898,0.05936118601172627,0.0908,0.3113142857142857,False,False
Specialist food replacer meat/fish (0913261),-0.027582072505933,0.7614252336448599,False,0.04898874102520678,-0.12484831313294245,0.87,0.9148977604673807,False,False,-0.08280437315138967,0.641,0.03197984450017777,-0.0868770270444143,0.7755,0.8513780487804877,False,False,0.11985234998171534,-0.155961791898418,0.9279,0.9554242135367016,False,False
Specialist food replacer milk (0913261),-0.049775291837938,0.7332227488151658,False,0.05764590928099511,-0.06264535734801706,0.4506,0.6754309507286607,False,False,-0.038269695192867284,0.2949,0.03538595057943372,-0.04820250172654164,0.3764,0.5774318181818182,False,False,0.08802795891578041,-0.06915866179419702,0.4668,0.7163796033994334,False,False
Specialist food replacer pasta (0913261),-0.0701303410427986,0.987283497884344,False,0.0365077673062848,-0.059677325677535024,0.4518,0.6757842323651453,False,False,-0.03583948728217095,0.2992,0.03461347541693838,-0.060015538373385,0.4933,0.6713366834170854,False,False,0.09290229537416961,-0.09546541911164787,0.6453,0.7774314381270904,False,False
Specialist food replacer pizza bases (0913261),-0.0253346919670089,0.7100509090909092,False,0.04566775264386769,-0.11786992532297909,0.8496,0.9094680534918276,False,False,-0.07581934305993207,0.5993,0.03120497213821194,-0.08381002825355024,0.7554,0.8380400616332819,False,False,0.11970253321242263,-0.14957592129070346,0.9137,0.952989928057554,False,False
Specialist food replacer ready meals (0913261),-0.0203259862602188,0.559609756097561,False,0.052017851523156744,-0.118802452189777,0.8518,0.9101183431952663,False,False,-0.07203532842196622,0.5775,0.035324566981125516,-0.08348638346969753,0.7514,0.835318579516212,False,False,0.1290391573394598,-0.15808151127165637,0.9288,0.9555428571428571,False,False
Specialist food replacer rice/cous cous (0913261),-0.074689517083161,0.985728813559322,False,0.03819844051719434,-0.08086245014059554,0.5807,0.7672954128440367,False,False,-0.048386978232440384,0.3468,0.03496175918320221,-0.07748178020891107,0.6141,0.759276473955352,False,False,0.07821898608144506,-0.10396492698085015,0.6845,0.7997017828200973,False,False
Specialist food replacer rolls/baguettes (0913261),-0.0230011421594687,0.6414003819223425,False,0.04185753889959787,-0.11381123308546229,0.8369,0.904263868065967,False,False,-0.07439801506785629,0.5925,0.025426969859712045,-0.07768808520757656,0.7128,0.8129081309398098,False,False,0.12092549762575566,-0.14546491039640394,0.9036,0.951157894736842,False,False
Specialist food replacer rolls/baguettes (0913271),0.0142509332229881,0.4969553956834531,False,0.14261056982802267,0.024300712819179865,0.161,0.4179807692307692,False,False,0.003938281841781155,0.1895,0.10325727096992932,0.05199793881580536,0.1234,0.31065734265734263,False,False,0.06560323864966455,0.04682720508994748,0.1049,0.3433090909090909,False,False
Specialist food replacer sauces (0913261),-0.0259409692815169,0.6731194029850747,False,0.054777651669115635,-0.13125365127858057,0.8818,0.9205838569357178,False,False,-0.08113329119284622,0.6306,0.04295887423596889,-0.10156262233768101,0.836,0.8879528949950932,False,False,0.1401161687620155,-0.18090003567582746,0.96,0.9694249649368863,False,False
Specialist food replacer savoury biscuits (0913261),-0.0470147269222705,0.9847840909090908,False,0.03757602929593584,-0.0031283185599072336,0.1344,0.3770181818181818,False,False,-0.006425517509637835,0.1658,0.03631909137732203,-0.005820867556702878,0.1477,0.34588082340195014,False,False,0.13853660950686453,-0.07790184950217345,0.5653,0.7334405762304922,False,False
Specialist food replacer savoury snacks (0913261),0.1417170216829373,0.1461616628175519,False,0.11414363517431547,-0.00942070372612043,0.2037,0.465107822410148,False,False,0.000717077383502327,0.1605,0.05271504664943438,0.06202347038025827,0.0724,0.23691376701966715,False,False,0.20681257879039128,-0.028590333784759444,0.2797,0.5785347288296859,False,False
Specialist food replacer soup (0913261),-0.0237310193559357,0.6601728240450846,False,0.04851324424871495,-0.11851118023870783,0.8483,0.9092142857142858,False,False,-0.07540900112270695,0.5969,0.03309431022362408,-0.08264813658353597,0.7416,0.8308381742738589,False,False,0.12253756526812054,-0.15203112558822227,0.9193,0.952989928057554,False,False
Specialist food replacer spreads (0913261),-0.0187734418337589,0.5178558432470259,False,0.053178343413667895,-0.12109538693697479,0.8608,0.9127776141384388,False,False,-0.07931318479217046,0.62,0.0353174388648263,-0.08215749468956951,0.7456,0.8325534331440373,False,False,0.12072958886598784,-0.14843465923405974,0.9119,0.952989928057554,False,False
Specialist food replacer sweet biscuits (0913261),-0.0262572699348409,0.7265220500595948,False,0.0454179104675676,-0.11933726640718838,0.8559,0.911160177427304,False,False,-0.07894893794412657,0.6178,0.028590717532716026,-0.08225043771054043,0.7458,0.8325534331440373,False,False,0.11848905141523824,-0.1488143464987085,0.9111,0.952989928057554,False,False
Spironolactone,0.1912694562693619,0.0664773375594294,False,0.21191068224190834,0.031755046747668526,0.1459,0.3969068010075567,False,False,0.050683142400164326,0.082,0.18991850806599653,0.0485566034744297,0.1335,0.324,False,False,0.19735539120063528,0.028117650561285748,0.1497,0.4145538461538461,False,False
Spironolactone with loop diuretics,0.1436623132488861,0.1296778846153846,False,0.27722039656455777,-0.07033080559547156,0.5168,0.7213953488372093,False,False,-0.16541142060282374,0.9002,0.23192383725953325,-0.03511607610899616,0.3967,0.5913540372670807,False,False,0.2703988269827793,-0.07136860686049327,0.5034,0.722810408921933,False,False
Squill,0.359430280912198,0.0064975609756097,True,0.6618503248805385,0.061461145223705264,0.0859,0.3061782178217822,False,False,0.07524955724738902,0.0492,0.527874201134158,0.1378324248736639,0.02425,0.12111963048498846,True,False,0.5867540472856165,0.15170318761679058,0.0116,0.0941954887218045,True,False
Ster larvae,0.1555878452675244,0.1106545924967658,False,0.14213150730771662,0.09898256186967795,0.04137,0.21853496332518335,True,False,0.1252512655776713,0.0158,0.13928706014207104,0.11328490421731542,0.04094,0.1691655831739962,True,False,0.1678288441747623,0.07603406690412859,0.0619,0.24714232902033267,False,False
Sterculia,0.1731488296254772,0.083367335243553,False,0.1832487336253804,0.046535328228841794,0.106,0.33720176730486007,False,False,-0.04677967959037787,0.3825,0.13996847895065923,0.073108099626942,0.0764,0.24346285714285715,False,False,0.21455035986804294,0.07384196088303098,0.0505,0.21600000000000003,False,False
Sterile water,0.0806610528427594,0.1724723726977248,False,0.05340612937071709,0.010846994466385786,0.1283,0.371566265060241,False,False,0.01978892865187856,0.1046,0.025895091249910296,0.014825472303482504,0.1362,0.32833928571428567,False,False,0.11453873162415606,-0.06050950509782158,0.4378,0.6968306332842414,False,False
Stiripentol,0.3721933926794624,0.0028327868852459,True,0.2954265473653125,0.015823786709136426,0.1912,0.45258269441401966,False,False,0.017283424125235612,0.1529,0.22351879121237106,0.17832432630133693,0.01074,0.0734126582278481,True,False,0.2646208941098195,0.0685771595859299,0.0764,0.27875675675675676,False,False
Stockinette,0.2092408351917445,0.0522121621621621,False,0.21843055727237415,-0.01390160187388624,0.2665,0.5181278127812781,False,False,-0.04047488845218323,0.3472,0.19042733474706708,0.03787505522841412,0.1421,0.33715916575192095,False,False,0.17485154244638768,0.07707234522337017,0.0545,0.2280926640926641,False,False
Stoma Caps/Dressings,-0.0954559875854068,0.987283497884344,False,0.026507385171373632,-0.06234233327330079,0.4717,0.6899839142091154,False,False,-0.038245249611198746,0.3234,0.023709124832476447,-0.0679053447955989,0.5447,0.7070624999999999,False,False,0.08314657531520941,-0.047988868753212816,0.348,0.6397276595744681,False,False
Strontium ranelate,0.0863282673584943,0.2451671388101983,False,0.1483927551634785,-0.09814099765617094,0.6483,0.8044480183802412,False,False,-0.03914316923621327,0.3449,0.013115590687635015,0.06159664141514708,0.0982,0.273340206185567,False,False,0.11472109915131701,-0.01860498137746339,0.2719,0.5713073929961089,False,False
Sucralfate,0.0979672201132794,0.2195894428152492,False,0.38136202964056365,-0.02726301082246042,0.3309,0.5767548387096775,False,False,-0.02317438995029148,0.2941,0.35325516494079057,0.024003876481784946,0.1934,0.40755512195121946,False,False,0.4303370188829372,-0.04322542800426557,0.3796,0.6638388396454473,False,False
Sucrase,-0.0672499609829219,0.863180931744312,False,0.02317398729614839,-0.04961373324755458,0.3786,0.6184489795918368,False,False,-0.0568677655433244,0.4173,0.010230278546423666,-0.055926967942574915,0.4228,0.6153962264150944,False,False,0.01665369442651987,-0.06432207987641948,0.4334,0.6934063656550703,False,False
Sucroferric oxyhydroxide,0.0639196168216985,0.2776868327402135,False,0.21238676688157987,-0.03221483034916771,0.3387,0.5848057553956835,False,False,-0.0007504045597173427,0.1936,0.1821911469652936,-0.029165343093161697,0.3553,0.5603386861313868,False,False,0.372485089358899,0.036153235072651044,0.1324,0.38950339213025775,False,False
Sulfadiazine,0.3080766368162662,0.0140431486880466,True,0.1832924821051195,0.13128557719060252,0.01949,0.144172602739726,True,False,0.14763857116866372,0.0106,0.09779719115540098,0.22420160655330273,0.0034,0.03582439024390244,True,True,0.2131734944299677,0.0824308913757655,0.04775,0.2083790322580645,True,False
Sulfapyridine,-0.05611594372263,0.7562529274004682,False,0.14902030350682993,-0.14530883202057607,0.8347,0.9028302453680521,False,False,-0.16657972426278508,0.9125,0.10370423622392855,-0.13911796366271795,0.8459,0.8921556420233463,False,False,0.19263733593878418,-0.0447715861411148,0.3674,0.6558480594549959,False,False
Sulfasalazine,0.2592012465439023,0.0211924528301886,True,0.3729539495157962,0.09647904197867356,0.04369,0.22415771971496437,True,False,0.22483899229846244,0.001,0.34105874732253305,0.10508783397623854,0.0511,0.19409684210526315,False,False,0.3445837522495171,0.1310503151345545,0.01995,0.12749112426035503,True,False
Sulfinpyrazone,-0.0563790651683228,0.7673286713286714,False,0.17970247311067977,-0.12353173989649484,0.7878,0.8704081841432224,False,False,-0.043852643884930625,0.368,0.17853539291728726,-0.13477478206363028,0.8614,0.9021114881240911,False,False,0.22051600016184958,-0.11026176303153666,0.6912,0.8039806138933765,False,False
Sulfur,0.1560399872663558,0.1055264980026631,False,0.16129909295671818,0.03108615101539255,0.1342,0.3769466840052016,False,False,0.06347784263191202,0.0588,0.09088884377959816,0.03635935433872628,0.1438,0.33983369803063457,False,False,0.1721665766491174,-0.012831379008661048,0.2474,0.5408744939271255,False,False
Sulindac,0.11697639696435,0.1740129589632829,False,0.20319585615991076,-0.10438514949540564,0.6643,0.8087582725743129,False,False,-0.10917228632192573,0.6892,0.1904808487190327,-0.05900607887228197,0.5014,0.6756232064878352,False,False,0.28847473494779297,-0.1029497525884929,0.6429,0.7770201342281878,False,False
Sulpiride,0.1410650219432776,0.1335552913198573,False,0.4558016629276318,-0.10261209763142415,0.6706,0.8091256281407035,False,False,-0.15324719996967529,0.872,0.4475695453784062,-0.0848937379560392,0.6145,0.7593363844393594,False,False,0.41379791239675723,-0.06371845197249613,0.4678,0.7163796033994334,False,False
Sultiame,-0.0357681931578347,0.6679924953095684,False,0.1816001263611401,-0.08669436485854058,0.5962,0.7795351089588377,False,False,-0.1476372472993589,0.8544,0.09142013595331677,-0.09422664042469682,0.663,0.7918011049723757,False,False,0.07610937061396394,-0.10885440207170874,0.682,0.7997017828200973,False,False
Sumatriptan succinate,0.0911343967068028,0.2436398104265402,False,0.1620203565446624,-0.014143384702269196,0.2831,0.53312641673932,False,False,-0.15337807717687507,0.8723,0.1529776377226566,0.007195176262207639,0.247,0.4595348837209302,False,False,0.21757493810431772,-7.067823108536723e-05,0.2215,0.51971335504886,False,False
Sumatriptan succinate/Naproxen sodium,0.0198176501602316,0.4818100072516316,False,0.09448220878197655,-0.050820863546229764,0.4263,0.6533617021276595,False,False,-0.03845852117695627,0.3466,0.08870916235524495,-0.07144258869000822,0.5542,0.7085822485207101,False,False,0.1195567086295043,-0.0972128978727335,0.618,0.7632246998284733,False,False
Surgical Adhesive Tape,0.1272951886451537,0.1444200700116686,False,0.16673577716421006,-0.04456619403370129,0.4029,0.635229197080292,False,False,-0.07234610165699855,0.5164,0.1459691486165572,-0.020513907658984216,0.3328,0.5356542473919523,False,False,0.14532804501417662,0.04296158079746246,0.1077,0.3492972972972973,False,False
Surgical Sutures,0.0976571321694311,0.2089285714285714,False,0.2529678303945635,0.127426215838096,0.01829,0.14089964412811387,True,False,0.09833126986539845,0.028,0.15664360594469906,0.17056703634476714,0.00962,0.07018181818181819,True,False,0.21767074704799128,0.10378875127817593,0.03033,0.15848674698795182,True,False
Suspensory Systems,-0.0233690364054878,0.5731084337349397,False,0.08334602476014985,-0.04887370538488214,0.3905,0.6258872403560831,False,False,0.01102302501411413,0.1552,0.02513100646163846,-0.03686298948159593,0.3492,0.5533910491562729,False,False,0.11055845970783307,-0.044522915824302255,0.3542,0.644,False,False
Swabs,-0.1190552076962053,0.9618014527845036,False,0.12852656259512485,-0.09979210498767097,0.675,0.81,False,False,-0.04882290384367954,0.3948,0.05244240904871733,-0.14324099499901838,0.8734,0.9083023591718825,False,False,0.17944759122403164,-0.07148965971904273,0.5073,0.722810408921933,False,False
T/F fortifier non ACBS 0.9kcal/ml h/prot plant based liquid,-0.0202687015923582,0.561395537525355,False,0.032926004749418314,0.006659660378159062,0.0955,0.320160741885626,False,False,0.004260579792529579,0.119,0.030370156429918693,0.008797584458880759,0.0795,0.2438019801980198,False,False,0.14511487312597082,-0.062270201584849735,0.4631,0.7153747323340471,False,False
Tablet 73g protein equivalent per 100g (0913206),-0.0478624526921684,0.6773813664596273,False,0.06845927009961728,-0.07712880127543204,0.5404,0.7359496538703587,False,False,-0.08823036605441205,0.5996,0.06472346721431821,-0.07231150523632379,0.5533,0.70843390634262,False,False,0.06194194030942968,-0.08023958107844141,0.5297,0.722810408921933,False,False
Tablet OTC probiotic (0913531),-0.0031758581128552,0.5025053686471009,False,0.09742493772452032,-0.020602030795480026,0.2687,0.5204516129032257,False,False,-0.04654808044826635,0.3688,0.05868289351999734,-0.05565079693516894,0.4421,0.6294897824653922,False,False,0.16846724268328717,-0.06317828451824303,0.4475,0.7034934497816594,False,False
Tablets 56g protein equivalent per 100g (0913205),-0.0382805252356372,0.9326105054509416,False,0.03854577306111007,0.005208412526143958,0.1001,0.328595744680851,False,False,-0.0013567227191738555,0.1439,0.037149993176267326,0.0020113135799198273,0.1025,0.2809644670050761,False,False,0.15099612865390455,-0.07723047591222904,0.5592,0.7317097944377268,False,False
Tablets 62g protein equivalent per 100g (0913205),-0.0359396651975749,0.7657036172695451,False,0.06900640718173068,-0.15055574820247122,0.919,0.9457074797522631,False,False,-0.10617162254649565,0.7432,0.057249080752263426,-0.12623204544811423,0.9068,0.9341459227467811,False,False,0.11475549267152929,-0.15549194379032222,0.9252,0.9552734225621415,False,False
Tablets 71g protein equivalent per 100g (0913205),-0.0021536701622317,0.3642387096774193,False,0.058439336629758865,-0.11480646610150447,0.8262,0.8972307692307693,False,False,-0.06753566074859384,0.5454,0.04066705021117145,-0.07495250847113036,0.67,0.7940131578947368,False,False,0.16595403163286016,-0.1650749661321875,0.9389,0.9593301797540208,False,False
Tablets OTC glucose for diabetic hypo treatment (0913541),0.0052517616323189,0.5319805690492713,False,0.0881215461015945,0.004407947055550451,0.2176,0.47407228915662647,False,False,0.013875556359466109,0.1617,0.0792558870480623,-0.023194890436027668,0.3379,0.5406399999999999,False,False,0.12464885115784141,-0.026541987039244066,0.313,0.6123913043478261,False,False
Tablets/capsules micronutrient supplement (0913282),0.1328411391322402,0.1577993235625704,False,0.13920598964929398,0.19543835010185515,0.00399,0.06069295774647887,True,False,0.2526706055349373,0.0001,0.13210067825325122,0.21503566232733032,0.00439,0.04349724770642202,True,True,0.20725816035432876,0.12059845665908087,0.02514,0.14215287958115183,True,False
Tablets/capsules micronutrient supplement (0913284),-0.0378423855822736,0.8989478079331942,False,0.0277514197255031,0.0016591859826577218,0.1172,0.35307112970711296,False,False,0.0013072972184066025,0.1342,0.02704350063697436,0.00188266714049234,0.1106,0.29204889975550125,False,False,0.12517170465632488,-0.06378910352878568,0.4759,0.719899721448468,False,False
Tabs/Caps OTC cond specific vitamin & mineral supp (0913471),0.1910079235099468,0.0485525483304042,True,0.23453807744787958,0.10250965978744403,0.02342,0.15955471698113208,True,False,0.17589117935973064,0.0024,0.17705217877825274,0.1902098703942484,0.00502,0.04816991150442478,True,True,0.27874630727071237,0.11065379899543171,0.01814,0.12093333333333334,True,False
Tabs/Caps OTC cond specific vitamin & mineral supp (0913472),-0.057876891798163,0.9111133603238868,False,0.07016334970068772,-0.06327558130742011,0.4935,0.7040686922060766,False,False,-0.06847962567629239,0.5108,0.059318724470431405,-0.08904169868620851,0.7304,0.8237536534446764,False,False,0.17963378854791756,-0.1053403312235259,0.7168,0.8253134328358209,False,False
Tabs/Caps OTC cond specific vitamin & mineral supp (0913473),0.5894426716969513,0.0003176470588235,True,0.42856878581734725,0.04322865197664024,0.1155,0.35100000000000003,False,False,0.060213326477545216,0.0645,0.08884722666223255,0.4536597854187768,1e-05,0.0018000000000000002,True,True,0.4083538035556453,0.1472318029515094,0.01352,0.1050474820143885,True,False
Tacalcitol,0.1129318342423707,0.0896460674157303,False,0.11531534981826375,0.02459604082487269,0.1039,0.3339642857142857,False,False,0.002572117182074215,0.1752,0.11063808938911113,0.039053256939703324,0.0822,0.2483244755244755,False,False,0.15640554679439345,-0.028235671790861405,0.281,0.5785347288296859,False,False
Tacrolimus,0.3273377091860808,0.0054237885462555,True,0.6729434573132203,-0.039940216940876884,0.3756,0.6155508345978755,False,False,-0.025146052384858238,0.2876,0.5735902458768682,-0.012437521721140418,0.3128,0.5169456771231828,False,False,0.6691669333192471,-0.03500649099469148,0.3471,0.639161125319693,False,False
Tadalafil,0.3652484659244677,0.0027447513812154,True,0.32905072306039396,0.0757710036091693,0.0632,0.273456,False,False,0.08399163210038657,0.0393,0.19547122991632926,0.15870363803607454,0.01601,0.09371707317073172,True,False,0.3478651823283312,0.004651284906742792,0.2056,0.5012370203160271,False,False
Tadalafil (Vasodilator Antihypertensive),-0.0113035964106641,0.4129853281853281,False,0.17326581943007868,-0.028108067550523003,0.3044,0.5529890664423885,False,False,-0.13104268394630575,0.8048,0.13171567759830938,-0.040726471338126666,0.4083,0.6019986348122867,False,False,0.16316715121479475,-0.0380909341109235,0.3301,0.6297785588752197,False,False
Tafamidis,-0.0181184668989547,0.5163631245601689,False,0.12676254747996862,-0.08683638751039405,0.6676,0.8087582725743129,False,False,-0.1437942972003226,0.8515,0.0942419143691482,-0.058245605040396144,0.5507,0.7072009512485137,False,False,0.17723113066975937,-0.16020630172289596,0.9199,0.952989928057554,False,False
Tafluprost,0.4906136318348789,0.0003176470588235,True,0.21874139624002886,0.3363033639545017,5e-05,0.008307692307692308,True,True,0.15614208373697389,0.0089,0.1996377180691178,0.41563078128297115,1e-05,0.0018000000000000002,True,True,0.25418696039818856,0.3336305837564817,7e-05,0.00576,True,True
Tafluprost and timolol,0.2466071496484281,0.0330558704453441,True,0.06688642375119536,0.18665721452820772,0.00491,0.06739746835443039,True,False,0.09568071420935695,0.0305,0.036054595694299585,0.24475347689885965,0.0022,0.027000000000000003,True,True,0.12145367134753682,0.1252840633022528,0.0197,0.12749112426035503,True,False
Tamoxifen citrate,0.2599033737942176,0.0225931034482758,True,0.3887236176262079,0.017686368800865142,0.1831,0.44409406494960807,False,False,-0.010361951632118132,0.2287,0.31745705159832416,0.015039942506220266,0.2119,0.42736134453781516,False,False,0.3689508539872063,0.07752237626773215,0.0573,0.23530038022813685,False,False
Tamsulosin and dutasteride hydrochloride,-0.0601415902282866,0.7922465753424657,False,0.09729817400115304,-0.05251455131989912,0.4361,0.6637974683544303,False,False,0.019997160573297857,0.1284,0.048103618036583584,-0.0519065512673563,0.4652,0.6482787096774193,False,False,0.1999694991576465,-0.14406169798561647,0.8437,0.9057614314115309,False,False
Tamsulosin hydrochloride,0.3175543161632234,0.0084272727272727,True,0.6762790064716709,0.10773224905419686,0.03493,0.19795300261096607,True,False,0.08286040696271195,0.0422,0.5681223897693892,0.2428654484316295,0.00204,0.02559537572254335,True,True,0.5632672682777626,0.24392296681690506,0.00083,0.019277419354838708,True,True
Tapentadol,0.2191314324317048,0.0499640138408304,True,0.05446298332044153,0.10017668601198508,0.04261,0.22177734939759036,True,False,0.0903325863975978,0.0376,0.014954560181184018,0.1966899983189125,0.00772,0.06153210332103321,True,False,0.13070040917524006,0.05916166197214085,0.092,0.3134384858044164,False,False
Tapentadol hydrochloride,0.1958601509958338,0.0690865116279069,False,0.055310877324080465,0.07568217395768555,0.0694,0.28498859315589353,False,False,0.07737783118138991,0.0484,0.010645263267086036,0.17766136626814916,0.01176,0.07768073394495412,True,False,0.15241148556209205,0.033864657215014166,0.1349,0.3921722745625841,False,False
Tapentadol phosphate,0.2263898580308629,0.0417227356746765,True,0.13565683060801614,0.14705110531304968,0.01451,0.1210100386100386,True,False,0.14679369690954305,0.011,0.0819510152824744,0.19207046403289293,0.00839,0.06426382978723404,True,False,0.11737311512272042,0.162649452334783,0.00991,0.08596626506024097,True,False
Tapentadol phosphate (old),0.3294719012982195,0.0128925,True,0.2202193716443286,0.10522931487177332,0.0351,0.19795300261096607,True,False,0.07011086904403402,0.0529,0.19341743865415428,0.1601044875261735,0.016,0.09371707317073172,True,False,0.2671605312865719,0.1373830891905832,0.0162,0.11602084690553746,True,False
Tars,0.2239783721007612,0.0378830769230769,True,0.35267125377178665,0.1189623541474976,0.02582,0.1669796407185629,True,False,0.09954497546001048,0.0279,0.3124365808243392,0.14515820000571567,0.01874,0.10379076923076923,True,False,0.3257907109448678,0.16215456363415415,0.00925,0.08343000000000002,True,False
Taurine,0.3250802432713634,0.0158361185983827,True,0.10155332955922247,0.16139462299055143,0.01485,0.12229049429657794,True,False,0.23802193473990144,0.0009,0.06075925975143026,0.22263608043729807,0.00748,0.06006245353159852,True,False,0.0919938801450283,0.17902107039613724,0.00935,0.08380082987551868,True,False
Tazarotene,0.3272937737453029,0.010727027027027,True,0.5505607139324615,-0.05628864735044975,0.4624,0.6836303901437372,False,False,-0.12146565242132867,0.7506,0.5382786770300969,-0.0465772097445528,0.4449,0.631810650887574,False,False,0.5853796703827798,0.004067745664104161,0.209,0.5044022346368715,False,False
Teicoplanin,-0.0372115564910825,0.8989875,False,0.008355361285511287,-0.021212220837921382,0.2068,0.467435736677116,False,False,-0.03546001825653875,0.331,0.005207922405357501,-0.036230013575268935,0.3793,0.578376404494382,False,False,0.07565533230800914,-0.09105250638246187,0.6853,0.7997017828200973,False,False
Telmisartan,0.0852842258656978,0.2483694627709707,False,0.14419376047319443,0.005120766077092091,0.2173,0.47407228915662647,False,False,-0.08803671897745945,0.5836,0.10496094564878744,-0.03326825045050681,0.3847,0.5794644351464435,False,False,0.1435874960914757,-0.026687267734401617,0.3099,0.6101950774840474,False,False
Telmisartan with diuretic,0.2690885080788606,0.0175431472081218,True,0.367933992407542,0.04655773049876373,0.1107,0.34621714285714283,False,False,0.040050335909019776,0.0958,0.19700788843479777,0.10753874047975975,0.04511,0.18042587800369686,True,False,0.31654566368735915,0.07632380991277089,0.0598,0.2414355140186916,False,False
Telotristat ethyl,0.1313248322522042,0.180794952681388,False,0.010532872325606735,0.14419831854201975,0.02423,0.1611692307692308,True,False,0.2114889583274187,0.0056,0.0031772279693260685,0.13693362455185498,0.03242,0.14931172707889123,True,False,0.07623874533920283,0.06070938929314912,0.0596,0.24107865168539325,False,False
Temazepam,0.0388203613171486,0.4177107692307692,False,0.19226480605724294,-0.01974051425555404,0.3016,0.5501164556962026,False,False,-0.02842888567226043,0.3062,0.18100996565577843,-0.0311152763417882,0.3813,0.578376404494382,False,False,0.3334968776645312,-0.03253628533446834,0.3395,0.6352831168831169,False,False
Temocillin sodium,-0.0854412222247604,0.9121090909090908,False,0.02094479097538271,-0.09702581856759318,0.6283,0.7920420070011668,False,False,-0.07095101098647617,0.4707,0.007927167178641947,-0.08639346118409001,0.5981,0.74805790387956,False,False,0.025430423628751475,-0.11119411946206151,0.6909,0.8039806138933765,False,False
Temoporfin,-0.0132113821138211,0.2776868327402135,False,0.16981506926360612,-0.06567840285070178,0.5335,0.7307292327203551,False,False,-0.03919725785778575,0.3653,0.16196392285412486,-0.08470396475372989,0.705,0.8090847457627119,False,False,0.2719895187706187,-0.049968359210280505,0.3935,0.6711854775059194,False,False
Temozolomide,0.1254662022370835,0.1481284403669724,False,0.07696933798569727,0.026060050746244946,0.1413,0.3883053435114504,False,False,0.06659467322082686,0.0559,0.06641780225047511,0.01907179231863575,0.167,0.37370010341261634,False,False,0.2956299342284364,-0.0014965722707322108,0.2108,0.5071199999999999,False,False
Tenofovir alafenamide,-0.0160546583597494,0.5106571834992887,False,0.18419414329955563,-0.07252187032424019,0.5107,0.7186397394136809,False,False,-0.09675048287078784,0.6407,0.11385890953181721,-0.10678114140933388,0.7283,0.8222445141065831,False,False,0.1756798373371089,-0.10420054022023575,0.6563,0.7824635761589405,False,False
Tenofovir disoproxil,0.0751934593771202,0.268029197080292,False,0.09105677417811109,0.13592418123420044,0.01946,0.144172602739726,True,False,0.10935317271130977,0.0262,0.02869600486030144,0.09978483050020744,0.0523,0.19646608695652173,False,False,0.31121481874417223,0.14199730756822296,0.01476,0.11059793814432989,True,False
Tenoxicam,-0.0206984660727726,0.6206353697749196,False,0.03493053787704359,-0.008807304539192479,0.2453,0.49558878504672893,False,False,-0.05545717357203906,0.4139,0.01452396437289416,-0.003765945589580739,0.2575,0.4681818181818182,False,False,0.10400567163942687,0.010856622026832555,0.1648,0.4391911220715166,False,False
Terazosin hydrochloride,0.0804441569557062,0.2671838975297346,False,0.4023522918399761,-0.018757074594889053,0.3081,0.5555058430717863,False,False,-0.022592114320158965,0.2877,0.34920482216847226,-0.042641477858283386,0.4304,0.6210180360721442,False,False,0.39573557209047006,-0.043281977263761956,0.3802,0.6638388396454473,False,False
Terbinafine hydrochloride,0.2097643319844631,0.0511150684931506,False,0.4244371860081566,0.10719978481728411,0.03491,0.19795300261096607,True,False,0.05661506735159948,0.0744,0.17082971756285847,0.19710814823365383,0.00617,0.05373870967741935,True,False,0.3582084274742693,0.19465013688107738,0.00411,0.04798702702702702,True,True
Terbutaline sulphate,0.6062356022816163,0.0003176470588235,True,0.4159431892235397,0.2294552042411055,0.00134,0.03445714285714286,True,True,0.23880295110881167,0.0004,0.30453423379869116,0.31477965528255586,0.00012,0.004984615384615384,True,True,0.3986458620504937,0.2158370616853871,0.00236,0.03421208053691275,True,True
Teriflunomide,-0.034445959611677,0.6444433185560482,False,0.018159321354859204,-0.05314352058279731,0.4249,0.6527624466571835,False,False,-0.018571109511632867,0.2352,0.0062267160969047275,-0.0575521719486342,0.5029,0.6768000000000001,False,False,0.023119430161696486,-0.053394736134649665,0.3822,0.6641609010458568,False,False
Teriparatide,0.1740871452978104,0.0939779005524862,False,0.21197227014168774,0.02100656142177188,0.1569,0.4138243902439024,False,False,-0.05421026034219475,0.4068,0.18271687773706657,0.030976465740512465,0.1565,0.3576505263157894,False,False,0.22073942491677834,0.008903645254883102,0.179,0.46304191616766466,False,False
Testosterone,0.3836471384162115,0.0016054054054054,True,0.3163416038579099,0.22108686124575777,0.00197,0.04213069306930693,True,True,0.14284532938069303,0.0112,0.2582727028573235,0.31068802303895254,0.00026,0.0073894736842105265,True,True,0.3581420425286811,0.2333396070246131,0.00148,0.02664,True,True
Testosterone enantate,-0.0014436331067753,0.5620958811613774,False,0.11552769123550422,-0.057091207036144946,0.4636,0.684122866894198,False,False,-0.0584074670447717,0.4402,0.10272605748161501,-0.07448642238508525,0.5726,0.7249800703399766,False,False,0.16001858833637084,-0.04688186968338896,0.4024,0.6792187500000001,False,False
Testosterone esters,0.2111609039074303,0.0486568421052631,True,0.28192488684740813,0.1537195022183439,0.01228,0.10915555555555555,True,False,0.14477723944836118,0.0088,0.27685378009527306,0.17608505336520186,0.01073,0.0734126582278481,True,False,0.31183484904458847,0.19991932163264212,0.00358,0.04469826589595375,True,True
Testosterone propionate,0.2310498544476033,0.0423692307692307,True,0.39069431897511675,-0.10733981685930312,0.685,0.8161059018201876,False,False,-0.11803137915817971,0.7293,0.34947134460254203,-0.051904951122066306,0.468,0.650920798454604,False,False,0.44545108427955304,-0.08026245342134275,0.5291,0.722810408921933,False,False
Testosterone undecanoate,0.3646166908411051,0.004530731707317,True,0.28213124274102086,0.21274768444419603,0.00241,0.04606725663716814,True,True,0.11438478903922968,0.0185,0.1633837491766208,0.3497679146841865,0.00012,0.004984615384615384,True,True,0.21750030527341846,0.23924237646727242,0.00113,0.023469230769230767,True,True
Tetanus immunoglobulin,-0.020609889761166,0.6034082840236686,False,0.01605137225440101,-0.05987689784357239,0.4535,0.6766408839779006,False,False,-0.10472842663654658,0.681,0.01272912925575409,-0.04169931368313066,0.3991,0.5934425326909842,False,False,0.11633689920846368,0.0075949119166935615,0.1809,0.4646183115338883,False,False
Tetrabenazine,0.2903008920563937,0.0103240677966101,True,0.18004992520704644,0.2373927452962547,0.00096,0.0292056338028169,True,True,0.13728798088248556,0.0109,0.12089160671253385,0.26659888730281134,0.00066,0.013078899082568807,True,True,0.32036637402371204,0.07833717875039195,0.0566,0.23375908221797323,False,False
Tetracaine,-0.0586226591507146,0.811562110039705,False,0.04213893647481293,-0.10551530698055339,0.7168,0.8288264815803524,False,False,-0.07390712096278858,0.5399,0.014314924681765095,-0.07593680858568189,0.5917,0.7413410672853828,False,False,0.11766867531471625,-0.1440942271592514,0.8472,0.9077142857142857,False,False
Tetracaine hydrochloride,-0.0445591940677882,0.7858037865748709,False,0.10949234729015545,-0.09610680845702868,0.6945,0.8204934497816594,False,False,-0.058447883752342465,0.4658,0.09737866734265577,-0.07834389178596848,0.6286,0.7705879682179342,False,False,0.17256066778843138,-0.09217278169517296,0.6203,0.7648464163822526,False,False
Tetracosactide,0.1206297554054791,0.1700881057268722,False,0.2696464502196698,-0.0060526722476812195,0.2569,0.5076889295516925,False,False,0.013116674437321172,0.1644,0.26709335171985693,-0.019362213504237294,0.3391,0.5409571639586411,False,False,0.2731917660422626,-0.02720888872091821,0.3223,0.6215785714285713,False,False
Tetracycline,0.1660587449007309,0.090472625698324,False,0.24220730876587138,0.0043544525096823545,0.2183,0.47407228915662647,False,False,-0.036160476453675976,0.3356,0.1399001872276059,0.08408798537373803,0.0725,0.23691376701966715,False,False,0.31660071606082885,-0.007930841657034234,0.241,0.5355555555555555,False,False
Tezacaftor/ivacaftor,0.3883958730969196,0.0134589665653495,True,0.08340281382368653,0.23008991186074632,0.00323,0.053667692307692305,True,False,0.048282448569989984,0.0737,0.06143149989609187,0.28839848821885816,0.00248,0.028342857142857142,True,True,0.08032788284300973,0.25580689919478666,0.00241,0.03447417218543046,True,True
Thalidomide (Antileprotic),-0.0136469221835075,0.3686124401913875,False,0.055720505178305846,0.0128120953328173,0.0757,0.2972945454545455,False,False,0.011068821147216388,0.0977,0.0309361641524023,-0.003014887018630829,0.1136,0.2952779783393502,False,False,0.11314013402933787,-0.01756962024171501,0.1891,0.47494883720930225,False,False
Thalidomide (Immunomodulating),0.0596354254012734,0.3027708154506437,False,0.09040895505125168,0.026947178566202407,0.1427,0.39115736040609134,False,False,0.08832992203140373,0.0404,0.06951004861925247,0.02193544686051225,0.1785,0.3867201604814443,False,False,0.14351810237365203,-0.007356896923803143,0.2323,0.529109243697479,False,False
Theophylline,0.1729099702929744,0.0853001414427157,False,0.2943340745892977,0.03587342089062976,0.1335,0.37575,False,False,0.08145371212919594,0.0409,0.230419392167045,-0.003003399714788952,0.2681,0.47837489677952105,False,False,0.3354422146228163,-0.0376873263741457,0.3517,0.6416148648648649,False,False
Thiamine hydrochloride,0.1859936108841219,0.0745151424287856,False,0.6017067504085633,0.08511845524685864,0.0577,0.2601920668058455,False,False,0.14324815328921664,0.0097,0.40485870453153594,0.18662428548856191,0.00871,0.06532500000000001,True,False,0.441426353446303,0.052954882012683606,0.0997,0.33080184331797235,False,False
Thioridazine,0.0593357811612072,0.1530921501706484,False,0.10542459058700215,0.00864038219212951,0.1308,0.3736062992125984,False,False,-0.015529255542628033,0.2277,0.09363108738260617,0.0363928025579494,0.0645,0.22534615384615386,False,False,0.11679273699361103,-0.008899239449989162,0.1695,0.4480487210718636,False,False
Thyrotropin alfa,0.0191492635130284,0.2602820037105751,False,0.01736895327939625,0.003989537988909063,0.1236,0.36440816326530606,False,False,0.007712485488739424,0.1226,0.009559596914834212,0.03073191634110919,0.0723,0.23691376701966715,False,False,0.03929816192809554,0.03799490851482785,0.051,0.21770750988142293,False,False
Tiagabine,0.1240423443116316,0.1630872483221476,False,0.02394291782188296,0.09138937490865895,0.0521,0.24658823529411764,False,False,-0.026434988643094744,0.2877,0.008247819124387767,0.10536567539403192,0.0506,0.19409684210526315,False,False,0.07171921740334519,0.04360232733035916,0.1071,0.34892307692307695,False,False
Tiaprofenic acid,-0.0089962888866811,0.5875774086378738,False,0.23213485603387762,-0.016624975777268604,0.2956,0.5454415029888984,False,False,-0.11753087470868279,0.7233,0.09683480508852427,-0.047547083887462815,0.4516,0.6359298245614036,False,False,0.18028869127683633,-0.0546721675555533,0.4274,0.6912645739910314,False,False
Tibolone,0.3425551916702172,0.0064975609756097,True,0.302451321839704,0.2615993240655629,0.00052,0.022015384615384617,True,True,0.17125696203346005,0.0057,0.1705616082525434,0.3578996095950006,3e-05,0.002492307692307692,True,True,0.19089615295252826,0.29215894011411714,0.00018,0.00845217391304348,True,True
Ticagrelor,0.3344810836135253,0.004776923076923,True,0.11647041394625812,0.24434060601369087,0.0009,0.02808,True,True,0.28087611331392087,0.0004,0.06510174674702662,0.3103894685604714,0.00018,0.006171428571428572,True,True,0.20024516946295157,0.2185758481671194,0.00225,0.03320816326530612,True,True
Tick-borne encephalitis vaccine,-0.1689475737795916,0.986891294117647,False,0.09706323429079944,-0.17563736971559346,0.9148,0.9431828162291169,False,False,-0.12121849173763687,0.7551,0.05285705111594641,-0.17885926058570967,0.9346,0.9528872109485605,False,False,0.08681848947362025,-0.1782859220631887,0.9088,0.952989928057554,False,False
Ticlopidine hydrochloride,-0.0227932636469222,0.6507238335435057,False,0.17793436857864586,-0.1506470760447443,0.9028,0.9334839636189565,False,False,-0.17256021422317944,0.9134,0.13666615733921195,-0.11771628037045334,0.8492,0.8921556420233463,False,False,0.23029099787914054,-0.09398273757788882,0.6556,0.7824635761589405,False,False
Tigecycline,-0.0402394006014268,0.9069989658738368,False,0.07363219633646145,-0.03335900981433378,0.3108,0.5589741881765197,False,False,-0.03285863973204861,0.3211,0.07196940105414984,-0.02831618238673216,0.3178,0.52098937784522,False,False,0.10257200518786191,-0.05311896008960574,0.4025,0.6792187500000001,False,False
Tildrakizumab,-0.0550246750971379,0.8476309719934102,False,0.09918746781621013,-0.14899621166677784,0.8884,0.9252381870781099,False,False,-0.1503928990009498,0.8856,0.08739416055449067,-0.14759533137427164,0.9188,0.9428066508313538,False,False,0.11917300025720134,-0.14144136908674998,0.8486,0.9087635101636093,False,False
Timolol,0.12485716812138,0.1615156950672645,False,0.20804759150563346,0.1052958623280956,0.03483,0.19795300261096607,True,False,0.06716567632727487,0.0596,0.13708807229660236,0.0252256272256069,0.1812,0.391392,False,False,0.2383032394615443,0.016039554448434752,0.1799,0.46337142857142855,False,False
Timolol and bimatoprost,-0.0892572735853964,0.8616559956592512,False,0.4692058595860398,-0.07202552631089042,0.5223,0.7255099678456591,False,False,-0.10760164008663634,0.6875,0.3705471353420373,-0.13470660712960741,0.7962,0.861512268402604,False,False,0.3627925918654943,-0.15173727202949208,0.8192,0.8932216052498738,False,False
Timolol and brimonidine,0.1507430401025017,0.1067681697612732,False,0.13319845950522846,0.05795493003939988,0.0885,0.3118433931484502,False,False,0.0684647218307162,0.0496,0.1190277771403373,0.05735644349521255,0.1058,0.286017521902378,False,False,0.3178941975168821,-0.05602763987892132,0.4312,0.6934063656550703,False,False
Timolol and travoprost,0.2176422949405724,0.0479190053285967,True,0.07218763707885623,0.18085269324745992,0.00682,0.08094065934065933,True,False,0.13440851241745638,0.0128,0.017552736509153455,0.23194333637337575,0.00336,0.03557647058823529,True,True,0.03677931557306813,0.17115375843636169,0.00816,0.07798938053097346,True,False
Timolol with diuretic,-0.012516098336491,0.567344526527871,False,0.078519865867818,-0.03951499141249168,0.3656,0.6060229533282326,False,False,-0.06994730520310215,0.485,0.07606082940928227,-0.045387461528379455,0.4172,0.6102694651320244,False,False,0.08244540542415424,-0.057426568870319994,0.4269,0.6912323838080959,False,False
Timothy grass pollen allergen extract,0.0575671945977502,0.291476733977173,False,0.032526652521672195,0.05700627020582425,0.0744,0.29650184501845017,False,False,0.07937284609196722,0.037,0.008325544865847911,0.04638396707254825,0.1119,0.29368651275820173,False,False,0.07839320817557183,-0.030412649913908196,0.3047,0.6049191176470589,False,False
Tinidazole,0.2081158127011932,0.0495265164644714,True,0.0867571677736022,0.0812359783932125,0.055,0.2533049040511727,False,False,-0.03920721301823933,0.3438,0.05691035290174651,0.10333537661356912,0.04628,0.18409723756906077,True,False,0.14863413288041394,0.07316761078695802,0.06,0.2417910447761194,False,False
Tinzaparin sodium,-0.0003672382662855,0.4779708454810495,False,0.05060206496404629,0.005932667078676105,0.164,0.423761620977354,False,False,-0.05071890475203083,0.4052,0.02182714157543908,-0.013590989470975427,0.2411,0.45576943231441047,False,False,0.019053004849334365,-0.016875409004328334,0.2041,0.5004040862656073,False,False
Tioconazole,0.2789664241399897,0.0158361185983827,True,0.4604019747130117,0.10818177874708039,0.03438,0.19750212765957448,True,False,0.03032631072769726,0.1243,0.06899359499774105,0.21893905284905443,0.00425,0.04250000000000001,True,True,0.2142682942348323,0.18243210337076743,0.00574,0.06039611650485437,True,False
Tioguanine,-0.0429102223175075,0.6954856093080221,False,0.10566924017286272,-0.1263132075991547,0.812,0.8880607594936709,False,False,-0.1281282328703682,0.7923,0.0852508398534646,-0.11750429503293526,0.821,0.8787710604558969,False,False,0.25307717352518055,-0.17086123151769747,0.9069,0.952989928057554,False,False
Tiopronin,-0.0531191544829528,0.7444240282685514,False,0.058697025417134396,-0.10593469038027009,0.7185,0.8288264815803524,False,False,-0.0441581909590553,0.344,0.012379951064075412,-0.03633160224694223,0.2934,0.49861841070023605,False,False,0.007093089903858041,-0.05760329146024673,0.3759,0.6608299430431245,False,False
Tiotropium bromide,0.3107499393544413,0.0090454873646209,True,0.06612214874904776,0.28772086005182135,0.00025,0.01651764705882353,True,True,0.28429696977643315,0.0003,0.06377462176674964,0.29205876608840803,0.00036,0.009482926829268294,True,True,0.2634684044419885,0.13184517684289132,0.0204,0.1282226086956522,True,False
Tiotropium bromide/olodaterol,0.4117091972936269,0.0012342857142857,True,0.1893762773095995,0.24321362944181762,0.00084,0.028047761194029852,True,True,0.17443181377723996,0.0034,0.17706581138460709,0.24425207691843678,0.00157,0.021328301886792453,True,True,0.21844103156184635,0.1944690188597969,0.00406,0.047660869565217395,True,True
Tirbanibulin,0.4559753223547773,0.0010536585365853,True,0.23581701523899423,0.2997915332147786,0.00013,0.01404,True,True,0.25411186198148983,0.0007,0.2213226825209692,0.3434434910612989,0.0001,0.004595744680851064,True,True,0.2993700450229234,0.22725915412090772,0.00156,0.02687244094488189,True,True
Tirzepatide,-0.016415667235083,0.6201828718609144,False,0.25685292391072856,-0.055937134650907105,0.4494,0.6745684503127172,False,False,-0.02696918513059435,0.2956,0.2236953428092484,-0.059567910911010574,0.4988,0.6754909090909091,False,False,0.22685374230467814,-0.047318331829547755,0.3926,0.6711854775059194,False,False
Titanium dioxide,0.0664535370032581,0.311098976109215,False,0.2644692241404507,0.03062325656542455,0.1411,0.3883053435114504,False,False,0.043433123349117725,0.0886,0.10921091329796595,0.014821356256075807,0.2129,0.42798885793871866,False,False,0.27217210151609694,-0.0501196955367991,0.4034,0.6802060889929742,False,False
Tivozanib,-0.0089430894308942,0.1250692682926829,False,0.14725640717372268,-0.01411068583721447,0.2186,0.47407228915662647,False,False,-0.014393553926049308,0.2269,0.06642513337903355,-0.028606869292921222,0.31,0.5134969325153375,False,False,0.09522288128247514,-0.02736230933011606,0.2332,0.529109243697479,False,False
Tizanidine hydrochloride,0.0212499801536201,0.4726289493019838,False,0.2981079954097505,-0.1742941141310473,0.8974,0.9310201729106629,False,False,-0.20145889235784725,0.9651,0.16482722671627448,-0.07227040063373151,0.5628,0.7163512080141425,False,False,0.2310235001264227,-0.09846618067899396,0.6289,0.7700816326530612,False,False
Tobramycin,0.1178601776601312,0.1462422145328719,False,0.19006527115369443,0.0076037633544852445,0.1833,0.44409406494960807,False,False,-0.044784282159795324,0.3686,0.12879785877313266,-0.013230608088340255,0.2802,0.48944866612772836,False,False,0.24742339587495754,0.01510815710077059,0.159,0.4293,False,False
Tocilizumab,0.0489483777714607,0.2811641526175688,False,0.32432913178100387,-0.20559714741586974,0.96,0.9757591721542803,False,False,-0.21371968687934279,0.9763,0.27920957490260945,-0.19894949844658225,0.9588,0.9718479587048333,False,False,0.3216916255234892,-0.17790610515565758,0.9133,0.952989928057554,False,False
Tocofersolan,0.1882382369294683,0.075616,False,0.2024911149574573,0.09062675958157491,0.04429,0.2250974117647059,True,False,0.2076581215892711,0.0019,0.1564534784904461,0.09579368873212676,0.0571,0.20904406779661017,False,False,0.1315530655703575,0.05759316460713889,0.0879,0.30524758842443733,False,False
Tocopheryl acetate,0.1359821029059013,0.1318140643623361,False,0.2173220931979244,0.025417275867150323,0.154,0.4091512915129151,False,False,0.004847819311605136,0.1862,0.19676108524978075,0.06553922139104819,0.0915,0.262,False,False,0.23632455908494843,0.046981019630197185,0.0962,0.3221581395348837,False,False
Tofacitinib,-0.083750445735378,0.8501447368421052,False,0.028615477760890573,-0.09187721881665717,0.5985,0.7806521739130434,False,False,-0.10079109680175254,0.6443,0.028006127230482347,-0.09383471442141672,0.6377,0.7768207440811724,False,False,0.03303493320460238,-0.09017443890969493,0.5761,0.739379679144385,False,False
Tolbutamide,-0.0074359144016916,0.5437087912087912,False,0.21517738185971447,-0.03031586738585027,0.3308,0.5767548387096775,False,False,-0.08668029312979457,0.5873,0.21206860416744455,-0.04365888527847764,0.4254,0.6165633802816901,False,False,0.29517299793421536,-0.034514811133159407,0.3331,0.6305989492119088,False,False
Tolcapone,0.0406219632632387,0.330597489539749,False,0.20403976816308478,-0.11172513833333308,0.7165,0.8288264815803524,False,False,-0.06471164864121257,0.4708,0.13379625836438191,-0.054516727064060945,0.4696,0.6510500641848523,False,False,0.21760150234198516,-0.13817381920181315,0.7998,0.8793893129770992,False,False
Tolfenamic acid,0.1310410570928596,0.1523835616438356,False,0.23047743228133977,-0.04949524591514687,0.4139,0.6456640230713772,False,False,-0.12455711462317864,0.7558,0.1438568631348902,0.012719354795468471,0.2249,0.4400072332730561,False,False,0.18868683285853638,-0.0024928027803455006,0.226,0.5257007534983853,False,False
Tolnaftate,0.0053846274755986,0.5399999999999999,False,0.3172185086911542,-0.09108658269679286,0.6055,0.7812903225806452,False,False,-0.1348925865490118,0.8027,0.24303938723662655,-0.1320470910661484,0.7914,0.860845921450151,False,False,0.2569261239060041,-0.14118086774797484,0.7856,0.8710965092402464,False,False
Tolterodine,0.2601521328201414,0.0208695652173913,True,0.10129141691959986,0.26847644619239186,0.00043,0.019761702127659573,True,True,0.19772135415844827,0.0026,0.09490837122146756,0.2894828696878641,0.00046,0.011040000000000001,True,True,0.1613894905691522,0.37127791906006896,2e-05,0.00288,True,True
Tolvaptan,-0.0156056695922637,0.6075088177661659,False,0.03473033283079163,-0.03916019401396064,0.3651,0.6060229533282326,False,False,-0.13729871548320724,0.8157,0.025056450120836238,-0.058344290980871946,0.4886,0.6692301838934686,False,False,0.12559193339637542,-0.040369444492229616,0.3586,0.6479999999999999,False,False
Topiramate,0.2369240315934266,0.0298627858627858,True,0.3271787565024926,0.1256396866338625,0.02309,0.1591108280254777,True,False,0.05903714077063515,0.0702,0.15307680733618834,0.15602349965110135,0.01739,0.09858897637795275,True,False,0.25324081199238824,0.1449525000070357,0.01469,0.11059793814432989,True,False
Topotecan,-0.0246225319396051,0.6954856093080221,False,0.07510517111915038,-0.09247771062475561,0.7101,0.8265258620689656,False,False,-0.10308381126807659,0.7388,0.06151443467666595,-0.07773966872522355,0.6926,0.8043096774193549,False,False,0.1119137358600586,-0.12198228652667922,0.8338,0.8996944583125313,False,False
Torasemide,0.1641471265554139,0.1033219251336898,False,0.19870047518598832,-0.043389859488803716,0.3939,0.6278145695364239,False,False,-0.03326521865086248,0.3226,0.1865555206559807,-0.031596630393063076,0.3783,0.577884016973126,False,False,0.20623039192179193,0.0078100705339646855,0.1993,0.4914246575342466,False,False
Toremifene citrate,0.0719822209467235,0.289774647887324,False,0.25356549837233644,-0.08564732921029551,0.5801,0.7672954128440367,False,False,-0.09065481404235586,0.6085,0.16999774647892985,-0.0304614876128679,0.3696,0.5718739255014327,False,False,0.27663580521050346,-0.030811586955714648,0.329,0.6283289124668435,False,False
Tracheostomy & Laryngectomy Appliances,0.1995255642763997,0.0259480519480519,True,0.06289243597549843,0.15603073626091649,0.00317,0.05349375,True,False,0.18777329724897343,0.0008,0.027405129603503386,0.17021757519823813,0.00412,0.04178028169014085,True,True,0.06775173886421226,0.14529225669973117,0.00325,0.04153846153846154,True,True
Tramadol hydrochloride,0.5004283128126835,0.0004595744680851,True,0.7423291808334547,-0.11522118885951045,0.7118,0.8275158687466381,False,False,-0.09820448617157758,0.638,0.5080370204501865,0.14683608041284452,0.01976,0.10778181818181819,True,False,0.7119603044938456,0.01891400121018302,0.17,0.4480487210718636,False,False
Trametinib,-0.0205552690583299,0.4122724458204335,False,0.17716363725339423,-0.07910229365748779,0.6092,0.7828557863501484,False,False,-0.09572426967961281,0.676,0.1419218066869734,-0.07981632670279748,0.6731,0.7962190580503833,False,False,0.19799948805819056,-0.051022349407428426,0.3933,0.6711854775059194,False,False
Trandolapril,-0.0091006857557953,0.559609756097561,False,0.07005581235074676,-0.059569662774424256,0.462,0.6836303901437372,False,False,-0.015667338284238625,0.2439,0.019137364959263214,-0.0009242805230610093,0.2447,0.4588125,False,False,0.07164686492293826,0.021125370558462066,0.1461,0.40747354838709676,False,False
Tranexamic acid,0.4655713531579346,0.0004595744680851,True,0.7518480878641645,0.06846288759466382,0.0774,0.2990769230769231,False,False,0.08341290067765611,0.0435,0.67714026855038,0.16632772218008712,0.01412,0.0864,True,False,0.7389401653502439,0.09100622355531371,0.04891,0.2113005988023952,True,False
Tranylcypromine sulfate,0.3444202561718361,0.0074571428571428,True,0.360474374995997,0.03689497217445058,0.1258,0.36919565217391304,False,False,-0.04870970320441948,0.3961,0.31649538637557684,0.08874138147337239,0.0629,0.222,False,False,0.42097727699304843,-0.028333022232715572,0.3127,0.6123913043478261,False,False
Travoprost,0.2844968635659168,0.0147438202247191,True,0.031215354265837325,0.19647646657247203,0.00455,0.0648,True,False,0.13475199777086702,0.0135,0.009010244669710787,0.2574500330357997,0.0015,0.02131578947368421,True,True,0.05063641040216316,0.20682554013867052,0.00354,0.044455813953488375,True,True
Trazodone hydrochloride,0.3446978066998858,0.0062886075949367,True,0.26899541383061776,0.28422089626723196,0.00027,0.016662857142857146,True,True,0.2607093095545251,0.0004,0.08071630898510374,0.3129954676733655,0.00033,0.009022784810126583,True,True,0.24645654051066257,0.22806411380026165,0.00143,0.025956302521008404,True,True
Tretinoin,0.0712925869764229,0.2604,False,0.2651671595103412,-0.18966740302766813,0.9393,0.9615582938388626,False,False,-0.2564779300927729,0.9982,0.17638330456539342,-0.20099899865520027,0.9612,0.9738236397748593,False,False,0.37623572185162435,-0.1469650660150442,0.8135,0.889251012145749,False,False
Triamcinolone acetonide,0.4640070095824204,0.0004595744680851,True,0.34085618447392796,0.21642761959331508,0.00182,0.040363636363636365,True,True,0.20104318832208373,0.0013,0.3378368530807805,0.2249465930010016,0.00264,0.02920408163265306,True,True,0.363521920481376,0.18130587232112647,0.0051,0.05620408163265306,True,False
Triamcinolone hexacetonide,-0.0587479228949051,0.7535296187683285,False,0.19285573731230088,-0.11914719385030183,0.7423,0.8422184873949579,False,False,-0.08150883791264428,0.549,0.17654534067830996,-0.14635849709735488,0.8571,0.8987067961165048,False,False,0.17868225307655938,-0.23510807466232891,0.9823,0.986610878661088,False,False
Triamterene,0.0856810709158307,0.1704263736263736,False,0.30806889418787664,-0.05935294642608437,0.4646,0.6845402455661664,False,False,-0.17355034832789115,0.9247,0.25011144087777015,-0.042139269776059814,0.4223,0.6150829399865139,False,False,0.35655763302280563,-0.023607227204145168,0.2846,0.5809584905660378,False,False
Triamterene with loop diuretics,0.0341786887690634,0.4290433460076046,False,0.4979972184359799,-0.13663948063777417,0.7923,0.8731469387755102,False,False,-0.12979707144945837,0.7788,0.3790225393414398,-0.10538447689418992,0.6963,0.804828250401284,False,False,0.3018836203812376,-0.13461178378663338,0.7669,0.859852620653866,False,False
Triamterene with thiazides,-0.0629816938448795,0.7846302472685451,False,0.05756819548613645,-0.0705922904446885,0.5152,0.7213953488372093,False,False,-0.10452382803173323,0.6734,0.015531048809869441,-0.05334927553315667,0.4623,0.6454867485455721,False,False,0.061909763014056374,-0.08170031040208728,0.5447,0.726472906403941,False,False
Trichloroacetic acid,0.0440546237082009,0.3498740801308258,False,0.15444877374997545,0.02549189313213677,0.131,0.3736062992125984,False,False,-0.005759847178011395,0.2043,0.07584838160472807,0.01200181250319952,0.1692,0.37677525773195875,False,False,0.13180950666472735,-0.015326436571855045,0.2314,0.529109243697479,False,False
Triclosan,-0.0847544606376698,0.903842487046632,False,0.17854763385798833,-0.06753047951743246,0.5009,0.7090065530799475,False,False,-0.054810537223467425,0.4152,0.1555524818007361,-0.07911129813542143,0.5903,0.74087623474724,False,False,0.20386393803279435,-0.0830552527758407,0.5453,0.726472906403941,False,False
Trientine dihydrochloride,0.0783165236227109,0.2553277310924369,False,0.1315415466782931,0.0894907211216741,0.0503,0.24444404494382024,False,False,-0.002885179952072306,0.1978,0.07069172507054966,0.07595785188864325,0.0795,0.2438019801980198,False,False,0.2717956538057008,0.05477812754994962,0.0922,0.31362519685039375,False,False
Trifarotene,0.1582543573631727,0.0972887671232876,False,0.36131686478889213,0.15951262857352594,0.00988,0.09700363636363638,True,False,0.12818249992869826,0.0121,0.25989733051087727,0.12634936717205011,0.03254,0.14954553191489361,True,False,0.378650433006807,-0.03079033503286459,0.3272,0.6259982285208149,False,False
Trifluoperazine,0.059637031280745,0.3406016528925619,False,0.2705003448725135,-0.04687638354303791,0.41,0.6422044960116026,False,False,-0.08642118876530765,0.5756,0.2618157383422369,-0.06479910827170675,0.5208,0.688872014696877,False,False,0.3553224868665632,-0.021931686741457308,0.2954,0.5946542404473438,False,False
Trifluridine (Antivirals),-0.0337688734030197,0.9106997468354432,False,0.04022500963527553,0.008844689080453771,0.0846,0.3059702479338843,False,False,0.00025237936408590444,0.1373,0.03886469787667368,0.006928538330266393,0.0787,0.24346285714285715,False,False,0.15303205563603206,-0.07332003229764282,0.5363,0.722810408921933,False,False
Trihexyphenidyl hydrochloride,0.2333449990960233,0.0390524714828897,True,0.275570807150205,0.027344103324894037,0.1514,0.4052342007434944,False,False,-0.061616286742365536,0.4512,0.24427779811593398,-0.026930150683033255,0.3603,0.5632879884225759,False,False,0.38732668091970024,-0.008007124965971288,0.2503,0.54456338028169,False,False
Trimetazidine hydrochloride,-0.0122084472766084,0.4934469314079422,False,0.11706667168196772,-0.10483668479913287,0.739,0.8414549288350026,False,False,-0.04535221819735825,0.3862,0.028587666614456775,-0.026583204236408964,0.301,0.5078782201405153,False,False,0.1965035208046335,-0.11406807106638106,0.7364,0.8398225976768744,False,False
Trimethoprim,0.2483560026389996,0.0251604395604395,True,0.4429669130456071,0.11560009148692661,0.0256,0.1663135135135135,True,False,0.12050053302543752,0.0143,0.4171471759987164,0.16128939119671787,0.01255,0.08091940298507463,True,False,0.45132340324193787,0.13039987380040677,0.01841,0.12160733944954129,True,False
Trimipramine maleate,0.4262157446468197,0.0009473684210526,True,0.2655423007708435,0.13440223187061554,0.01726,0.13656263736263738,True,False,0.14346047125634154,0.0088,0.1660153080259501,0.248260761056524,0.00154,0.021328301886792453,True,True,0.23306786787491762,0.15906511877522736,0.00955,0.08420487804878048,True,False
Tripotassium dicitratobismuthate,-0.0246225319396051,0.6954856093080221,False,0.07510517111915038,-0.09247771062475561,0.7101,0.8265258620689656,False,False,-0.10308381126807659,0.7388,0.06151443467666595,-0.07773966872522355,0.6926,0.8043096774193549,False,False,0.1119137358600586,-0.12198228652667922,0.8338,0.8996944583125313,False,False
Triptorelin,0.3371630126498309,0.0089868613138686,True,0.17483587660327937,0.18554812681902177,0.00559,0.07144615384615385,True,False,0.1701654922129704,0.0052,0.15890380070870336,0.21067600819992147,0.00583,0.05139918367346939,True,False,0.18287640664550042,0.2136635177042451,0.00294,0.03895950920245399,True,True
Triptorelin acetate,0.1957388329964041,0.0679874411302982,False,0.11032547902682244,0.16584222934387688,0.01024,0.09883928571428571,True,False,0.16141763947235074,0.0076,0.04629367362857484,0.17600109765668534,0.01373,0.08425227272727272,True,False,0.09125706924921428,0.11859463061315718,0.02573,0.14357319587628867,True,False
Triptorelin embonate,0.010625439314596,0.5015225806451613,False,0.18197578876383347,0.006377841893178942,0.2128,0.47386391752577317,False,False,0.018664099585846233,0.144,0.04053457541256933,-0.02501834837539226,0.3508,0.554705710102489,False,False,0.21780380335333005,-0.013592328276628806,0.2666,0.564564705882353,False,False
Tropicamide,0.0038314468844623,0.5288172341904099,False,0.2989569418806798,-0.18648929088979974,0.9286,0.9533155893536122,False,False,-0.21551462886666503,0.9806,0.22296233801016396,-0.14576448263888586,0.8398,0.8893058823529412,False,False,0.2523575779881253,-0.17722088509060577,0.8949,0.9466131243878552,False,False
Trospium chloride,0.2279958816427193,0.0381297709923664,True,0.3301702366225223,0.0746350167618361,0.0655,0.27686888454011743,False,False,0.04761584379553899,0.0866,0.17092434812291923,0.24443577064220162,0.00179,0.023563636363636363,True,True,0.3077527919527152,0.10585768281258237,0.03399,0.17074046511627908,True,False
Trusses,0.1823022838862659,0.0788665701881331,False,0.11389595071110481,0.1578835640314691,0.01142,0.10623862660944206,True,False,0.14757471825289845,0.0087,0.09430126287224938,0.14764591588821044,0.02264,0.11643428571428571,True,False,0.1437486450617902,0.09579107774681345,0.04488,0.20472252631578947,True,False
Tryptophan,-0.180032182434525,0.9830308788598574,False,0.0887342858999024,-0.09998974679681681,0.6471,0.8044480183802412,False,False,0.00191596498912096,0.1895,0.05793377761881846,-0.12558109007947252,0.7801,0.855013698630137,False,False,0.07873585520942328,-0.14149855490121774,0.791,0.8752868852459017,False,False
Tube feed 0.6 kcal/ml peptide based (0914041),-0.0522233149184088,0.8723747980613893,False,0.026748544966954113,-0.05422189530806909,0.4189,0.6486193548387097,False,False,-0.02632484451126841,0.2588,0.02247804176506607,-0.043873735458610626,0.3739,0.5752307692307692,False,False,0.1265069013525406,-0.05722159758718391,0.4142,0.6810295230885692,False,False
Tube feed 0.75 kcal/ml with fibre (0914021),-0.0384154399320191,0.8568157033805889,False,0.03159276818713386,-0.015415098470297423,0.1988,0.45975160599571735,False,False,-0.007864703939399156,0.1767,0.02922389406376269,-0.012568688932305382,0.1905,0.40341176470588236,False,False,0.1395895508994175,-0.06807027627381712,0.4983,0.722810408921933,False,False
Tube feed 0.8 kcal/ml (0914011),-0.0378542079523365,0.908731757451182,False,0.03706700939644847,-0.004070256953540874,0.1393,0.38575384615384617,False,False,-0.005892700124982309,0.1676,0.035644911240986454,-0.0042203506084986485,0.1384,0.3316629711751663,False,False,0.14876116398798045,-0.07218662628654494,0.5279,0.722810408921933,False,False
"Tube feed 0.8 kcal/ml with fibre, higher protein (0914011)",-0.0378092986902263,0.8769829787234042,False,0.036108734667139486,-0.009561956787081927,0.1683,0.42919480519480524,False,False,-0.008859444951028153,0.182,0.034510501780133374,-0.00828107864744035,0.1673,0.37370010341261634,False,False,0.14670522801594676,-0.06961426928189483,0.5098,0.722810408921933,False,False
Tube feed 1 kcal/ml (0914011),-0.0426497556578849,0.9065064733298808,False,0.03711826125230755,-0.018996783983877618,0.2193,0.47485370741482974,False,False,-0.012781610590132678,0.2011,0.03575308478977046,-0.01695128118982116,0.2195,0.43475409836065576,False,False,0.14595388810604026,-0.07064928741290165,0.5127,0.722810408921933,False,False
Tube feed 1 kcal/ml (0914021),-0.0361205128246819,0.9020780031201248,False,0.03599589008436166,-0.0012478218056698295,0.1239,0.36440816326530606,False,False,-0.003997122522685222,0.1585,0.03459710467197741,-0.001990659503672239,0.1224,0.30849941656942825,False,False,0.14692887809997546,-0.07342938528027809,0.5357,0.722810408921933,False,False
Tube feed 1 kcal/ml MCT based (0914031),-0.02633731144995,0.7401702127659574,False,0.03651453884480549,0.01256860705672746,0.0742,0.2962513863216266,False,False,0.0003723936594985041,0.1354,0.03495369474147947,0.010428002918510558,0.0674,0.2303317535545024,False,False,0.15375259864654534,-0.06959584770358396,0.5129,0.722810408921933,False,False
Tube feed 1 kcal/ml peptide based (0914032),-0.0415029781012012,0.9139214501510574,False,0.03681886936866674,-0.011500362624517866,0.1788,0.43911818181818185,False,False,-0.008779294701012515,0.1811,0.03546745857548239,-0.01040164242841082,0.1774,0.3854969818913481,False,False,0.14596794301322147,-0.07054181421314239,0.5153,0.722810408921933,False,False
Tube feed 1 kcal/ml peptide based (0914041),-0.0456906144934144,0.908731757451182,False,0.034346443363023615,-0.027274907575130555,0.2644,0.515826714801444,False,False,-0.015556526859665566,0.2184,0.032419194688951936,-0.022903330514867093,0.2568,0.46806070826306917,False,False,0.13965760554891926,-0.06736680891035049,0.4857,0.722810408921933,False,False
Tube feed 1 kcal/ml soya based (0914033),-0.0368220036920318,0.8246942889137738,False,0.0371239120854413,-0.014374359568419029,0.1955,0.45701298701298704,False,False,-0.010165833160594735,0.1872,0.03557518608747445,-0.011239893502840352,0.1843,0.39571371769383695,False,False,0.1463242203701952,-0.0650435723450513,0.4764,0.719899721448468,False,False
Tube feed 1 kcal/ml soya based with fibre (0914033),-0.0453030900347174,0.893898947368421,False,0.03261799721607084,-0.028723419944768885,0.2745,0.5277010676156584,False,False,-0.01780135168553827,0.2314,0.031416074877260725,-0.025144279097192863,0.2743,0.4848078495502862,False,False,0.1429256880824199,-0.06657654106424919,0.481,0.7225034770514603,False,False
Tube feed 1 kcal/ml with fibre (0914011),-0.0390012527316254,0.908093023255814,False,0.03663039195319606,-0.008227118411123946,0.161,0.4179807692307692,False,False,-0.007345331926500859,0.1763,0.03534703410832485,-0.007599788736697622,0.1599,0.36165863874345544,False,False,0.147017693801345,-0.07163182118944499,0.5244,0.722810408921933,False,False
Tube feed 1 kcal/ml with fibre (0914021),-0.0297796647144372,0.8014446337308347,False,0.03591382075427463,0.003337087396124782,0.1074,0.3401524926686217,False,False,-0.00041469362388986316,0.1396,0.03453162591322689,0.0027156358153288267,0.1011,0.27818598726114646,False,False,0.14805758431127813,-0.07038180194337922,0.5166,0.722810408921933,False,False
"Tube feed 1 kcal/ml with fibre, higher protein (0914011)",-0.0622728659243351,0.902447327451998,False,0.041853577748718895,-0.09499587718265204,0.6619,0.8087582725743129,False,False,-0.03032709440581903,0.2519,0.03177416511723341,-0.06871945007423899,0.5286,0.6961461632155909,False,False,0.08365820544341207,-0.02317047551773144,0.2268,0.5267612903225806,False,False
Tube feed 1.2 - 1.25 kcal/ml (0914011),-0.045437313955839,0.903751166407465,False,0.0383216368730962,-0.0267856758948972,0.261,0.5117749546279492,False,False,-0.01598296830068054,0.2193,0.03658100714803958,-0.02264307483511678,0.2541,0.4663177570093458,False,False,0.14276839494916438,-0.06485505190220944,0.468,0.7163796033994334,False,False
Tube feed 1.2 kcal/ml higher protein (0914011),-0.0517519370021318,0.836820399113082,False,0.05136626080696083,-0.08798334280472979,0.632,0.7945130890052357,False,False,-0.01790298280247724,0.2105,0.03938006845935049,-0.05914462429371547,0.4718,0.6528430493273543,False,False,0.07526266774036805,-0.007317190578463806,0.1622,0.4346799007444169,False,False
Tube feed 1.2 kcal/ml peptide based,-0.0491019834110509,0.9106997468354432,False,0.03464304608203661,-0.03247718988827137,0.2957,0.5454415029888984,False,False,-0.024907990868008965,0.2652,0.03301758478029271,-0.028050683056094924,0.2891,0.4936411067193676,False,False,0.1377295976339502,-0.06567224610730255,0.473,0.7189389473684211,False,False
Tube feed 1.2 kcal/ml with fibre (0914011),-0.0490025140534862,0.8793467656415695,False,0.03611190865266223,-0.04359229699060846,0.3594,0.6013199070487993,False,False,-0.0212225894647341,0.2399,0.03372227883244017,-0.035845425975820855,0.3261,0.5276224719101124,False,False,0.1315839426089357,-0.05879201288677722,0.4224,0.6877894736842105,False,False
Tube feed 1.2 kcal/ml with fibre (0914021),-0.0400213142204565,0.8624780487804877,False,0.032881462730315336,-0.01963404506089421,0.2237,0.4786217821782178,False,False,-0.010314260078886006,0.19,0.03092968128704021,-0.01624976151545103,0.2168,0.43120441988950275,False,False,0.14071175687004778,-0.06781506563680975,0.4927,0.722810408921933,False,False
"Tube feed 1.2 kcal/ml with fibre, higher protein (0914011)",-0.0499683124507908,0.8723747980613893,False,0.03613027697052762,-0.049415060181079565,0.3905,0.6258872403560831,False,False,-0.023486155748027964,0.2447,0.03310979176895468,-0.03959662515862017,0.343,0.5455670103092785,False,False,0.1290502003655406,-0.05566817638551283,0.4012,0.6780845070422535,False,False
Tube feed 1.22 - 1.25 kcal/ml with fibre (0914011),-0.0438433111476096,0.9323910669975186,False,0.03738309145150209,-0.014124252644465969,0.1933,0.4558165938864629,False,False,-0.01077042403461344,0.1922,0.03589996335825507,-0.012696841455545423,0.1897,0.4025068762278978,False,False,0.1454687190074231,-0.07158637899032955,0.5219,0.722810408921933,False,False
Tube feed 1.3 kcal/ml peptide based (0914032),-0.0574384026995074,0.9106997468354432,False,0.03580141663386083,-0.05994839080950742,0.4473,0.6723507306889352,False,False,-0.02592387811300229,0.2518,0.032570017530692996,-0.048921244651009006,0.4061,0.6009534246575343,False,False,0.12265009737416332,-0.05500201651458135,0.392,0.6711854775059194,False,False
Tube feed 1.3kcal/ml higher protein (0914011),-0.0334578046875347,0.8990817282665279,False,0.039369528131583564,0.008887734743391334,0.0842,0.3059702479338843,False,False,-1.62750490884868e-05,0.1382,0.03795239277447959,0.0070027350553317266,0.0798,0.2438019801980198,False,False,0.1533547243930925,-0.07350647750591278,0.536,0.722810408921933,False,False
"Tube feed 1.3kcal/ml with fibre, higher protein (0914011)",-0.0401594117968384,0.9106997468354432,False,0.037594620939042644,-0.008918929774846325,0.1657,0.4250736342042755,False,False,-0.009604030214308659,0.1852,0.03606256889934967,-0.007797200427322447,0.1612,0.36421757322175735,False,False,0.14884972651489348,-0.07061047186261349,0.5156,0.722810408921933,False,False
Tube feed 1.5 kcal/ml (0914011),-0.0403218981084431,0.882504494976203,False,0.03714595414445121,-0.016025404448256328,0.2012,0.4620701381509033,False,False,-0.010244035672364213,0.1881,0.03567431677644861,-0.013893824246615644,0.1983,0.4118538461538462,False,False,0.14500291540364196,-0.06924519002123265,0.5061,0.722810408921933,False,False
Tube feed 1.5 kcal/ml (0914021),-0.0342701375195143,0.882504494976203,False,0.03713619715617056,0.0011737751286329892,0.1144,0.34932203389830513,False,False,-0.0027602527376129043,0.1495,0.03579201688571498,0.000507713216227293,0.1106,0.29204889975550125,False,False,0.1487673397339978,-0.07186879691930417,0.5258,0.722810408921933,False,False
Tube feed 1.5 kcal/ml higher protein (0914011),-0.042208299762864,0.9009739854318418,False,0.035417307296374045,-0.01105487843038034,0.1786,0.43911818181818185,False,False,-0.010054971257900981,0.1889,0.03529029785827498,-0.012244764794370049,0.1929,0.40729618768328446,False,False,0.13671678095920348,-0.07326673315071736,0.5287,0.722810408921933,False,False
Tube feed 1.5 kcal/ml peptide based (0914032),-0.0440772672325009,0.8866046511627906,False,0.03790562584826518,-0.026826226750211554,0.2611,0.5117749546279492,False,False,-0.014231674810639403,0.21,0.03586544964786775,-0.021965146047915596,0.2478,0.46023043852106615,False,False,0.14179864307017542,-0.06520799227232843,0.4697,0.7169491525423728,False,False
Tube feed 1.5 kcal/ml peptide based (0914041),-0.0422015424121149,0.908731757451182,False,0.03580098422253197,-0.01748380390620532,0.2099,0.47117098445595856,False,False,-0.011573274081573375,0.1946,0.034278494864163456,-0.015367016900831948,0.2074,0.4230254957507082,False,False,0.1428698492143281,-0.0707415122564662,0.5159,0.722810408921933,False,False
Tube feed 1.5 kcal/ml with fibre (0914011),-0.0346478921776106,0.8763991416309013,False,0.03745403074196685,-0.0009872888556763054,0.124,0.36440816326530606,False,False,-0.0035014872118219157,0.1566,0.036260089875578716,-0.0012619904502965983,0.1201,0.30589449003517,False,False,0.1485562386216155,-0.07098062189388415,0.5201,0.722810408921933,False,False
Tube feed 1.5 kcal/ml with fibre (0914021),-0.0332125056043005,0.8196114542391914,False,0.03667164857837879,-0.00565847607104692,0.1507,0.4043627329192547,False,False,-0.004704671936127369,0.1625,0.03522289194691697,-0.004549482096414182,0.1422,0.33715916575192095,False,False,0.14679742343259794,-0.06874037451185148,0.505,0.722810408921933,False,False
"Tube feed 1.5 kcal/ml with fibre, higher protein (0914011)",-0.0599215304096566,0.8131189127972819,False,0.05865924086653296,-0.11178726998988003,0.7407,0.8422184873949579,False,False,-0.051958654095721424,0.3855,0.03201227925997219,-0.09446831991629465,0.7061,0.8090847457627119,False,False,0.061962265564652785,-0.08730034437992797,0.584,0.7464142011834318,False,False
Tube feed 1.54 kcal/ml with fibre (0914011),-0.0571646521561267,0.8616559956592512,False,0.0431066585872969,-0.08773234836125601,0.6131,0.7849194312796208,False,False,-0.02953704115958103,0.2483,0.0346083382234571,-0.06414692951231556,0.4898,0.6698595825426945,False,False,0.09602009254231825,-0.026157057713911965,0.2385,0.5345160621761658,False,False
"Tube feed 1.5kcal/ml peptide  based, higher protein(0914034)",-0.0359963448176418,0.8283612040133779,False,0.037012022090115004,-0.01155963311593861,0.181,0.44075675675675674,False,False,-0.007252303079112866,0.1739,0.0355407224614499,-0.009419093459721004,0.1728,0.380865306122449,False,False,0.14476304755924574,-0.0663606488683073,0.487,0.722810408921933,False,False
Tube feed 1.6kcal/ml higher protein (0914011),-0.0337688734030197,0.9106997468354432,False,0.04022500963527553,0.008844689080453771,0.0846,0.3059702479338843,False,False,0.00025237936408590444,0.1373,0.03886469787667368,0.006928538330266393,0.0787,0.24346285714285715,False,False,0.15303205563603206,-0.07332003229764282,0.5363,0.722810408921933,False,False
Tube feed 1.8 kcal/ml (0914035),-0.0466347559710444,0.7952839224629419,False,0.03583680435171965,-0.05514235619085382,0.4175,0.6478448275862069,False,False,-0.027984748796567056,0.2593,0.03253679806330445,-0.04390106360192693,0.3679,0.5710344827586207,False,False,0.1278347068108744,-0.04859067577323327,0.3581,0.6478190954773869,False,False
Tube feed 2 kcal/ml (0914011),-0.0376336220812172,0.8769829787234042,False,0.08377084079139285,-0.09219273685505909,0.6916,0.8198990120746432,False,False,-0.049603669200407,0.433,0.035742624856109906,-0.06144106725542138,0.587,0.7375916230366492,False,False,0.08093848938331327,-0.09157271942851605,0.678,0.7978823529411765,False,False
Tube feed 2 kcal/ml higher protein (0914011),-0.0563363930513704,0.9106997468354432,False,0.0730542221542787,-0.10310570199431758,0.7217,0.8300702875399362,False,False,-0.05581446142098824,0.4337,0.03615679823853757,-0.0789260357874162,0.6573,0.7890416435313715,False,False,0.06577306392751103,-0.0884862136243306,0.6222,0.7648464163822526,False,False
Tube feed 2 kcal/ml with fibre (0914011),-0.0419658326914712,0.8132986425339366,False,0.05499239862863503,-0.07213257309803886,0.5567,0.7468770186335404,False,False,-0.007671884518328692,0.1846,0.03878826068296792,-0.04093378703095027,0.3652,0.5679136069114472,False,False,0.06209368265258308,0.00016178009330746425,0.1175,0.36361031518624637,False,False
Tube feed 2kcal/ml w fibre higher prot plant based (0914011),-0.0338208283952784,0.903751166407465,False,0.03880841426425863,0.008227195715859698,0.0861,0.30629508196721306,False,False,-0.0006495894876772295,0.1412,0.037315516592074105,0.006186908428563737,0.0821,0.2483244755244755,False,False,0.15169895779611653,-0.07305853297742132,0.5344,0.722810408921933,False,False
"Tube feed 2kcal/ml with fibre, higher protein (0914011)",-0.0648282376020411,0.940566371681416,False,0.06937906510263347,-0.10414716434498558,0.7122,0.8275158687466381,False,False,-0.05983240068449007,0.4294,0.03502273762450703,-0.08086785015423681,0.638,0.7768207440811724,False,False,0.06850849048751317,-0.09105374815497985,0.6146,0.7616385542168675,False,False
"Tube feed 2kcal/ml, higher protein, plant based (0914011)",-0.0337688734030197,0.9106997468354432,False,0.04022500963527431,0.008844689080453768,0.0846,0.3059702479338843,False,False,0.0002523793640859018,0.1373,0.03886469787667235,0.006928538330266375,0.0787,0.24346285714285715,False,False,0.15303205563603106,-0.0733200322976428,0.5363,0.722810408921933,False,False
Tube feed additive 0.5 kcal/ml high fibre liquid (0914052),-0.0279815400610126,0.6371242829827916,False,0.03621203867457945,-0.01821087328152657,0.2175,0.47407228915662647,False,False,-0.007462104963381694,0.1749,0.03389716497146622,-0.014016841748331567,0.2025,0.4175725190839695,False,False,0.13608587041550868,-0.06090917558983506,0.4512,0.7046531791907514,False,False
Tube feed additive 1 kcal/ml higher protein liquid (0914051),-0.0401794508489682,0.8370447266703478,False,0.034314829814551584,-0.022880739962672286,0.2389,0.4895317535545024,False,False,-0.0148875221863727,0.2119,0.032495954629270685,-0.018550896840562495,0.2297,0.4457296329453894,False,False,0.13778059132898346,-0.060847768341562844,0.4408,0.6980410557184751,False,False
Tube feed additive 2kcal/ml h/prot plant based liq (0914051),-0.0209981739122724,0.5534723926380368,False,0.02969807160185156,0.00030570312729237754,0.1213,0.361889502762431,False,False,0.0003740465375921117,0.1379,0.026559692452379435,0.003804368784053898,0.1007,0.27743877551020407,False,False,0.14080777025816793,-0.06684345680837284,0.4931,0.722810408921933,False,False
Tube feed non ACBS 1.3kcal/ml h/prot for use in IC (0914071),-0.0345073838731068,0.908731757451182,False,0.038116429456926726,0.006691604024485367,0.0913,0.31654574638844307,False,False,-0.002416827992146743,0.1489,0.03689023599298902,0.005271254497863707,0.0857,0.2546244841815681,False,False,0.14950918585062667,-0.07310927378782568,0.5337,0.722810408921933,False,False
Tube feed non ACBS 1.5kcal/ml for use in diabetes (0914071),-0.0324511688893054,0.8732853304674906,False,0.03740733765862059,0.0064437614151336585,0.0937,0.3197345971563981,False,False,-0.00046805961180157896,0.1399,0.03623092108840675,0.005068172237507867,0.0875,0.2571428571428571,False,False,0.14954291931606467,-0.070787156833545,0.5186,0.722810408921933,False,False
Tube feed non ACBS 1kcal/ml for low sodium needs (0914071),0.0445646585742153,0.22021875,False,0.04468280840337313,0.0024659918528371133,0.1359,0.3802383419689119,False,False,0.030838510536335188,0.066,0.029117096535348108,0.02277789442209421,0.0894,0.2613044654939107,False,False,0.11362776977732247,-0.03170274173700834,0.2802,0.5785347288296859,False,False
Tube feed non ACBS 1kcal/ml higher protein (0914061),-0.0344035244426306,0.8793467656415695,False,0.03752625487427763,0.0004188460074463282,0.1177,0.35389151599443675,False,False,-0.0031849202699419108,0.1522,0.03615633309278188,-2.7600641859836823e-05,0.1128,0.2952779783393502,False,False,0.14961650056610387,-0.07165104999407483,0.5251,0.722810408921933,False,False
Tubing & Accessories,0.0133967404027107,0.449260642270351,False,0.031466572918853686,-0.025225303786698454,0.2949,0.5448964927288281,False,False,0.0007046483878626603,0.1824,0.003754691985976666,0.009809662993102755,0.1955,0.408394584139265,False,False,0.04880996687178685,-0.04325036541138518,0.3392,0.6352831168831169,False,False
Tubing And Accessories,-0.0906938288887588,0.9848170212765958,False,0.03592121895368938,-0.11903199437040379,0.7922,0.8731469387755102,False,False,-0.12005557097870215,0.7686,0.021679398577656106,-0.12364658818831362,0.8655,0.9052373127114548,False,False,0.11670172502060638,-0.12132584330274991,0.7621,0.8564703433922997,False,False
Turpentine oil,-0.0133081687959736,0.3466252045826513,False,0.12897888065709906,-0.08749121699465032,0.6624,0.8087582725743129,False,False,-0.10318318542440033,0.7174,0.09942087729044735,-0.0761763799182414,0.6643,0.7918807947019867,False,False,0.13036034503419336,-0.04803425697550557,0.3688,0.6559999999999999,False,False
Two Piece Ostomy Systems,-0.0824450518832315,0.9737159364467984,False,0.024480445147033847,-0.053067478827674555,0.4219,0.6503109843081313,False,False,-0.029706164000679484,0.2895,0.019844199620743685,-0.05808504263588219,0.4937,0.6713366834170854,False,False,0.06440257691402307,-0.0420138983615413,0.3229,0.6220106951871658,False,False
Typhoid,0.6582113565084935,0.0003176470588235,True,0.7821182472596917,0.22835462253758756,0.00109,0.031392,True,True,0.2264927024326484,0.0009,0.7031394626193558,0.3527074084166041,2e-05,0.002057142857142857,True,True,0.8136747773599982,0.2704346485967913,0.00039,0.012521739130434783,True,True
Ulipristal acetate (Emergency Contraceptive),0.1914659290668146,0.0725666666666666,False,0.6441056329350803,0.06436145402685237,0.0848,0.3059702479338843,False,False,0.03504473745246067,0.11,0.52628042038656,0.16582780929018642,0.01326,0.08230344827586206,True,False,0.631343174838503,0.23934927422928978,0.00108,0.022870588235294118,True,True
Umeclidinium bromide,0.2631054899579197,0.0197240694789081,True,0.2725289830726386,0.16337551280436183,0.0096,0.09595576036866359,True,False,0.02432158942664951,0.1341,0.1797574463475522,0.14983816429680497,0.01919,0.1057408163265306,True,False,0.19437038555814534,0.1585257828201821,0.01019,0.08648470588235294,True,False
Umeclidinium bromide/vilanterol,0.3622493113163899,0.0027447513812154,True,0.26492369962411566,0.20814889511539747,0.00248,0.04655172413793104,True,True,0.20163778577240504,0.0017,0.1881537599145462,0.2914570840728459,0.00043,0.010799999999999999,True,True,0.27263636854295814,0.19009935169947584,0.00429,0.04981935483870968,True,True
Undecenoates,0.1148266955447453,0.1826470588235294,False,0.12284891707042056,0.08955581712691564,0.04838,0.23750181818181818,True,False,0.10920144379775555,0.0228,0.07350748421452347,0.07099429228266575,0.0852,0.2538372413793103,False,False,0.18226239357144391,0.11760657058547742,0.02474,0.14137142857142856,True,False
Upadacitinib,0.136435197441909,0.0644884615384615,False,0.0904950233931947,0.039566036354588885,0.0581,0.26145,False,False,0.03533290735156617,0.0611,0.08925161313949381,0.031174270200446982,0.0745,0.24125937031484257,False,False,0.13262112486910094,0.021768262294433644,0.0925,0.31365777080062796,False,False
Urea,0.1435123782888237,0.1301704681872749,False,0.45309424178807267,-0.039189352761241865,0.3756,0.6155508345978755,False,False,0.021437366706212074,0.1388,0.4115673947681674,0.0006308197075448221,0.2568,0.46806070826306917,False,False,0.3948805625714593,0.0010081122834402888,0.2124,0.5086297117516629,False,False
Urea hydrogen peroxide,0.3475868169435472,0.0058403433476394,True,0.6302073541765756,0.19130788768958326,0.00352,0.05525217391304348,True,False,0.19228996596830703,0.0023,0.4371535111523346,0.28468664581484626,0.00041,0.010669879518072288,True,True,0.4715700901872657,0.2392495976024611,0.00094,0.020938775510204084,True,True
Urinal Systems,-0.0758154202241465,0.8509950738916257,False,0.051431629391042955,-0.07864324034140943,0.545,0.7398542713567839,False,False,-0.1069324931390693,0.6855,0.008428973418987962,-0.07092728515598656,0.5324,0.6982295081967212,False,False,0.030968607128668002,-0.08285343208663706,0.5458,0.726472906403941,False,False
Urine testing reagents,-0.0782978681274529,0.8570626020685901,False,0.08477633690376785,-0.11756564261861385,0.744,0.8431479538300105,False,False,-0.12508352208216628,0.7741,0.07840481293632995,-0.12083073179554699,0.7828,0.8556923076923078,False,False,0.18129402941577866,-0.13083173447106689,0.7761,0.8650030959752322,False,False
Urofollitropin,-0.0787208261689749,0.989510777881912,False,0.1244110294590065,-0.2507025329637995,0.9917,0.994000928074246,False,False,-0.10003182993302608,0.684,0.07852233988224233,-0.18323507864436187,0.9699,0.9798802619270346,False,False,0.11867676168862906,-0.21100824036070426,0.9819,0.986610878661088,False,False
Urostomy Bags,-0.0925299480151859,0.9817528517110268,False,0.02800536195524206,-0.05836957866917395,0.437,0.6637974683544303,False,False,-0.03940109464651089,0.324,0.02614325859186195,-0.06467834947235357,0.5115,0.6826666666666668,False,False,0.08494438605969179,-0.055453347315279844,0.3905,0.6711854775059194,False,False
Ursodeoxycholic acid,0.0060502191238026,0.5075923022095509,False,0.15709916264757806,-0.014209520433373047,0.2829,0.53312641673932,False,False,-0.13452415016396616,0.8001,0.10077174858902116,0.0357326836509399,0.157,0.3576505263157894,False,False,0.22710778434755274,0.07620479140983712,0.0668,0.2576571428571428,False,False
Ustekinumab,-0.0276713124274099,0.7748233931673423,False,0.05685020713664235,-0.014587027845556173,0.1975,0.4591158798283262,False,False,0.00020345476732600026,0.1443,0.04771911717009247,-0.021816453647684645,0.2501,0.4605178875638842,False,False,0.17920401283366072,-0.06531503308891234,0.4785,0.719899721448468,False,False
Ustekinumab (Crohn's),-0.0181184668989547,0.5163631245601689,False,0.12676254747996862,-0.08683638751039405,0.6676,0.8087582725743129,False,False,-0.1437942972003226,0.8515,0.0942419143691482,-0.058245605040396144,0.5507,0.7072009512485137,False,False,0.17723113066975937,-0.16020630172289596,0.9199,0.952989928057554,False,False
Ustekinumab (Psoriasis),-0.0726554958264675,0.9847840909090908,False,0.07325819096719477,-0.020953068234896448,0.2212,0.47731468531468535,False,False,-0.023519556270398728,0.2342,0.06444705321166444,-0.04092686645473085,0.323,0.5249661399548533,False,False,0.10173116032753826,-0.07321622511831587,0.4863,0.722810408921933,False,False
Vacuum Pumps for Erectile Dysfunction,-0.0448463075190759,0.7392568047337278,False,0.12627111207580255,-0.0911193315349496,0.6292,0.7923776223776222,False,False,-0.12532827921491246,0.777,0.1222314415818091,-0.09361820190388316,0.6738,0.7966108374384236,False,False,0.18291485932871898,-0.14269869928839432,0.8274,0.8980652938221999,False,False
Vaginal Dilators,0.290370608027467,0.0165375,True,0.2178913162925834,0.18578280784928877,0.00599,0.07566315789473683,True,False,0.2892812059848796,0.0002,0.04216979507521923,0.23174924625881854,0.00324,0.03464554455445544,True,True,0.06728552157386658,0.24694917751100726,0.00124,0.024572477064220184,True,True
Vaginal Moisturisers,0.2040886270252203,0.0521908629441624,False,0.31938462076271834,-0.09904231627677154,0.648,0.8044480183802412,False,False,-0.1169623588294612,0.7329,0.30762355715608136,-0.09336749636532643,0.6546,0.7881471571906354,False,False,0.3336096702997976,-0.07773037751844454,0.5398,0.722810408921933,False,False
Vaginal PH Correction Products,0.2354244823367842,0.02249792147806,True,0.37431139769369925,0.16568240346980886,0.00882,0.09115406698564592,True,False,0.20205989308248518,0.0014,0.21037887314194426,0.22766863972442997,0.00245,0.02829946524064171,True,True,0.17993074152763344,0.2618222947164851,0.00043,0.01308169014084507,True,True
Valaciclovir,0.5696152808480992,0.0003176470588235,True,0.5278087177867521,0.19547297578888545,0.00335,0.05416119402985075,True,False,0.15607334484024296,0.0044,0.47164468027796635,0.25941461022456835,0.00126,0.019302127659574467,True,True,0.5844795836713651,0.08596099953854679,0.0517,0.21981176470588235,False,False
Valganciclovir hydrochloride,0.1057053002972483,0.2071351351351351,False,0.5111172241564523,0.049765240823314086,0.1074,0.3401524926686217,False,False,0.11277228622797734,0.0194,0.33989680332888605,0.022028381490156703,0.1953,0.408394584139265,False,False,0.45303477649793134,0.021395397545270454,0.1572,0.4249712140175219,False,False
Valproic acid,0.1231776862413694,0.1765185972369819,False,0.42964669308041425,-0.06655072653391123,0.4965,0.7057988165680473,False,False,-0.02243399836123523,0.2831,0.4052194675689109,-0.0778070831233631,0.5787,0.7297092819614711,False,False,0.44001041995670775,-0.056983495493760056,0.4381,0.6968306332842414,False,False
Valsartan,0.1501766764584719,0.121473,False,0.2259102550129758,0.0737409508160912,0.0665,0.2793320388349515,False,False,0.033539471192882336,0.1122,0.16423444348410154,-0.002845527190790334,0.2745,0.4848078495502862,False,False,0.20315600670563583,0.03158530338178124,0.139,0.39828571428571424,False,False
Valsartan with diuretic,0.2471266617310223,0.0286493723849372,True,0.5040034620288463,-0.0188749549047299,0.2945,0.5446232876712329,False,False,-0.09144556844178386,0.6045,0.37367936943046454,-0.05096945270869766,0.4688,0.6510500641848523,False,False,0.4649131934729869,-0.06211715663233944,0.4626,0.7153747323340471,False,False
Valsartan/amlodipine,0.533297988104721,0.0003176470588235,True,0.6392867973588056,0.28946193054534236,0.00018,0.014657142857142858,True,True,0.27563179894969386,0.0005,0.5060198300652314,0.36739108388904385,5e-05,0.0034838709677419357,True,True,0.6219955285183267,0.2854126210560921,0.00014,0.007199999999999999,True,True
Vancomycin hydrochloride,0.0733936221196014,0.2895887025595763,False,0.285141824214332,-0.11075363093468295,0.6971,0.8210354223433242,False,False,-0.03721843620656838,0.353,0.2572554216701375,-0.09885867073769589,0.6817,0.8002565217391304,False,False,0.32779842004657955,-0.08053114564459884,0.5392,0.722810408921933,False,False
Vandetanib,-0.1078487546350012,0.975323076923077,False,0.09823446592428309,-0.10014083711639025,0.6729,0.8094290484140234,False,False,-0.0623706301193005,0.4584,0.08675829607892571,-0.0999931550506694,0.7071,0.8090847457627119,False,False,0.10038207645421382,-0.08296982432168153,0.5552,0.7306229508196721,False,False
Vardenafil,-0.1046806439205487,0.9122298387096774,False,0.06352202461723888,-0.09894398559209837,0.6668,0.8087582725743129,False,False,-0.10675026105624062,0.6858,0.041269318149748324,-0.13246141274217857,0.8277,0.8833162055335968,False,False,0.06407717274038349,-0.1338558903986853,0.7882,0.8735310415597742,False,False
Varenicline tartrate,0.124947946174301,0.1637458193979933,False,0.0752482004884969,0.07409761476386797,0.072,0.29233082706766916,False,False,0.05748695234356998,0.0696,0.03694026439657805,0.08488649783103477,0.0725,0.23691376701966715,False,False,0.35203094729618645,0.014281501546471601,0.1844,0.4713191489361702,False,False
Varicella vaccine live,0.4917065781268468,0.0004595744680851,True,0.6487142129539496,-0.034673262584371284,0.3583,0.6002790697674418,False,False,-0.021355572424693433,0.2765,0.6282608967641017,0.03277633674578716,0.1698,0.37733333333333335,False,False,0.6803636421024852,-0.08687925012437522,0.5654,0.7334405762304922,False,False
Varicella-zoster immunoglobulin,-0.0172932970312104,0.4577790956263899,False,0.2904558743694088,-0.14328426216245244,0.8541,0.9101183431952663,False,False,-0.24195394647978755,0.992,0.21588255122286182,-0.14236881321691955,0.8889,0.920874820143885,False,False,0.29086403532388794,-0.0999414393874728,0.6768,0.7974569247546347,False,False
Vedolizumab,-0.0338650840159583,0.6601728240450846,False,0.15594475761932736,-0.08753940606833738,0.6435,0.8039097744360901,False,False,-0.07138686224996099,0.5362,0.14826162816966204,-0.08864326284614302,0.6964,0.804828250401284,False,False,0.27700114038485935,-0.053162075170570026,0.4082,0.6810295230885692,False,False
Vehicles,-0.0691306354005695,0.8312873051224945,False,0.45765738563591774,-0.07550644960198483,0.5381,0.7337727272727274,False,False,-0.041581674719623034,0.3617,0.3627038660252163,-0.10245385988845007,0.6869,0.8038569880823402,False,False,0.4144806093286183,-0.08067483226568074,0.5389,0.722810408921933,False,False
Venlafaxine,0.2995145628322799,0.0094736842105263,True,0.34134992001585884,0.06957767951406921,0.0734,0.29524022346368717,False,False,0.028143930728970794,0.1273,0.286508880495972,0.09978598687953164,0.051,0.19409684210526315,False,False,0.33060134202031366,0.16163649174987527,0.00845,0.07901298701298701,True,False
Venous Ulcer Compression System,-0.0378236782032032,0.672643391521197,False,0.11096615703943946,-0.12490035457042034,0.7607,0.8537996886351843,False,False,-0.14382975246203147,0.8423,0.043287005141657287,-0.10473422954724229,0.6984,0.8054159103043247,False,False,0.12247170965445942,-0.13308898998689705,0.7712,0.8619886187273668,False,False
Verapamil hydrochloride,-0.0409562985029461,0.7109619794809898,False,0.2604232449140742,-0.0407560984779117,0.3884,0.6256107382550337,False,False,-0.009180171147693858,0.2256,0.25101424632379643,-0.06595746468409734,0.5292,0.6961461632155909,False,False,0.28756469957230457,-0.073762096790078,0.5097,0.722810408921933,False,False
Vericiguat,-0.1121288658826374,0.9106997468354432,False,0.17589790295565677,-0.27012842784704355,0.9951,0.9964840055632824,False,False,-0.17885630635145922,0.9351,0.0924595630880688,-0.1029734884854243,0.693,0.8043417517463729,False,False,0.1996539265497589,-0.17809239462977608,0.8994,0.9490493404982902,False,False
Vibegron,0.1105557512618055,0.2058174523570712,False,0.12313406423203821,0.015063357692425242,0.178,0.43911818181818185,False,False,0.05282601151344268,0.0778,0.03316928412785858,0.08665064951657607,0.0678,0.23099053627760255,False,False,0.16515232770723542,0.04130618776391555,0.115,0.36010419681620837,False,False
Vigabatrin,0.2157755804449324,0.0392393194706994,True,0.12569681819153622,0.04041958292403686,0.1232,0.36440816326530606,False,False,0.012847999501503114,0.1586,0.09585472041136134,0.08131391328694794,0.0782,0.24346285714285715,False,False,0.24401455374707592,0.0036883556423113347,0.2071,0.5020606060606061,False,False
Vildagliptin,0.3010512524940669,0.0034515463917525,True,0.35623678693898875,0.027304966807566906,0.1452,0.396,False,False,-0.05000920335387463,0.3995,0.2403579696774064,0.09060143420558998,0.0574,0.20943243243243242,False,False,0.40152307589730385,0.05018434368378124,0.0929,0.31452037617554857,False,False
Vitamin A,0.1345984919761391,0.1515702857142857,False,0.34248798014680815,0.015723544121444808,0.187,0.44751381215469616,False,False,-0.09190008121351183,0.6051,0.33451210724183045,0.005213234094514456,0.2446,0.4588125,False,False,0.325214442351069,0.018679249373006097,0.1671,0.4428662576687116,False,False
Vitamin B and C injection,-0.010948492472156,0.4541785714285715,False,0.1818974176017083,0.034220105395529075,0.1122,0.34621714285714283,False,False,0.08249245948005562,0.0386,0.018592804866844115,0.030948904481769193,0.106,0.28602493765586035,False,False,0.13984266934114764,-0.018642984916452224,0.2506,0.54456338028169,False,False
Vitamin B compound,0.4260968139879842,0.0016054054054054,True,0.5971026375377547,-0.003334220060742034,0.2445,0.49558878504672893,False,False,0.05050560923573248,0.0804,0.4945904681495863,0.12300169024547351,0.03523,0.1546682926829268,True,False,0.6209439104195846,0.04479326170276368,0.1104,0.35485714285714287,False,False
Vitamin E,0.2434451070548775,0.0302132231404958,True,0.2726804507371142,0.07205482479576782,0.064,0.27526043737574557,False,False,0.06372104510976698,0.0679,0.2566022137150644,0.06550080922700989,0.0942,0.26584615384615384,False,False,0.29087971199802676,0.040348705802909786,0.1186,0.3649230769230769,False,False
Vitamins caps,0.0553815247688123,0.3381258278145695,False,0.42190768363549325,-0.07033963033406025,0.5005,0.7089049180327869,False,False,-0.056964136904712324,0.4213,0.4178826618145679,-0.04671116001820255,0.4203,0.6129966239027684,False,False,0.4374492394196656,-0.06973353379982009,0.4821,0.722810408921933,False,False
Voriconazole,0.1779128973249081,0.0786991304347826,False,0.1730861414275061,0.10836558133970321,0.03373,0.19590563002680966,True,False,-0.006844318585920253,0.2192,0.07160097675732124,0.20598222660722737,0.00515,0.049004405286343616,True,True,0.16183539744922326,0.14966804620681012,0.01075,0.08930769230769231,True,False
Vortioxetine,0.2083497018380244,0.0508956970740103,False,0.0540363500626414,0.1482845593883253,0.01358,0.1173312,True,False,0.2061949390255008,0.0017,0.050297681365776725,0.1504598784672343,0.01768,0.09945,True,False,0.08814692245589617,0.16604356410682158,0.00832,0.07813565217391304,True,False
Warfarin sodium,0.0885956616896959,0.2501797752808989,False,0.335708340095746,0.13555282785030767,0.01902,0.14364755244755245,True,False,0.18594360283645325,0.0028,0.2809611726320925,0.15474327640761623,0.01767,0.09945,True,False,0.25596172999842814,0.08287022334827676,0.0534,0.2244046692607004,False,False
Water for injection,0.2231816669655058,0.0417227356746765,True,0.5866550398848422,-0.02120183997324187,0.2995,0.5496346644010195,False,False,0.004431802463330833,0.1885,0.5535936644838301,-0.04531885121162962,0.4311,0.6216128170894526,False,False,0.6504842687361152,-0.068477182916919,0.4898,0.722810408921933,False,False
White Birch pollen allergen extract,-0.0164544760159394,0.5494555403556771,False,0.19676598357053876,-0.0327270064069541,0.3263,0.5734808787632222,False,False,-0.06261268642774724,0.45,0.18390230355354464,-0.04187297601491617,0.3977,0.5924358620689656,False,False,0.22926587349136796,-0.026796292639982237,0.2846,0.5809584905660378,False,False
Wool alcohols,0.2417122101084085,0.0327951219512195,True,0.6140267995325546,-0.02733027300004738,0.3267,0.5737170731707317,False,False,-0.041137131137875205,0.3652,0.4947605459764006,0.09982991644235417,0.03467,0.1546682926829268,True,False,0.5735166883242528,0.017091082783334356,0.1568,0.4249535759096612,False,False
Wool fat,0.1884002419265612,0.0422884403669724,True,0.15576185083353022,0.0441389410791901,0.0979,0.3248294930875576,False,False,0.07038187703739289,0.0463,0.1513472181307728,0.05012272979075291,0.1039,0.2830063051702396,False,False,0.18758072967173878,0.01562738291062876,0.1512,0.41657142857142854,False,False
Wool fat hydrous,-0.0144447392553532,0.6041471747700394,False,0.2476666593135859,-0.05340148445887564,0.4334,0.660652081863091,False,False,-0.11132984038042618,0.7047,0.2231239977111582,-0.034338511741934113,0.3805,0.578376404494382,False,False,0.4282068885207404,-0.12295055052670734,0.7217,0.8287464114832537,False,False
Wound Management & Other Dressings,0.1472375809772342,0.117359085133418,False,0.12217079683207888,-0.017749992878962815,0.2757,0.5284046140195209,False,False,-0.04508123573763325,0.363,0.09906223192162411,0.017295474739862374,0.1869,0.39931157270029677,False,False,0.09230139535201853,0.051828350756895555,0.0902,0.3097488076311606,False,False
Xipamide,0.0182889635535274,0.4656106194690266,False,0.13664286734762976,-0.0861705140798178,0.5872,0.7719732197200244,False,False,0.10903885352794386,0.0216,0.12021661557282592,-0.10325945838887853,0.697,0.8050909090909091,False,False,0.1666553992062808,-0.16994962673690714,0.8979,0.9480351906158359,False,False
Xylometazoline hydrochloride,0.1852150513722647,0.0742479638009049,False,0.6036324547180767,0.027041533050585504,0.1588,0.4162718446601942,False,False,0.022293651692267838,0.1456,0.399624952130191,0.19541507988597082,0.00642,0.05498181818181819,True,False,0.44771050543360924,0.18775265096024601,0.0054,0.058644,True,False
Xylometazoline hydrochloride/dexpanthenol,-0.0085971728552155,0.5615999999999999,False,0.13196818277246103,-0.08847348198846966,0.6165,0.7870667454223271,False,False,-0.07330308883044671,0.522,0.10780793437398051,-0.08385069566933914,0.626,0.7687094940306993,False,False,0.2753461413780065,-0.11140416203274074,0.6998,0.810983922829582,False,False
Xylometazoline hydrochloride/ipratropium bromide,-0.084882696167191,0.8616559956592512,False,0.10831697834482579,-0.18318749162510628,0.9348,0.9578595825426944,False,False,-0.1408537732705103,0.8328,0.048673947928674854,-0.1484890940435695,0.8665,0.9052373127114548,False,False,0.15676617947032645,-0.10390054331717387,0.6348,0.7730782217220034,False,False
Yellow fever,-0.0646249193074858,0.779896013864818,False,0.1465158018420386,-0.1514851089232786,0.8699,0.9148977604673807,False,False,-0.08811518592339074,0.585,0.10415062169353517,-0.11683506090394209,0.7746,0.8510356052899287,False,False,0.23977327169859974,-0.16576394527625182,0.8882,0.9422946954813359,False,False
Yohimbine hydrochloride,0.1590496843306922,0.1015083557951482,False,0.5321724353768529,-0.0434851723477057,0.4018,0.6347368421052632,False,False,-0.1816734793352382,0.9377,0.4644854401341405,-0.013488525671838761,0.3054,0.5121614906832298,False,False,0.5117175638066376,-0.059751602983514826,0.4582,0.7134686825053995,False,False
Zafirlukast,-0.0334551916319721,0.6463594936708861,False,0.2070391352932215,-0.2021318667477793,0.9604,0.9757591721542803,False,False,-0.15740698657141555,0.8918,0.18561228950935849,-0.1918373797392737,0.9625,0.9746316776007498,False,False,0.17545861677950592,-0.2168190501447636,0.9709,0.978601959869342,False,False
Zanamivir,-0.0704818442483223,0.9106997468354432,False,0.05578929368301333,-0.05497160851766835,0.464,0.684122866894198,False,False,-0.0030763959179494708,0.1854,0.03045732766521614,-0.08119225496297186,0.6789,0.799576881134133,False,False,0.0573191856619677,-0.08524912557485974,0.611,0.7585433658816773,False,False
Zanubrutinib,-0.0409794812233837,0.9815007132667618,False,0.30444446232959155,-0.23044394480053743,0.9828,0.9890949720670391,False,False,-0.24077584824730616,0.9929,0.2901108064195993,-0.23132100239274814,0.9867,0.9880723226703755,False,False,0.38944277619030576,-0.1887155574141011,0.9493,0.9610684161199625,False,False
Zidovudine,-0.0605593527796199,0.8817330508474578,False,0.1780044519362134,-0.12204264730620994,0.8039,0.8817624365482234,False,False,-0.023978693710396355,0.2763,0.16361827846065402,-0.14180879183595857,0.8989,0.9285624103299857,False,False,0.3153354374410098,-0.11961197849114119,0.7549,0.8523700993204392,False,False
Zinc acetate,0.0568819401545887,0.3559609756097561,False,0.0572494442992727,0.021219969044781444,0.1739,0.43626480836236936,False,False,-0.07039482091925768,0.5049,0.044013398976004536,0.021170977146159436,0.204,0.4192578496669838,False,False,0.09949634838141463,0.04552561751416026,0.113,0.35736456808199124,False,False
Zinc oxide,0.2593665878296149,0.0238129175946547,True,0.6558421509850672,0.06577242094691142,0.0786,0.30263101604278075,False,False,-0.032032027333361975,0.3237,0.5301760638061727,0.16408390094200992,0.01453,0.08840788732394365,True,False,0.5168965572955848,0.1649923426272009,0.0092,0.08343000000000002,True,False
Zinc paste,-0.0541410893286581,0.7556836555360281,False,0.2448443021339637,-0.10974899787273441,0.6939,0.8204934497816594,False,False,-0.11781409664401869,0.7321,0.14942455058012238,-0.0520381055524031,0.4623,0.6454867485455721,False,False,0.23313718066835964,-0.04262457577477408,0.3686,0.6559999999999999,False,False
Zinc paste and ichthammol,-0.0664404364487125,0.8265921787709498,False,0.06726989142446194,-0.041789581039796395,0.3479,0.591622641509434,False,False,-0.07011864319042478,0.4911,0.05188244027781097,-0.06882379043288016,0.5132,0.683844540407156,False,False,0.41097282140777014,-0.06229171989664526,0.4588,0.7134686825053995,False,False
Zinc sulfate,0.0647416943610677,0.2295260115606936,False,0.19788930379192382,0.07937916588246662,0.051,0.2456940133037694,False,False,-0.009767256933860989,0.2141,0.16504765709775693,0.0375617286061319,0.1206,0.30589449003517,False,False,0.20483717148632474,0.02581194071544995,0.1199,0.36787500000000006,False,False
Zinc sulfate monohydrate,0.0222226155536779,0.4193917050691244,False,0.15611981925435203,0.028359962837823383,0.1269,0.3714146341463415,False,False,0.032991805281405225,0.0983,0.12712162843715935,-0.009607223614481191,0.2699,0.47996052631578945,False,False,0.17331321464638016,0.00044937853932672136,0.1951,0.4855023041474654,False,False
Ziprasidone hydrochloride,-0.0534406432459656,0.8529170305676856,False,0.183934647102318,-0.11804016202660764,0.7812,0.8666625577812018,False,False,-0.24134701337499065,0.9942,0.11768978522632567,-0.10269571331838358,0.7603,0.8413155737704918,False,False,0.1489298707412131,-0.10907228732816288,0.7427,0.8452223393045311,False,False
Zoledronic acid,0.046642162394791,0.3519022004889975,False,0.12131383334353008,-0.021829708874307834,0.2972,0.5472736572890026,False,False,-0.08171273693884457,0.5584,0.11606059806052627,-0.024085966966157994,0.3354,0.5382347696879642,False,False,0.1360252985256417,-0.017955826282853346,0.2747,0.5738413926499033,False,False
Zolmitriptan,0.2114071465811037,0.049275,True,0.42328418257344835,0.017860050150536818,0.1799,0.44007248018120043,False,False,-0.0895183057674987,0.5914,0.4229230427043479,0.015867040350446157,0.2155,0.4298060941828255,False,False,0.42117711391914525,0.02237736564014177,0.1649,0.4391911220715166,False,False
Zolpidem tartrate,0.2756757724194213,0.0177914357682619,True,0.2882742755756822,0.07901311448052721,0.0569,0.2585660377358491,False,False,-0.021660677914787846,0.2698,0.08661360545810715,0.1667182116563451,0.01197,0.07834909090909091,True,False,0.24958924830915774,0.11914459807608017,0.02377,0.13865806451612903,True,False
Zonisamide,0.1887399215246324,0.0671470866141732,False,0.21112915489981177,0.07043911366194469,0.0701,0.2862306238185255,False,False,0.1531093822515852,0.0065,0.048220784903793334,0.14328882413630425,0.0213,0.11204671532846713,True,False,0.08998853321956268,0.11622615337030734,0.0254,0.1425038961038961,True,False
Zopiclone,0.2594797985629407,0.0211924528301886,True,0.289396412709119,-0.001014125330899845,0.2402,0.4908533585619678,False,False,0.0166300707481448,0.1534,0.18501624560045404,0.07691589794780576,0.0874,0.2571428571428571,False,False,0.32283594958615236,0.07507302070553691,0.067,0.2579679144385027,False,False
Zuclopenthixol acetate,0.0608709107021439,0.2991777970511708,False,0.15061350380842276,-0.02629316644906827,0.3238,0.570479608482871,False,False,0.024674755397051773,0.1269,0.14147458387309708,-0.01948572420085672,0.3249,0.5268648648648648,False,False,0.19455301589467078,-0.02092599122462177,0.2901,0.5878198874296436,False,False
Zuclopenthixol decanoate,-0.1951248726482731,0.9894683544303796,False,0.08981480379660334,-0.23653312932708145,0.9848,0.9893804651162791,False,False,-0.09590212440611778,0.6223,0.06365519667907416,-0.21189712284854348,0.969,0.9794291062236781,False,False,0.1417935480433793,-0.24219286532667583,0.9848,0.9869276437847866,False,False
Zuclopenthixol hydrochloride,0.2372174899338607,0.0348428571428571,True,0.3316376063950385,0.1698477319644643,0.00791,0.08672893401015228,True,False,0.19221166640781562,0.0028,0.31316335256276806,0.20576510774857723,0.0058,0.05139918367346939,True,False,0.4275779652251058,0.10928090219292372,0.03368,0.1695776223776224,True,False
