section,Drug,items_dispensed,I_raw,p_raw,q_raw,I_adj,p_adj,q_adj
Oral nutrition,Capsules delisted probiotic (0913531),470,0.017103272749056972,0.2319,0.38790197856554,-0.07596228105312755,0.5318,0.7467281660899655
Oral nutrition,Enteral nutrition,8461982,0.1531694714216001,0.03965,0.11204714484679665,0.0677908919787777,0.0771,0.3067370588235294
Oral nutrition,Food replacer discontinued or OTC cakes (0913451),1,-0.02289005032907472,0.4938,0.6410031329923274,-0.05347045994877619,0.4451,0.682105664652568
Oral nutrition,Food replacer discontinued or OTC egg replacer (0913451),60,0.18545440267283927,0.0292,0.08895915915915915,0.09883732878677182,0.04257,0.22173328205128204
Oral nutrition,Food replacer discontinued or OTC meat/fish (0913451),38,-0.04730966590575211,0.6832,0.7934922196796339,-0.0834212230397603,0.6058,0.7905923472668811
Oral nutrition,Food replacer discontinued or OTC milk (0913451),39,-0.04681723326374779,0.5694,0.7023176899696049,-0.09423904864261305,0.6502,0.8176342007434944
Oral nutrition,Food replacer discontinued or OTC pasta (0913451),6,0.01695779993791801,0.0621,0.152175,-0.09819319902364466,0.7463,0.858901134429949
Oral nutrition,Food replacer discontinued or OTC pizza bases (0913451),13,-0.09857247042098435,0.8211,0.8933689174705252,-0.1467828494751398,0.8474,0.9122969247083774
Oral nutrition,Food replacer discontinued or OTC rolls/baguettes (0913451),22,-0.05874135881723792,0.6042,0.7292812611540749,-0.07491403588960117,0.5207,0.7398461484593839
Oral nutrition,Food replacer discontinued or OTC savoury biscuits (0913451),102,-0.042849374007571266,0.723,0.8220575910364145,-0.12009120902392317,0.8443,0.9105703506907545
Oral nutrition,Food replacer discontinued or OTC spreads (0913451),28,-0.01656297936520203,0.2515,0.40921418269230764,-0.11397968943474922,0.832,0.9047861200428724
Oral nutrition,Fructose,27,0.004757382806387786,0.1242,0.25296359077231695,-0.04676453628736076,0.4124,0.6547414710485133
Oral nutrition,Gel OTC glucose for diabetic hypo treatment (0913541),48774,-0.1508928952315041,0.9256,0.9591636363636364,-0.22177122057320656,0.9762,0.9893655344655344
Oral nutrition,Generic Orgran GF pasta rice & corn veg animal shapes,2,-0.04097948122338367,0.9518,0.9719185707096124,-0.2304439448005374,0.9861,0.9909841010401189
Oral nutrition,Glten free /wheat/free /low/protein cooking aids,31,0.012647747520723361,0.299,0.4599476876421531,0.0205181807262633,0.1632,0.44687287449392715
Oral nutrition,Gluten free bread,163336,0.05522319897214958,0.2023,0.3531122957867584,0.04115504688327983,0.1306,0.3955035820895522
Oral nutrition,Gluten free breads,312802,0.0710507679815584,0.1638,0.3049985388127854,0.06482629125515757,0.0881,0.32383134057971014
Oral nutrition,Gluten free mixes,175681,0.04631423908772122,0.2285,0.38316239669421487,0.05536609148777134,0.1043,0.3568713322091063
Oral nutrition,Gluten free pasta,26,-0.10187481200190418,0.9289,0.9601314824248598,-0.3445366480663535,0.9986,0.9992
Oral nutrition,Gluten free pastas,47,-0.13756487927545222,0.9459,0.9712707995951417,-0.3822447738089668,0.9992,0.9992
Oral nutrition,Gluten free/low protein biscuits,13752,-0.033464013752493964,0.6701,0.7822974108170311,-0.12092657090742204,0.8499,0.9131573544973546
Oral nutrition,Gluten free/low protein bread,28496,-0.0265145889228431,0.5301,0.6722330625,-0.10860912192351427,0.8044,0.8939796174863388
Oral nutrition,Gluten free/low protein cereals,3921,-0.05243981507638477,0.8467,0.9051392518440464,-0.14591473383228212,0.9074,0.9418503836317135
Oral nutrition,Gluten free/low protein cooking aids,3,-0.03197831978319782,0.7606,0.8495669785360485,-0.038335111917782605,0.3427,0.600681615120275
Oral nutrition,Gluten free/low protein drink,953,-0.029200777954768192,0.5629,0.6976934025656689,-0.12435542902347671,0.8639,0.9184174436877947
Oral nutrition,Gluten free/low protein grains/flours,6147,-0.03487386373559098,0.7065,0.8098805084745763,-0.12527800326090194,0.8617,0.917789658792651
Oral nutrition,Gluten free/low protein mixes,5987,-0.028967291074162477,0.5364,0.6783560124610591,-0.1274567521694701,0.8696,0.92167616066771
Oral nutrition,Gluten free/low protein pasta,21696,-0.024351771418866755,0.4763,0.6285947402597403,-0.11616753515102438,0.8344,0.9063156316916489
Oral nutrition,Gluten free/wheat free biscuits,31,-0.1129585260393499,0.8955,0.9385173037190082,-0.1073036619435869,0.6873,0.8325562388059702
Oral nutrition,Gluten free/wheat free cereals,33,-0.1055264014351667,0.84,0.9006702060221871,-0.2102850175793063,0.9649,0.981836559679037
Oral nutrition,Gluten free/wheat free grains/flours,2089,0.18000760885457628,0.02633,0.08269902476780186,0.02595690249298423,0.1547,0.4353485436893204
Oral nutrition,Glyc Pdr disc or non-ACBS carbohyd SfI metabol cond (091344),17,0.0024617996393038136,0.2581,0.41660627980922094,-0.17026265779622263,0.9217,0.9502689532520324
Oral nutrition,Liquid OTC cond specific vitamin & mineral supp (0913473),3387,0.27042063031180363,0.00355,0.020404957507082155,-0.10781773613919629,0.6821,0.8305421903052065
Oral nutrition,Liquid OTC glucose for diabetic hypo treatment (0913541),306949,-0.01548349778907387,0.4268,0.581583075889859,-0.12102603084681658,0.7398,0.8554577929465301
Oral nutrition,Liquid OTC probiotic (0913531),206,0.12736391158334442,0.04134,0.11551624484181569,0.019209647691283024,0.1382,0.4081627365356622
Oral nutrition,Liquid additive lactase (0913121),17968,0.2552327460051825,0.00598,0.029124401913875598,-0.06017767288110685,0.4696,0.6975244509516837
Oral nutrition,Liquid disc or non ACBS thickener - gum based (0913411),5,-0.008943089430894308,0.04788,0.12682574412532638,-0.014110685837214473,0.2227,0.4981899669239251
Oral nutrition,Liquid micronutrient supplement (0913282),11153,0.12131675228426084,0.0747,0.17522115606936417,0.04693150183173706,0.1191,0.38254772370486656
Oral nutrition,Low protein biscuits,21972,-0.034034795243834036,0.4613,0.6153699539776463,-0.12234582388357883,0.8192,0.9004099674972914
Oral nutrition,Low protein bread,5099,-0.04315758107273409,0.6513,0.7657535341830822,-0.12687241898632245,0.8463,0.9119185873605948
Oral nutrition,Low protein breads,7227,-0.014773407137274455,0.319,0.47732374631268437,-0.11519528835729992,0.8223,0.9012077998924153
Oral nutrition,Low protein cakes,5417,-0.05083576789513264,0.8989,0.9396538382277178,-0.14489330280082224,0.9114,0.9436920408163265
Oral nutrition,Low protein cereals,7280,-0.08769820181453217,0.9926,0.9975162951956414,-0.03722271406091308,0.339,0.600681615120275
Oral nutrition,Low protein cooking aids,2882,-0.10290130503562643,0.987,0.9933645833333333,-0.10251632366784244,0.7029,0.8381844300822562
Oral nutrition,Low protein desserts,5399,-0.03144701023659534,0.5647,0.6987268411442483,-0.13630343439850826,0.888,0.9315574160206718
Oral nutrition,Low protein grains/flours,4261,-0.08560966069503106,0.9904,0.9962923153197818,-0.05694910334597565,0.4442,0.682105664652568
Oral nutrition,Low protein meals,8098,-0.027793553845572163,0.5513,0.6887855295566503,-0.12672363338583856,0.8653,0.9187303506017791
Oral nutrition,Low protein miscellaneous,1391,-0.02145786314273682,0.4138,0.5684496953283683,-0.12147286021773278,0.8543,0.9157832012678289
Oral nutrition,Low protein mixes,38538,0.1560483773841044,0.03182,0.09536599704579025,-0.045982112940916885,0.3844,0.633383698296837
Oral nutrition,Low protein pasta,8137,-0.09636429532429697,0.9991,1.0,-0.047011749100070804,0.4017,0.6463515463917526
Oral nutrition,Low protein pastas,13196,-0.09162252660030833,0.9992,1.0,-0.04861405407768296,0.413,0.6551813917122752
Oral nutrition,Low protein risotto,225,-0.024637189374962027,0.4811,0.6323541450777203,-0.11342672397239612,0.8252,0.9012077998924153
Oral nutrition,Low protein snacks,1857,-0.015416642394088412,0.2575,0.41630039808917196,-0.11942913365222771,0.8428,0.9105650692225772
Oral nutrition,Maltodextrin,14431,0.05342034481211155,0.1741,0.3176698741007194,-0.026124493892169295,0.3106,0.5757773017319964
Oral nutrition,Other food for special diet preparations,1715605,0.033623528732517685,0.2607,0.41815043478260866,0.010107139918164611,0.2051,0.4855868144690782
Oral nutrition,"Pdr 2.4 kcal/ml m/sk lower volume, higher protein (0913011)",20150,-0.08261833116458803,0.717,0.8168405390230207,-0.15530338808712232,0.8641,0.9184174436877947
Oral nutrition,Pdr 3.7 kcal/g energy and higher protein fortifier (0913141),12200,-0.09999127952681587,0.9949,0.9983442631058358,-0.07818787714934905,0.6135,0.7969215749039693
Oral nutrition,Pdr 3.8 - 4.9 kcal/g energy (carbohyd) fortifier (0913142),72356,-0.05115563739007952,0.6695,0.7820469199769718,-0.07683877373982871,0.591,0.7840098243331164
Oral nutrition,Pdr disc or non ACBS energy and protein fortifier (0913391),265,-0.022474911996313917,0.4325,0.5862007348029392,0.02686097887253457,0.04952,0.24506360975609756
Oral nutrition,Pdr disc/non ACBS Protein SfI metabolic cond (inf) (091357),26,0.04361827471036715,0.1963,0.34429922279792746,-0.049291609309385996,0.4022,0.646643264659271
Oral nutrition,Pdr disc/non ACBS protein SfI metabolic condition (0913442),39,-0.018118466898954706,0.3335,0.4906972443799855,-0.08683638751039402,0.659,0.8203134969325154
Oral nutrition,Pdr disc/non ACBS protein SfI metabolic condition (0913445),2674,-0.0442279276557864,0.7531,0.8495669785360485,-0.014966456797938146,0.1938,0.4741631894484412
Oral nutrition,Pdr disc/non ACBS protein SfI metabolic condition (0913447),85,-0.03679309052191466,0.8383,0.899476837652036,-0.0013342467506008437,0.1193,0.38254772370486656
Oral nutrition,Pdr disc/non ACBS single L-amino acid supplement (0913445),780,-0.02602667318718303,0.4537,0.6074970355731225,-0.12512151158916004,0.7649,0.8717985978687605
Oral nutrition,Powder 1 - 2.2 kcal/ml soup (0913011),69170,0.15240756512727424,0.04274,0.11798565986394557,0.03162015739406793,0.1454,0.4196537695590327
Oral nutrition,Powder 1 kcal/g peptide based formula (0913091),2206,-0.06798988425017083,0.6695,0.7820469199769718,-0.1413524674208107,0.8506,0.9131573544973546
Oral nutrition,Powder 1.3 kcal/ml milkshake pre-thickened (0913051),579,0.02779091636740472,0.2701,0.4271495713172253,0.01854782691321952,0.1651,0.4482737333333333
Oral nutrition,Powder 1.3 kcal/ml milkshake pre-thickened (0913671),1915,0.021936700288916443,0.2653,0.4218602664576802,0.002150856286320478,0.2087,0.4883593103448276
Oral nutrition,Powder 1.4 - 1.6 kcal/ml milkshake with fibre (0913011),25280,0.03674182620213721,0.2594,0.41687602848101263,-0.031170823441189974,0.3485,0.6035063139931741
Oral nutrition,Powder 1.4 kcal/ml milkshake (0913021),13703,0.3702504433241392,0.00017,0.0024120979020979022,-0.18078827386554622,0.9129,0.9440744648318043
Oral nutrition,Powder 1.5 kcal/ml smoothie (0913011),71434,0.08158085393752007,0.1321,0.2651146389713155,-0.05158659744897077,0.4378,0.6758190114068441
Oral nutrition,Powder 1.5 kcal/ml smoothie plant based (0913011),54582,0.014155796201323735,0.32,0.4777630610743193,-0.09933881140304901,0.654,0.8203134969325154
Oral nutrition,Powder 1.6 kcal/ml milkshake (0913011),1410103,0.13320397225878933,0.058,0.14546600741656365,0.022341410827074883,0.1667,0.4497796542553191
Oral nutrition,Powder 1.6 kcal/ml milkshake with fibre (0913011),9339,0.06809244228202667,0.1566,0.29695457943925235,0.004155997022120381,0.222,0.4981899669239251
Oral nutrition,Powder 1.7 kcal/ml milkshake pre-thickened (0913051),2224,-0.06349194057536026,0.6573,0.7705745811669554,-0.13812783257957556,0.83,0.9044414607948442
Oral nutrition,Powder 1.7 kcal/ml milkshake pre-thickened (0913671),7433,-0.0940157945568037,0.7586,0.8495669785360485,-0.10932364018620001,0.702,0.8381844300822562
Oral nutrition,Powder 10g GMP protein equivalent (0913205),1037,-0.044723301906415866,0.5887,0.7165400719856029,-0.043859179358172164,0.3437,0.600681615120275
Oral nutrition,Powder 10g GMP protein equivalent (0913206),118,-0.056749362116255225,0.9296,0.9603657841140529,0.004707525324882589,0.1152,0.3773743961352657
Oral nutrition,Powder 10g protein equivalent (0913205),954,-0.027488956104982594,0.4169,0.5719338066260987,-0.0016848259637141309,0.1575,0.43924505494505495
Oral nutrition,Powder 10g protein equivalent (0913221),1676,-0.11310288437714362,0.9763,0.9871165836653387,-0.05136998971782635,0.3981,0.6451636581469649
Oral nutrition,Powder 10g protein equivalent (0913222),599,-0.06053523974415378,0.9067,0.946344804526749,-0.040012499912766016,0.3492,0.6036879897785349
Oral nutrition,Powder 10g protein equivalent (0913225),1083,-0.05267927112904154,0.9337,0.9637233977619533,-0.002201577438080788,0.1359,0.40669121522694
Oral nutrition,Powder 10g protein equivalent (0913226),10409,-0.06717446791139567,0.9807,0.98978070611636,-0.034936201076437946,0.3068,0.573730138248848
Oral nutrition,Powder 10g protein equivalent (0913227),476,0.01985458836705996,0.1824,0.3278030115146147,-0.0035218531643178537,0.1665,0.4497796542553191
Oral nutrition,Powder 15g GMP protein equivalent (0913205),1597,0.009261993884746737,0.0683,0.1638069739952719,-0.07041137957010775,0.5687,0.7715896390374332
Oral nutrition,Powder 15g protein equivalent (0913201),329,0.0007434580432005638,0.0522,0.13509413265306125,-0.07241571210180046,0.5807,0.7795490416391276
Oral nutrition,Powder 15g protein equivalent (0913204),354,0.14007997892460874,0.04184,0.11645179698216736,0.027557837975991956,0.1243,0.38656483180428136
Oral nutrition,Powder 15g protein equivalent (0913205),2665,-0.037554578803029384,0.5557,0.6922763658686311,-0.05802568128112873,0.4726,0.7014670080468178
Oral nutrition,Powder 15g protein equivalent (0913206),105,0.11430154347768268,0.054,0.13816645649432535,-0.005685966426652107,0.1941,0.4741631894484412
Oral nutrition,"Powder 2 kcal/ml m/sk higher volume, higher energy (0913011)",116046,0.11580748061300297,0.0802,0.18366343115124154,-0.012753411443441264,0.2785,0.5544750242954325
Oral nutrition,Powder 2.3 - 2.4 kcal/ml milkshake lower volume (0913011),374984,0.2053802374826949,0.01526,0.057588903345724904,0.05424140884080024,0.0982,0.344474438687392
Oral nutrition,Powder 2.6 kcal/g dessert style (milk based) (0913011),8329,0.06248847749758826,0.1757,0.31944023297491037,-0.0029255784577764885,0.2418,0.519716313559322
Oral nutrition,Powder 2.6 kcal/ml dessert style (milk based) (0913011),15240,0.06119269633616679,0.168,0.30866506787330317,-0.04180078796268513,0.3881,0.6362340872374798
Oral nutrition,Powder 2.7 kcal/ml milkshake pre-thickened (0913051),6,-0.04142015875101741,0.6007,0.7259203692674211,-0.08373035662761397,0.6258,0.8031297912713472
Oral nutrition,Powder 2.7 kcal/ml milkshake pre-thickened (0913671),1,-0.03197831978319784,0.7606,0.8495669785360485,-0.038335111917782605,0.3427,0.600681615120275
Oral nutrition,Powder 20g GMP protein equivalent (0913205),14610,0.03394433247639262,0.0973,0.2118258583690987,-0.06347410892305683,0.5097,0.7309841213832039
Oral nutrition,Powder 20g protein equivalent (0913201),1022,-0.09790232492751329,0.967,0.9810215,-0.107082309027953,0.7234,0.843630711825488
Oral nutrition,Powder 20g protein equivalent (0913204),598,-0.02862602793695755,0.4009,0.5567598220396988,-0.08426310075574082,0.5937,0.7840098243331164
Oral nutrition,Powder 20g protein equivalent (0913205),8517,-0.0882486611777423,0.9586,0.9768957307885484,-0.08656222201875434,0.6033,0.7902489993544222
Oral nutrition,Powder 20g protein equivalent (0913206),337,-0.042689184303949024,0.5113,0.6570156428119063,-0.05097164463456968,0.398,0.6451636581469649
Oral nutrition,Powder 25g protein equivalent per 100g (0913207),427,-0.007904621456259394,0.3715,0.5294778089887641,0.01610681776674629,0.1815,0.4643928121059268
Oral nutrition,Powder 28g protein equivalent per 100g (0913223),21,-0.03570316406810257,0.8325,0.8992502125398512,0.00629008580547297,0.0906,0.3294397849462366
Oral nutrition,Powder 3.7 kcal/g energy and protein fortifier (0913081),13930,0.20670934680004183,0.01604,0.05949755027422303,0.14350895531821764,0.0141,0.12805244444444444
Oral nutrition,Powder 39g protein equivalent per 100g (0913201),6,-0.05169033921054433,0.7536,0.8495669785360485,-0.07175285456510117,0.535,0.7475998622589533
Oral nutrition,Powder 39g protein equivalent per 100g (0913204),111,-0.045104293590532106,0.8509,0.9077161409043113,-0.019728425304272185,0.216,0.49623280542986425
Oral nutrition,Powder 39g protein equivalent per 100g (0913205),1242,-0.06045455166498662,0.6294,0.7474888238736104,0.0004264926555856645,0.2069,0.48663198614318703
Oral nutrition,Powder 3:1 formula (0913181),3186,-0.01744649768454907,0.3047,0.4641413663663664,0.022234840777744257,0.05,0.24683698296836984
Oral nutrition,Powder 4.4 kcal/g amino acid based ONS with MCT (0913061),246,0.007682927034813017,0.3065,0.46583408239700375,-0.08547607273018609,0.5778,0.7789742192691029
Oral nutrition,Powder 4.4 kcal/g juice style (0913061),14059,-0.07072761548725205,0.6897,0.7978342645381984,-0.12522130508900461,0.7961,0.8899652341597797
Oral nutrition,Powder 4.6 kcal/g peptide based formula (0913091),1529,-0.0621173139458812,0.6293,0.7474888238736104,-0.10825993092377414,0.6964,0.835435360094451
Oral nutrition,Powder 4.7 kcal/g formula (0913093),462,0.6716485947824127,1e-05,0.00039019230769230776,0.09153951757934255,0.04699,0.23483426108374383
Oral nutrition,Powder 4.8 kcal/g milk replacer (0913081),20,-0.059885193571554335,0.7893,0.8682360433604335,-0.05690418082547042,0.4364,0.6750445884146341
Oral nutrition,Powder 4:1 formula (0913181),5953,-0.03648761402347163,0.7901,0.8684251895991333,0.004146846515746421,0.0971,0.3438322862129145
Oral nutrition,Powder 5 kcal/g formula (0913092),752,-0.02557795097151877,0.4437,0.5965986083499005,-0.004307441068216911,0.2068,0.48663198614318703
Oral nutrition,Powder 5 kcal/g formula (0913093),468,0.3175169965042753,0.00246,0.015646833855799375,-0.14000788787971113,0.8088,0.8951275354416576
Oral nutrition,"Powder 5 kcal/g high energy, low protein formula (0913094)",3093,-0.07975380776130274,0.8696,0.919926173096976,-0.09653792194915362,0.693,0.8349605934718101
Oral nutrition,Powder 5 kcal/g milkshake (0913062),15154,0.4172295805234489,8e-05,0.0014238596491228071,-0.05971886393009806,0.463,0.6933040590405904
Oral nutrition,Powder 5g protein equivalent (0913203),123,-0.04168364558415603,0.5658,0.6987268411442483,0.031057406855304674,0.1219,0.38406071428571426
Oral nutrition,Powder 5g protein equivalent (0913204),580,-0.03219882725346947,0.5949,0.7216646356033454,-0.07439497044470937,0.5824,0.7799931353135314
Oral nutrition,Powder 5g protein equivalent (0913207),1570,0.04649556141957345,0.0762,0.17791691599539702,-0.029141506014201592,0.3054,0.5736007400555041
Oral nutrition,Powder 5g protein equivalent (0913209),357,-0.07851068517454224,0.8212,0.8933689174705252,-0.11472910441711102,0.7641,0.8717985978687605
Oral nutrition,Powder 5g protein equivalent (0913221),620,-0.059807653943491745,0.8475,0.9055173775671407,-0.07202868680806543,0.5403,0.7518989711934156
Oral nutrition,Powder 5g protein equivalent (0913222),220,-0.025058871625410675,0.5238,0.667126035131744,-0.08493670260075899,0.6657,0.8215968978102189
Oral nutrition,Powder 5g protein equivalent (0913224),144,-0.07618946411128975,0.9392,0.966347261663286,-0.011561069662925291,0.1937,0.4741631894484412
Oral nutrition,Powder 5g protein equivalent (0913225),326,-0.016011240872772697,0.2478,0.4054727419354839,-0.07427240400553954,0.5911,0.7840098243331164
Oral nutrition,Powder 5g protein equivalent (0913226),4679,-0.07027328560570441,0.9099,0.9482214175654854,-0.08645988348254316,0.6014,0.7900763260025873
Oral nutrition,Powder 5g protein equivalent (0913227),98,-0.03432784002355574,0.5272,0.6698113963681903,-0.08336244239985735,0.6365,0.8086778334376956
Oral nutrition,Powder 6.7 kcal/g energy and protein fortifier (0913141),39076,0.02406880015251695,0.2909,0.44949916286149166,-0.03448492023145568,0.3549,0.608188487394958
Oral nutrition,Powder 77g protein equivalent per 100g (0913202),81,-0.03525995946287265,0.8373,0.899476837652036,0.00693805898586504,0.0876,0.32383134057971014
Oral nutrition,Powder 77g protein equivalent per 100g (0913203),30,-0.008943089430894306,0.04788,0.12682574412532638,-0.014110685837214471,0.2227,0.4981899669239251
Oral nutrition,Powder 77g protein equivalent per 100g (0913204),156,-0.06500541827421126,0.9277,0.959869097399286,-0.04977832154019593,0.3811,0.6312260408163265
Oral nutrition,Powder 77g protein equivalent per 100g (0913206),8,0.05868811471606618,0.15,0.2891421252371917,0.0008783948866930714,0.1979,0.479143162901308
Oral nutrition,Powder 79g protein equivalent per 100g (0913205),171,-0.04909253876876214,0.8731,0.9231474205315269,-0.013605000857934436,0.1907,0.4741631894484412
Oral nutrition,Powder OTC ONS (0913311),13846,0.19810356384582498,0.00403,0.021976300268096514,0.1897043493916795,0.00438,0.07536285714285715
Oral nutrition,Powder OTC follow on formula (0913511),360,0.05763868952566161,0.1608,0.3015371534195933,-0.16720305153328163,0.8864,0.9304219348163476
Oral nutrition,Powder OTC infant formulae (0913501),582,-0.06259071633217729,0.6278,0.7474888238736104,-0.13174691400132724,0.785,0.8837996126175983
Oral nutrition,Powder OTC milkshake meal replacer (0913521),1,-0.04097948122338367,0.9518,0.9719185707096124,-0.2304439448005374,0.9861,0.9909841010401189
Oral nutrition,Powder OTC or discontinued soup (0913311),16113,0.06930544017429761,0.00883,0.03792603375527426,0.04684736241811045,0.0956,0.3412571177504394
Oral nutrition,Powder amino acid formula (0913107),590287,0.1433594511950022,0.0518,0.13440179028132992,0.13728072321468587,0.01788,0.14171296875
Oral nutrition,Powder amino acid formula (0913131),82715,0.05425293141088433,0.1264,0.25646560000000007,-0.02212964154953846,0.2578,0.5369781762295082
Oral nutrition,Powder amino acid semi solid  (0913131),2543,0.2614269512122242,0.00444,0.023278449612403104,0.0318421861182802,0.1428,0.41450815450643785
Oral nutrition,Powder carbohydrate supplement (0913191),16,0.0006523627087208019,0.154,0.29367105263157894,-0.04352700736313324,0.3981,0.6451636581469649
Oral nutrition,Powder carbohydrate supplement (0913193),2465,0.23734273355109323,0.00771,0.0346546017699115,-0.11108211852349952,0.6932,0.8349605934718101
Oral nutrition,Powder delisted probiotic (0913531),21253,0.2657892657826839,0.00388,0.021451008174386922,0.015776892369158715,0.1883,0.4722629171817058
Oral nutrition,Powder disc or non ACBS carbohydrate supplement (091344),38,0.02880472677135314,0.1868,0.33276312554872695,-0.15097343616375455,0.8617,0.917789658792651
Oral nutrition,Powder disc or non ACBS infant formula (0913444),62,-0.08710991371012156,0.943,0.969274062816616,-0.10973020237208939,0.7487,0.8597126768534239
Oral nutrition,Powder disc or non ACBS lactose free formula (0913352),35091,-0.04187888365304928,0.5619,0.6973058715596331,-0.1308535870118917,0.8056,0.8939796174863388
Oral nutrition,Powder disc or non ACBS pre-thickened formula (0913356),17796,0.0723867595229822,0.1348,0.2683451960784313,-0.002335179398501373,0.2146,0.4947993181818182
Oral nutrition,Powder disc or non ACBS thickener - gum based (0913411),432,0.3285862884870346,0.00248,0.015724750000000003,0.3068099837872439,0.00019,0.0120471875
Oral nutrition,Powder disc or non ACBS thickener - starch based (0913411),1031,0.13003871431007905,0.0615,0.15131525423728814,-0.025396832113509817,0.3224,0.587064605734767
Oral nutrition,Powder discontinued amino acid formula (0913355),17,-0.10594017991133937,0.8173,0.8910809779688339,-0.05302230006783913,0.417,0.6602954758190328
Oral nutrition,Powder discontinued amino acid formula (0913361),94,-0.05584302721256287,0.7751,0.859386830601093,0.017213872216281574,0.0886,0.3250802893309222
Oral nutrition,Powder discontinued extensively hydrolysed formula (0913351),31,-0.00497371758463999,0.347,0.5037667381974249,-0.10143058898925303,0.6705,0.8250118253486962
Oral nutrition,Powder energy (carbohydrate and fat) fortifier (0913211),2748,0.030367258803498012,0.1939,0.34151310763888887,-0.033562594227301616,0.3202,0.5854853153153153
Oral nutrition,Powder energy (carbohydrate) fortifier (0913211),18929,0.29162981479163635,0.00234,0.0152175,0.05676432612240867,0.0957,0.3412571177504394
Oral nutrition,Powder essential fatty acid supplement (0913212),4215,-0.05335317053099504,0.5986,0.7238137067938022,-0.08170555056447244,0.5553,0.7638669152542373
Oral nutrition,Powder extensively hydrolysed formula (0913101),1426258,0.0778969531471658,0.1469,0.28440849236641225,-0.13664860497461395,0.8011,0.8932059340659341
Oral nutrition,Powder extensively hydrolysed formula (0913132),15085,-0.18615275443971177,0.9688,0.9823564217891054,-0.2505810815571481,0.9897,0.9936176645225137
Oral nutrition,Powder extensively hydrolysed formula rice based (0913101),1301,0.2688038641258633,0.00428,0.022792965879265093,0.12463873054109359,0.01954,0.1473853531598513
Oral nutrition,Powder extensively hydrolysed formula with MCT (0913102),16790,0.1757335708738729,0.01667,0.06105312274368231,0.13633767520704998,0.01001,0.10469221649484535
Oral nutrition,Powder fibre fortifier (0913151),38145,-0.048186902105199235,0.5629,0.6976934025656689,0.03207957903230284,0.1401,0.41196628075253255
Oral nutrition,Powder flavour additive (0913301),1379,-0.047715797119116214,0.6054,0.7302952437574317,-0.022938462629726146,0.2658,0.543314300100705
Oral nutrition,Powder flavour additive (0913302),3161,-0.008902424579820673,0.2362,0.3925059787059787,-0.0535109815185004,0.451,0.6857142431021626
Oral nutrition,Powder infant formula (0913231),568,-0.056828854054808926,0.9386,0.966347261663286,5.531123676317913e-05,0.1195,0.38254772370486656
Oral nutrition,Powder infant formula (0913232),254,-0.006089942590950524,0.1353,0.26887727717923604,0.030644747890900725,0.03927,0.21247688
Oral nutrition,Powder infant formula (0913233),37,-0.044758676375565506,0.8538,0.9093754330708662,-0.0036850008020784144,0.1445,0.41824607703281025
Oral nutrition,Powder infant formula (0913234),9,0.05115378087695723,0.1123,0.23514623323013414,0.018963666641357468,0.1003,0.3496713058419244
Oral nutrition,Powder infant formula (0913235),36,-0.03376887340301974,0.8341,0.8992502125398512,0.008844689080453773,0.0809,0.3120648288973384
Oral nutrition,Powder infant formula (0913236),324,-0.06756079836883402,0.9237,0.9581734662576686,-0.01886120687124804,0.2217,0.4981899669239251
Oral nutrition,Powder infant formula (0913237),2772,-0.08841213884178328,0.9824,0.9907005964214712,-0.07096741296977258,0.5177,0.738687271448664
Oral nutrition,Powder infant formula (0913238),103,-0.040695842495975264,0.8483,0.9058455023671752,0.0070340612314485,0.0906,0.3294397849462366
Oral nutrition,Powder infant formula (0913242),684,-0.1445694940062805,0.9372,0.9657586592178771,-0.1622568904531357,0.881,0.9271519709543569
Oral nutrition,Powder infant formula (0913251),3091,-0.017955939633086993,0.4113,0.5669345788043478,0.018464630558683134,0.0951,0.34067160493827164
Oral nutrition,Powder lactose free formula (0913105),27452,0.00344876187668677,0.3578,0.5156080965909091,-0.0477247616189912,0.3972,0.6451636581469649
Oral nutrition,Powder low calcium infant formula (0913109),1715,0.019383026399111266,0.2881,0.4475279051987767,0.014034932257205479,0.1865,0.4700726708074534
Oral nutrition,Powder micronutrient supplement (0913284),7221,-0.0488788285140469,0.6514,0.7657535341830822,-0.03137773729475216,0.3042,0.5729384044526902
Oral nutrition,Powder micronutrient supplement (0913291),53768,-0.07651449926544589,0.7867,0.8666461204557787,-0.10531677929745281,0.7281,0.845861877504293
Oral nutrition,Powder pre-thickened drink (0913171),40,-0.036102779901854475,0.4261,0.5810194220430107,-0.07863277631386167,0.5595,0.7665263335584065
Oral nutrition,Powder pre-thickened formula (0913108),7673,-0.07433678476424357,0.6878,0.7967762557077626,-0.16243655870400076,0.8742,0.922704368174727
Oral nutrition,Powder preterm human milk fortifier (0913651),1417,0.03731307741193573,0.227,0.3819096185737977,-0.036189884946559434,0.3556,0.608188487394958
Oral nutrition,Powder preterm infant formula (0913111),201038,0.1550949613669281,0.04042,0.1140642280945758,-0.13838099962261344,0.8038,0.8939796174863388
Oral nutrition,Powder single L-amino acid supplement (0913213),7096,-0.007129893023046861,0.2289,0.38351618497109824,-0.065656233129853,0.5304,0.746311789181692
Oral nutrition,Powder slow release carbohydrate supplement (0913192),3530,0.019419781116271326,0.2595,0.41687602848101263,-0.0817082446010941,0.5628,0.7685895693135936
Oral nutrition,Powder soya based formula,57,0.007776160919764983,0.3079,0.4676116017964072,-0.14293658502431583,0.8393,0.9087191568836713
Oral nutrition,Powder soya based formula (0913106),2995,0.029694148905949645,0.2735,0.4305131885182312,0.026863796920702572,0.1533,0.4332112813370474
Oral nutrition,Powder thickener - gum based (0913161),1462253,0.04041311994996345,0.2409,0.3970642567018684,-0.04364321172373499,0.4118,0.6543008613938919
Oral nutrition,Powder thickener - starch based (0913161),216687,0.13132998395119497,0.0612,0.15112721749696234,-0.05743259310407253,0.4583,0.6898298961424332
Oral nutrition,Powder: 5g protein equivalent (0913691),148,-0.0517718190826894,0.5522,0.6893109471094712,-0.08223210317531934,0.5797,0.7795490416391276
Oral nutrition,Ready to serve 0.9 kcal/ml juice style liquid (0913061),3361,-0.052485606365963965,0.5797,0.7111313784764207,-0.13391638762775185,0.7882,0.8845452433628319
Oral nutrition,Ready to serve 1 - 1.3 kcal/ml m/sk lower energy (0913011),47453,0.24875476868630758,0.00585,0.028809830097087378,0.1291826855288724,0.02202,0.1565025874125874
Oral nutrition,Ready to serve 1 kcal/ml milkshake (0913061),2729,-0.008731827844090266,0.3782,0.5357408362369338,-0.025025289218855117,0.2915,0.5611513282732448
Oral nutrition,Ready to serve 1 kcal/ml milkshake lower energy (0913021),56273,0.0658840140535029,0.154,0.29367105263157894,-0.07938399869544101,0.5547,0.7635592265943012
Oral nutrition,Ready to serve 1 kcal/ml milkshake style (0913091),13972,-0.05418709967907239,0.7419,0.840958156424581,-0.10015899808334985,0.7209,0.843630711825488
Oral nutrition,Ready to serve 1.3 - 1.5 kcal/ml milkshake (0913031),47,-0.09423931515833611,0.7871,0.8666461204557787,-0.09494877419239516,0.6355,0.8086778334376956
Oral nutrition,Ready to serve 1.3 - 1.5 kcal/ml milkshake (0913631),2,-0.0656019160710856,0.8911,0.9363241325737959,-0.1422954792864382,0.8823,0.9280387247278382
Oral nutrition,Ready to serve 1.5 kcal/ml juice style (0913011),1193271,0.2745940016436775,0.00244,0.015617539432176655,-0.016297218591456268,0.2848,0.5560240384615385
Oral nutrition,Ready to serve 1.5 kcal/ml juice style (0913021),16439,-0.04807309489544043,0.5883,0.7164830132052822,-0.099163228995611,0.6577,0.8203134969325154
Oral nutrition,Ready to serve 1.5 kcal/ml milkshake (0913011),2888634,0.2589187357652113,0.00434,0.02304477806788512,0.2362060954004349,0.00098,0.033140333333333334
Oral nutrition,Ready to serve 1.5 kcal/ml milkshake (0913021),86837,0.2272273005166025,0.01103,0.0453952738336714,-0.010992290885309845,0.2576,0.5369781762295082
Oral nutrition,Ready to serve 1.5 kcal/ml milkshake (0913091),4858,-0.09544560156699361,0.9138,0.9512368205128205,-0.1621796511971263,0.9209,0.9499268429079817
Oral nutrition,Ready to serve 1.5 kcal/ml milkshake (0913311),816,0.1358458407961589,0.055,0.14037106918238992,0.1255379940820462,0.02465,0.16519943894389438
Oral nutrition,Ready to serve 1.5 kcal/ml milkshake lower volume (0913041),33,0.023516077527375053,0.2357,0.3919961475409836,-0.08004217281684667,0.5666,0.7715646979865771
Oral nutrition,Ready to serve 1.5 kcal/ml milkshake lower volume (0913641),1,-0.03336236933797908,0.8049,0.8804000539083557,-0.0798329905440563,0.6236,0.8028454314720812
Oral nutrition,Ready to serve 1.5 kcal/ml milkshake plant based (0913011),16214,0.10928822198923802,0.0808,0.18462072072072072,0.0633249429223995,0.0786,0.31027120622568094
Oral nutrition,Ready to serve 1.5 kcal/ml milkshake with fibre (0913021),141943,-0.03493609065402814,0.4989,0.6447567515923567,-0.10737610175659941,0.6772,0.829733574879227
Oral nutrition,Ready to serve 1.5 kcal/ml smoothie (0913021),15149,-0.033437580184160126,0.511,0.6570156428119063,-0.04819436241759871,0.4111,0.6537005485893418
Oral nutrition,Ready to serve 1.5 kcal/ml yoghurt style drink (0913011),14034,0.02849939355521211,0.2785,0.4366897217928903,-0.06753006467601858,0.5031,0.7273473646723647
Oral nutrition,Ready to serve 1.5 kcal/ml yoghurt style drink (0913311),1140,-0.06285097585430845,0.6356,0.7517705128205128,-0.11898114564053384,0.7276,0.845861877504293
Oral nutrition,Ready to serve 1.6 kcal/ml milkshake lower volume (0913031),203,0.013350494565110154,0.3016,0.46115026375282586,-0.012278539838291719,0.2569,0.5364742798353909
Oral nutrition,Ready to serve 1.6 kcal/ml milkshake lower volume (0913631),3,-0.018535969387015162,0.1275,0.2576668326693227,-0.0675940957133884,0.4933,0.7197702586206897
Oral nutrition,Ready to serve 1.8 kcal/ml milkshake (0913081),3607,0.2507842025812837,0.00638,0.030316206088992978,0.018494910796177065,0.1808,0.4643928121059268
Oral nutrition,Ready to serve 100% MCT liquid (0913181),9500,-0.04034405242025249,0.584,0.7138168674698795,-0.03283970840393191,0.3093,0.5757773017319964
Oral nutrition,Ready to serve 10g GMP protein equivalent (0913205),194,-0.042348538222436574,0.8371,0.899476837652036,-0.005690724166651095,0.1422,0.41450815450643785
Oral nutrition,Ready to serve 10g protein equivalent (0913201),348,0.007587041050831231,0.03908,0.11074486033519552,-0.06712634188623691,0.5464,0.7577892002734108
Oral nutrition,Ready to serve 10g protein equivalent (0913204),404,-0.03961127840553582,0.6608,0.773666012694749,-0.09986486990924762,0.7195,0.843630711825488
Oral nutrition,Ready to serve 10g protein equivalent (0913205),5172,-0.040352694697264595,0.4108,0.566630319510537,-0.05736506529592628,0.4247,0.6659322256568779
Oral nutrition,Ready to serve 10g protein equivalent (0913206),255,-0.028814494438381077,0.5654,0.6987268411442483,-0.09031278847356754,0.689,0.8331233611442193
Oral nutrition,Ready to serve 10g protein equivalent (0913222),43,-0.03738230214923639,0.8383,0.899476837652036,-0.003415274802208828,0.1272,0.3898622356495468
Oral nutrition,Ready to serve 10g protein equivalent (0913225),331,-0.05453006969135699,0.744,0.8423973214285715,-0.0823042879408967,0.6007,0.789902981205444
Oral nutrition,Ready to serve 10g protein equivalent (0913226),2509,-0.07145474977725848,0.9287,0.9601314824248598,-0.044382439732904094,0.3514,0.6059418011894647
Oral nutrition,Ready to serve 10g protein equivalent (0913227),39,-0.039843844564815746,0.8568,0.9111358490566038,0.007904529495510435,0.0865,0.3235937384898711
Oral nutrition,Ready to serve 15g GMP protein equivalent (0913205),1917,-0.017137707264057545,0.2771,0.4355041828040279,-0.1116027057705183,0.8167,0.898635737527115
Oral nutrition,Ready to serve 15g protein equivalent (0913201),663,0.0017489575583025604,0.04896,0.12918054616384914,-0.07410426649039772,0.5935,0.7840098243331164
Oral nutrition,Ready to serve 15g protein equivalent (0913204),747,-0.04366523028201031,0.6416,0.7559851335656214,-0.10803552563487859,0.7584,0.8679038917089679
Oral nutrition,Ready to serve 15g protein equivalent (0913205),3983,-0.02178331054615853,0.3885,0.5447591568762958,-0.09279084615639334,0.7063,0.8390413934426231
Oral nutrition,Ready to serve 15g protein equivalent (0913206),510,-0.03376432079033066,0.6977,0.8034241203178206,-0.09334462375766697,0.7062,0.8390413934426231
Oral nutrition,Ready to serve 15g protein equivalent (0913226),102,-0.038379889527398854,0.8448,0.9040607594936708,-0.0402863392210059,0.3586,0.6098905280804694
Oral nutrition,"Ready to serve 2 kcal/ml milkshake, lower volume (0913081)",6563,0.027733527941656785,0.2375,0.3932221859706362,0.0003427810208258705,0.2077,0.48663198614318703
Oral nutrition,Ready to serve 2.4 kcal/ml milkshake higher volume (0913011),243179,0.08224469481129586,0.1212,0.24864994944388272,-0.08436186331454087,0.5854,0.7824615283267458
Oral nutrition,Ready to serve 2.4 kcal/ml milkshake lower volume (0913011),2507157,0.049969838503749364,0.214,0.36672804054054053,-0.022725606002985003,0.3113,0.5757773017319964
Oral nutrition,Ready to serve 2.4 kcal/ml milkshake lower volume (0913021),47524,0.10495454449633491,0.0813,0.18555421822272214,-0.09724660948791107,0.6498,0.8176342007434944
Oral nutrition,Ready to serve 2.4 kcal/ml milkshake lower volume (0913051),22767,0.2663884233342876,0.00409,0.02218879679144385,-0.0007079939832423827,0.2346,0.5123825618945103
Oral nutrition,Ready to serve 2.5:1 milkshake with fibre (0913181),2070,-0.034051631508986734,0.7589,0.8495669785360485,0.007580817452569526,0.0873,0.32383134057971014
Oral nutrition,Ready to serve 20% MCT liquid (0913181),906,-0.05565353789106236,0.6384,0.7535273996509598,-0.05530936030121594,0.4472,0.6827867017280241
Oral nutrition,Ready to serve 20g GMP protein equivalent,3173,-0.012604675609965832,0.1993,0.34830292850990524,-0.08171740466755154,0.6437,0.8132424034869241
Oral nutrition,Ready to serve 20g GMP protein equivalent (0913206),674,-0.01546731653536484,0.2355,0.3919848236259229,-0.08576653669363872,0.6657,0.8215968978102189
Oral nutrition,Ready to serve 20g protein equivalent (0913201),1452,-0.07588199242356652,0.8637,0.9165519351464435,-0.15017439044203237,0.8907,0.9334867252066117
Oral nutrition,Ready to serve 20g protein equivalent (0913204),1007,-0.10948216337103861,0.9338,0.9637233977619533,-0.06790639325076955,0.483,0.71015
Oral nutrition,Ready to serve 20g protein equivalent (0913205),25157,-0.05844243121359205,0.6993,0.8040128045325778,-0.0779841603438104,0.5474,0.7586575136612023
Oral nutrition,Ready to serve 20g protein equivalent (0913206),491,-0.04320210883964911,0.5288,0.6711307692307693,-0.1390754062947028,0.8617,0.917789658792651
Oral nutrition,Ready to serve 3.3 kcal/ml higher protein dessert (0913141),20909,-0.046056974275892226,0.5722,0.7043053972104305,-0.02665280178627307,0.3142,0.5795561818181818
Oral nutrition,Ready to serve 33.5% MCT liquid (0913181),4218,-0.03346499169079591,0.5954,0.7216646356033454,-0.07960045273792751,0.6205,0.8019073248407643
Oral nutrition,Ready to serve 3:1 dessert (0913181),8299,-0.06314096192223288,0.8115,0.8857092522861754,-0.08022975020150407,0.6046,0.7905923472668811
Oral nutrition,Ready to serve 4.5 - 5 kcal/ml energy (fat) liquid (0913142),128757,-0.10185953716324508,0.8296,0.8992502125398512,-0.11685603911309415,0.7364,0.8528285388127854
Oral nutrition,Ready to serve 4:1 milkshake with fibre (0913181),14155,-0.02203204798613774,0.3245,0.4821474377745241,0.010505379753834714,0.0926,0.3349115864527629
Oral nutrition,Ready to serve 50% MCT liquid (0913181),12212,-0.02803999045549301,0.56,0.6966523605150214,-0.008414352030733587,0.1545,0.4353485436893204
Oral nutrition,Ready to serve disc or non ACBS m/sk higher protein (091334),1,-0.025638792102206744,0.5493,0.6874597042513864,-0.08594958809938179,0.6682,0.8231802064359441
Oral nutrition,Ready to serve discontinued  pre-thickened drinks (0913421),47,0.003980333139264275,0.2145,0.36716866048862673,-0.05137040227466868,0.3847,0.633383698296837
Oral nutrition,Ready to serve discontinued dessert (0913311),92,0.09209981103529803,0.03868,0.10987815384615383,0.012562962188394847,0.1689,0.4509479057591623
Oral nutrition,Ready to serve discontinued juice (0913311),4,-0.03336236933797908,0.8049,0.8804000539083557,-0.0798329905440563,0.6236,0.8028454314720812
Oral nutrition,"Ready to serve infant formula, high energy (0913104)",132554,0.2924431493981898,0.00201,0.0135943,-0.20957270034307027,0.9585,0.9772846733668342
Oral nutrition,Ready to serve non ACBS oil (0913481),82,-0.07397727492300067,0.8667,0.9192547307893362,-0.02387077462335354,0.2698,0.5482746015936254
Oral nutrition,Ready to serve non ACBS preparation for surgery ONS(0913341),80,0.1571020702224252,0.04136,0.11551624484181569,-0.0014971868673628475,0.2361,0.5131154175588865
Oral nutrition,Ready to serve pre-thickened drink (0913171),935,-0.004200888806259066,0.3698,0.5280254750175932,-0.14545372764108164,0.825,0.9012077998924153
Oral nutrition,Ready to serve preterm infant formula (0913111),38540,0.2607643949951785,0.00419,0.022550424403183025,0.0013156279416650998,0.2206,0.4981899669239251
Oral nutrition,"RtS  2.4 kcal/ml m/sk high volume, higher protein (0913011)",12,-0.023069106221160207,0.4518,0.6066857710125744,-0.11168891120470452,0.6974,0.835435360094451
Oral nutrition,"RtS  2.4 kcal/ml m/sk lower volume, higher protein (0913011)",1207430,0.07366583053860906,0.1549,0.2948331144465291,0.04260516763020503,0.1212,0.3836424336973479
Oral nutrition,RtS 1 kcal/ml milkshake lower energy with fibre (0913021),58816,0.04436107403288014,0.1643,0.3049985388127854,-0.04043457460552161,0.3621,0.6134303913405494
Oral nutrition,RtS 1.3 kcal/g dessert style (fruit based) (0913051),4178,0.2976413483754176,0.00315,0.018742961876832845,0.20727665689066407,0.00292,0.060455918367346935
Oral nutrition,RtS 1.3 kcal/ml dessert style (fruit based) (0913051),4473,0.29635360295977314,0.00127,0.009835229007633589,0.14797371916916702,0.01209,0.11516718309859154
Oral nutrition,RtS 1.4 - 2 kcal/g dessert style (milk based) (0913011),249320,0.34453294661727707,0.00067,0.006096098654708521,0.19008544431617874,0.00511,0.081001484375
Oral nutrition,RtS 1.4 - 2 kcal/ml dessert style (milk based) (0913011),286872,0.31883366403446384,0.00087,0.007479788135593221,0.1321008951703874,0.02144,0.15317521126760564
Oral nutrition,RtS 1.4 - 2 kcal/ml dessert style (milk based) (0913311),532,-0.11100450294980972,0.8243,0.8958246920192823,-0.17323728167367866,0.9047,0.9417014351614557
Oral nutrition,RtS 1.4 kcal/ml energy and higher protein liquid (0913141),33713,0.519119799950667,5e-05,0.000994607843137255,0.4152876377158734,1e-05,0.006763333333333334
Oral nutrition,RtS 1.4-1.5kcal/ml energy & higher protein liquid (0913141),40602,0.5093763438198787,2e-05,0.0005270129870129871,0.41869319942859895,1e-05,0.006763333333333334
Oral nutrition,RtS 1.5 - 1.6 kcal/ml milkshake higher protein (0913011),213951,0.08771285231445909,0.109,0.2306162669447341,-0.010132828534581919,0.2486,0.5270735632183907
Oral nutrition,RtS 1.5 - 1.6 kcal/ml milkshake with fibre (0913011),94838,0.009525827424252458,0.3224,0.4805291269258987,0.00723042637240167,0.187,0.47016480793060716
Oral nutrition,RtS 1.5 kcal/g dessert style (milk based) (0913021),34515,0.1472206039646016,0.04575,0.12365822902796271,0.007525685110191864,0.1944,0.4741631894484412
Oral nutrition,"RtS 1.5 kcal/ml m/sk higher protein, higher energy (0913061)",56299,0.033502111601862485,0.2256,0.3801847176079734,-0.045512931832003174,0.3897,0.6371485092667204
Oral nutrition,"RtS 1.5kcal/ml m/sk, higher protein, pre-thickened (0913051)",52798,0.1176840625945363,0.0776,0.1801491990846682,0.03332444973390455,0.1397,0.41139521044992744
Oral nutrition,RtS 1.6 kcal/g dessert style (fruit based) (0913011),171,0.054179728102025634,0.0874,0.19725761957730814,-0.031671888306588195,0.3175,0.5829932126696833
Oral nutrition,RtS 1.6 kcal/ml dessert style (fruit based) (0913011),236,0.1989182440338111,0.00702,0.03237177272727273,0.07937601543947054,0.03266,0.18987719197707736
Oral nutrition,RtS 2 - 2.4 kcal/ml m/sk lower volume with fibre (0913011),120455,0.007609272083642217,0.2543,0.4124498001598722,0.002506273469937211,0.1526,0.4324377094972067
Oral nutrition,"RtS 2 kcal/ml m/sk high protein, high energy+fibre (0913011)",44423,0.021304623312892252,0.2092,0.36032835314091677,-0.025653295975645213,0.2835,0.5554803278688525
Oral nutrition,RtS 2-2.4 kcal/ml m/sk hi prot hi eng plant based (0913011),318,0.004415067430635838,0.3438,0.5011280172413793,0.03087239734706273,0.1378,0.40757463556851314
Oral nutrition,"RtS 2-2.4 kcal/ml m/sk higher protein,higher energy(0913011)",760683,0.2115220933907747,0.01302,0.051097833655706,0.016225688254946236,0.1636,0.447035397039031
Oral nutrition,RtS 2.4 kcal/ml dessert style (milk based) (0913051),1545,0.11621057887129156,0.079,0.18244915062287656,-0.09494748513448376,0.6221,0.8024417673235855
Oral nutrition,RtS 2.4 kcal/ml milkshake lower volume with fibre (0913021),65400,0.07986540398683264,0.1045,0.22342518440463643,0.0714120626688796,0.0547,0.25631939953810623
Oral nutrition,RtS 2.5 kcal/ml energy (carbohydrate) liquid (0913142),3260,0.18101616758719608,0.02127,0.07063310965630114,0.1672876515912108,0.00851,0.09483133689839571
Oral nutrition,RtS 3.3 - 4 kcal/ml energy with protein liquid (0913141),408097,0.28026837777089925,0.00259,0.016320217391304345,-0.03759977839758623,0.376,0.6268726376335251
Oral nutrition,RtS 3.3 kcal/ml energy and higher protein liquid (0913141),37117,-0.027865237272519584,0.4839,0.6342426081342802,-0.06604138713772074,0.4936,0.7197702586206897
Oral nutrition,RtS OTC dietary supp for early alzheimers disease (0913551),474,-0.008742254219236035,0.3831,0.538957519057519,-0.10200484552726204,0.6486,0.8172675977653632
Oral nutrition,RtS disc condition specific complete infant formula(0913381),1,-0.027671312427409996,0.6286,0.7474888238736104,-0.014587027845556173,0.1919,0.4741631894484412
Oral nutrition,RtS disc or non ACBS energy and protein fortifier (0913391),1880,0.026049177015537866,0.2618,0.4185911741528762,-0.03135992108138411,0.3356,0.5988851363236588
Oral nutrition,"RtS extensively hydrolysed formula, high energy (0913103)",23219,0.06046226648750085,0.144,0.2819468659594985,0.0241660957686129,0.1339,0.4036895988112927
Oral nutrition,Specialist food replacer 3:1 bread (0913181),620,-0.037613484908368335,0.5156,0.6612847029077117,-0.09554018019705666,0.6316,0.8075087586641463
Oral nutrition,Specialist food replacer 3:1 breakfast cereal (0913181),2016,0.08219534993267516,0.1271,0.25762827172827174,-0.031388786893265144,0.3355,0.5988851363236588
Oral nutrition,Specialist food replacer 3:1 confectionery (0913181),1642,0.20942133642361133,0.01587,0.05901194139194138,-0.09411892069989831,0.6221,0.8024417673235855
Oral nutrition,Specialist food replacer 3:1 ready meal (0913181),1331,-0.08597233984527769,0.744,0.8423973214285715,-0.1792310312244962,0.9199,0.9493779755849441
Oral nutrition,Specialist food replacer 3:1 savoury biscuit (0913181),1475,0.08551903510171911,0.1305,0.26242269573835486,-0.08266074445913323,0.5734,0.775310039893617
Oral nutrition,Specialist food replacer 4.3:1 flour type mixes (0913181),192,0.01933818835676436,0.2464,0.40448673139158575,-0.12770012646758663,0.8046,0.8939796174863388
Oral nutrition,Specialist food replacer 4.5:1 flour type mixes (0913181),103,-0.07601868573830103,0.7645,0.851556719692814,-0.14156387261905504,0.8592,0.917789658792651
Oral nutrition,Specialist food replacer 4.8:1 confectionary (0913181),512,0.07890699775070262,0.1357,0.26940831702544027,-0.01562701939850288,0.2825,0.5550778315585673
Oral nutrition,Specialist food replacer OTC or disc bread (0913461),150,0.05630496705163416,0.1698,0.3109424187725632,-0.01791102877568016,0.2812,0.5544750242954325
Oral nutrition,Specialist food replacer OTC or disc pasta (0913461),27,0.13270087050178783,0.0566,0.14301544209215442,0.07740869638285551,0.04436,0.2276988888888889
Oral nutrition,Specialist food replacer OTC pasta (0913461),18,-0.16420219625088175,0.9972,0.9996634387351778,-0.26049344279249265,0.9935,0.9949711253701876
Oral nutrition,Specialist food replacer OTC pizza bases (0913461),13,0.054091003930143704,0.1629,0.30434999999999995,0.01546424614428761,0.1728,0.456525
Oral nutrition,Specialist food replacer OTC/disc breakfast cereal (0913461),25,-0.12455891249527705,0.8689,0.9196651538862807,-0.12575935178254743,0.7535,0.8647350113122172
Oral nutrition,Specialist food replacer OTC/disc flour additives (0913461),222,0.3629985992272295,0.00064,0.005875837104072399,0.23799318540782322,0.0012,0.039270967741935475
Oral nutrition,Specialist food replacer OTC/disc flour type mixes (0913461),66,-0.01533092097610697,0.3697,0.5280254750175932,-0.05485382963693135,0.4234,0.6645641918020108
Oral nutrition,Specialist food replacer OTC/disc rolls/baguettes (0913461),110,-0.004092332845349548,0.2937,0.4524808656036447,-0.07305751739101803,0.5339,0.7475998622589533
Oral nutrition,Specialist food replacer OTC/disc savoury biscuits (0913461),9,-0.03267256934652337,0.6924,0.8005011965811966,-0.023225933431464188,0.2417,0.519716313559322
Oral nutrition,Specialist food replacer OTC/disc sweet biscuits (0913461),4,0.05964591768669749,0.0971,0.21161750805585394,-0.2609616898442664,0.991,0.9939391992090955
Oral nutrition,Specialist food replacer bread (0913261),29793,-0.028626724063628824,0.565,0.6987268411442483,-0.11407591934676886,0.8239,0.9012077998924153
Oral nutrition,Specialist food replacer bread (0913271),508473,0.030472456132322464,0.2775,0.4357952786377709,0.01114184677935599,0.2072,0.48663198614318703
Oral nutrition,Specialist food replacer breakfast cereal (0913261),20203,-0.08805822973613223,0.9769,0.9871165836653387,-0.1407837651991766,0.8745,0.922704368174727
Oral nutrition,Specialist food replacer cake mix (0913261),16228,0.10434586234156287,0.069,0.16432042253521129,-0.02699418507407906,0.2854,0.5560389312977099
Oral nutrition,Specialist food replacer cakes (0913261),10376,-0.04427985926456522,0.8487,0.9058455023671752,-0.13968932656578562,0.9014,0.9408130658436213
Oral nutrition,Specialist food replacer confectionery (0913261),12260,0.07572215540091518,0.0629,0.15357894103489772,-0.04890351069974958,0.4063,0.6498866247049567
Oral nutrition,Specialist food replacer desserts (0913261),12465,-0.02415203293724414,0.4806,0.6323541450777203,-0.12198695951354717,0.8544,0.9157832012678289
Oral nutrition,Specialist food replacer egg (0913261),4909,-0.09053343925218105,0.9655,0.9805817817817818,-0.13168639090797293,0.8436,0.9105677127659575
Oral nutrition,Specialist food replacer flour type mixes (0913261),29997,0.09063371968208907,0.0885,0.19885548172757475,-0.04002216792164638,0.3445,0.600681615120275
Oral nutrition,Specialist food replacer flour type mixes (0913271),236871,0.0005346395903595308,0.3796,0.5359835768963117,0.012802447680050053,0.2041,0.48548522860492377
Oral nutrition,Specialist food replacer meat/fish (0913261),22169,-0.03349531658817861,0.688,0.7967762557077626,-0.13137438098799123,0.884,0.928863801139306
Oral nutrition,Specialist food replacer milk (0913261),44034,-0.014799278038720248,0.2674,0.4242021892103206,-0.0803735833992504,0.5804,0.7795490416391276
Oral nutrition,Specialist food replacer pasta (0913261),66461,-0.08065913272461317,0.9626,0.9798014543630892,-0.13636752256871865,0.8658,0.918780439330544
Oral nutrition,Specialist food replacer pizza bases (0913261),10631,-0.031861736075775304,0.6574,0.7705745811669554,-0.11815506803240546,0.8426,0.9105650692225772
Oral nutrition,Specialist food replacer ready meals (0913261),13374,-0.021860058833278385,0.4132,0.5680100271002709,-0.11476593480348775,0.8257,0.9012077998924153
Oral nutrition,Specialist food replacer rice/cous cous (0913261),14067,-0.07337211420164212,0.9648,0.9805817817817818,-0.14035347169546739,0.8852,0.9296432712215321
Oral nutrition,Specialist food replacer rolls/baguettes (0913261),12518,-0.03077064932226916,0.593,0.720477245508982,-0.11388339613016911,0.8245,0.9012077998924153
Oral nutrition,Specialist food replacer rolls/baguettes (0913271),212101,-0.03247241835154204,0.508,0.6544330158730158,-0.030262383809473107,0.3337,0.5983132391879965
Oral nutrition,Specialist food replacer sauces (0913261),939,-0.026275790358989443,0.4859,0.6352220218931102,-0.1388569349735943,0.8979,0.9381251802265707
Oral nutrition,Specialist food replacer savoury biscuits (0913261),11312,-0.09083289882813017,0.9971,0.9996634387351778,-0.03667717903129425,0.3256,0.5893330954504906
Oral nutrition,Specialist food replacer savoury snacks (0913261),7972,0.12806424742981307,0.0554,0.14086040100250627,-0.01493226516818111,0.2252,0.5004718510405258
Oral nutrition,Specialist food replacer soup (0913261),2669,-0.026791427764117647,0.5336,0.6762488444722048,-0.116695628441374,0.8365,0.9081104868913858
Oral nutrition,Specialist food replacer spreads (0913261),2103,-0.018079063638963985,0.3088,0.4679277072442121,-0.12129918960168085,0.8565,0.9170651715039578
Oral nutrition,Specialist food replacer sweet biscuits (0913261),40560,-0.03141376081029506,0.6358,0.7517705128205128,-0.12014680122883437,0.8489,0.9127811870694222
Oral nutrition,Tablet 73g protein equivalent per 100g (0913206),176,-0.045113468888404555,0.4884,0.6368660668380463,-0.05373686596238397,0.397,0.6451636581469649
Oral nutrition,Tablet OTC probiotic (0913531),62,0.05458108305154944,0.165,0.3051823154056518,0.05048935342417074,0.0962,0.3415956293706294
Oral nutrition,Tablets 56g protein equivalent per 100g (0913205),1971,-0.05575280836852228,0.898,0.9396538382277178,-0.0006401303313368893,0.1367,0.40669121522694
Oral nutrition,Tablets 62g protein equivalent per 100g (0913205),693,-0.03806688476573409,0.7136,0.8152558558558559,-0.1452265005740432,0.9126,0.9440744648318043
Oral nutrition,Tablets 71g protein equivalent per 100g (0913205),2805,-0.013798407056394721,0.3463,0.5036865232974911,-0.12947372221951883,0.8576,0.9172748550342646
Oral nutrition,Tablets OTC glucose for diabetic hypo treatment (0913541),171719,-0.031271088607713535,0.4875,0.6361012861736334,-0.024711999552902215,0.3035,0.5729384044526902
Oral nutrition,Tablets/capsules micronutrient supplement (0913282),76756,0.286719531124865,0.002,0.01357190635451505,0.19909394469649497,0.00315,0.061455288461538464
Oral nutrition,Tablets/capsules micronutrient supplement (0913284),5956,-0.04621442909102557,0.6182,0.739580070754717,-0.0030696450673315698,0.1768,0.4622773195876289
Oral nutrition,Tabs/Caps OTC cond specific vitamin & mineral supp (0913471),20,0.17196854656143418,0.01382,0.053411009523809526,0.09318931361745023,0.02404,0.16368174496644294
Oral nutrition,Tabs/Caps OTC cond specific vitamin & mineral supp (0913472),2,-0.06577343566544429,0.894,0.9381239917269907,-0.09907904581582624,0.6955,0.835435360094451
Oral nutrition,Tabs/Caps OTC cond specific vitamin & mineral supp (0913473),19638,0.4149095557077039,0.0001,0.0016362903225806452,-0.07278485272957841,0.5315,0.7467281660899655
Antibacterial drugs,Amikacin,60,0.2674986859878637,0.00656,0.031026200466200467,0.06905892603101296,0.0669,0.2863715189873418
Antibacterial drugs,Aminosalicylic acid,123,0.12176006761335205,0.0687,0.16403666274970624,-0.09033210037031027,0.6059,0.7905923472668811
Antibacterial drugs,Amoxicillin,46403317,0.5761916632480625,1e-05,0.00039019230769230776,0.20476718782776096,0.00305,0.061271782178217826
Antibacterial drugs,Amoxicillin sodium,321,0.006524000752016214,0.2209,0.37432427022518766,-0.0016540952067821374,0.1811,0.4643928121059268
Antibacterial drugs,Ampicillin,1647,0.2047834837428606,0.0153,0.057594990723562146,-0.052274752585033314,0.437,0.6753031226199543
Antibacterial drugs,Azithromycin,4236907,0.36472229689126034,0.00012,0.0018874418604651164,0.26590716082846505,0.00043,0.020773095238095236
Antibacterial drugs,Aztreonam,36,-0.03295505892164727,0.5171,0.6622962264150943,-0.07615916647201877,0.5745,0.775310039893617
Antibacterial drugs,Bedaquiline,3,-0.05384836779841141,0.7588,0.8495669785360485,-0.010661895611010915,0.1901,0.4741631894484412
Antibacterial drugs,Benzylpenicillin sodium (Penicillin G),1067,0.04253745305061865,0.2264,0.38121626556016597,-0.1389255010793905,0.8155,0.898635737527115
Antibacterial drugs,Cefaclor,19198,0.23088136566427145,0.00883,0.03792603375527426,0.14797874829623459,0.01201,0.11516718309859154
Antibacterial drugs,Cefadroxil,2042,0.1445491725052781,0.04879,0.12889962239583333,0.1394274761342917,0.01703,0.13909650602409637
Antibacterial drugs,Cefalexin,4425438,0.1956133884257225,0.01579,0.05893051470588236,0.13567103889707513,0.01616,0.13761543933054393
Antibacterial drugs,Cefixime,4589,-0.049256438292742094,0.577,0.7091053906723198,-0.027896723851166046,0.3333,0.5983132391879965
Antibacterial drugs,Cefotaxime sodium,74,0.41436589449035177,0.00024,0.0030245962732919256,0.28187989172776945,0.00051,0.021980833333333335
Antibacterial drugs,Cefradine,68866,0.21231567539204374,0.01478,0.05594891791044776,0.06706139296619124,0.0753,0.3031422619047619
Antibacterial drugs,Ceftazidime pentahydrate,524,0.06729203546386614,0.02877,0.08778094736842106,0.011755489391173277,0.1285,0.39206992481203007
Antibacterial drugs,Ceftriaxone sodium,3719,0.11188499200073915,0.0763,0.17794563218390805,0.12207536901698914,0.02413,0.16374505016722407
Antibacterial drugs,Cefuroxime axetil,12687,0.2944106376099087,0.00098,0.008216611570247933,0.16476026655775358,0.00531,0.08224419847328245
Antibacterial drugs,Ciprofloxacin,2413602,0.33519172449042806,0.00054,0.005192701421800948,0.114706582253314,0.02641,0.1701139365079365
Antibacterial drugs,Clarithromycin,9789702,0.10986830610110783,0.0866,0.19588784838350057,-0.08700659101670481,0.5932,0.7840098243331164
Antibacterial drugs,Clindamycin hydrochloride,469484,0.14452964917545194,0.01711,0.0618808896797153,0.10154298548814952,0.0312,0.18564457478005866
Antibacterial drugs,Clofazimine,238,0.012377182516526664,0.3016,0.46115026375282586,-0.0972950101772364,0.636,0.8086778334376956
Antibacterial drugs,Co-amoxiclav (Amoxicillin/clavulanic acid),6750001,0.2895902173938252,0.00165,0.011829858657243815,0.020757046758599105,0.169,0.4509479057591623
Antibacterial drugs,Co-fluampicil(Flucloxacillin/ampicillin),1773,0.16912795422066565,0.02481,0.07915014150943396,0.08407786282013671,0.0514,0.24949904306220094
Antibacterial drugs,Co-trimoxazole(Trimethoprim/sulfamethoxazole),1226648,0.10633259978735773,0.0918,0.20401117196056956,0.04794193122347272,0.113,0.37634143556280586
Antibacterial drugs,Colistimethate sodium,156056,0.2646260454419565,0.00344,0.019999312320916906,0.048983616761645046,0.1134,0.37634143556280586
Antibacterial drugs,Cycloserine,40,-0.012987704831998292,0.2589,0.41687602848101263,-0.025524793541057595,0.2542,0.5339252587991719
Antibacterial drugs,Dapsone,121414,0.09032097007251609,0.1253,0.2547431863727455,0.02739873194557223,0.1611,0.44472367346938774
Antibacterial drugs,Daptomycin,16,0.004496929525198279,0.2782,0.4365566898685228,0.04142928838212129,0.103,0.3557651360544218
Antibacterial drugs,Demeclocycline hydrochloride,25117,0.09100232831207052,0.124,0.25296359077231695,0.10320156083972035,0.0374,0.20677002724795643
Antibacterial drugs,Doxycycline hyclate,19263428,0.5458556740000147,1e-05,0.00039019230769230776,0.09496903074396326,0.04688,0.23483426108374383
Antibacterial drugs,Doxycycline monohydrate,256175,0.3321328747641637,0.00051,0.004974951923076924,0.1611841159674263,0.00842,0.09483133689839571
Antibacterial drugs,Ertapenem sodium,474,0.08754651115905822,0.052,0.13474840357598977,0.0075363859428522265,0.1655,0.4482737333333333
Antibacterial drugs,Erythromycin,2345522,0.3068861578524734,0.0005,0.004973039215686275,0.029431747080939062,0.1525,0.4324377094972067
Antibacterial drugs,Erythromycin ethylsuccinate,905631,0.3879498311652231,5e-05,0.000994607843137255,0.07192755278469593,0.0579,0.26459256756756755
Antibacterial drugs,Erythromycin lactobionate,2,-0.04647128665167799,0.5754,0.7075676363636363,-0.11798060515611307,0.7777,0.8794217270194987
Antibacterial drugs,Erythromycin stearate,47517,0.2744883665119981,0.00328,0.019234450867052024,-0.019580403745883306,0.297,0.5695775047258979
Antibacterial drugs,Ethambutol hydrochloride,12402,-0.12001969664803595,0.8516,0.9079854965843406,-0.20211244938447684,0.9508,0.9723655241935484
Antibacterial drugs,Fidaxomicin,5050,0.19375298717581077,0.019,0.06552050933786079,0.047289920109354976,0.1073,0.36406638795986623
Antibacterial drugs,Flucloxacillin magnesium,27,-0.0737313942559753,0.6974,0.8034241203178206,-0.04230461945579592,0.3631,0.6134303913405494
Antibacterial drugs,Flucloxacillin sodium,19360736,0.4788672529369469,2e-05,0.0005270129870129871,-0.003431171642358013,0.2478,0.5259269874476987
Antibacterial drugs,Fosfomycin calcium,94,-0.017399953793147613,0.357,0.5151870554765291,-0.13637632838843763,0.821,0.9012077998924153
Antibacterial drugs,Fosfomycin trometamol,749335,0.06558838466045135,0.1514,0.2904593012275732,-0.22033262357679662,0.978,0.9897067331670822
Antibacterial drugs,Isoniazid,21401,0.17651343114517704,0.01694,0.06181710951526032,-0.19526513997309694,0.9485,0.9711969223007063
Antibacterial drugs,Levofloxacin,223296,0.14472881318431133,0.0502,0.13168864516129034,0.15729542421326653,0.01173,0.11516718309859154
Antibacterial drugs,Linezolid,8546,-0.04447796850162363,0.5524,0.6893109471094712,-0.08573374198181641,0.5847,0.7824615283267458
Antibacterial drugs,Lymecycline,4542768,0.17298858408417264,0.02674,0.08359855161787365,0.1883134668590366,0.00496,0.07987174603174604
Antibacterial drugs,Meropenem,559,0.34456824911285083,0.00204,0.013705827814569537,0.25729273117488116,0.00141,0.04334681818181818
Antibacterial drugs,Methenamine hippurate,1937167,0.1697469048397002,0.01709,0.0618808896797153,0.029395158225276472,0.1211,0.3836424336973479
Antibacterial drugs,Metronidazole,7678621,0.35695688992031105,0.00043,0.004616243386243386,0.03849683196937099,0.1272,0.3898622356495468
Antibacterial drugs,Minocycline hydrochloride,59931,0.06434288050698475,0.1832,0.3282574580759046,-0.06527454536102117,0.5005,0.7264052217453504
Antibacterial drugs,Moxifloxacin,19602,0.28082861448813773,0.00309,0.018604183976261127,0.09557521881895346,0.03398,0.19421245070422538
Antibacterial drugs,Nitazoxanide,17,-0.10101851749556909,0.794,0.8712958355868037,-0.08678974402787684,0.5852,0.7824615283267458
Antibacterial drugs,Nitrofurantoin,21376424,0.35848492914128627,0.00026,0.003197212121212121,0.20565922487057695,0.0031,0.061455288461538464
Antibacterial drugs,Norfloxacin,20,0.02120348378845841,0.2198,0.37351273031825794,-0.18012335593716347,0.929,0.9568228426395939
Antibacterial drugs,Ofloxacin,315353,0.13961000008202423,0.0547,0.13978123425692696,0.026562229016208524,0.1594,0.4427161422708618
Antibacterial drugs,Oxytetracycline,912544,0.4378742773779825,3e-05,0.0006689010989010989,0.06940749543896385,0.0736,0.30047162977867203
Antibacterial drugs,Phenoxymethylpenicillin (Penicillin V),13748162,0.34851113248086024,0.00033,0.0037198333333333332,0.17878752579689777,0.00575,0.08274290780141844
Antibacterial drugs,Piperacillin sodium/tazobactam sodium,174,-0.034529359772264435,0.5616,0.6973058715596331,-0.08448403684581311,0.6485,0.8172675977653632
Antibacterial drugs,Pivmecillinam hydrochloride,1621331,0.25068640857208485,0.00153,0.011247717391304347,0.09696643378272485,0.02585,0.16973996763754048
Antibacterial drugs,Pristinamycin,76,0.04243213682014371,0.1578,0.29811564245810057,0.10623559176406851,0.02087,0.15123964539007093
Antibacterial drugs,Pyrazinamide,376,0.04274101274539444,0.2285,0.38316239669421487,-0.07196941364611832,0.5148,0.735583943661972
Antibacterial drugs,Rifabutin,1020,0.478501491430985,2e-05,0.0005270129870129871,0.08386765130393102,0.0552,0.2573479357798165
Antibacterial drugs,Rifampicin,74068,-0.05555375858007617,0.6112,0.7349114928909953,-0.004627617650280098,0.2597,0.5387845603271983
Antibacterial drugs,Rifampicin combined preparations,4755,0.0007396403332148454,0.221,0.37432427022518766,-0.14302540155171037,0.8761,0.9239121101871102
Antibacterial drugs,Rifaximin,565081,0.1353618204994976,0.04688,0.1258194708994709,0.0022224974979347207,0.2178,0.4981899669239251
Antibacterial drugs,Sulfadiazine,777,0.27921875200638735,0.0045,0.02347172236503856,0.11648326632840644,0.02777,0.17498549689440993
Antibacterial drugs,Sulfapyridine,92,-0.04247801448650516,0.525,0.6678526645768026,-0.1485772726115264,0.8446,0.9105703506907545
Antibacterial drugs,Teicoplanin,2281,-0.035801742428274136,0.7821,0.8638437125748504,-0.020576117929920378,0.1999,0.481135349940688
Antibacterial drugs,Temocillin sodium,5,-0.08262322164954655,0.8251,0.896214079229122,-0.09938674789277992,0.6606,0.8205241295051925
Antibacterial drugs,Tetracycline,96014,0.058259548023036505,0.1829,0.3281203359858532,-0.008418707036781242,0.2568,0.5364742798353909
Antibacterial drugs,Thalidomide (Antileprotic),1,-0.013646922183507552,0.2036,0.35368527397260274,0.0128120953328173,0.0752,0.3031422619047619
Antibacterial drugs,Tigecycline,7,-0.04227279028650644,0.8071,0.8813810010764263,-0.03224877101301568,0.3006,0.5718090909090909
Antibacterial drugs,Tinidazole,243,0.22126836338892159,0.0097,0.040663842975206616,0.11081710191355268,0.02762,0.174582492211838
Antibacterial drugs,Tobramycin,3834,0.14477466730731176,0.0358,0.10400074285714286,0.0344306219166979,0.1189,0.38254772370486656
Antibacterial drugs,Trimethoprim,7774665,0.19845693717382712,0.01772,0.06285643356643357,-0.002163867091713075,0.243,0.520855227032735
Antibacterial drugs,Vancomycin hydrochloride,41909,0.179075688106433,0.02284,0.07450540192926045,-0.08510515920101692,0.5876,0.7838291421087098
Drugs used in diabetes,Acarbose,107435,0.31647861233061425,0.00126,0.009795172413793104,0.020455818235988632,0.1765,0.4620883870967742
Drugs used in diabetes,Alogliptin,7574138,0.2814981380774515,0.00267,0.01656706422018349,0.0850585214149254,0.0553,0.2573479357798165
Drugs used in diabetes,Alogliptin/metformin,327339,-0.028145577922317862,0.4733,0.6268444516971279,-0.12797388151769,0.7672,0.8725609865470851
Drugs used in diabetes,Biphasic insulin aspart,3458105,0.5642978739334433,1e-05,0.00039019230769230776,0.4107275920664174,2e-05,0.007246428571428571
Drugs used in diabetes,Biphasic insulin lispro,1263598,0.3700284968447032,0.00046,0.004720940594059406,0.17379123704729948,0.00688,0.09064623376623376
Drugs used in diabetes,Biphasic isophane insulin,3498337,0.0647922041913259,0.1625,0.30434999999999995,-0.05176977916649326,0.434,0.6732308868501529
Drugs used in diabetes,Canagliflozin,4017151,0.08316558166794465,0.1218,0.24962848484848485,-0.010029183468159945,0.2705,0.5482746015936254
Drugs used in diabetes,Canagliflozin/metformin,53258,0.11160491026591146,0.0782,0.18112762557077625,-0.06912654043013088,0.5105,0.7309841213832039
Drugs used in diabetes,Chlorpropamide,1,-0.008943089430894308,0.04788,0.12682574412532638,-0.014110685837214459,0.2227,0.4981899669239251
Drugs used in diabetes,Dapagliflozin,29110995,0.2758841873457601,0.00226,0.014888116883116883,0.08068795161937153,0.0572,0.2631718820861678
Drugs used in diabetes,Dapagliflozin/metformin,414363,0.041251221493360316,0.1807,0.3259024888888889,-0.08726138806611478,0.6227,0.8027054002541296
Drugs used in diabetes,Diazoxide,11079,0.0025249777780760293,0.3437,0.5011280172413793,-0.065029784943493,0.4927,0.7197702586206897
Drugs used in diabetes,Dulaglutide,4685955,-0.1416296231250031,0.8989,0.9396538382277178,-0.1925427041395729,0.9334,0.9598928535225545
Drugs used in diabetes,Empagliflozin,17043240,0.16377803292763557,0.03314,0.09836497076023393,0.10762100761352107,0.03418,0.19480679775280899
Drugs used in diabetes,Empagliflozin/linagliptin,35670,0.21487215655564515,0.00772,0.0346546017699115,-0.022853441165134967,0.3023,0.5727046685340803
Drugs used in diabetes,Empagliflozin/metformin,587537,-0.006016328380253774,0.3386,0.4963358844765343,-0.1111670716495245,0.747,0.8592193877551021
Drugs used in diabetes,Ertugliflozin,60701,0.2826258117631349,0.00272,0.016825853658536585,0.0418226928761542,0.1234,0.38582215384615387
Drugs used in diabetes,Exenatide,255161,0.23269962431564944,0.00785,0.03500582417582417,-0.042310474049039044,0.3863,0.634658056680162
Drugs used in diabetes,Glibenclamide,586,0.0043621497392009895,0.3115,0.46991338289962825,-0.02796003195948935,0.312,0.5760218380345768
Drugs used in diabetes,Gliclazide,30173184,0.051942237434192136,0.2102,0.3614371186440678,-0.03468610636647819,0.3619,0.6134303913405494
Drugs used in diabetes,Glimepiride,2413203,0.1202505538187482,0.03848,0.10950339410939691,-0.031714546356917186,0.3365,0.599622894736842
Drugs used in diabetes,Glipizide,55255,0.43807918372724414,0.0001,0.0016362903225806452,0.13280341742280913,0.019,0.14602651515151516
Drugs used in diabetes,Glucagon,434516,0.0813508265079453,0.1395,0.27533608949416344,0.0636883618691723,0.086,0.32253974121996304
Drugs used in diabetes,Glucose,1746906,0.07785835293888038,0.1342,0.26793972468043264,-0.0942254433099843,0.6253,0.8029960126582278
Drugs used in diabetes,Glucose and ketone blood testing reagents,184,0.06117494929628163,0.02952,0.08939713432835822,-0.02398567836641753,0.2687,0.5468327983951855
Drugs used in diabetes,Glucose blood testing reagents,29536502,0.1971724175999199,0.01633,0.06002458333333333,0.07273539454363916,0.0717,0.29508985801217036
Drugs used in diabetes,Ins degludec/liraglutide,92010,-0.03748289261331257,0.523,0.6665621859296483,-0.055823234613719325,0.4463,0.6823984174830444
Drugs used in diabetes,Insulin Lispro,2330250,0.17710683698218568,0.02552,0.08068593457943925,0.0005506335141737668,0.2339,0.5123825618945103
Drugs used in diabetes,Insulin aspart,11991653,0.1734042529154363,0.02722,0.08457791730474731,0.01111277083053735,0.2033,0.4843880281690141
Drugs used in diabetes,Insulin degludec,3322922,0.1786730786423693,0.02513,0.07991970219435737,0.12021463248455022,0.02564,0.16890766233766233
Drugs used in diabetes,Insulin detemir,2603697,0.191515579293353,0.02004,0.06810914572864321,0.12021621697049223,0.02701,0.1717971473354232
Drugs used in diabetes,Insulin glargine,9045376,0.4706178716733725,1e-05,0.00039019230769230776,0.4230928050983213,1e-05,0.006763333333333334
Drugs used in diabetes,Insulin glargine/lixisenatide,4385,-0.06632769384363807,0.6407,0.7555991284137129,-0.0477270510042158,0.383,0.633383698296837
Drugs used in diabetes,Insulin glulisine,432067,0.16788462047303077,0.02934,0.08916681614349775,0.14471017380667325,0.01414,0.12805244444444444
Drugs used in diabetes,Insulin human,743,-0.07712491453709075,0.7418,0.840958156424581,-0.03960603455461015,0.354,0.608188487394958
Drugs used in diabetes,Isophane insulin,3389573,0.3354363856867837,0.00103,0.008495406504065042,0.19565309691728822,0.00338,0.06387592592592592
Drugs used in diabetes,Ketone blood testing reagents,1976206,0.2825122076681616,0.00226,0.014888116883116883,0.011135212920312604,0.1986,0.479143162901308
Drugs used in diabetes,Linagliptin,13029084,0.07835376062904922,0.1373,0.2715221247563353,0.018127298736400278,0.1802,0.4643928121059268
Drugs used in diabetes,Linagliptin/metformin,284828,0.1099693662676046,0.0687,0.16403666274970624,-0.08931915141337131,0.6167,0.8000539002557545
Drugs used in diabetes,Liraglutide,1075451,-0.025083427196112455,0.4908,0.6387640795381655,-0.005784364003984365,0.2473,0.5259269874476987
Drugs used in diabetes,Lixisenatide,56418,-0.01807493684331778,0.4206,0.5754534052596089,-0.07931932311959895,0.5655,0.7705839489590329
Drugs used in diabetes,Metformin hydrochloride,126235489,0.351980543545632,0.00018,0.0025187586206896553,0.1350397286677117,0.01764,0.1403590588235294
Drugs used in diabetes,Metformin hydrochloride/pioglitazone,67303,0.2611283206325155,0.00495,0.025222656641604013,0.1841087568115896,0.00554,0.08274290780141844
Drugs used in diabetes,Metformin hydrochloride/rosiglitazone,7,-0.031978319783197824,0.7606,0.8495669785360485,-0.03833511191778259,0.3427,0.600681615120275
Drugs used in diabetes,Metformin hydrochloride/sitagliptin,661006,0.531048145933861,1e-05,0.00039019230769230776,0.048168676707558915,0.1108,0.3722072847682119
Drugs used in diabetes,Metformin hydrochloride/vildagliptin,165013,0.28892601019350567,0.00261,0.01639532507739938,0.014645058258122352,0.1908,0.4741631894484412
Drugs used in diabetes,Nateglinide,211,0.1526163353827769,0.028,0.08607878787878788,0.06342584201064407,0.0812,0.31259640831758034
Drugs used in diabetes,Other screening and monitoring agent preparations,479,-0.03947128823590096,0.9052,0.9452654657745755,-0.07957295635102268,0.6252,0.8029960126582278
Drugs used in diabetes,Pioglitazone hydrochloride,2780041,0.005379128117432824,0.3629,0.5207384016973127,-0.049912046800802516,0.4279,0.6688822033898305
Drugs used in diabetes,Repaglinide,196486,0.0734350776692019,0.00622,0.029835413711583922,-0.1345973305569499,0.8556,0.9165852164730729
Drugs used in diabetes,Rosiglitazone,2,-0.03197831978319782,0.7606,0.8495669785360485,-0.0383351119177826,0.3427,0.600681615120275
Drugs used in diabetes,Saxagliptin,585777,0.17047107202551182,0.02315,0.07520567783094098,0.08746926893230653,0.03658,0.20334471232876714
Drugs used in diabetes,Saxagliptin/dapagliflozin,42824,0.1622077809245424,0.03713,0.10655837340876945,0.18805082567934528,0.00584,0.08344619718309858
Drugs used in diabetes,Saxagliptin/metformin,30536,0.1421193935886276,0.02835,0.08662974397590362,-0.08009033702339269,0.5675,0.7715896390374332
Drugs used in diabetes,Semaglutide,6005334,0.12113928387747513,0.0721,0.17090058411214953,-0.1545380598379988,0.8502,0.9131573544973546
Drugs used in diabetes,Sitagliptin,12154343,0.37007118280971135,0.00034,0.0038113812154696135,0.03091842790958272,0.1524,0.4324377094972067
Drugs used in diabetes,Soluble insulin (Neutral insulin),142412,0.31262797589347835,0.00173,0.012188090277777779,0.17670438878899503,0.00812,0.0945720338983051
Drugs used in diabetes,Tirzepatide,3304605,0.12203482022280517,0.073,0.17202903600464575,-0.044980084962976466,0.4094,0.6520193092621664
Drugs used in diabetes,Tolbutamide,29063,-0.09200555506302668,0.7593,0.8495669785360485,-0.003732234800258529,0.2382,0.5147047923322684
Drugs used in diabetes,Urine testing reagents,316243,-0.06878637945333367,0.7024,0.8065475947934352,-0.1187307537426802,0.7564,0.8675724137931035
Drugs used in diabetes,Vildagliptin,174950,0.2580044655558483,0.00425,0.022692763157894737,0.10856855545606882,0.03228,0.18820724137931036
Analgesics,Almotriptan,203021,0.0621772872586935,0.17,0.31102795311091075,0.0526351776067425,0.0983,0.344474438687392
Analgesics,Analgesics with anti-emetics,400789,0.14513385287414418,0.04105,0.11504205801104973,0.10050139282886647,0.04064,0.21642666666666668
Analgesics,Aspirin and caffeine,125,-0.026983303991058524,0.4812,0.6323541450777203,-0.09406646762160129,0.6838,0.8305421903052065
Analgesics,Aspirin combined preparations,582,-0.09573484719675009,0.7708,0.8560225506294472,-0.0885678539919958,0.5939,0.7840098243331164
Analgesics,Atogepant,47651,0.15629845733242648,0.03699,0.10630695467422097,0.07182549735746806,0.064,0.280837982832618
Analgesics,Buprenorphine,12957896,0.2550448014430078,0.00441,0.023278449612403104,0.1696245283103591,0.0078,0.09420357142857143
Analgesics,Clonidine hydrochloride,1906184,0.5268066697706927,2e-05,0.0005270129870129871,0.29017743852206296,0.00022,0.013128823529411764
Analgesics,Co-codamol (Codeine phosphate/paracetamol),75479115,0.04041562581344408,0.2402,0.3965547599674532,-0.14255678769913901,0.8163,0.898635737527115
Analgesics,Co-codaprin (Codeine phosphate/aspirin),12,-0.12645127756834038,0.9629,0.9798014543630892,-0.03362437889719185,0.3348,0.5985103083700439
Analgesics,Co-dydramol (Dihydrocodeine/paracetamol),6703789,0.48899560555249705,2e-05,0.0005270129870129871,0.1165510553946577,0.02995,0.18254906906906906
Analgesics,Co-proxamol (Dextropropoxyphene hydrochloride/paracetamol),27201,0.15767314044010097,0.03788,0.1079473595505618,0.048237665121937376,0.1148,0.3769080906148867
Analgesics,Codeine phosphate,27151816,0.11519164900107902,0.0752,0.1761903002309469,-0.09544243147107241,0.6203,0.8019073248407643
Analgesics,Diamorphine hydrochloride (Systemic),55945,0.20748440026570417,0.01689,0.0617474054054054,0.002743021821856519,0.2227,0.4981899669239251
Analgesics,Dihydrocodeine tartrate,7151351,0.07499901747969852,0.1496,0.2890841904761905,0.056737322912027224,0.0908,0.3295763864042934
Analgesics,Dipipanone hydrochloride,5531,0.0793445884376169,0.1372,0.2715221247563353,0.1050047011877229,0.03586,0.20121850828729282
Analgesics,Eletriptan,100900,0.03379195903490076,0.2517,0.40921418269230764,0.021539726780064633,0.153,0.43296652719665274
Analgesics,Erenumab,53,-0.03816671229601619,0.7225,0.8220575910364145,-0.025333109643678513,0.2617,0.5401722278738555
Analgesics,Erenumab (old),16,-0.08351692246396737,0.8679,0.9196651538862807,-0.07492756805454641,0.5343,0.7475998622589533
Analgesics,Ergotamine tartrate,115,0.22160717941062064,0.00949,0.03994856846473029,-0.23540940272361563,0.9819,0.9909841010401189
Analgesics,Fentanyl,3753858,-0.003969525792775869,0.3964,0.5520216884008236,-0.05137662561491154,0.4347,0.6735970229007634
Analgesics,Fremanezumab,65,-0.034773787695142847,0.4404,0.5941300531914894,-0.12535328037338267,0.8091,0.8951275354416576
Analgesics,Frovatriptan,300363,0.06918880724294897,0.1645,0.3049985388127854,0.02941972409638371,0.1449,0.41880641025641024
Analgesics,Gabapentin (Neuropathic Pain),458,-0.03376898881681443,0.4689,0.6226427356020943,0.0016850928667761344,0.1732,0.45698673602080625
Analgesics,Galcanezumab,115,-0.0030473837111580867,0.2135,0.36618047337278103,0.0072362112657709315,0.1136,0.37634143556280586
Analgesics,Hydromorphone hydrochloride,27460,0.1668831810936394,0.01892,0.0655096928327645,0.15482095350222622,0.01094,0.11231232323232322
Analgesics,Isometheptene mucate,2888,0.05025945894967052,0.2065,0.3575398976982097,-0.20803835848213612,0.9551,0.9747977364185111
Analgesics,Meptazinol hydrochloride,255135,0.5426655661332813,0.00011,0.0017713492063492064,0.3267929336679553,0.00014,0.010144999999999998
Analgesics,Morphine (Opium Tincture),14,-0.0616042700958454,0.7534,0.8495669785360485,-0.12132046311539424,0.778,0.8794217270194987
Analgesics,Morphine hydrochloride,58,-0.11023485533933786,0.834,0.8992502125398512,-0.11378024392201967,0.7229,0.843630711825488
Analgesics,Morphine sulfate,25408285,0.4600427963265099,2e-05,0.0005270129870129871,0.010845432577966708,0.1985,0.479143162901308
Analgesics,Morphine tartrate and cyclizine tartrate,43,-0.0774164981217962,0.6994,0.8040128045325778,-0.1319802284226277,0.7862,0.8837996126175983
Analgesics,Naratriptan hydrochloride,690276,-0.040716305502346034,0.5424,0.6831344506517691,-0.07055090225490819,0.5077,0.7305839007092199
Analgesics,Nefopam hydrochloride,2687229,0.014435301338642615,0.2797,0.43703941493456505,-0.006534154338612951,0.2353,0.5131154175588865
Analgesics,Other non-opioid analgesic preparations,1069,0.18894513871342253,0.02273,0.07426597423510467,0.08614201174529518,0.0572,0.2631718820861678
Analgesics,Oxycodone hydrochloride,9177254,0.1929259258044274,0.01902,0.06552050933786079,0.1756008154490344,0.0066,0.08941126666666667
Analgesics,Oxycodone hydrochloride/naloxone hydrochloride,133719,0.12850850006224623,0.0664,0.16038761904761906,-0.01680636225324602,0.2936,0.5646581990521328
Analgesics,Papaveretum,1,-0.03699186991869918,0.8797,0.925994346473029,-0.04618195024763434,0.3957,0.6448797590361446
Analgesics,Paracetamol,80401160,0.14641716601412,0.0511,0.13275531370038413,0.04670283603313316,0.1208,0.3836424336973479
Analgesics,Paracetamol and caffeine,1186,-0.12901246023684926,0.8681,0.9196651538862807,-0.14326739884239703,0.8167,0.898635737527115
Analgesics,Paracetamol and ibuprofen,926,-0.05230677304995765,0.5794,0.7111313784764207,-0.13441492153335793,0.7866,0.8837996126175983
Analgesics,Paracetamol and phenylephrine hydrochloride,70,0.040222255070233984,0.2254,0.3801634247714048,0.024011175549461347,0.1682,0.4509479057591623
Analgesics,Paracetamol combined preparations,24436,-0.0026161040135753507,0.3861,0.5421431833910034,-0.21430137614112021,0.962,0.9793768188660311
Analgesics,Pentazocine hydrochloride,5292,-0.0032693028093118497,0.3729,0.5305849228611501,-0.012029763705229617,0.279,0.5544750242954325
Analgesics,Pethidine hydrochloride,20714,0.17259261466680706,0.02704,0.08427674347158219,0.059378589348372215,0.0881,0.32383134057971014
Analgesics,Pizotifen malate,2609742,0.31496157929990276,0.0008,0.006966523605150214,0.19750988614586898,0.0034,0.06387592592592592
Analgesics,Rimegepant,82526,0.1222150089895187,0.0673,0.16217541567695964,0.0030019313066635325,0.2269,0.5036981400437637
Analgesics,Rizatriptan,1810507,0.3511491757007911,0.00029,0.003481715976331361,-0.009398679292135293,0.2637,0.5428501014198782
Analgesics,Sumatriptan succinate,11652101,0.6124588579015664,1e-05,0.00039019230769230776,-0.04917613905972084,0.4217,0.6641079131109386
Analgesics,Sumatriptan succinate/Naproxen sodium,61,0.01865661505246137,0.3008,0.46115026375282586,-0.0693551360858818,0.5104,0.7309841213832039
Analgesics,Tapentadol,224756,0.31344008988779637,0.00165,0.011829858657243815,0.12497980495245395,0.02506,0.16671062295081968
Analgesics,Tapentadol hydrochloride,579266,0.28641376895863185,0.00312,0.018673982300884955,0.10092812780624567,0.04191,0.22014912144702842
Analgesics,Tapentadol phosphate,6190,0.26353123990628047,0.00458,0.023645852417302795,0.14425074609186284,0.01456,0.12966021929824562
Analgesics,Tapentadol phosphate (old),495,0.3560493463688899,0.00136,0.01025814126394052,0.05807476789801701,0.0851,0.3197553703703704
Analgesics,Tolfenamic acid,18517,0.09891644837959941,0.1,0.21608093716719914,-0.03744194094724024,0.378,0.6282926350245499
Analgesics,Tramadol hydrochloride,27282417,0.03493156495281173,0.2615,0.4185911741528762,-0.06841105114596172,0.5076,0.7305839007092199
Analgesics,Zolmitriptan,2050515,0.41288040760911054,6e-05,0.0011377570093457944,-0.030389470273773436,0.3368,0.599622894736842
Antiviral drugs,Abacavir,4,0.0353001552823272,0.2147,0.36716866048862673,-0.024205029585408596,0.2895,0.5583607414448669
Antiviral drugs,Abacavir and lamivudine,57,0.07236187502895207,0.1372,0.2715221247563353,-0.08653254219490003,0.6067,0.791127442159383
Antiviral drugs,Aciclovir,6030145,0.22863729759566856,0.00884,0.03792603375527426,-0.04349148292417017,0.3993,0.6455615139442231
Antiviral drugs,Adefovir dipivoxil,98,-0.044463495157472326,0.6249,0.7471550383028874,-0.12189431019580772,0.7992,0.8919564356435644
Antiviral drugs,Atazanavir,3,-0.0635899021659865,0.9483,0.9719185707096124,-0.051152007562541686,0.4,0.6456642800318219
Antiviral drugs,Atazanavir and cobicistat,2,-0.021196283391405345,0.4076,0.5629818924438393,-0.03145764898991303,0.2809,0.5544750242954325
Antiviral drugs,Baloxavir marboxil,7,-0.010598141695702671,0.0688,0.16403666274970624,-0.07583142515237179,0.5959,0.7851175974025973
Antiviral drugs,Bictegravir/emtricitabine/tenofovir alafenamide,211,0.2747678838379936,0.00456,0.023602653061224492,0.019550868470754282,0.1759,0.4616368217054264
Antiviral drugs,Cabotegravir,1,-0.013211382113821142,0.1448,0.2822278578290106,-0.0656784028507018,0.5239,0.7402458913649026
Antiviral drugs,Cobicistat,18,-0.011411149825783966,0.093,0.20577644492911668,-0.1351788571153202,0.8388,0.9087191568836713
Antiviral drugs,Darunavir,96,0.17311160113067345,0.0142,0.05415751879699249,0.017459461872045647,0.1691,0.4509479057591623
Antiviral drugs,Darunavir/cobicistat,23,0.23422005657700037,0.0114,0.04654044265593561,-0.06963415379150084,0.5203,0.7397958654519972
Antiviral drugs,Dolutegravir,218,-0.10712157410331825,0.9142,0.9512368205128205,-0.049957816008928214,0.3882,0.6362340872374798
Antiviral drugs,Dolutegravir/lamivudine,80,-0.006172962578756132,0.3943,0.5501309278350516,-0.030474145651404043,0.3347,0.5985103083700439
Antiviral drugs,Dolutegravir/rilpivirine,24,-0.019699763730047153,0.3398,0.49708305695746213,-0.05204686935280152,0.4329,0.673068275862069
Antiviral drugs,Doravirine,64,-0.01358692409953458,0.1681,0.30866506787330317,-0.07706168445973843,0.602,0.7900763260025873
Antiviral drugs,Doravirine/lamivudine/tenofovir disoproxil,3,-0.02462253193960512,0.519,0.6622962264150943,-0.0924777106247556,0.7146,0.8429787209302326
Antiviral drugs,Efavirenz,28,-0.1251711695513225,0.979,0.9887461423593827,-0.08572890763288775,0.5924,0.7840098243331164
Antiviral drugs,Efavirenz/emtricitabine/tenofovir disoproxil,33,0.13371369105097078,0.0528,0.13595329949238577,-0.02322780948230001,0.2872,0.5560389312977099
Antiviral drugs,Elbasvir/grazoprevir,59,0.0029485663265835485,0.1206,0.24817180527383365,-0.026094817673146097,0.2659,0.543314300100705
Antiviral drugs,Emtricitabine,23,-0.021962018404585816,0.4401,0.5941203592814371,-0.06891734158358238,0.5197,0.7396032258064518
Antiviral drugs,Emtricitabine and tenofovir alafenamide,342,0.06959320815406525,0.1443,0.2820661849710983,-0.10877174361641403,0.6921,0.8349605934718101
Antiviral drugs,Emtricitabine and tenofovir disoproxil,447,-0.0004615208555219375,0.1934,0.34151310763888887,-0.024604398512706453,0.2632,0.5427162601626015
Antiviral drugs,Entecavir,11991,0.030803565541184273,0.2122,0.36425871404399324,-0.10824923553292402,0.7211,0.843630711825488
Antiviral drugs,Etravirine,1,-0.04097948122338364,0.9518,0.9719185707096124,-0.23044394480053737,0.9861,0.9909841010401189
Antiviral drugs,Famciclovir,31541,0.03194783575683275,0.2461,0.40432137651821864,-0.029117655802392235,0.328,0.5920925266903915
Antiviral drugs,Fosamprenavir calcium,1,-0.039285714285714285,0.9016,0.9419909371781668,-0.07971336372520763,0.6263,0.8032634007585335
Antiviral drugs,Glecaprevir/pibrentasvir,14,-0.050121673513237014,0.6848,0.7939766857142857,-0.06595378877620245,0.4993,0.7251823192555477
Antiviral drugs,Inosine pranobex,954,-0.1382110449999004,0.9093,0.9482214175654854,-0.17411979966969016,0.9044,0.9417014351614557
Antiviral drugs,Lamivudine,12174,0.3933700039216164,0.00047,0.004720940594059406,-0.12631947002284563,0.7661,0.8717985978687605
Antiviral drugs,Lamivudine and zidovudine,14,-0.05830534287720613,0.8922,0.9369947204968944,-0.026697129260431145,0.2837,0.5554803278688525
Antiviral drugs,Lamivudine/tenofovir disoproxil/doravirine,14,-0.045324263706458943,0.5413,0.6821724844720497,-0.07082658444109807,0.51,0.7309841213832039
Antiviral drugs,Ledipasvir/sofosbuvir,3,0.08297463792913319,0.1094,0.23122145833333332,0.07418837145421427,0.0579,0.26459256756756755
Antiviral drugs,Letermovir,25,-0.0477731358996805,0.5497,0.6874597042513864,-0.13282597330634094,0.7891,0.8847605190502484
Antiviral drugs,Lopinavir and ritonavir,5,-0.09834646840860195,0.7617,0.8496367784496978,-0.15834600037792226,0.8708,0.92167616066771
Antiviral drugs,Maraviroc,23,-0.011974628713641943,0.3471,0.5037667381974249,-0.06384767373748042,0.4842,0.7113988414192615
Antiviral drugs,Molnupiravir,6356,0.1778005855258169,0.0296,0.08950581222056633,0.11338314110318437,0.03298,0.19118977142857144
Antiviral drugs,Nevirapine,40,0.08644006323885864,0.1125,0.23532216494845362,-0.06520669731623449,0.4788,0.7065346909090909
Antiviral drugs,Nirmatrelvir with Ritonavir,24441,0.2413017444557785,0.00662,0.031237162790697673,0.19115296540310844,0.0047,0.07816639344262295
Antiviral drugs,Oseltamivir phosphate,95893,0.23035574960667235,0.00828,0.03620715517241379,-0.11567311555566132,0.7209,0.843630711825488
Antiviral drugs,Other HIV infection preparations,205,-0.03382389116083509,0.4973,0.6447423003194889,-0.14257826066687687,0.8309,0.9044506974248927
Antiviral drugs,Raltegravir,254,-0.03344257518705802,0.7232,0.8220575910364145,-0.04458978818592522,0.3776,0.6282926350245499
Antiviral drugs,Ribavirin,16,-0.038583137464226244,0.6384,0.7535273996509598,-0.064372103624377,0.5059,0.7305839007092199
Antiviral drugs,Rilpivirine,11,0.08872957103407121,0.1064,0.22653263378803776,0.0951723258992382,0.04149,0.219227109375
Antiviral drugs,Ritonavir,141,0.21978912746699866,0.00784,0.03500582417582417,-0.026307530814851685,0.3246,0.5885731903485254
Antiviral drugs,Sofosbuvir/ledipasvir,7,0.13546671581996242,0.03028,0.09142577380952381,0.10167749839390179,0.02206,0.1565025874125874
Antiviral drugs,Sofosbuvir/velpatasvir,91,-0.024561120593582453,0.454,0.6074970355731225,-0.09498816997614735,0.724,0.843630711825488
Antiviral drugs,Sofosbuvir/velpatasvir/voxilaprevir,1,-0.032113821138211374,0.7872,0.8666461204557787,-0.12522638330587457,0.8705,0.92167616066771
Antiviral drugs,Tenofovir alafenamide,42,-0.020629244475319105,0.3643,0.5221312411847673,-0.07596014178754634,0.5315,0.7467281660899655
Antiviral drugs,Tenofovir disoproxil,9245,0.0316121317804596,0.2526,0.4103485988791033,0.10123892711872282,0.04078,0.21660371727748687
Antiviral drugs,Valaciclovir,289636,0.45102245636632593,1e-05,0.00039019230769230776,0.05696532044658555,0.0959,0.341370350877193
Antiviral drugs,Valganciclovir hydrochloride,2523,0.17811896059746626,0.02765,0.0852549468892261,0.18249835026738126,0.00565,0.08274290780141844
Antiviral drugs,Zanamivir,193,-0.09185681887506832,0.8413,0.9012659450897572,-0.08138529383630894,0.5876,0.7838291421087098
Antiviral drugs,Zidovudine,17,-0.04075969306937299,0.7037,0.8071267947993216,-0.09973755732071471,0.7164,0.8432589907192576
Hypertension and heart failure,Aliskiren,45380,0.14516397419173005,0.04664,0.1253411390728477,0.07655722126717111,0.0675,0.2865219665271967
Hypertension and heart failure,Ambrisentan,138,0.008857040068171059,0.2511,0.40921418269230764,-0.06222986980236783,0.4761,0.7043824344023324
Hypertension and heart failure,Azilsartan medoxomil,4914,0.22456511857192865,0.00794,0.03517524017467248,0.010432143776297228,0.1943,0.4741631894484412
Hypertension and heart failure,Bosentan,249,0.022852658193773943,0.2195,0.37331559094719197,-0.012155402490947195,0.2518,0.5305318795430946
Hypertension and heart failure,Candesartan cilexetil,39651317,0.31674545864604725,0.00107,0.00868412,0.11566327834564742,0.02989,0.18254906906906906
Hypertension and heart failure,Captopril,232086,0.2597164370731554,0.00411,0.022237840000000002,0.11119710325959803,0.03175,0.18726962209302325
Hypertension and heart failure,Co-zidocapt (Hydrochlorothiazide/captopril),1,-0.019744483159117317,0.3829,0.538957519057519,-0.028770070687138858,0.2713,0.5482746015936254
Hypertension and heart failure,Doxazosin mesilate,36003037,0.5026247921534863,1e-05,0.00039019230769230776,0.1329460372602535,0.01994,0.14916494505494507
Hypertension and heart failure,Enalapril maleate,6241548,0.35728487541203574,0.00045,0.004682307692307692,0.20283345726630214,0.00334,0.06387592592592592
Hypertension and heart failure,Enalapril maleate with diuretic,43552,0.28887655627589853,0.0019,0.013112585034013606,0.1517513885163261,0.01115,0.11352255
Hypertension and heart failure,Eprosartan,159721,-0.07322884706399221,0.6845,0.7939766857142857,-0.10599680964556515,0.6806,0.8305421903052065
Hypertension and heart failure,Fosinopril sodium,10050,0.12019827064017462,0.077,0.17937198622273248,-0.003693011515468156,0.2466,0.5256664218258132
Hypertension and heart failure,Guanfacine hydrochloride,576,-0.11697240425113986,0.832,0.8992502125398512,-0.1529620140838639,0.8476,0.9122969247083774
Hypertension and heart failure,Hydralazine hydrochloride,1039477,0.2524544243264728,0.00536,0.026720982800982805,-0.0826192801841151,0.571,0.7734038718291054
Hypertension and heart failure,Iloprost,22,0.03356651498181393,0.2214,0.37435050000000003,-0.1584787717623894,0.8766,0.9239591688311688
Hypertension and heart failure,Imidapril hydrochloride,21256,-0.010162470915183602,0.3784,0.5357408362369338,0.03244319415695778,0.1335,0.4033845238095238
Hypertension and heart failure,Irbesartan,8119623,0.516738098234612,1e-05,0.00039019230769230776,0.35423499729894325,3e-05,0.007246428571428571
Hypertension and heart failure,Irbesartan with diuretic,234504,0.39947715379873067,0.00023,0.002991474358974359,0.057473049143509786,0.0866,0.3235937384898711
Hypertension and heart failure,Lisinopril,38933138,0.010597698794430944,0.3143,0.47228276627218935,-0.05798654450804121,0.4463,0.6823984174830444
Hypertension and heart failure,Lisinopril with diuretic,346501,0.05138667586979497,0.2034,0.35368527397260274,-0.029425789232386958,0.3269,0.5911587344028522
Hypertension and heart failure,Losartan potassium,59485615,0.15847279010714424,0.03872,0.10987815384615383,-0.0001549837417001873,0.2305,0.5083527173913044
Hypertension and heart failure,Losartan potassium with diuretic,612015,0.35702246491327844,0.00047,0.004720940594059406,0.13358225311377278,0.01938,0.1467239552238806
Hypertension and heart failure,Macitentan,66,0.2199017031828,0.00941,0.03977685416666667,-0.03724248748261973,0.3723,0.6241016501650165
Hypertension and heart failure,Methyldopa,284705,0.07740935872041921,0.1395,0.27533608949416344,-0.014424002473749016,0.2771,0.5539269950738916
Hypertension and heart failure,Minoxidil,134960,0.3578459722481227,0.00047,0.004720940594059406,0.0680638672776475,0.0765,0.3061508875739645
Hypertension and heart failure,Moxonidine,1537161,0.058917030407785405,0.1824,0.3278030115146147,0.047334449797835264,0.1131,0.37634143556280586
Hypertension and heart failure,Olmesartan medoxomil,1862139,0.2713370069490531,0.00376,0.021250807799442897,0.2556527193155234,0.00052,0.021980833333333335
Hypertension and heart failure,Olmesartan medoxomil/amlodipine,94226,0.3539199470078389,0.0007,0.006312444444444444,0.13182184089691068,0.02003,0.14916494505494507
Hypertension and heart failure,Olmesartan medoxomil/amlodipine/hydrochlorothiazide,60341,0.25122900619532,0.00094,0.007980167364016737,-0.011099024450090554,0.2512,0.5303691987513006
Hypertension and heart failure,Olmesartan medoxomil/hydrochlorothiazide,66951,0.352554315042861,0.00038,0.004167675675675676,0.1921593826155153,0.00447,0.07558025
Hypertension and heart failure,Perindopril arginine,146997,0.00585131740876912,0.3287,0.4873157048940832,-0.038100889316307944,0.3558,0.608188487394958
Hypertension and heart failure,Perindopril arginine with diuretic,145153,0.029694912474111903,0.2549,0.413092731629393,-0.05250364992390045,0.4339,0.6732308868501529
Hypertension and heart failure,Perindopril erbumine,18720249,0.1258772359657341,0.0613,0.15112721749696234,0.13229227903195195,0.02076,0.15123964539007093
Hypertension and heart failure,Perindopril erbumine with diuretic,21,-0.03995657667823849,0.3869,0.5428908022130015,-0.07686234449169034,0.556,0.7643116531165312
Hypertension and heart failure,Perindopril tosilate,4,0.0381489239042151,0.1664,0.30665358764759304,-0.008566571665761847,0.2282,0.5054779475982533
Hypertension and heart failure,Perindopril tosilate/indapamide,20,-0.0219719942520078,0.4218,0.5766128532974428,-0.03323501704694776,0.2986,0.5699523988711194
Hypertension and heart failure,Perindopril with calcium channel blocker,251,0.1512429782674445,0.02475,0.07915014150943396,-0.051581180748987404,0.431,0.671142747505756
Hypertension and heart failure,Phenoxybenzamine hydrochloride,3695,0.14483203249830484,0.04585,0.12370964095744681,-0.059705164852398976,0.4591,0.6900102962962963
Hypertension and heart failure,Prazosin hydrochloride,164166,0.44418691146405365,3e-05,0.0006689010989010989,0.3255128598919549,0.00014,0.010144999999999998
Hypertension and heart failure,Quinapril hydrochloride,8324,0.019493966531669023,0.2841,0.44239363008442056,-0.01239228083525548,0.2653,0.543314300100705
Hypertension and heart failure,Quinapril hydrochloride with diuretic,477,-0.056559215969047,0.6512,0.7657535341830822,-0.10569880161800412,0.7158,0.8432589907192576
Hypertension and heart failure,Ramipril,165620713,0.0824390478794435,0.1397,0.2754628765792031,-0.06400397299658685,0.4935,0.7197702586206897
Hypertension and heart failure,Ramipril with calcium channel blocker,8701,0.10955165510308237,0.0936,0.20665331882480958,-0.06577617167292946,0.4969,0.7232497130559541
Hypertension and heart failure,Riociguat,7,-0.07671170949954241,0.6803,0.791472878440367,-0.05106670793984668,0.4081,0.650459465828751
Hypertension and heart failure,Sacubitril/valsartan,5879926,-0.12824987527384968,0.8593,0.9128375392670156,-0.10058911189193959,0.6504,0.8176342007434944
Hypertension and heart failure,Sildenafil(Vasodilator Antihypertensive),16684,0.2194424095899036,0.01102,0.0453952738336714,0.01640304280412854,0.1928,0.4741631894484412
Hypertension and heart failure,Tadalafil (Vasodilator Antihypertensive),38,-0.002161802541591722,0.2343,0.3906283483976993,-0.0223455443865977,0.2826,0.5550778315585673
Hypertension and heart failure,Telmisartan,1628793,0.06389077665859787,0.1668,0.30711179673321237,0.005069686141483378,0.2114,0.49020640000000004
Hypertension and heart failure,Telmisartan with diuretic,133073,0.2622842088470563,0.00355,0.020404957507082155,0.06399310722475655,0.0831,0.315158691588785
Hypertension and heart failure,Terazosin hydrochloride,174279,0.09543915070272177,0.1084,0.22958622129436326,-0.010237179398426659,0.2615,0.5401722278738555
Hypertension and heart failure,Trandolapril,198482,0.0042039395903946545,0.3355,0.49292505430847217,-0.05748247609274098,0.4561,0.6888636160714285
Hypertension and heart failure,Valsartan,1753169,0.16430431539903226,0.03427,0.10121372634643379,0.07897683175555978,0.0645,0.280837982832618
Hypertension and heart failure,Valsartan with diuretic,215988,0.22546496414446351,0.01011,0.0422082098765432,-0.019057725922259173,0.3064,0.573730138248848
Hypertension and heart failure,Vericiguat,38,-0.09291238007724352,0.7559,0.8495669785360485,-0.24939457704582033,0.9895,0.9936176645225137
Drugs used in rheumatic diseases and gout,Abatacept,24,-0.05639679279977765,0.8199,0.892956038647343,-0.07044640497496939,0.545,0.7567809165526677
Drugs used in rheumatic diseases and gout,Aceclofenac,21540,-0.025309062016088672,0.4793,0.6310835171966256,-0.03383143225337228,0.356,0.608188487394958
Drugs used in rheumatic diseases and gout,Adalimumab,329,0.002075205391044534,0.2394,0.3955558631921824,-0.002733091763243289,0.1566,0.4385438620689655
Drugs used in rheumatic diseases and gout,Allopurinol,34224976,0.17964399202274833,0.02304,0.0750371749598716,0.10702224206683976,0.03536,0.20040625698324022
Drugs used in rheumatic diseases and gout,Anakinra,21,-0.09283724957312714,0.9735,0.9856444610778443,-0.12428189690840567,0.8036,0.8939796174863388
Drugs used in rheumatic diseases and gout,Apremilast,1440,0.0817400776422571,0.0733,0.17253561484918795,-0.04957068178586684,0.4172,0.6602954758190328
Drugs used in rheumatic diseases and gout,Baricitinib,507,-0.07850009023554749,0.6972,0.8034241203178206,-0.10412774171411499,0.6607,0.8205241295051925
Drugs used in rheumatic diseases and gout,Benzbromarone,1075,-0.08487927642445324,0.7207,0.8205950056116723,-0.06001567556385587,0.4663,0.6955507342143906
Drugs used in rheumatic diseases and gout,Celecoxib,1944379,0.3288027095208643,0.00044,0.004649791666666667,0.15281388293988907,0.00874,0.09483133689839571
Drugs used in rheumatic diseases and gout,Certolizumab pegol,6,0.08257069617675605,0.0915,0.20378991228070176,0.05571089055896889,0.0875,0.32383134057971014
Drugs used in rheumatic diseases and gout,Colchicine,2773893,0.3843947936985064,9e-05,0.001547542372881356,0.29327207194010185,0.00028,0.015354594594594593
Drugs used in rheumatic diseases and gout,Dexibuprofen,3,-0.049481079366518,0.4941,0.6410031329923274,-0.06301954882470419,0.434,0.6732308868501529
Drugs used in rheumatic diseases and gout,Dexketoprofen,5045,0.09760130292744248,0.0954,0.20902858683926645,-0.0960962936777578,0.6278,0.8046785849652558
Drugs used in rheumatic diseases and gout,Diclofenac potassium,44873,0.05543537271118375,0.1937,0.34151310763888887,0.032005193309476675,0.1463,0.4216515625000001
Drugs used in rheumatic diseases and gout,Diclofenac sodium,2864896,0.3611463295927882,0.00025,0.0031119631901840488,0.03634619991375615,0.1347,0.40429926035502955
Drugs used in rheumatic diseases and gout,Etanercept,302,-0.019484327939333794,0.3969,0.5523388888888888,-0.003415967273390178,0.1406,0.41224126984126985
Drugs used in rheumatic diseases and gout,Etodolac,382640,0.27292261965894,0.00491,0.025094181360201515,0.06526807885228461,0.083,0.315158691588785
Drugs used in rheumatic diseases and gout,Etoricoxib,2443283,0.06372793484602242,0.1807,0.3259024888888889,-0.014257613918549577,0.2872,0.5560389312977099
Drugs used in rheumatic diseases and gout,Febuxostat,986747,0.13942911069964758,0.04718,0.12645735799207397,0.12384634348672602,0.02096,0.15123964539007093
Drugs used in rheumatic diseases and gout,Filgotinib,19,0.09427001235462891,0.0757,0.17695311059907834,-0.005757742524029943,0.2221,0.4981899669239251
Drugs used in rheumatic diseases and gout,Flurbiprofen,10567,0.054242022984350595,0.1656,0.3060131147540983,-0.11208199023381303,0.7063,0.8390413934426231
Drugs used in rheumatic diseases and gout,Glucosamine hydrochloride (Rheumatic),528,0.020381863381194687,0.1,0.21608093716719914,-0.15671824804325032,0.9075,0.9418503836317135
Drugs used in rheumatic diseases and gout,Glucosamine sulfate (Rheumatic),10,-0.024417890488426484,0.2815,0.438681643625192,-0.029031593975685888,0.2839,0.5554803278688525
Drugs used in rheumatic diseases and gout,Golimumab,49,-0.06755768267674649,0.6753,0.7870095921883975,-0.05704984919694446,0.4206,0.6641079131109386
Drugs used in rheumatic diseases and gout,Hydroxychloroquine sulfate,6262695,0.33965762495048146,0.00044,0.004649791666666667,-0.05402811818196585,0.438,0.6758190114068441
Drugs used in rheumatic diseases and gout,Ibuprofen lysine,8902,-0.06477688721611126,0.8527,0.9086808298319328,-0.1007596999853794,0.7484,0.8597126768534239
Drugs used in rheumatic diseases and gout,Ibuprofen sodium dihydrate,289,0.07255926658728296,0.0951,0.2088288961038961,-0.02739052705011045,0.3007,0.5718090909090909
Drugs used in rheumatic diseases and gout,Indometacin,445682,0.180666335984184,0.02486,0.0791851491365777,0.08957375896883565,0.0541,0.255276511627907
Drugs used in rheumatic diseases and gout,Infliximab,13,-0.02929206191542917,0.4642,0.6184125901639345,-0.11205081573910863,0.7128,0.8429787209302326
Drugs used in rheumatic diseases and gout,Leflunomide,966520,0.22642009080362907,0.0093,0.03939394572025052,-0.004470591291320893,0.2452,0.5244612223393045
Drugs used in rheumatic diseases and gout,Mefenamic acid,1460469,0.4797473112551877,1e-05,0.00039019230769230776,0.20792437791069657,0.00255,0.057488333333333336
Drugs used in rheumatic diseases and gout,Meloxicam,1924373,0.2745551751678223,0.00266,0.01655564417177914,0.099604592722948,0.04006,0.2156014323607427
Drugs used in rheumatic diseases and gout,Methotrexate,11029139,0.4045074424433735,6e-05,0.0011377570093457944,0.08885858205164507,0.04798,0.23860642156862746
Drugs used in rheumatic diseases and gout,Methylprednisolone acetate,2481597,0.07679778197898922,0.1509,0.28993948863636365,-0.10363294333659627,0.6649,0.8215968978102189
Drugs used in rheumatic diseases and gout,Nabumetone,78590,0.2104229110582167,0.0135,0.052513007662835245,-0.12185354776211371,0.7476,0.8594223229461756
Drugs used in rheumatic diseases and gout,Naproxen,37298444,0.14535486756334529,0.04935,0.1299507392996109,-0.06881414961198883,0.5081,0.7306413182140326
Drugs used in rheumatic diseases and gout,Penicillamine,29673,-0.012695462870628896,0.4271,0.5816012751677851,-0.0925374428959858,0.6153,0.7987483685220728
Drugs used in rheumatic diseases and gout,Phenylbutazone,251,0.15699434447437038,0.03774,0.10769966244725739,0.07844911484987484,0.0601,0.27143511111111107
Drugs used in rheumatic diseases and gout,Probenecid,3124,-0.10164259901693183,0.7981,0.8747049676025919,-0.10060935684139663,0.6653,0.8215968978102189
Drugs used in rheumatic diseases and gout,Sarilumab,5,-0.017318470462099247,0.2072,0.35779472340425533,-0.015516906083845587,0.2303,0.5083527173913044
Drugs used in rheumatic diseases and gout,Secukinumab,94,-0.060474571714317846,0.9831,0.9909140089418778,-0.039637245926972396,0.3455,0.6007022279348757
Drugs used in rheumatic diseases and gout,Sodium aurothiomalate,7,-0.08250126564525982,0.9942,0.9981354774863929,-0.0772068632728454,0.5921,0.7840098243331164
Drugs used in rheumatic diseases and gout,Sulfinpyrazone,21,-0.05194306541827406,0.5893,0.7168403477218226,-0.12337879531919724,0.7827,0.8827672595886603
Drugs used in rheumatic diseases and gout,Sulindac,4132,0.10930874916611291,0.0883,0.19862605321507762,-0.13621203011291627,0.7986,0.89177732526142
Drugs used in rheumatic diseases and gout,Tenoxicam,341,-0.03861300966053438,0.5241,0.667126035131744,-0.029847757473323643,0.3243,0.5885731903485254
Drugs used in rheumatic diseases and gout,Tiaprofenic acid,2177,-0.005964524623981463,0.3945,0.5501309278350516,-0.009876191336484201,0.2674,0.5451409638554218
Drugs used in rheumatic diseases and gout,Tiopronin,60,-0.05431314680479742,0.5981,0.7236403697078115,-0.10665124118983942,0.7138,0.8429787209302326
Drugs used in rheumatic diseases and gout,Tocilizumab,20,0.06495349451978544,0.1112,0.23356604554865423,-0.19944708723012847,0.9562,0.9754297637003521
Drugs used in rheumatic diseases and gout,Tofacitinib,14,-0.07866070589415253,0.6934,0.8012007972665148,-0.08567216177002844,0.5677,0.7715896390374332
Drugs used in rheumatic diseases and gout,Triamcinolone acetonide,1126774,0.45271080111942164,2e-05,0.0005270129870129871,0.20418114626075096,0.003,0.061271782178217826
Drugs used in rheumatic diseases and gout,Triamcinolone hexacetonide,3051,-0.06713127364235656,0.6345,0.7511088098016336,-0.12111965418053404,0.7575,0.8675921557562076
Drugs used in rheumatic diseases and gout,Upadacitinib,93,0.15741202855455183,0.01351,0.052513007662835245,0.05166038118145659,0.04235,0.22146430412371135
Enteral nutrition,T/F fortifier non ACBS 0.9kcal/ml h/prot plant based liquid,3447,-0.03140666664054955,0.476,0.6285947402597403,-0.11257147474629661,0.7088,0.8415185488589818
Enteral nutrition,Tube feed 0.6 kcal/ml peptide based (0914041),2695,-0.03716384027014626,0.5117,0.6571134810126583,-0.16799655783102269,0.8944,0.9359141825683341
Enteral nutrition,Tube feed 0.75 kcal/ml with fibre (0914021),11221,0.1515906827394358,0.03276,0.09760651982378854,-0.028112799742753783,0.3118,0.5760218380345768
Enteral nutrition,Tube feed 0.8 kcal/ml (0914011),12546,0.13813896413828414,0.0535,0.13740696202531646,-0.021593067734072956,0.3037,0.5729384044526902
Enteral nutrition,"Tube feed 0.8 kcal/ml with fibre, higher protein (0914011)",7584,0.2012806526399601,0.01625,0.05994772727272727,-0.08231395559403856,0.568,0.7715896390374332
Enteral nutrition,Tube feed 1 kcal/ml (0914011),17060,0.15210658070095903,0.04165,0.11608221153846154,0.10453706505252813,0.03488,0.1982395518207283
Enteral nutrition,Tube feed 1 kcal/ml (0914021),16404,-0.03782052594364649,0.5403,0.6813354257302673,-0.09737275772414107,0.6453,0.8147565028002489
Enteral nutrition,Tube feed 1 kcal/ml MCT based (0914031),35,0.04049830924778958,0.1794,0.3241341050756901,-0.05106351009169736,0.4218,0.6641079131109386
Enteral nutrition,Tube feed 1 kcal/ml peptide based (0914032),18319,0.34497411946823336,0.00042,0.004557112299465241,0.12491849361915386,0.02391,0.16334474747474748
Enteral nutrition,Tube feed 1 kcal/ml peptide based (0914041),30091,0.3681440598153565,0.0003,0.003498275862068965,0.10534276415462299,0.0359,0.20121850828729282
Enteral nutrition,Tube feed 1 kcal/ml soya based (0914033),9693,-0.12705992737484312,0.9106,0.9484637577002053,-0.1553134631654212,0.8737,0.922704368174727
Enteral nutrition,Tube feed 1 kcal/ml soya based with fibre (0914033),2860,-0.008766496423098829,0.4067,0.5629818924438393,-0.04414478427163976,0.4067,0.6498866247049567
Enteral nutrition,Tube feed 1 kcal/ml with fibre (0914011),43301,-0.15591196988502498,0.9186,0.9548357581967213,-0.17990734885005044,0.9061,0.941842674180328
Enteral nutrition,Tube feed 1 kcal/ml with fibre (0914021),29970,0.26814910509714496,0.00316,0.01874748538011696,0.01785263831852326,0.18,0.4643928121059268
Enteral nutrition,"Tube feed 1 kcal/ml with fibre, higher protein (0914011)",27630,0.1617854600943736,0.03636,0.10505775248933145,0.0004399567373550448,0.2162,0.49623280542986425
Enteral nutrition,Tube feed 1.2 - 1.25 kcal/ml (0914011),11500,0.22161531799245213,0.0115,0.046854417670682734,0.2555344553169978,0.00076,0.02803709090909091
Enteral nutrition,Tube feed 1.2 kcal/ml higher protein (0914011),2227,0.10229862071065172,0.0944,0.207741431670282,0.03809025815185338,0.1265,0.38948179059180577
Enteral nutrition,Tube feed 1.2 kcal/ml peptide based,1749,-0.11998583269188644,0.886,0.9319305339554173,-0.10916282956284656,0.7014,0.8381275618374558
Enteral nutrition,Tube feed 1.2 kcal/ml with fibre (0914011),27652,0.30960239096677594,0.00118,0.009352421875000001,0.060095582739861673,0.0877,0.32383134057971014
Enteral nutrition,Tube feed 1.2 kcal/ml with fibre (0914021),47096,0.17900874213484075,0.01993,0.06796297478991596,-0.16808111442200033,0.8884,0.9315574160206718
Enteral nutrition,"Tube feed 1.2 kcal/ml with fibre, higher protein (0914011)",18774,0.2427800032117257,0.00727,0.03304501118568232,0.02709849509194938,0.1544,0.4353485436893204
Enteral nutrition,Tube feed 1.22 - 1.25 kcal/ml with fibre (0914011),13248,0.16266765248302484,0.0367,0.1056231205673759,0.05901779194370902,0.0945,0.3399654255319149
Enteral nutrition,Tube feed 1.3 kcal/ml peptide based (0914032),26754,0.19817827666791304,0.01753,0.0625816344463972,0.11662519463470232,0.02995,0.18254906906906906
Enteral nutrition,Tube feed 1.3kcal/ml higher protein (0914011),3884,-0.018961198685499114,0.4289,0.5834054959785523,-0.014681344137837686,0.2732,0.5504695134061569
Enteral nutrition,"Tube feed 1.3kcal/ml with fibre, higher protein (0914011)",9771,0.07961044860713387,0.1096,0.23140312174817898,0.03511543797217936,0.1167,0.37885488
Enteral nutrition,Tube feed 1.5 kcal/ml (0914011),76946,0.057017425599929256,0.1857,0.33109428822495607,-0.052515125116501186,0.4294,0.6701943076923077
Enteral nutrition,Tube feed 1.5 kcal/ml (0914021),22016,-0.10352461613235903,0.7984,0.8747049676025919,-0.13581598223298136,0.7869,0.8837996126175983
Enteral nutrition,Tube feed 1.5 kcal/ml higher protein (0914011),12599,-0.026167042002701132,0.4645,0.6184125901639345,-0.08469508232483297,0.5899,0.7838291421087098
Enteral nutrition,Tube feed 1.5 kcal/ml peptide based (0914032),56209,0.3598763349800135,0.00023,0.002991474358974359,0.28724499309947754,0.00022,0.013128823529411764
Enteral nutrition,Tube feed 1.5 kcal/ml peptide based (0914041),45867,0.13860556974468036,0.04214,0.1168681855388813,0.05632415987867299,0.0829,0.315158691588785
Enteral nutrition,Tube feed 1.5 kcal/ml with fibre (0914011),116127,0.11515878269987509,0.0835,0.18972172452407615,0.06480408317195405,0.085,0.3197553703703704
Enteral nutrition,Tube feed 1.5 kcal/ml with fibre (0914021),50957,0.07472937684319896,0.1566,0.29695457943925235,-0.1307677103552497,0.7796,0.8807396436525612
Enteral nutrition,"Tube feed 1.5 kcal/ml with fibre, higher protein (0914011)",4958,-0.05610512228768909,0.6021,0.727179107142857,-0.12727027017778222,0.7683,0.8728335386338185
Enteral nutrition,Tube feed 1.54 kcal/ml with fibre (0914011),43636,-0.12576048819424732,0.8567,0.9111358490566038,-0.20704986414268525,0.9487,0.9711969223007063
Enteral nutrition,"Tube feed 1.5kcal/ml peptide  based, higher protein(0914034)",5198,0.15215050771927605,0.04212,0.1168681855388813,0.14539529463994774,0.01526,0.13288643776824033
Enteral nutrition,Tube feed 1.6kcal/ml higher protein (0914011),1,-0.033768873403019734,0.8341,0.8992502125398512,0.008844689080453771,0.0809,0.3120648288973384
Enteral nutrition,Tube feed 1.8 kcal/ml (0914035),1025,0.14674038399595912,0.04938,0.1299507392996109,-0.04043475507848415,0.3846,0.633383698296837
Enteral nutrition,Tube feed 2 kcal/ml (0914011),1868,-0.061320388730208036,0.6325,0.7496159462616823,-0.11495844137391731,0.7442,0.8569703745743473
Enteral nutrition,Tube feed 2 kcal/ml higher protein (0914011),1840,-0.06669140522584695,0.7114,0.8136587373167983,-0.1011539739549537,0.6795,0.8305421903052065
Enteral nutrition,Tube feed 2 kcal/ml with fibre (0914011),48686,0.06554388854750696,0.1662,0.30665358764759304,0.025566725637067644,0.1605,0.44422384196185294
Enteral nutrition,Tube feed 2kcal/ml w fibre higher prot plant based (0914011),1995,0.12702934698357435,0.0653,0.15791859356376636,0.08882945464303868,0.052,0.2506128266033254
Enteral nutrition,"Tube feed 2kcal/ml with fibre, higher protein (0914011)",1133,-0.08417179767294496,0.8352,0.899476837652036,-0.11716679648802551,0.7699,0.8741617795187466
Enteral nutrition,"Tube feed 2kcal/ml, higher protein, plant based (0914011)",20,-0.03376887340301975,0.8341,0.8992502125398512,0.008844689080453768,0.0809,0.3120648288973384
Enteral nutrition,Tube feed additive 0.5 kcal/ml high fibre liquid (0914052),78670,0.5564000563663893,1e-05,0.00039019230769230776,0.2731876677102039,0.00026,0.01465388888888889
Enteral nutrition,Tube feed additive 1 kcal/ml higher protein liquid (0914051),79142,-0.08226088560467107,0.717,0.8168405390230207,-0.05633725899094541,0.4387,0.6763333333333333
Enteral nutrition,Tube feed additive 2kcal/ml h/prot plant based liq (0914051),2655,0.163605124071985,0.03525,0.10320670995670995,0.13139124367722846,0.02102,0.15123964539007093
Enteral nutrition,Tube feed non ACBS 1.3kcal/ml h/prot for use in IC (0914071),466,-0.1450694383641436,0.9408,0.9675028890015205,-0.17455947877104286,0.9069,0.9418503836317135
Enteral nutrition,Tube feed non ACBS 1.5kcal/ml for use in diabetes (0914071),870,0.04656364038481598,0.2067,0.3575398976982097,0.014588023826125746,0.1802,0.4643928121059268
Enteral nutrition,Tube feed non ACBS 1kcal/ml for low sodium needs (0914071),429,-0.030259659851173144,0.4087,0.5641172108843537,-0.10541439203076386,0.6926,0.8349605934718101
Enteral nutrition,Tube feed non ACBS 1kcal/ml higher protein (0914061),10416,0.234646125645439,0.00769,0.0346546017699115,0.11073157451849087,0.03311,0.1913965527065527
Cytotoxic drugs,Abemaciclib,13,-0.05765548435769547,0.5866,0.7148416816816816,-0.11423509183808223,0.7239,0.843630711825488
Cytotoxic drugs,Afatinib,2,-0.019744483159117313,0.3829,0.538957519057519,-0.02877007068713885,0.2713,0.5482746015936254
Cytotoxic drugs,Axitinib,2,-0.03315021693428982,0.4177,0.5726441216216217,-0.061523857819624224,0.4668,0.6955507342143906
Cytotoxic drugs,Bexarotene,1,-0.015243902439024392,0.2922,0.4508546007604563,-0.12698313473901704,0.806,0.8939796174863388
Cytotoxic drugs,Bosutinib,6,-0.014280470647733438,0.16,0.3005925925925926,-0.08229941643840803,0.631,0.807250315258512
Cytotoxic drugs,Busulfan,42,0.08081752922783422,0.1224,0.2503524193548387,0.019495797855086216,0.1603,0.44422384196185294
Cytotoxic drugs,Cabozantinib,3,0.1385362601056756,0.04378,0.11987802968960865,0.12335849964243313,0.02071,0.15123964539007093
Cytotoxic drugs,Calcium folinate,14215,0.04620393171373193,0.1589,0.2990798701298702,-0.006348642931514335,0.2185,0.4981899669239251
Cytotoxic drugs,Capecitabine,31,-0.03831324096361149,0.4854,0.6349945841392649,-0.053680755088755694,0.4182,0.6613622759158223
Cytotoxic drugs,Chlorambucil,53,0.10516691493543884,0.0955,0.20902858683926645,-0.04955135745961,0.4234,0.6645641918020108
Cytotoxic drugs,Cyclophosphamide,664,0.02538205870195264,0.2791,0.4369551697530864,-0.07093156781693287,0.5231,0.7402458913649026
Cytotoxic drugs,Dasatinib,12,-0.05774662389184122,0.5857,0.7142957932692308,-0.119921973738066,0.7401,0.8554577929465301
Cytotoxic drugs,Erlotinib,3,0.050817851031636246,0.1705,0.3116617117117117,-0.10721618764495558,0.7063,0.8390413934426231
Cytotoxic drugs,Etoposide,4,-0.021126777087949414,0.1957,0.34378813852813855,-0.007635170799596811,0.1637,0.447035397039031
Cytotoxic drugs,Everolimus,60,0.006860533766236375,0.3029,0.4627892319277109,-0.004400271902069638,0.2204,0.4981899669239251
Cytotoxic drugs,Fludarabine phosphate,7,0.1852292049742148,0.01997,0.06798511744966444,0.13612407970070176,0.0117,0.11516718309859154
Cytotoxic drugs,Fluorouracil (Antimetabolites),50862,0.3511890281763317,0.00057,0.005404345794392524,0.0857514305348061,0.0524,0.25134657210401895
Cytotoxic drugs,Hydroxycarbamide,472591,0.3023171736388488,0.00161,0.01166675,0.21043555409113424,0.00281,0.05939052083333333
Cytotoxic drugs,Ibrutinib,20,0.04332372889706177,0.2151,0.3673719696969697,0.009476521019254967,0.2021,0.48299281507656067
Cytotoxic drugs,Imatinib mesilate,323,-0.06922625369543141,0.7105,0.8130877044557249,-0.15745920063317462,0.897,0.9379812982998454
Cytotoxic drugs,Lenvatinib,1,-0.018728222996515692,0.3649,0.5221312411847673,-0.06860737799751408,0.5198,0.7396032258064518
Cytotoxic drugs,Melphalan,95,0.15522076269914287,0.03735,0.10703834745762712,0.012426068249939708,0.1939,0.4741631894484412
Cytotoxic drugs,Mercaptopurine,301623,0.2826484834806099,0.00245,0.015632232704402515,0.22159427483173158,0.0021,0.05072499999999999
Cytotoxic drugs,Mesna,65,-0.04170318004989388,0.7931,0.8707791666666667,-0.10572874654407348,0.7657,0.8717985978687605
Cytotoxic drugs,Mitomycin,2,-0.0411007651161922,0.5346,0.6770932584269662,-0.08049378947039942,0.5935,0.7840098243331164
Cytotoxic drugs,Mitotane,45,-0.025374699288574595,0.305,0.4642498124531133,-0.13350324750869833,0.8231,0.9012077998924153
Cytotoxic drugs,Nelarabine,2,-0.008943089430894311,0.04788,0.12682574412532638,-0.014110685837214474,0.2227,0.4981899669239251
Cytotoxic drugs,Nilotinib,10,-0.015558182843282545,0.3765,0.5345825752274318,-0.02847730945010734,0.3162,0.5811320652173912
Cytotoxic drugs,Nintedanib,18,-0.01048273448455022,0.2908,0.44949916286149166,-0.01127951459569946,0.2018,0.48299281507656067
Cytotoxic drugs,Niraparib,6,-0.024622531939605112,0.519,0.6622962264150943,-0.09247771062475561,0.7146,0.8429787209302326
Cytotoxic drugs,Olaparib,5,-0.058168894901730724,0.5806,0.7118050755287009,-0.05484960319223833,0.4262,0.6673642251349267
Cytotoxic drugs,Osimertinib,9,-0.04428422816512804,0.5111,0.6570156428119063,-0.18756930707228922,0.9444,0.9687500505561173
Cytotoxic drugs,Palbociclib,3,0.028874370679023098,0.1224,0.2503524193548387,0.01824397896112853,0.1137,0.37634143556280586
Cytotoxic drugs,Ponatinib,1,-0.022454510259388303,0.4545,0.6074970355731225,-0.04189972107851331,0.3567,0.608188487394958
Cytotoxic drugs,Procarbazine hydrochloride,46,-0.09616463864225448,0.7831,0.8644776387377585,-0.09607584290328268,0.6423,0.8122320872274142
Cytotoxic drugs,Ribociclib,8,0.14675262431881125,0.04439,0.12138451482479783,0.15345918277838974,0.01599,0.1368932911392405
Cytotoxic drugs,Ruxolitinib,62,-0.09615374561649441,0.8575,0.9114025667888948,-0.2280948563155986,0.9826,0.9909841010401189
Cytotoxic drugs,Sorafenib,1,-0.017305458768873405,0.3102,0.46905528273809527,-0.03517591362521387,0.3326,0.5983132391879965
Cytotoxic drugs,Temoporfin,1,-0.013211382113821139,0.1448,0.2822278578290106,-0.06567840285070177,0.5239,0.7402458913649026
Cytotoxic drugs,Temozolomide,8,0.01385662200936919,0.1501,0.2891421252371917,-0.05130102146834895,0.3971,0.6451636581469649
Cytotoxic drugs,Tioguanine,165,-0.03963817960657228,0.4891,0.6373508344030809,-0.13638440487749875,0.8175,0.8990284552845529
Cytotoxic drugs,Topotecan,1,-0.0246225319396051,0.519,0.6622962264150943,-0.0924777106247556,0.7146,0.8429787209302326
Cytotoxic drugs,Trametinib,4,-0.026851263691672306,0.2337,0.3902693827160494,-0.06977896503003017,0.5375,0.7490298763736263
Cytotoxic drugs,Vandetanib,4,-0.10747450212477455,0.9243,0.9583059274399591,-0.1374614521699298,0.812,0.8970897114861187
Cytotoxic drugs,Zanubrutinib,1,-0.040979481223383664,0.9518,0.9719185707096124,-0.23044394480053734,0.9861,0.9909841010401189
Drugs used in psychoses and related disorders,Amisulpride,1950746,0.4612991497068349,2e-05,0.0005270129870129871,0.2924627742081267,0.00011,0.00970391304347826
Drugs used in psychoses and related disorders,Aripiprazole,8553354,0.364087158341912,0.0003,0.003498275862068965,0.023164697559074125,0.1691,0.4509479057591623
Drugs used in psychoses and related disorders,Asenapine,4743,0.15792423661558622,0.03588,0.10400074285714286,0.12636419513094518,0.02102,0.15123964539007093
Drugs used in psychoses and related disorders,Benperidol,6239,0.04627996928816822,0.1946,0.342151993067591,-0.022496476035239424,0.3044,0.5729384044526902
Drugs used in psychoses and related disorders,Cariprazine,25617,0.18858046980822757,0.02451,0.0786879588607595,0.15701119913204925,0.0127,0.1187479262672811
Drugs used in psychoses and related disorders,Chlorpromazine hydrochloride,976904,0.42935408898153105,4e-05,0.0008367010309278352,0.136092294907313,0.01698,0.13909650602409637
Drugs used in psychoses and related disorders,Chlorprothixene,2,-0.013211382113821137,0.1448,0.2822278578290106,-0.06567840285070177,0.5239,0.7402458913649026
Drugs used in psychoses and related disorders,Clozapine,15720,-0.06044530741585734,0.6993,0.8040128045325778,-0.08104372899337668,0.5892,0.7838291421087098
Drugs used in psychoses and related disorders,Flupentixol decanoate,184989,-0.13021177653256633,0.8761,0.9243925637025481,-0.1576766279238028,0.8638,0.9184174436877947
Drugs used in psychoses and related disorders,Fluphenazine decanoate,468,-0.05866047860644437,0.6109,0.7349114928909953,-0.13104016431044335,0.7714,0.8748857462269424
Drugs used in psychoses and related disorders,Fluphenazine hydrochloride,418,-0.05439125457092706,0.5482,0.6874597042513864,-0.11438821170184162,0.7198,0.843630711825488
Drugs used in psychoses and related disorders,Haloperidol,1587025,0.047542452915973116,0.2077,0.3583531462585034,0.03180395793891579,0.1483,0.42560212164073546
Drugs used in psychoses and related disorders,Haloperidol decanoate,37703,-0.14162060267617488,0.9215,0.9568697543500512,-0.13071387030950235,0.7871,0.8837996126175983
Drugs used in psychoses and related disorders,Levomepromazine hydrochloride,619859,0.253805068760226,0.00518,0.026195298507462685,-0.12836464901397135,0.7577,0.8675921557562076
Drugs used in psychoses and related disorders,Levomepromazine maleate,164693,0.06976857574476147,0.1588,0.2990798701298702,-0.05064729374840577,0.4349,0.6735970229007634
Drugs used in psychoses and related disorders,Lithium carbonate,4128117,0.08894315431267338,0.1195,0.24615786802030457,0.018090797503379243,0.1713,0.45374373368146215
Drugs used in psychoses and related disorders,Lithium citrate,36864,-0.05392497545220908,0.5978,0.7236403697078115,-0.0807713483852425,0.5571,0.7647874830852504
Drugs used in psychoses and related disorders,Lurasidone,243804,0.21170671102779987,0.01365,0.052955736137667304,0.015369536132483737,0.1856,0.4686384328358209
Drugs used in psychoses and related disorders,Melperone hydrochloride,3,-0.040979481223383664,0.9518,0.9719185707096124,-0.2304439448005374,0.9861,0.9909841010401189
Drugs used in psychoses and related disorders,Olanzapine,13217732,0.24539028097714694,0.00599,0.029124401913875598,0.07070717900095826,0.0699,0.2904498977505113
Drugs used in psychoses and related disorders,Olanzapine embonate,1749,0.2814379037688085,0.00681,0.03176434482758621,0.174543165540621,0.00817,0.0945720338983051
Drugs used in psychoses and related disorders,Paliperidone,97630,-0.06332965830582686,0.6315,0.7488682057276447,-0.038933168372464924,0.3727,0.6241016501650165
Drugs used in psychoses and related disorders,Pericyazine,288044,-0.0001189823821955208,0.00944,0.039820706860706864,-0.1166870547403555,0.7659,0.8717985978687605
Drugs used in psychoses and related disorders,Perphenazine,1010,-0.09612457762128727,0.7895,0.8682360433604335,-0.19281783497793537,0.9501,0.972139636913767
Drugs used in psychoses and related disorders,Pimozide,16591,0.0594977648042898,0.1676,0.3083049864007253,-0.10597027551384308,0.6827,0.8305421903052065
Drugs used in psychoses and related disorders,Pipotiazine palmitate,1,-0.02607433217189313,0.5829,0.712901808318264,-0.010455604021540303,0.1365,0.40669121522694
Drugs used in psychoses and related disorders,Promazine hydrochloride,549239,0.0834902571243956,0.0605,0.15025030599755201,-0.0831707696378593,0.6108,0.7954513478818999
Drugs used in psychoses and related disorders,Quetiapine,22214116,0.24540319569718083,0.00561,0.02789875,0.004291979303146546,0.225,0.5004718510405258
Drugs used in psychoses and related disorders,Risperidone,8979366,0.3685724368445374,0.00017,0.0024120979020979022,0.2149149674184946,0.00171,0.045059610389610386
Drugs used in psychoses and related disorders,Sulpiride,440637,0.11114280126516597,0.0792,0.18244915062287656,-0.03462822738421326,0.3444,0.600681615120275
Drugs used in psychoses and related disorders,Thioridazine,284,0.030740645138327825,0.0772,0.17963165137614678,-0.002231769415945842,0.1607,0.44422384196185294
Drugs used in psychoses and related disorders,Trifluoperazine,135596,0.064647813824931,0.1734,0.3166774077407741,0.04543819965575763,0.1117,0.3746104132231405
Drugs used in psychoses and related disorders,Valproic acid,2693244,0.2164080638786442,0.01197,0.048173683168316835,-0.06243805080592894,0.4696,0.6975244509516837
Drugs used in psychoses and related disorders,Ziprasidone hydrochloride,77,-0.061398725987574135,0.753,0.8495669785360485,-0.13167578753584055,0.8255,0.9012077998924153
Drugs used in psychoses and related disorders,Zuclopenthixol acetate,236,0.022448829353197624,0.2801,0.43717146153846154,-0.03768215691997917,0.3532,0.6078395250212045
Drugs used in psychoses and related disorders,Zuclopenthixol decanoate,141297,-0.14168116182271445,0.9095,0.9482214175654854,-0.19802691313976079,0.9514,0.972488967254408
Drugs used in psychoses and related disorders,Zuclopenthixol hydrochloride,488768,0.404150991959635,0.00013,0.0020135114503816794,0.22723259672254434,0.00152,0.04429507042253521
Drugs for genito-urinary disorders,Acetohydroxamic acid,4,0.018930724108088118,0.1629,0.30434999999999995,0.003285358386330157,0.1827,0.4647884711779448
Drugs for genito-urinary disorders,Alfuzosin hydrochloride,2233995,0.07389019466851322,0.1516,0.2904593012275732,-0.12025928040832666,0.732,0.8487017142857143
Drugs for genito-urinary disorders,Alprostadil,487714,0.31420583038342237,0.00111,0.00890193675889328,0.04987918874586084,0.1072,0.36406638795986623
Drugs for genito-urinary disorders,Avanafil,47413,-0.04512045853023764,0.5497,0.6874597042513864,-0.13857324076044503,0.8058,0.8939796174863388
Drugs for genito-urinary disorders,Bethanechol chloride,2381,0.08480411202979089,0.1168,0.24182367346938777,-0.06258208340887172,0.4627,0.6933040590405904
Drugs for genito-urinary disorders,Chlorhexidine acetate,2907,0.20902669242133437,0.0086,0.037248805970149255,-0.03712703002253711,0.345,0.6007022279348757
Drugs for genito-urinary disorders,Dapoxetine hydrochloride,35757,0.24201160810545452,0.00725,0.03304501118568232,0.04859278278555971,0.11,0.37013266998341626
Drugs for genito-urinary disorders,Darifenacin hydrobromide,511003,0.0701635473364729,0.1485,0.2872321258341277,-0.0182978114849316,0.289,0.5579267364414843
Drugs for genito-urinary disorders,Distigmine bromide,237,-0.08751616376400106,0.8463,0.9051392518440464,-0.07920932181675944,0.55,0.7603221389645777
Drugs for genito-urinary disorders,Fesoterodine fumarate,952091,0.19768119708623527,0.01615,0.0597962591240876,0.15474503597996217,0.01193,0.11516718309859154
Drugs for genito-urinary disorders,Flavoxate hydrochloride,54801,0.1322685049554825,0.0613,0.15112721749696234,-0.07591193590815594,0.5344,0.7475998622589533
Drugs for genito-urinary disorders,Indoramin,121168,0.14930991433862856,0.04103,0.11504205801104973,-0.12298826994336996,0.7436,0.8569703745743473
Drugs for genito-urinary disorders,Lidocaine/prilocaine (Premature Ejaculation),93,-0.03763216190120341,0.7817,0.8638437125748504,-0.016762581069661556,0.1814,0.4643928121059268
Drugs for genito-urinary disorders,Mirabegron,11688162,0.2939287526897625,0.00143,0.010746185185185187,0.1332726953647408,0.01898,0.14602651515151516
Drugs for genito-urinary disorders,Other urological pain preparations,561,0.09413442658801013,0.0975,0.21203376205787783,-0.0441825767602119,0.3711,0.6238292460646231
Drugs for genito-urinary disorders,Oxybutynin,6678590,0.2643549064625257,0.00381,0.021354944751381215,-0.05193701703567182,0.4301,0.670770868562644
Drugs for genito-urinary disorders,Oxybutynin hydrochloride,24,0.008156237393459467,0.153,0.2923135593220339,-0.013438575693697748,0.2242,0.49978880351262345
Drugs for genito-urinary disorders,Papaverine hydrochloride,10,0.015238630004624071,0.1275,0.2576668326693227,-0.009789747158328617,0.1788,0.4643928121059268
Drugs for genito-urinary disorders,Phentolamine/aviptadil,56523,0.28255057241110915,0.00224,0.014852810457516338,0.17002557584144423,0.00773,0.09420357142857143
Drugs for genito-urinary disorders,Potassium citrate,128129,0.2334021708702669,0.01101,0.0453952738336714,0.17034131152224838,0.00842,0.09483133689839571
Drugs for genito-urinary disorders,Propiverine hydrochloride,111518,0.05584030117201395,0.1846,0.32971249999999996,-0.13271765208655703,0.7928,0.8872538334252619
Drugs for genito-urinary disorders,Sildenafil (Erectile Dysfunction),16893524,0.24951925277114284,0.00483,0.024747651515151514,-0.028149701610200275,0.3341,0.5983132391879965
Drugs for genito-urinary disorders,Sodium citrate,6474,0.06428368896951368,0.1646,0.3049985388127854,0.14049517584474633,0.01691,0.13909650602409637
Drugs for genito-urinary disorders,Solifenacin,15164564,0.07673107076192584,0.1427,0.28021392649903293,0.041659039652851,0.1217,0.38402690513219284
Drugs for genito-urinary disorders,Solifenacin/tamsulosin,214509,-0.09585989007182896,0.7749,0.859386830601093,-0.10123558430274864,0.6519,0.8190124458204335
Drugs for genito-urinary disorders,Tadalafil,4956213,0.41097159788907067,4e-05,0.0008367010309278352,0.17388773575412986,0.00705,0.09175732484076433
Drugs for genito-urinary disorders,Tamsulosin and dutasteride hydrochloride,716717,-0.04265810671549088,0.5468,0.6874597042513864,-0.0441270590625116,0.3935,0.6423262268704747
Drugs for genito-urinary disorders,Tamsulosin hydrochloride,45257565,0.31612708245936344,0.00088,0.00750218487394958,0.11662349339699199,0.02888,0.17974699386503065
Drugs for genito-urinary disorders,Tolterodine,5113942,0.2381341677755646,0.0067,0.03146828703703704,0.24899991285038264,0.00067,0.025649622641509436
Drugs for genito-urinary disorders,Trospium chloride,1401554,0.23974370832701036,0.00704,0.032390385487528345,0.08826571849054671,0.0513,0.24949904306220094
Drugs for genito-urinary disorders,Vardenafil,332422,-0.09274384101576805,0.807,0.8813810010764263,-0.06985391115107148,0.527,0.7425576388888889
Drugs for genito-urinary disorders,Vibegron,54559,0.07577987810062106,0.1559,0.29645838800374885,-0.02383240611577319,0.3104,0.5757773017319964
Drugs for genito-urinary disorders,Yohimbine hydrochloride,104,0.16086114146174502,0.035,0.1026228323699422,-0.04455666129305923,0.3999,0.6456642800318219
Antiepileptic drugs,Brivaracetam,546513,0.35801628432522603,0.00051,0.004974951923076924,0.20173982623333528,0.00352,0.06434306306306306
Antiepileptic drugs,Cannabidiol,208,0.13296630753991492,0.02644,0.08291616692426584,-0.0023607661530151446,0.1948,0.4741631894484412
Antiepileptic drugs,Carbamazepine,10523943,0.17387695177894677,0.02765,0.0852549468892261,0.08642151250551806,0.0517,0.2503563245823389
Antiepileptic drugs,Cenobamate,163078,0.3594651714592656,0.00058,0.0054482407407407405,0.2677806947451083,0.00049,0.021980833333333335
Antiepileptic drugs,Clobazam,1948364,0.21818329697909228,0.01126,0.04615462626262626,0.06571766754692523,0.0805,0.3120648288973384
Antiepileptic drugs,Clonazepam,5287093,0.5187251070692874,1e-05,0.00039019230769230776,0.12116521549152867,0.01512,0.13288643776824033
Antiepileptic drugs,Eslicarbazepine acetate,183031,0.30389549774271674,0.00169,0.011947770034843206,0.227622958380733,0.00203,0.050230121951219515
Antiepileptic drugs,Ethosuximide,223564,0.07851763902031053,0.1433,0.2809233816425121,-0.09240046415238007,0.6182,0.8009756066411239
Antiepileptic drugs,Felbamate,279,0.08943406363804907,0.0903,0.20156072607260728,0.05932544050487044,0.0744,0.3025202404809619
Antiepileptic drugs,Fosphenytoin sodium,7,-0.08595138519003154,0.7312,0.8306857782754759,-0.15496231786635198,0.8744,0.922704368174727
Antiepileptic drugs,Gabapentin,37013256,0.4996843540279454,1e-05,0.00039019230769230776,0.017218900966057972,0.1903,0.4741631894484412
Antiepileptic drugs,Lacosamide,1296610,0.3601883487931756,0.00032,0.0036890909090909097,0.10890645748633711,0.02971,0.18254906906906906
Antiepileptic drugs,Lamotrigine,19118389,0.3682188646511796,0.00016,0.0023524637681159423,0.08933624940366813,0.0502,0.2472228155339806
Antiepileptic drugs,Levetiracetam,14962765,0.5318460861546106,1e-05,0.00039019230769230776,0.2999700808095484,0.00015,0.010144999999999998
Antiepileptic drugs,Mesuximide,1,-0.022890050329074714,0.4938,0.6410031329923274,-0.053470459948776174,0.4451,0.682105664652568
Antiepileptic drugs,Midazolam maleate,85415,0.25690178158269633,0.00535,0.026720982800982805,0.043428747392380895,0.108,0.3658297161936561
Antiepileptic drugs,Oxcarbazepine,620270,0.5842068224674863,1e-05,0.00039019230769230776,0.059829998516840274,0.0921,0.33369803571428575
Antiepileptic drugs,Paraldehyde,11343,0.44080698724393175,3e-05,0.0006689010989010989,0.07512381273970736,0.0595,0.2694765625
Antiepileptic drugs,Perampanel,331573,0.35593308381958594,0.00038,0.004167675675675676,0.21317372133152482,0.00218,0.052037882352941184
Antiepileptic drugs,Phenobarbital,766651,0.023735234181186813,0.2951,0.45429279210925644,-0.024497513535972223,0.3145,0.5795826521344233
Antiepileptic drugs,Phenobarbital sodium,861,0.10158965085728477,0.0964,0.2105442411194833,-0.14275293395390343,0.815,0.898635737527115
Antiepileptic drugs,Phenytoin,76999,0.32014687092208916,0.0006,0.0056101382488479255,0.020724261357047705,0.1761,0.4616368217054264
Antiepileptic drugs,Phenytoin sodium,2586722,0.26649459601107106,0.00313,0.018678735294117645,0.02418245646414206,0.1567,0.4385438620689655
Antiepileptic drugs,Pregabalin,45484707,0.1339832806865394,0.0557,0.1414459324155194,-0.010626105924890447,0.2676,0.5451409638554218
Antiepileptic drugs,Primidone,871538,0.08646264884351425,0.1348,0.2683451960784313,-0.052941760245054585,0.4479,0.6827867017280241
Antiepileptic drugs,Rufinamide,63323,0.11472288250827865,0.0808,0.18462072072072072,0.024420227161528883,0.1671,0.4502601593625498
Antiepileptic drugs,Sodium valproate,11343690,0.5386702370363409,2e-05,0.0005270129870129871,0.17165588320822098,0.0077,0.09420357142857143
Antiepileptic drugs,Stiripentol,14792,0.3792892837187164,0.00021,0.0028596644295302014,0.017143782531814283,0.187,0.47016480793060716
Antiepileptic drugs,Sultiame,1267,-0.03409283460093826,0.4834,0.634013316095669,-0.09309607541920471,0.632,0.8075113350125944
Antiepileptic drugs,Tiagabine,6523,0.10292923523862837,0.0916,0.20378991228070176,0.08100696301588531,0.0575,0.2639536199095023
Antiepileptic drugs,Topiramate,5710863,0.09523162045575179,0.1146,0.23848553846153844,0.08426836858075717,0.0563,0.2602111617312073
Antiepileptic drugs,Vigabatrin,60197,0.2156477571847702,0.01085,0.04501973415132924,0.009738637585000725,0.2131,0.4930215507411631
Antiepileptic drugs,Zonisamide,972664,0.17366801046459915,0.02528,0.08020890625,0.07912408184589216,0.0607,0.2729274336283186
Antidepressant drugs,Agomelatine,143818,0.36618365835256,0.00075,0.006645196506550218,0.17361584457399662,0.00772,0.09420357142857143
Antidepressant drugs,Amitriptyline hydrochloride,78453016,0.38699234077684846,0.0001,0.0016362903225806452,0.2564257783358285,0.00054,0.02236040816326531
Antidepressant drugs,Amoxapine,1,-0.03376887340301975,0.8341,0.8992502125398512,0.008844689080453765,0.0809,0.3120648288973384
Antidepressant drugs,Citalopram hydrobromide,68029918,0.2540571463817074,0.00442,0.023278449612403104,0.08293285796956854,0.0551,0.2573479357798165
Antidepressant drugs,Citalopram hydrochloride,336113,0.24420723089062332,0.006,0.029124401913875598,0.06778200057989507,0.079,0.31064147286821703
Antidepressant drugs,Clomipramine hydrochloride,1135190,0.1649105458701809,0.034,0.10056268221574345,0.09155210960169399,0.0505,0.2479888888888889
Antidepressant drugs,Dosulepin hydrochloride,1746072,0.0057672663042569955,0.3625,0.5205325548478414,-0.05693447310917198,0.4581,0.6898298961424332
Antidepressant drugs,Doxepin,85674,0.04039613157095095,0.2333,0.3899223228995058,-0.04045139257610661,0.3837,0.633383698296837
Antidepressant drugs,Duloxetine hydrochloride,21663594,0.03122266783404661,0.2721,0.42930863141524106,-0.07206734048955166,0.5251,0.7406766504517025
Antidepressant drugs,Escitalopram,9028413,0.3874460493002449,9e-05,0.001547542372881356,0.185457303925282,0.00492,0.07987174603174604
Antidepressant drugs,Fluoxetine hydrochloride,37050811,0.21365038214312246,0.01271,0.05017235408560312,0.07584568939587812,0.0691,0.2895595482546201
Antidepressant drugs,Flupentixol hydrochloride,827373,-0.0012301281385520475,0.3596,0.5174669503546099,-0.021146010459866704,0.2863,0.5560389312977099
Antidepressant drugs,Fluvoxamine maleate,113348,0.3056945146395498,0.00133,0.010145000000000001,-0.10830806264925041,0.6846,0.8307735645933014
Antidepressant drugs,Imipramine hydrochloride,547555,-0.008805609043452074,0.4024,0.5584607387140903,-0.07221387964072154,0.5253,0.7406766504517025
Antidepressant drugs,Isocarboxazid,7239,0.02160516521762932,0.2201,0.373709539748954,-0.018618170407918595,0.2583,0.5369781762295082
Antidepressant drugs,Lofepramine hydrochloride,659568,0.1476653167216734,0.04222,0.1168681855388813,0.020473540574233267,0.1657,0.4482737333333333
Antidepressant drugs,Mianserin hydrochloride,4771,-0.03712577512808694,0.5208,0.6641754871150221,-0.08292556080027823,0.5813,0.7795490416391276
Antidepressant drugs,Mirtazapine,62195547,0.26334719312080007,0.00391,0.02155468834688347,0.1955856029529636,0.00405,0.07145608695652174
Antidepressant drugs,Moclobemide,41341,-0.010861978517998909,0.4199,0.5748833333333333,-0.13796139701634813,0.7897,0.8847605190502484
Antidepressant drugs,Nefazodone hydrochloride,28,-0.10672037541272571,0.8281,0.8989913857677903,-0.14806780165750033,0.8533,0.9155714965626652
Antidepressant drugs,Nortriptyline,4439969,0.05860125642911978,0.1938,0.34151310763888887,0.008727525087541758,0.2094,0.4883593103448276
Antidepressant drugs,Oxitriptan,278,0.07178842818825114,0.0866,0.19588784838350057,0.036771632376488124,0.0782,0.30929395711500973
Antidepressant drugs,Paroxetine hydrochloride,6348878,0.012598309949197676,0.333,0.4906972443799855,-0.16263811494472857,0.8731,0.922704368174727
Antidepressant drugs,Phenelzine sulfate,23608,0.1913312966461672,0.02076,0.06950831683168317,-0.03852936422021108,0.3728,0.6241016501650165
Antidepressant drugs,Reboxetine,110416,0.2406431338898227,0.00676,0.031676766743648964,0.044611498163199315,0.1185,0.38225198728139903
Antidepressant drugs,Sertraline hydrochloride,115001208,0.3345384263899213,0.00053,0.005120809523809523,0.15269865241996342,0.01258,0.11817046296296295
Antidepressant drugs,Tranylcypromine sulfate,20179,0.3708972164254897,0.00045,0.004682307692307692,0.04369571257750761,0.1171,0.3789408293460925
Antidepressant drugs,Trazodone hydrochloride,6475668,0.3484748934454165,0.00051,0.004974951923076924,0.30426201837388706,0.00012,0.0097392
Antidepressant drugs,Trimipramine maleate,82719,0.474154130157685,4e-05,0.0008367010309278352,0.10173854002746296,0.03778,0.2077388075880759
Antidepressant drugs,Tryptophan,3920,-0.15823575759284592,0.9274,0.959869097399286,-0.08634478122160467,0.5918,0.7840098243331164
Antidepressant drugs,Venlafaxine,28826940,0.39777903193536235,1e-05,0.00039019230769230776,0.17097341417494452,0.00653,0.08941126666666667
Antidepressant drugs,Vortioxetine,1713065,0.24184517722978718,0.00618,0.02971379146919431,0.14497221291165363,0.01328,0.12360146788990825
Vitamins,Alfacalcidol,3856214,0.20071710691961014,0.01622,0.059946047358834235,0.06587855516875596,0.083,0.315158691588785
Vitamins,Ascorbic acid,352825,0.11256499467274066,0.0794,0.18244915062287656,0.055687444375813536,0.0938,0.33864804270462634
Vitamins,Betacarotene,173,0.03567555457884679,0.2426,0.3992176804541768,-0.040759403196107546,0.374,0.6255943940643034
Vitamins,Calcifediol,1471,-0.04148975224893263,0.6341,0.7510734967892586,-0.02636093427164807,0.2799,0.5544750242954325
Vitamins,Calcitriol,272642,0.01933053489599123,0.2663,0.42311879404855124,-0.03419933201523264,0.3446,0.600681615120275
Vitamins,Cod liver oil,25111,0.24951949304740462,0.00819,0.03596863636363636,-0.03735022278387287,0.3779,0.6282926350245499
Vitamins,Colecalciferol,134160823,0.20496172029252926,0.01396,0.05374732447817837,0.05321368547154739,0.0978,0.3442618717504333
Vitamins,Ergocalciferol,290169,-0.034750598806364975,0.5289,0.6711307692307693,-0.14577145358348123,0.8248,0.9012077998924153
Vitamins,Menadiol sodium phosphate,29476,0.2658359710591143,0.00398,0.021821320754716978,-0.02892539637401748,0.3217,0.5869867805755395
Vitamins,Nicotinamide,32793,0.3864805684019494,0.00024,0.0030245962732919256,-0.09329861229073085,0.6091,0.7937468850353244
Vitamins,Other multivitamin preparations,5221989,0.2538745624458595,0.00509,0.025819025,0.12179903991188998,0.02467,0.16519943894389438
Vitamins,Other pantothenic acid preparations,6,-0.04097948122338367,0.9518,0.9719185707096124,-0.23044394480053734,0.9861,0.9909841010401189
Vitamins,Other vitamin A preparations 0906011,3070,0.1893584948282175,0.02054,0.06899943708609271,0.14735861761732677,0.0142,0.12805244444444444
Vitamins,Other vitamin B compound preparations,1438,0.25640543475032024,0.00683,0.031784564220183484,-0.15570558481219768,0.8599,0.917789658792651
Vitamins,Other vitamin B preparations,11374,-0.008743694507840502,0.4198,0.5748833333333333,-0.09483085976185673,0.6286,0.8046873186119874
Vitamins,Other vitamin C (Ascorbic acid) preparations,30,0.024250167166006028,0.2612,0.4185911741528762,0.008900856791984676,0.185,0.4686384328358209
Vitamins,Other vitamin C preparations,6,-0.02767131242740999,0.6286,0.7474888238736104,-0.014587027845556178,0.1919,0.4741631894484412
Vitamins,Other vitamin D preparations,32,0.2476841768360943,0.00815,0.035870607375271146,-0.0021359270500314396,0.2323,0.5112111713665943
Vitamins,Pantothenic acid (Calcium pantothenate),30,-0.04097948122338366,0.9518,0.9719185707096124,-0.23044394480053748,0.9861,0.9909841010401189
Vitamins,Paricalcitol,1178,0.15733860208618466,0.02463,0.07894829383886255,0.02773441504667701,0.1235,0.38582215384615387
Vitamins,Phytomenadione,38083,0.20889821880162365,0.01588,0.05901194139194138,0.012560834916874044,0.1953,0.4745673053892216
Vitamins,Pyridoxine hydrochloride,454222,0.21810354018816977,0.01131,0.04626610887096774,0.06739111746461646,0.0687,0.28919564315352697
Vitamins,Riboflavin,66729,0.22658089702770384,0.00102,0.00844726530612245,-0.08808679134063854,0.6059,0.7905923472668811
Vitamins,Thiamine hydrochloride,17387772,0.34894871761664215,0.00062,0.0057442009132420094,0.10493837230055053,0.03372,0.1940159604519774
Vitamins,Tocofersolan,322,0.1975950478591966,0.02062,0.06915368595041323,0.09655679337337955,0.04057,0.21642666666666668
Vitamins,Tocopheryl acetate,29812,0.14978244575706925,0.04331,0.11923472184531886,0.025025879609800534,0.1552,0.43615069252077565
Vitamins,Vitamin A,112215,0.1382971407224713,0.0573,0.14424528535980147,-0.013180041778787885,0.2746,0.5523947472745293
Vitamins,Vitamin B and C injection,2117,0.002957018931075247,0.2516,0.40921418269230764,0.03192533010851008,0.1259,0.3894071646341464
Vitamins,Vitamin B compound,5247938,0.33857681024948116,0.00033,0.0037198333333333332,-0.039035608523879314,0.3844,0.633383698296837
Vitamins,Vitamin E,106696,0.19270740947194767,0.01851,0.06441380136986302,0.0759275099310423,0.066,0.2849234042553192
Vitamins,Vitamins caps,1269670,0.002841900827078566,0.3487,0.5053659285714286,-0.07448969211978772,0.5218,0.7398547868623342
Anaemias and some other blood disorders,Anagrelide hydrochloride,4055,-0.021780125746653545,0.4157,0.5706734100135319,-0.1391897573592693,0.8151,0.898635737527115
Anaemias and some other blood disorders,Compound iron preparations,15,-0.10186006432945145,0.8403,0.9006702060221871,-0.10346257774069754,0.684,0.8305421903052065
Anaemias and some other blood disorders,Cyanocobalamin,10331686,0.051542441332464835,0.2087,0.35977255734919283,0.07057688814823455,0.0695,0.2895595482546201
Anaemias and some other blood disorders,Darbepoetin alfa,29540,-0.03470498478819752,0.3499,0.5067431120628123,-0.03137758763488966,0.3013,0.5724135767790263
Anaemias and some other blood disorders,Deferasirox,1014,0.008283981157277383,0.3036,0.4635097065462753,0.002752691033095556,0.2045,0.4855868144690782
Anaemias and some other blood disorders,Deferiprone,353,0.053023274778778884,0.1574,0.2979147388059702,-0.07416022601126082,0.5249,0.7406766504517025
Anaemias and some other blood disorders,Desferrioxamine mesilate,26,-0.01776340400501143,0.27,0.4271495713172253,-0.09400384007493068,0.7007,0.8381275618374558
Anaemias and some other blood disorders,Eltrombopag,506,-0.02196638912274612,0.3987,0.5540837671232877,-0.09684381767199067,0.6365,0.8086778334376956
Anaemias and some other blood disorders,Epoetin alfa,4093,-0.007057891642171225,0.3003,0.46115026375282586,-0.1174719913784941,0.7346,0.851229811536265
Anaemias and some other blood disorders,Epoetin beta,3476,-0.005440228690676546,0.2212,0.37432427022518766,0.04782776220328583,0.0383,0.20946280323450137
Anaemias and some other blood disorders,Epoetin zeta,395,0.40731596598006614,0.0003,0.003498275862068965,0.17119875029331286,0.00442,0.07536285714285715
Anaemias and some other blood disorders,Ferric maltol,96133,0.2508452239936931,0.00701,0.03237177272727273,0.2124782519134589,0.00242,0.05643885057471264
Anaemias and some other blood disorders,Ferrous calcium citrate,1,-0.010598141695702671,0.0688,0.16403666274970624,-0.07583142515237179,0.5959,0.7851175974025973
Anaemias and some other blood disorders,Ferrous fumarate,25064117,0.26841958861085885,0.00329,0.019237492795389048,-0.026802779027249125,0.3229,0.587064605734767
Anaemias and some other blood disorders,Ferrous gluconate,1387917,0.4705368991841866,1e-05,0.00039019230769230776,0.12577912782989822,0.02233,0.15705442906574396
Anaemias and some other blood disorders,Ferrous sulfate,17051269,-0.012837396315536214,0.4321,0.5860500668449198,-0.15259203591261689,0.8437,0.9105677127659575
Anaemias and some other blood disorders,Filgrastim,832,0.042357257728838395,0.1404,0.27657436893203885,-0.008614833386745173,0.2323,0.5112111713665943
Anaemias and some other blood disorders,Folic acid,46156136,0.024997219067730673,0.2911,0.44949916286149166,0.04335175392094661,0.1225,0.38510231839258113
Anaemias and some other blood disorders,Hydroxocobalamin,14571136,0.190985515672487,0.01925,0.06620042372881356,0.008528452048348567,0.2073,0.48663198614318703
Anaemias and some other blood disorders,Iron and folic acid,54744,0.27549440745863213,0.00212,0.014149605263157894,0.09675569200009489,0.03118,0.18564457478005866
Anaemias and some other blood disorders,Iron carboxymaltose,39,0.04120422922467941,0.1827,0.328051592920354,-0.021298543928386354,0.2863,0.5560389312977099
Anaemias and some other blood disorders,Iron dextran,1802,0.020589523662524756,0.2364,0.3925168576104746,-0.015965256373011088,0.2747,0.5523947472745293
Anaemias and some other blood disorders,Iron sucrose,129,-0.0373564847498518,0.6283,0.7474888238736104,-0.03776475934926257,0.3438,0.600681615120275
Anaemias and some other blood disorders,Lenograstim,144,-0.021021278193785107,0.3984,0.5540463331048663,-0.09206052995198458,0.6114,0.7957220012828736
Anaemias and some other blood disorders,Methoxy polyethylene glycol-epoetin beta,524,0.09708285126398553,0.0683,0.1638069739952719,-0.003096706586105825,0.2077,0.48663198614318703
Anaemias and some other blood disorders,Other oral iron preparations,79342,-0.062029603938292134,0.631,0.748712865497076,-0.04314974748155505,0.3985,0.6452964884277733
Anaemias and some other blood disorders,Oxymetholone,3,-0.06526879905113812,0.8752,0.9239234131113424,-0.0765364431588612,0.5402,0.7518989711934156
Anaemias and some other blood disorders,Pegfilgrastim,3,-0.0507088093934132,0.8366,0.899476837652036,-0.10755163351947354,0.7577,0.8675921557562076
Anaemias and some other blood disorders,Romiplostim,6,-0.09621424705102248,0.8419,0.9014327704485487,-0.1134261773895136,0.7165,0.8432589907192576
Anaemias and some other blood disorders,Roxadustat,511,0.08581005628808935,0.098,0.2128929336188437,-0.0026298538220429967,0.2343,0.5123825618945103
Anaemias and some other blood disorders,Sodium feredetate,972433,0.17864814554915828,0.02574,0.08122311041990668,-0.11761793220426275,0.7279,0.845861877504293
Vaccines and antisera,Bacillus calmette-guerin (B.C.G.),1,-0.04175377468060395,1.0,1.0,-0.029825764223009362,0.2758,0.5529626482213439
Vaccines and antisera,Cholera,20762,-0.04988813902303173,0.5972,0.7234142089552238,-0.14347826750267892,0.8321,0.9047861200428724
Vaccines and antisera,Coronavirus vaccine,293,0.2930918657520338,0.00274,0.0168980547112462,0.07062777338770708,0.07,0.2904498977505113
Vaccines and antisera,Dengue fever,8,0.038225214321767974,0.0916,0.20378991228070176,-0.08018589544255705,0.6024,0.7900902391725921
Vaccines and antisera,Diphtheria,1040383,0.46042961505546703,3e-05,0.0006689010989010989,0.03797910948460176,0.1246,0.38656483180428136
Vaccines and antisera,Haemophilus influenzae B/meningococcal C,1634,0.20900329960631636,0.00903,0.038491323529411765,0.07449525853521687,0.04528,0.23025844611528823
Vaccines and antisera,Hepatitis A,1408357,0.616005846392788,1e-05,0.00039019230769230776,0.10610979558387248,0.03556,0.2007582777777778
Vaccines and antisera,Hepatitis A/hepatitis B,102778,0.1731008792580387,0.02937,0.08916681614349775,-0.006563646053838452,0.2415,0.519716313559322
Vaccines and antisera,Hepatitis A/typhoid vaccine,72418,0.6901502182395035,1e-05,0.00039019230769230776,0.12205158257839335,0.02044,0.15123964539007093
Vaccines and antisera,Hepatitis B,237684,0.5330799915417676,2e-05,0.0005270129870129871,0.3143061786406544,0.0001,0.009661904761904762
Vaccines and antisera,"Human papillomavirus (Type 16,18)",6,0.07603455293542809,0.0802,0.18366343115124154,-0.004907893905130879,0.1828,0.4647884711779448
Vaccines and antisera,"Human papillomavirus (Type 6,11,16,18)",581,-0.14220431561331823,0.9155,0.9521012301383905,-0.2316431169165773,0.9805,0.9909841010401189
Vaccines and antisera,"Humpapvirus(Type 6,11,16,18,31,33,45,52,58)",1599,0.19329382280571408,0.02164,0.07146039024390242,-0.020087450224912623,0.3033,0.5729384044526902
Vaccines and antisera,Influenza,56484301,0.61261395882867,1e-05,0.00039019230769230776,0.03717861543888125,0.1261,0.3894321156773211
Vaccines and antisera,"Japanese encephalitis vaccine (Inactivated,adsorbed)",109,0.11525543789207911,0.056,0.14203000000000002,-0.03599657527722253,0.3658,0.6169644222776393
Vaccines and antisera,"Measles, mumps and rubella vaccine",7734,0.057097816860604576,0.19,0.3366899563318777,0.016214889980347817,0.1824,0.4647884711779448
Vaccines and antisera,"Measles, mumps, rubella and varicella vaccine",3,-0.008943089430894304,0.04788,0.12682574412532638,-0.014110685837214487,0.2227,0.4981899669239251
Vaccines and antisera,Meningococcal A + C + W135 + Y vaccine,6968,0.018543107442959287,0.2293,0.3838693894389439,-0.13248978371074477,0.7841,0.8837996126175983
Vaccines and antisera,Meningococcal B vaccine,1586,-0.08689330638007085,0.7648,0.851556719692814,-0.09585760044894881,0.639,0.810839125
Vaccines and antisera,Meningococcal C vaccine,2,-0.019608822095127702,0.1564,0.29695457943925235,-0.046900836584920766,0.407,0.6498866247049567
Vaccines and antisera,Pneumococcal,308416,0.4641114716884552,3e-05,0.0006689010989010989,-0.04526854799897025,0.4015,0.6463515463917526
Vaccines and antisera,Rabies,1628,-0.0035134697087224093,0.3904,0.5466677708764666,-0.1414645588992313,0.812,0.8970897114861187
Vaccines and antisera,Respiratory Syncytial Virus (RSV),3710,0.12003206419310927,0.0728,0.1717572093023256,0.10330489287292353,0.03958,0.21358462765957445
Vaccines and antisera,Rotavirus,133,-0.10214219257782835,0.7907,0.8686141310232809,-0.1111347698117556,0.6928,0.8349605934718101
Vaccines and antisera,Shingles (H/Z),27683,-0.009387097882887885,0.4127,0.5678448813559321,-0.030440714237894018,0.3406,0.600681615120275
Vaccines and antisera,Tick-borne encephalitis vaccine,18,-0.15168765755744226,0.939,0.966347261663286,-0.15180313613526744,0.8416,0.9105650692225772
Vaccines and antisera,Typhoid,1849004,0.6019490552223659,1e-05,0.00039019230769230776,0.046292662025208396,0.1069,0.36406638795986623
Vaccines and antisera,Varicella vaccine live,6463,0.4819626855051746,6e-05,0.0011377570093457944,-0.044562457253627875,0.4007,0.6462800476947536
Vaccines and antisera,Yellow fever,214,-0.08871536267589267,0.7601,0.8495669785360485,-0.16229276766467846,0.893,0.9349313725490196
Preparations for eczema and psoriasis,Abrocitinib,1,-0.029703832752613245,0.6836,0.7934922196796339,-0.08308085967464814,0.6489,0.8172675977653632
Preparations for eczema and psoriasis,Acitretin,72692,0.12466301600584796,0.065,0.15738066825775654,0.09301731870798603,0.04444,0.2276988888888889
Preparations for eczema and psoriasis,Alitretinoin,2417,0.15168108246127504,0.04086,0.11504205801104973,-0.07756572626809385,0.5501,0.7603221389645777
Preparations for eczema and psoriasis,Brodalumab (Psoriasis),1,-0.01364692218350755,0.2036,0.35368527397260274,0.012812095332817292,0.0752,0.3031422619047619
Preparations for eczema and psoriasis,Calcipotriol,5932381,0.39029180336663394,8e-05,0.0014238596491228071,0.021834248908529332,0.1747,0.4603458441558441
Preparations for eczema and psoriasis,Cholesterol/simvastatin,80,-0.005857422740142376,0.1754,0.3191808071748879,-0.061735684849142866,0.5033,0.7273473646723647
Preparations for eczema and psoriasis,Coal tar and corticosteroid preparations,8,-0.09985650445163934,0.8743,0.923453774076002,-0.04970916679651959,0.4065,0.6498866247049567
Preparations for eczema and psoriasis,Coal tar bath preparations,4,-0.03388693745997126,0.4429,0.5959178381962864,-0.12815717253015152,0.7809,0.8812269744160178
Preparations for eczema and psoriasis,Cocois,422380,0.04516757014138099,0.2386,0.3945553382233089,-0.031653313818332224,0.3454,0.6007022279348757
Preparations for eczema and psoriasis,Delgocitinib,17,0.2072099343822617,0.01727,0.06208668430335097,0.18368414658535243,0.00621,0.0868971724137931
Preparations for eczema and psoriasis,Dithranol,5177,0.19673210164881605,0.01838,0.06407735395189003,-0.08107499572237577,0.5648,0.770147311827957
Preparations for eczema and psoriasis,Fumaric acid,1,-0.03197831978319783,0.7606,0.8495669785360485,-0.03833511191778261,0.3427,0.600681615120275
Preparations for eczema and psoriasis,Gamolenic acid,27464,0.19930865108748683,0.01734,0.06208668430335097,-0.19574503366054652,0.9427,0.9679849696356275
Preparations for eczema and psoriasis,Guselkumab,1,-0.022793263646922184,0.4769,0.6285947402597403,-0.15064707604474425,0.9055,0.9417014351614557
Preparations for eczema and psoriasis,Ichthammol,265,0.007905539100556356,0.3137,0.47228276627218935,0.03640945358723615,0.1236,0.38582215384615387
Preparations for eczema and psoriasis,Ixekizumab,6,0.0017163694640334444,0.2055,0.356680496150556,0.010724981696933547,0.1228,0.38510231839258113
Preparations for eczema and psoriasis,Methoxsalen,16,-0.04000414343135451,0.5027,0.6492541693189052,-0.06991243059930907,0.5356,0.74792319339298
Preparations for eczema and psoriasis,Other eczema preparations,599,0.06656169889741169,0.1632,0.304629990800368,-0.08453104869262859,0.5697,0.7721585170340681
Preparations for eczema and psoriasis,Other psoriasis preparations,1635,0.13831617975596577,0.06,0.14919117647058822,-0.05551151345710718,0.4531,0.6857142431021626
Preparations for eczema and psoriasis,Pimecrolimus,420259,0.273470212147442,0.00345,0.020000142857142855,0.04989378883492602,0.107,0.36406638795986623
Preparations for eczema and psoriasis,Tacalcitol,28326,0.14631872029560913,0.02593,0.08169560559006213,0.06167808795299634,0.0637,0.280837982832618
Preparations for eczema and psoriasis,Tacrolimus,2046099,0.29962399880924034,0.00149,0.011033613138686131,0.045367682523637376,0.1198,0.38254772370486656
Preparations for eczema and psoriasis,Tars,230658,0.20294858090500315,0.01379,0.05339677480916031,0.10679541962203416,0.03014,0.1825494328358209
Preparations for eczema and psoriasis,Tazarotene,157,0.25256403274981876,0.00449,0.02347172236503856,-0.05654590051150726,0.4532,0.6857142431021626
Preparations for eczema and psoriasis,Tildrakizumab,2,-0.056628434774480096,0.7417,0.840958156424581,-0.14391142415454458,0.8794,0.9259484172288531
Preparations for eczema and psoriasis,Ustekinumab,1,-0.027671312427409975,0.6286,0.7474888238736104,-0.014587027845556185,0.1919,0.4741631894484412
Preparations for eczema and psoriasis,Ustekinumab (Psoriasis),1026,-0.07545618030080443,0.9707,0.9837913586413587,-0.019612813317057835,0.2151,0.49528764172335593
Preparations for eczema and psoriasis,Zinc paste and ichthammol,3,-0.05447154567233353,0.6829,0.7934922196796339,-0.033644033572250355,0.3019,0.572481401869159
Drugs used in parkinsonism and related disorders,Amantadine hydrochloride,655823,-0.053342832487438895,0.6111,0.7349114928909953,-0.04898600359271608,0.4214,0.6641079131109386
Drugs used in parkinsonism and related disorders,Apomorphine hydrochloride,42294,0.5642095855667826,1e-05,0.00039019230769230776,0.3252239822217335,5e-05,0.007246428571428571
Drugs used in parkinsonism and related disorders,Apomorphine hydrochloride hemihydrate,7500,0.2403269033315403,0.00886,0.03792603375527426,-0.009770799204879103,0.2527,0.5318758298755186
Drugs used in parkinsonism and related disorders,Benzatropine mesilate,556,0.0023591188428690488,0.3212,0.4792020588235294,-0.014442084107036025,0.2615,0.5401722278738555
Drugs used in parkinsonism and related disorders,Biperiden hydrochloride,6,0.0023075151297754616,0.2718,0.429169027237354,-0.10092283653583368,0.6867,0.8323263440860215
Drugs used in parkinsonism and related disorders,Botulinum toxin type A,1079,0.1405625023595803,0.04374,0.11987802968960865,0.043582748137374915,0.1025,0.3549018771331058
Drugs used in parkinsonism and related disorders,Carbidopa,1,-0.024622531939605112,0.519,0.6622962264150943,-0.09247771062475564,0.7146,0.8429787209302326
Drugs used in parkinsonism and related disorders,Co-beneldopa (Benserazide/levodopa),4876354,0.30377228777299276,0.00145,0.010816360294117646,0.09788505583866164,0.04464,0.22808407035175882
Drugs used in parkinsonism and related disorders,Co-careldopa (Carbidopa/levodopa),6942745,0.42745891796628205,2e-05,0.0005270129870129871,0.1147259683443443,0.03166,0.18726962209302325
Drugs used in parkinsonism and related disorders,Entacapone,210615,0.0200039590866523,0.304,0.4635754320060105,-0.009366671542871118,0.2641,0.5429168186423505
Drugs used in parkinsonism and related disorders,Levodopa,3,-0.04224741534596727,0.3789,0.5357408362369338,-0.013092118426190172,0.2198,0.4981899669239251
Drugs used in parkinsonism and related disorders,Levodopa/carbidopa/entacapone,581865,-0.038131139882518955,0.5389,0.6808394146948942,-0.020111060550559286,0.3039,0.5729384044526902
Drugs used in parkinsonism and related disorders,Opicapone,269246,0.24285128947348358,0.00753,0.034103504464285714,0.1756985693469715,0.00637,0.08852554794520548
Drugs used in parkinsonism and related disorders,Orphenadrine hydrochloride,24834,0.37232289687561615,0.00028,0.0033816666666666665,0.12852110191008784,0.0192,0.14666554307116106
Drugs used in parkinsonism and related disorders,Pergolide mesilate,6,-0.015243902439024395,0.2895,0.4480514874141876,-0.09239018078668315,0.7197,0.843630711825488
Drugs used in parkinsonism and related disorders,Piracetam,35703,0.16709074460703666,0.02827,0.08651558069381599,0.034628583973394224,0.1228,0.38510231839258113
Drugs used in parkinsonism and related disorders,Pramipexole,2734476,0.44060185351295433,3e-05,0.0006689010989010989,0.10311851565966187,0.03602,0.2013349311294766
Drugs used in parkinsonism and related disorders,Procyclidine hydrochloride,4568318,0.2659618547150699,0.00444,0.023278449612403104,-0.01525658325833776,0.2866,0.5560389312977099
Drugs used in parkinsonism and related disorders,Rasagiline mesilate,959681,0.03908453157673987,0.2468,0.404815844785772,0.047410304108410774,0.118,0.3812452229299363
Drugs used in parkinsonism and related disorders,Riluzole,105986,0.20233662736741764,0.0158,0.05893051470588236,0.29009769444817846,0.00026,0.01465388888888889
Drugs used in parkinsonism and related disorders,Ropinirole hydrochloride,3274858,0.4765976255544362,1e-05,0.00039019230769230776,0.03617133937657949,0.1376,0.40757463556851314
Drugs used in parkinsonism and related disorders,Rotigotine,643928,0.1904468351383542,0.01965,0.0672341483979764,0.04416741414055147,0.1248,0.38659419847328247
Drugs used in parkinsonism and related disorders,Safinamide,156643,0.3052987128760487,0.00322,0.018992383720930234,0.22629337155838536,0.00266,0.057848085106382986
Drugs used in parkinsonism and related disorders,Selegiline hydrochloride,73598,0.12114054205116023,0.0636,0.15491524609843937,-0.032232457619386166,0.3493,0.6036879897785349
Drugs used in parkinsonism and related disorders,Tafamidis,1,-0.018118466898954706,0.3335,0.4906972443799855,-0.08683638751039403,0.659,0.8203134969325154
Drugs used in parkinsonism and related disorders,Tetrabenazine,146143,0.24991273412641465,0.00399,0.021821320754716978,0.20185596263924016,0.00209,0.05072499999999999
Drugs used in parkinsonism and related disorders,Tolcapone,936,0.027268233199325247,0.2164,0.3692814129520606,-0.12092616336840195,0.7603,0.8690978591549295
Drugs used in parkinsonism and related disorders,Trihexyphenidyl hydrochloride,630132,0.20251616727064062,0.01633,0.06002458333333333,-0.006854590386470291,0.2568,0.5364742798353909
Laxatives,Arachis oil,4205,0.255653311618829,0.00422,0.022592031662269127,0.08497569354741255,0.0533,0.25303379953379956
Laxatives,Bisacodyl,4744697,0.0969196139456332,0.1107,0.23275678756476686,-0.019215216820991716,0.2973,0.569614447592068
Laxatives,Bowel cleansing solutions,23044,-0.045064903755544124,0.7516,0.8495669785360485,-0.03925702204003616,0.3515,0.6059418011894647
Laxatives,Castor oil,79,-0.034006699715007305,0.3917,0.5481098620689655,-0.049726297174519346,0.3794,0.6294379394930498
Laxatives,Co-danthramer (Dantron/poloxamer 188),3307,0.06881387714956264,0.04577,0.12365822902796271,-0.009870186646629557,0.2293,0.5068079520697168
Laxatives,Co-danthrusate (Dantron/docusate sodium),556,-0.10521647029404352,0.8376,0.899476837652036,0.017473318767645594,0.1587,0.44170411522633746
Laxatives,Docusate sodium,12503864,0.014280501632120373,0.3147,0.47228276627218935,-0.023086559132136808,0.3109,0.5757773017319964
Laxatives,Glycerol,1222127,0.6547151792552639,1e-05,0.00039019230769230776,0.2035488504077,0.00251,0.0572223595505618
Laxatives,Ispaghula husk,4855671,0.20411967635253997,0.01527,0.057588903345724904,-0.10501142237797355,0.6726,0.826934038694075
Laxatives,Lactulose,12588221,0.17909387060555113,0.0243,0.07813740095087163,0.055200339848381755,0.0963,0.3415956293706294
Laxatives,Linaclotide,360686,0.12679213864609162,0.0676,0.1627051008303677,-0.0818965929301505,0.5685,0.7715896390374332
Laxatives,Lubiprostone,11,-0.050795347332569366,0.5851,0.7142957932692308,-0.19493020769473376,0.9604,0.9782387550200804
Laxatives,Macrogol 3350,35722808,0.1605084469325116,0.03761,0.10763143864598025,-0.14667153592075793,0.8279,0.9031231720430107
Laxatives,Macrogol 4000,15,0.004780042303447782,0.1775,0.32184763181411974,-0.017276786889730323,0.2232,0.4987585903083701
Laxatives,Methylcellulose,2066,-0.10814882129402142,0.8799,0.925994346473029,-0.183782592407647,0.9427,0.9679849696356275
Laxatives,Methylnaltrexone bromide,248,-0.07880445348430101,0.6953,0.8024821956769056,-0.12108125906791292,0.7441,0.8569703745743473
Laxatives,Naldemedine,36536,0.025293615116058647,0.1452,0.2827358925143954,-0.009592702161080888,0.205,0.4855868144690782
Laxatives,Naloxegol,209734,0.19352631501449558,0.01787,0.0630113321799308,0.14046416225984382,0.01582,0.13601177966101696
Laxatives,Other osmotic laxative preparations,24916,-0.03341002660009288,0.4308,0.5846777257525084,-0.08594516025102551,0.6338,0.8077765075376884
Laxatives,Other stimulant laxative preparations,3,-0.0830306216984515,1.0,1.0,-0.064201679971862,0.4563,0.6888636160714285
Laxatives,Phosphates,215,0.09634281996738882,0.105,0.22402208201892743,0.026538400679401636,0.1523,0.4324377094972067
Laxatives,Phosphates (Rectal),350614,-0.04343431083608065,0.5639,0.698506166056166,-0.1712572686568247,0.8973,0.9379812982998454
Laxatives,Prucalopride,963900,0.2481543254546096,0.00598,0.029124401913875598,0.003910545354325545,0.2199,0.4981899669239251
Laxatives,Senna,21802371,0.2971420997922688,0.00131,0.010106425855513308,-0.05275464104940409,0.439,0.6763333333333333
Laxatives,Sennosides,412391,0.19130380932483812,0.0186,0.06451179487179487,-0.00785814455912628,0.2537,0.5334272538860103
Laxatives,Sodium citrate (Rectal),418045,0.36619631184257534,0.00026,0.003197212121212121,0.2975643841626871,0.00012,0.0097392
Laxatives,Sodium picosulfate,1139495,0.21062430935064505,0.00914,0.03887853249475891,0.11130136887208078,0.01843,0.14445853281853283
Laxatives,Sterculia,82978,0.1833106405077613,0.02011,0.06811884808013356,0.050947954277737656,0.0952,0.34067160493827164
Minerals,Calcium acetate,371407,0.15383195813482492,0.04218,0.1168681855388813,0.10159239280854815,0.04199,0.22014912144702842
Minerals,Calcium acetate/magnesium carbonate,41790,0.13935570859546428,0.02402,0.07735965079365079,-0.017966704759282113,0.2794,0.5544750242954325
Minerals,Calcium carbonate,2085946,-0.01933871557857277,0.461,0.6153699539776463,-0.1404021108055412,0.8053,0.8939796174863388
Minerals,Calcium chloride,67,0.34854005119081505,0.00095,0.007998132780082988,0.18140637339493926,0.00573,0.08274290780141844
Minerals,Calcium gluconate,5383,0.1350286023386007,0.0583,0.14585782983970408,-0.045923329918042946,0.4079,0.650459465828751
Minerals,Calcium lactate,80,-0.1722987380879077,0.9718,0.9844144782825762,-0.21724557485243687,0.9734,0.987324987506247
Minerals,Cinacalcet hydrochloride,400210,0.022810818890387947,0.3057,0.46496649175412297,-0.026819053926754335,0.3277,0.5920777382012467
Minerals,Dibasic potassium phosphate,1,-0.03197831978319782,0.7606,0.8495669785360485,-0.03833511191778262,0.3427,0.600681615120275
Minerals,Lanthanum carbonate,48749,0.1343718618840875,0.0616,0.15131525423728814,-0.08995743438447029,0.6028,0.7901041343669252
Minerals,Magnesium aspartate,377193,0.3631052482110342,0.00028,0.0033816666666666665,-0.0611981026359199,0.4809,0.7091178052325581
Minerals,Magnesium citrate,56179,0.2674793086747759,0.00452,0.023515589743589742,0.22310279073503703,0.00163,0.0445846052631579
Minerals,Magnesium glycerophosphate,252476,0.41418066375158324,0.00021,0.0028596644295302014,0.18603230131314147,0.00524,0.08178430769230768
Minerals,Magnesium lactate,4338,0.3415520623957632,0.00047,0.004720940594059406,0.13182089287006177,0.00748,0.09420357142857143
Minerals,Monobasic potassium phosphate,32,0.013800290809462974,0.2642,0.4204406274509804,-0.07008455415586264,0.507,0.7305839007092199
Minerals,Other calcium supplement preparations,77438,0.1660740447935596,0.03316,0.09836497076023393,0.09002828873354507,0.0528,0.2520734117647059
Minerals,Other chromium preparations,10,-0.062338971758309464,0.9536,0.9727774761186525,-0.20283891352665,0.9664,0.9828699749373434
Minerals,Other magnesium preparations,5475,0.06334048741542145,0.1602,0.30068991674375584,-0.05796363525409068,0.4513,0.6857142431021626
Minerals,Other mineral formulation preparations,869,-0.032624906922413204,0.4833,0.634013316095669,-0.10963462469668923,0.69,0.8338356164383561
Minerals,Other phosphate supplement preparations,118924,0.3585013250580811,0.00044,0.004649791666666667,0.3383337951112377,7e-05,0.008354705882352941
Minerals,Other selenium preparations,60011,0.18475688325487605,0.0165,0.060539783001808324,0.06980598020515157,0.0594,0.2694765625
Minerals,Other zinc preparations,5237,0.028430808860089838,0.2636,0.4201335949764521,-0.023748748354960367,0.3056,0.5736007400555041
Minerals,Selenium,6055,-0.0033124317575751673,0.3398,0.49708305695746213,-0.027430424933406684,0.3,0.5715492957746479
Minerals,Sevelamer,416961,0.12462720260232556,0.0595,0.14837840490797546,-0.041301484617533905,0.3961,0.6450135634028893
Minerals,Sodium dihydrogen phosphate dihydrate,440,0.3392498178710606,0.00175,0.012286332179930796,0.1730839825300323,0.00707,0.09175732484076433
Minerals,Sodium fluoride,7034496,0.17899246027303847,0.02553,0.08068593457943925,-0.0648508797644,0.4975,0.7236039426523297
Minerals,Sucroferric oxyhydroxide,2748,0.08074686177849723,0.1227,0.25071329305135953,-0.010026390041845851,0.257,0.5364742798353909
Minerals,Zinc sulfate,59094,0.06040304921681192,0.1525,0.29163289349670124,0.11606322168972599,0.02743,0.17392334375000001
Minerals,Zinc sulfate monohydrate,126673,-0.015109737539276889,0.4128,0.5678448813559321,-0.03337894368894731,0.3446,0.600681615120275
"Nitrates, calcium-channel blockers & other antianginal drugs",Acetyl-l-carnitine,21,-0.058873883072038884,0.6884,0.7967847119224187,-0.12080614798813985,0.7894,0.8847605190502484
"Nitrates, calcium-channel blockers & other antianginal drugs",Amlodipine,184127970,0.45991387643595644,2e-05,0.0005270129870129871,0.06234383945348372,0.0796,0.3120648288973384
"Nitrates, calcium-channel blockers & other antianginal drugs",Cilostazol,73814,0.08581803236568607,0.1188,0.24496463414634145,-0.0897018825656689,0.6199,0.8019073248407643
"Nitrates, calcium-channel blockers & other antianginal drugs",Diltiazem hydrochloride,10948373,0.18339299729035208,0.02083,0.0696277924217463,-0.13818065009023114,0.8075,0.8948211359912616
"Nitrates, calcium-channel blockers & other antianginal drugs",Diosmin/hesperidin,4,-0.034618477862725594,0.3471,0.5037667381974249,-0.04083490227513173,0.3253,0.5893158035714285
"Nitrates, calcium-channel blockers & other antianginal drugs",Felodipine,19407145,0.1510782309831008,0.04502,0.12220113636363636,0.0762456618722335,0.0663,0.28561082802547766
"Nitrates, calcium-channel blockers & other antianginal drugs",Glyceryl trinitrate,8629820,0.43938387135804824,4e-05,0.0008367010309278352,0.035754249305437774,0.1408,0.41224126984126985
"Nitrates, calcium-channel blockers & other antianginal drugs",Isosorbide dinitrate,269314,0.4182976702288151,0.00025,0.0031119631901840488,0.07898581815872281,0.0627,0.27776921397379917
"Nitrates, calcium-channel blockers & other antianginal drugs",Isosorbide mononitrate,22394626,0.36867720173756857,0.00016,0.0023524637681159423,-0.03468463674759438,0.3625,0.6134303913405494
"Nitrates, calcium-channel blockers & other antianginal drugs",Isradipine,1,-0.013646922183507559,0.2036,0.35368527397260274,0.012812095332817292,0.0752,0.3031422619047619
"Nitrates, calcium-channel blockers & other antianginal drugs",Ivabradine,2863356,0.034459946903342024,0.2455,0.4036624797406807,-0.00366447942070728,0.2372,0.5136379935965848
"Nitrates, calcium-channel blockers & other antianginal drugs",Lacidipine,2968673,0.005889285356257711,0.3518,0.5087684960798289,-0.1077977052590477,0.6878,0.8326647971360381
"Nitrates, calcium-channel blockers & other antianginal drugs",Lercanidipine hydrochloride,18265610,0.2482174066238464,0.00519,0.026195298507462685,-0.009793588662524744,0.2659,0.543314300100705
"Nitrates, calcium-channel blockers & other antianginal drugs",Moxisylyte hydorchloride,345,0.12710000974993105,0.0612,0.15112721749696234,0.0019390060979560004,0.22,0.4981899669239251
"Nitrates, calcium-channel blockers & other antianginal drugs",Moxisylyte hydrochloride,67,-0.01931836790625968,0.3737,0.5313505956552207,-0.05367646689658024,0.4402,0.677667526555387
"Nitrates, calcium-channel blockers & other antianginal drugs",Naftidrofuryl oxalate,630992,0.22269808667208457,0.0063,0.030076941176470588,0.10076800593271029,0.0255,0.16890766233766233
"Nitrates, calcium-channel blockers & other antianginal drugs",Nicardipine hydrochloride,32793,0.1995736809167086,0.01786,0.0630113321799308,-0.0020522870349444712,0.2398,0.5170607863974496
"Nitrates, calcium-channel blockers & other antianginal drugs",Nicorandil,5064078,0.22776481927743555,0.00886,0.03792603375527426,-0.0045628357587111255,0.2466,0.5256664218258132
"Nitrates, calcium-channel blockers & other antianginal drugs",Nicotinic acid derivatives,1,-0.021196283391405342,0.4076,0.5629818924438393,-0.031457648989913024,0.2809,0.5544750242954325
"Nitrates, calcium-channel blockers & other antianginal drugs",Nifedipine,6418603,0.06412999871999542,0.1638,0.3049985388127854,0.004212867956328049,0.2153,0.49528764172335593
"Nitrates, calcium-channel blockers & other antianginal drugs",Nimodipine,3214,0.0047942850173932705,0.3351,0.4926941304347826,-0.22087325242192307,0.9737,0.987324987506247
"Nitrates, calcium-channel blockers & other antianginal drugs",Pentoxifylline,87100,0.06490374589837386,0.1697,0.3109424187725632,-0.02605463151621819,0.3199,0.5854853153153153
"Nitrates, calcium-channel blockers & other antianginal drugs",Ranolazine,4544952,0.3716638757436325,0.00068,0.006159464285714286,0.162570822270953,0.00901,0.09672640211640213
"Nitrates, calcium-channel blockers & other antianginal drugs",Rutosides,33270,0.33855994855590027,0.00095,0.007998132780082988,-0.0692439327592049,0.5116,0.7320425952045135
"Nitrates, calcium-channel blockers & other antianginal drugs",Trimetazidine hydrochloride,4435,-0.012032225406589443,0.3155,0.47278397341211226,-0.1037576604140668,0.7283,0.845861877504293
"Nitrates, calcium-channel blockers & other antianginal drugs",Valsartan/amlodipine,112855,0.49973528213085044,1e-05,0.00039019230769230776,0.31553411374940354,9e-05,0.009130500000000001
"Nitrates, calcium-channel blockers & other antianginal drugs",Verapamil hydrochloride,2906592,0.02025408097611337,0.3107,0.46905528273809527,-0.051028635857097354,0.4365,0.6750445884146341
Hypnotics and anxiolytics,Alprazolam,102,0.09618853914730256,0.1116,0.2341638055842813,-0.14257986259155983,0.8141,0.898635737527115
Hypnotics and anxiolytics,Amobarbital,1,-0.027671312427409975,0.6286,0.7474888238736104,-0.014587027845556174,0.1919,0.4741631894484412
Hypnotics and anxiolytics,Amobarbital sodium,1419,0.06754713679051288,0.1316,0.2643726732673267,0.05206899416427387,0.089,0.3258807553956835
Hypnotics and anxiolytics,Bromazepam,4,-0.02119628339140535,0.4076,0.5629818924438393,-0.03145764898991304,0.2809,0.5544750242954325
Hypnotics and anxiolytics,Buspirone hydrochloride,1108526,0.2050416858568061,0.0126,0.049932421875,0.08884763960217756,0.04474,0.22808407035175882
Hypnotics and anxiolytics,Butobarbital,282,-0.1242649982940294,0.8974,0.9396538382277178,-0.1252789705221699,0.766,0.8717985978687605
Hypnotics and anxiolytics,Chloral hydrate,56883,0.28331716837178883,0.00263,0.016469969135802467,0.10593008801638375,0.02237,0.15705442906574396
Hypnotics and anxiolytics,Chlordiazepoxide hydrochloride,142582,-0.03208106227914551,0.5076,0.6543331639135961,-0.1545289716252718,0.8572,0.9172748550342646
Hypnotics and anxiolytics,Clomethiazole,28778,0.05487610027989713,0.1752,0.31910305206463196,-0.039254727146082365,0.3756,0.6267207236842105
Hypnotics and anxiolytics,Clomethiazole edisilate,3509,-0.024687964090226427,0.4364,0.5903159893404397,-0.021080108359042313,0.2366,0.5134346524064171
Hypnotics and anxiolytics,Cloral betaine,209,-0.004715942226218646,0.3275,0.4860991221653256,-0.09792229848676705,0.6558,0.8203134969325154
Hypnotics and anxiolytics,Daridorexant,165884,0.03769063120146637,0.2515,0.40921418269230764,-0.05187287788904686,0.4474,0.6827867017280241
Hypnotics and anxiolytics,Diazepam,21236310,0.4916350934195586,2e-05,0.0005270129870129871,0.10246239854313281,0.03887,0.21144029490616623
Hypnotics and anxiolytics,Eszopiclone,113,-0.1315931353993882,0.8942,0.9381239917269907,-0.15442504910487845,0.879,0.9259484172288531
Hypnotics and anxiolytics,Flurazepam hydrochloride,13,0.09778547130955757,0.0954,0.20902858683926645,0.10917273247984166,0.03379,0.1940159604519774
Hypnotics and anxiolytics,Loprazolam mesilate,61163,0.2957825623448687,0.00166,0.011859647887323943,0.14513144925734614,0.01522,0.13288643776824033
Hypnotics and anxiolytics,Lorazepam,5390612,0.24525487908293306,0.00627,0.030004316037735852,0.18016979500313107,0.00594,0.08428153846153846
Hypnotics and anxiolytics,Lormetazepam,55676,0.004717496227651001,0.3581,0.5156741660752306,0.07994598738990173,0.0613,0.273959691629956
Hypnotics and anxiolytics,Melatonin,10546526,0.27722008157658645,0.00244,0.015617539432176655,0.06600157314171845,0.0802,0.3120648288973384
Hypnotics and anxiolytics,Meprobamate,8,-0.0684763634365774,0.6767,0.7881884615384616,-0.07835362605541868,0.5364,0.7485251719394772
Hypnotics and anxiolytics,Nitrazepam,1476871,0.5275786371453818,2e-05,0.0005270129870129871,0.11310713400326462,0.03012,0.1825494328358209
Hypnotics and anxiolytics,Oxazepam,245524,0.11936159564646116,0.0571,0.14392037267080746,0.14171737024759942,0.0116,0.11516718309859154
Hypnotics and anxiolytics,Secobarbital sodium,1701,0.10614650817010339,0.0871,0.19679944320712695,-0.0012760468888340516,0.2219,0.4981899669239251
Hypnotics and anxiolytics,Sodium oxybate,9811,0.24309124210216126,0.00789,0.03503021881838075,0.19214652048653993,0.00348,0.06434306306306306
Hypnotics and anxiolytics,Temazepam,2265380,0.1260591124185963,0.0644,0.15648814371257483,0.09677266137257043,0.04192,0.22014912144702842
Hypnotics and anxiolytics,Zolpidem tartrate,2975242,0.2884580457369712,0.00157,0.011417670250896057,0.06944664130266323,0.0693,0.2895595482546201
Hypnotics and anxiolytics,Zopiclone,22751908,0.14913137139439478,0.04101,0.11504205801104973,-0.002542313178832588,0.2338,0.5123825618945103
Sex Hormones,Androstanalone,3,0.02975794087383999,0.2058,0.3568958974358975,-0.02957599366642027,0.3203,0.5854853153153153
Sex Hormones,Dienogest,66143,0.26516418630987515,0.00421,0.022592031662269127,0.0007128556305692371,0.2362,0.5131154175588865
Sex Hormones,Dutasteride,1405773,0.04612526385280395,0.2234,0.37741765195670274,-0.01674835546176103,0.2911,0.5609134852801521
Sex Hormones,Dydrogesterone,838,0.22642734328891226,0.0092,0.039051882845188284,-0.1485155244926151,0.839,0.9087191568836713
Sex Hormones,Estradiol,30127113,0.35070127871193413,0.00022,0.0029367105263157895,0.07431964167232558,0.0667,0.28611902748414375
Sex Hormones,Estradiol and estriol with progestogen,22545,0.10556643319518194,0.0723,0.1711746791131855,-0.13709989485145838,0.8012,0.8932059340659341
Sex Hormones,Estradiol valerate,549149,0.39625403672423326,3e-05,0.0006689010989010989,0.3418665485837457,7e-05,0.008354705882352941
Sex Hormones,Estradiol with progestogen,10650657,0.2538704079953148,0.00311,0.01866920118343195,0.04678772175764242,0.0977,0.3442618717504333
Sex Hormones,"Estradiol, estriol and estrone",21,-0.031379464840314154,0.6149,0.7369356763142351,-0.09136093123619372,0.7053,0.8390413934426231
Sex Hormones,Ethinylestradiol,356,0.08105944840942371,0.1176,0.24298411405295314,-0.007767156791838277,0.2508,0.53007625
Sex Hormones,Finasteride,21154075,0.28464555048324364,0.00189,0.013088088737201365,0.12367789155810396,0.02428,0.16421373333333333
Sex Hormones,Methyltestosterone,1,-0.019744483159117296,0.3829,0.538957519057519,-0.028770070687138865,0.2713,0.5482746015936254
Sex Hormones,Nandrolone decanoate,37,0.09669620033405657,0.0929,0.20577644492911668,0.01916007233342027,0.1687,0.4509479057591623
Sex Hormones,Norethisterone,2193635,0.24538026582386294,0.00789,0.03503021881838075,0.015021166372640829,0.1819,0.46450062893081756
Sex Hormones,Oestrogens conjugated,629885,0.18840591442622032,0.01809,0.06339310880829015,0.10761158134220039,0.03069,0.1853274107142857
Sex Hormones,Oestrogens conjugated with bazedoxifene,3,-0.07042467469456676,0.9662,0.9807002501250625,-0.20317146390865928,0.9684,0.984410621242485
Sex Hormones,Oestrogens conjugated with progestogen,137203,0.23378840730803155,0.00777,0.034802052980132454,0.0928682781145843,0.04661,0.234669205955335
Sex Hormones,Oxandrolone,130,0.0026599393701248635,0.2888,0.44765103132161954,-0.07397964276179171,0.5529,0.7615981670061098
Sex Hormones,Prasterone,30472,0.02703420749750004,0.2789,0.4369551697530864,-0.0822910366105626,0.5747,0.775310039893617
Sex Hormones,Progesterone,10275513,0.3665235763615934,0.00019,0.002622517006802721,0.09669214894969726,0.04383,0.2257133756345178
Sex Hormones,Raloxifene hydrochloride,184204,0.13202970841461453,0.0589,0.1471774630541872,0.03986059836230381,0.1217,0.38402690513219284
Sex Hormones,Testosterone,2037601,0.32029457600072836,0.00046,0.004720940594059406,0.2085985563674004,0.00179,0.04597354430379747
Sex Hormones,Testosterone enantate,48124,0.1622053719933198,0.03653,0.10528319602272727,0.04126428432309472,0.1284,0.39206992481203007
Sex Hormones,Testosterone esters,249791,0.3153473126458428,0.001,0.008315573770491804,0.18134232196886604,0.00574,0.08274290780141844
Sex Hormones,Testosterone propionate,627,0.22072222814300843,0.01194,0.048163538767395625,-0.12250189014429166,0.7408,0.8554577929465301
Sex Hormones,Testosterone undecanoate,703456,0.3388451241230265,0.00063,0.005810318181818182,0.2009834885067518,0.00349,0.06434306306306306
Sex Hormones,Tibolone,914559,0.5492327496042471,1e-05,0.00039019230769230776,0.33170734439810956,6e-05,0.008116
Lipid-regulating drugs,Acipimox,6099,0.16559855800051854,0.03454,0.10144999999999998,0.04434619966097378,0.1091,0.36893983333333336
Lipid-regulating drugs,Alirocumab,4582,0.5611699211058475,1e-05,0.00039019230769230776,0.2872772526705379,5e-05,0.007246428571428571
Lipid-regulating drugs,Atorvastatin,321463615,0.018583055882983465,0.3228,0.4805291269258987,-0.015293394979255645,0.2846,0.5560240384615385
Lipid-regulating drugs,Bempedoic acid,439740,0.02755849651247849,0.2706,0.42760700934579443,-0.07189248716386067,0.5276,0.7428871616932685
Lipid-regulating drugs,Bempedoic acid/Ezetimibe,857528,0.09291739281251113,0.1184,0.24438819938962364,-0.012561133388963794,0.2638,0.5428501014198782
Lipid-regulating drugs,Bezafibrate,1607191,0.07669464840365331,0.1506,0.289637345971564,-0.08006544303981546,0.5615,0.7682289278489548
Lipid-regulating drugs,Ciprofibrate,75269,0.02400609047572261,0.2885,0.4475279051987767,-0.06450155893535656,0.4931,0.7197702586206897
Lipid-regulating drugs,Colesevelam hydrochloride,1008925,0.2657885951166424,0.00322,0.018992383720930234,0.2676205045980609,0.0004,0.02029
Lipid-regulating drugs,Colestipol hydrochloride,13463,0.004082549424446342,0.3772,0.535201958041958,-0.07262377003554144,0.5141,0.7351014094432698
Lipid-regulating drugs,Colestyramine,783752,0.11786564499605942,0.0793,0.18244915062287656,-0.04826579300366337,0.4098,0.6521444705882353
Lipid-regulating drugs,Evolocumab,8031,0.46546856330087444,0.00012,0.0018874418604651164,0.19340885646894732,0.00153,0.04429507042253521
Lipid-regulating drugs,Ezetimibe,17739615,0.20715579957311916,0.01466,0.05570250936329588,0.143597696160818,0.01621,0.13761543933054393
Lipid-regulating drugs,Fenofibrate,2956899,0.06143284734969982,0.1904,0.33710436300174523,-0.05554942815094959,0.4455,0.6822033962264151
Lipid-regulating drugs,Fenofibrate/simvastatin,92,-0.04529935658930525,0.5366,0.6783560124610591,0.008350572927727618,0.1975,0.4787664277180406
Lipid-regulating drugs,Fluvastatin sodium,443348,0.30190981332033967,0.00121,0.009479111969111968,0.2262308838447313,0.00133,0.041516461538461544
Lipid-regulating drugs,Gemfibrozil,31157,0.014069455335629939,0.3227,0.4805291269258987,-0.06025291575666016,0.4753,0.7039297080291971
Lipid-regulating drugs,Icosapent,78797,-0.03757504947441407,0.5721,0.7043053972104305,-0.030283834531994895,0.3067,0.573730138248848
Lipid-regulating drugs,Inclisiran,112599,0.1617908710238601,0.0294,0.08916681614349775,0.07248325099700198,0.0634,0.28025838779956425
Lipid-regulating drugs,Nicotinic acid,6,-0.02618784329126337,0.4366,0.5903159893404397,-0.11442294807677557,0.7903,0.8849440949227374
Lipid-regulating drugs,Omega-3-acid ethyl esters,376759,0.34524614815449484,0.00043,0.004616243386243386,0.14492286184419206,0.01443,0.12955075221238938
Lipid-regulating drugs,Policosanol,6,-0.015040650406504062,0.2404,0.3965622764227642,0.06678324324130433,0.04769,0.23774695331695334
Lipid-regulating drugs,Pravastatin sodium,11202233,0.17832884988298317,0.02621,0.0824497519379845,0.14554291093005733,0.01516,0.13288643776824033
Lipid-regulating drugs,Rosuvastatin calcium,24270302,0.24227268639121777,0.00611,0.02951711904761905,-0.0013748056832173165,0.2424,0.5204546031746032
Lipid-regulating drugs,Simvastatin,70908198,0.019353725033547542,0.3151,0.47253355506282335,-0.09438482217070088,0.622,0.8024417673235855
Lipid-regulating drugs,Simvastatin and ezetimibe,46348,0.23968223161913516,0.00582,0.028731824817518244,0.20003736610350584,0.0028,0.05939052083333333
"Antihistamines, hyposensitisation and allergic emergencies",Acrivastine,221454,0.4191522564869649,5e-05,0.000994607843137255,0.3040737149081945,0.00013,0.010144999999999998
"Antihistamines, hyposensitisation and allergic emergencies",Adrenaline,2059953,0.5510405575441618,1e-05,0.00039019230769230776,-0.07697051231147178,0.5519,0.7610128396739131
"Antihistamines, hyposensitisation and allergic emergencies",Alimemazine tartrate,130292,0.13849287397728635,0.0536,0.1374897597977244,0.01136581811224208,0.1815,0.4643928121059268
"Antihistamines, hyposensitisation and allergic emergencies",Benralizumab,30,0.01102247090762924,0.2107,0.36199009314140557,-0.14603682388179476,0.8615,0.917789658792651
"Antihistamines, hyposensitisation and allergic emergencies",Bilastine,16504,0.4089308352426899,5e-05,0.000994607843137255,0.008924555575597102,0.2051,0.4855868144690782
"Antihistamines, hyposensitisation and allergic emergencies",C1-Esterase inhibitor,50,-0.019181765207151615,0.3612,0.5190331444759207,-0.1191308256924991,0.7763,0.8784789180145007
"Antihistamines, hyposensitisation and allergic emergencies",Cetirizine hydrochloride,19092235,0.28254436452041976,0.00258,0.01630785046728972,0.23048436941892508,0.00159,0.0445846052631579
"Antihistamines, hyposensitisation and allergic emergencies",Chlorphenamine maleate,4173381,0.43396284139867236,6e-05,0.0011377570093457944,0.3673943051790264,3e-05,0.007246428571428571
"Antihistamines, hyposensitisation and allergic emergencies",Clemastine fumarate,1907,-0.07750787234361137,0.7088,0.8120582721626199,-0.16234446675272185,0.8836,0.928863801139306
"Antihistamines, hyposensitisation and allergic emergencies",Cyproheptadine hydrochloride,11738,0.04986971040745775,0.1909,0.3376949433304272,0.01218872253336786,0.1805,0.4643928121059268
"Antihistamines, hyposensitisation and allergic emergencies",Desloratadine,851950,0.21595649572997636,0.01122,0.04608376518218624,0.18098894827665749,0.00548,0.08274290780141844
"Antihistamines, hyposensitisation and allergic emergencies",Diphenhydramine hydrochloride,151639,0.24738365053904868,0.00637,0.030316206088992978,0.07337912796928607,0.0708,0.29257270875763747
"Antihistamines, hyposensitisation and allergic emergencies",Fexofenadine hydrochloride,28214417,0.21155569419998516,0.01316,0.05154756756756757,0.14676884529850623,0.01359,0.12533686363636365
"Antihistamines, hyposensitisation and allergic emergencies",House dust mites allergen extract,1670,0.06277235072552972,0.1243,0.25296359077231695,0.021792318786982196,0.1342,0.4039937685459941
"Antihistamines, hyposensitisation and allergic emergencies",Hydroxyzine hydrochloride,1778526,0.10911663997282123,0.0888,0.19930884955752215,-0.010376759230018117,0.27,0.5482746015936254
"Antihistamines, hyposensitisation and allergic emergencies",Levocetirizine,294861,0.05010453744903426,0.1835,0.3283258377425044,-0.03777004813152986,0.3642,0.6147768718801997
"Antihistamines, hyposensitisation and allergic emergencies",Loratadine,7738412,0.6141317935010862,1e-05,0.00039019230769230776,0.3498408058580124,3e-05,0.007246428571428571
"Antihistamines, hyposensitisation and allergic emergencies",Mepolizumab,2,-0.04622700916814266,0.571,0.703863304981774,-0.06626714377896564,0.5024,0.7273473646723647
"Antihistamines, hyposensitisation and allergic emergencies",Mizolastine,78152,0.10725265400929505,0.0877,0.19771477777777777,-0.06179483471059207,0.4736,0.7022207450693937
"Antihistamines, hyposensitisation and allergic emergencies",Omalizumab,89,-0.08981644889528564,0.9938,0.9981354774863929,-0.12530613741870444,0.8423,0.9105650692225772
"Antihistamines, hyposensitisation and allergic emergencies",Pollen allergy preparations,3,-0.022454510259388303,0.4545,0.6074970355731225,-0.04189972107851331,0.3567,0.608188487394958
"Antihistamines, hyposensitisation and allergic emergencies",Promethazine hydrochloride,12013952,0.46551675364269524,2e-05,0.0005270129870129871,0.2619305956473562,0.00046,0.02170558139534884
"Antihistamines, hyposensitisation and allergic emergencies",Rupatadine fumarate,12108,0.06817073571854407,0.1581,0.2983157992565056,0.002493627919962607,0.2114,0.49020640000000004
"Antihistamines, hyposensitisation and allergic emergencies",Timothy grass pollen allergen extract,12612,0.06296127990881475,0.1458,0.28308918660287086,0.046785273151660534,0.0942,0.3394880994671403
"Antihistamines, hyposensitisation and allergic emergencies",White Birch pollen allergen extract,93,-0.016075191804694237,0.3833,0.538957519057519,-0.03333058393095674,0.3369,0.599622894736842
Drugs affecting the immune response,Alemtuzumab,1,-0.022793263646922173,0.4769,0.6285947402597403,-0.15064707604474425,0.9055,0.9417014351614557
Drugs affecting the immune response,Azathioprine,3716272,0.1817492730860698,0.02324,0.07520567783094098,0.10094897950727844,0.0391,0.21212272727272727
Drugs affecting the immune response,Belumosudil,1,-0.022454510259388306,0.4545,0.6074970355731225,-0.04189972107851331,0.3567,0.608188487394958
Drugs affecting the immune response,Ciclosporin,233131,0.37093092432298463,0.00017,0.0024120979020979022,0.23807145294202248,0.00109,0.036255901639344265
Drugs affecting the immune response,Cladribine (Immunomodulating),12,-0.06580148237984229,0.8741,0.923453774076002,-0.04350638122223754,0.3784,0.6282926350245499
Drugs affecting the immune response,Dabrafenib,3,-0.013308168795973681,0.1965,0.34429922279792746,-0.08749121699465032,0.6741,0.826934038694075
Drugs affecting the immune response,Dimethyl fumar,489,-0.1599832788834836,0.9634,0.9798188471177945,-0.13633732911447471,0.7957,0.8899652341597797
Drugs affecting the immune response,Fingolimod,91,-0.05615513346748663,0.6144,0.7369356763142351,-0.05925705770514528,0.4669,0.6955507342143906
Drugs affecting the immune response,Glatiramer acetate,157,-0.030428029957863673,0.6409,0.7555991284137129,-0.034998276678932044,0.3198,0.5854853153153153
Drugs affecting the immune response,Interferon alpha,2,-0.015361120960416821,0.1331,0.26659417571569594,-0.08970847833139392,0.6533,0.8202634282178217
Drugs affecting the immune response,Interferon beta,717,-0.08110986602750118,0.981,0.98978070611636,-0.027975749270191003,0.2566,0.5364742798353909
Drugs affecting the immune response,Lenalidomide,19,0.026354775869491694,0.2555,0.41373463687150835,0.01534629059519602,0.1784,0.4643928121059268
Drugs affecting the immune response,Mycophenolate mofetil,1117947,0.16224223589338485,0.03537,0.10337682014388487,0.031713225501783016,0.1439,0.41710442857142854
Drugs affecting the immune response,Mycophenolic sodium,36530,0.303511989420083,0.00146,0.01085106227106227,0.14577185631410067,0.01157,0.11516718309859154
Drugs affecting the immune response,Natalizumab,6,-0.08934660523578442,0.9195,0.9552818740399386,-0.06253223607849964,0.4612,0.6916295639320029
Drugs affecting the immune response,Ofatumumab,4,-0.0181184668989547,0.3335,0.4906972443799855,-0.08683638751039406,0.659,0.8203134969325154
Drugs affecting the immune response,Ozanimod,1,-0.031978319783197845,0.7606,0.8495669785360485,-0.038335111917782605,0.3427,0.600681615120275
Drugs affecting the immune response,Peginterferon alpha,71,-0.08618377416519382,0.78,0.8631547437295529,-0.11729305994786017,0.7318,0.8487017142857143
Drugs affecting the immune response,Peginterferon beta,478,-0.07575580320757261,0.9768,0.9871165836653387,-0.018603747698614184,0.2103,0.4890052691867125
Drugs affecting the immune response,Rituximab,12,0.1530177580203452,0.03774,0.10769966244725739,0.04102144346408004,0.1271,0.3898622356495468
Drugs affecting the immune response,Siponimod,14,0.015799946479018293,0.1349,0.2683451960784313,0.01404180891367122,0.1144,0.37653241491085904
Drugs affecting the immune response,Sirolimus,22919,0.4362007196188482,8e-05,0.0014238596491228071,0.26799083897300147,0.00051,0.021980833333333335
Drugs affecting the immune response,Teriflunomide,14,-0.01882627453861598,0.3417,0.49950237752161386,-0.06137325228204387,0.4955,0.721729720028715
Drugs affecting the immune response,Thalidomide (Immunomodulating),40,0.040872606662580316,0.2166,0.3693121008403361,0.020210153392679054,0.1627,0.44637999999999994
Drugs affecting the immune response,Tivozanib,2,-0.00894308943089431,0.04788,0.12682574412532638,-0.014110685837214474,0.2227,0.4981899669239251
Anti-infective skin preparations,Amorolfine hydrochloride,721578,0.2887292217471201,0.00214,0.014236262295081967,0.2136634651730275,0.0025,0.0572223595505618
Anti-infective skin preparations,Benzoic acid,43,-0.051842065877116636,0.7691,0.8550468236582695,4.277076541278503e-05,0.1428,0.41450815450643785
Anti-infective skin preparations,Benzyl benzoate,885,-0.001891266153137093,0.3479,0.5045669049320943,0.010902856990334593,0.1695,0.4509479057591623
Anti-infective skin preparations,Bifonazole,778,0.08907604016637209,0.108,0.22940208986415883,0.08310463763855043,0.0556,0.25815194508009154
Anti-infective skin preparations,Cetrimide,18852,0.18740631403339283,0.02264,0.07421092084006461,-0.1141156583270111,0.7112,0.8428883177570095
Anti-infective skin preparations,Chlorhex hydrochloride,747,0.113490185164377,0.04644,0.12496917771883288,0.04522625501157128,0.0881,0.32383134057971014
Anti-infective skin preparations,Dibrompropamidine isetionate,2254,0.12566208253016406,0.0607,0.1505627139364303,0.00270209378723553,0.2093,0.4883593103448276
Anti-infective skin preparations,Dimeticone (Parasiticidal),21149,0.23531934843325417,0.0058,0.02870292682926829,-0.016292854695748014,0.2867,0.5560389312977099
Anti-infective skin preparations,Fusidic acid,5237474,0.42884138033118,2e-05,0.0005270129870129871,0.1330773400813523,0.01628,0.13763383333333332
Anti-infective skin preparations,Hydrogen peroxide,130250,0.30653610974932627,0.00236,0.015298530351437701,0.04581930353320983,0.11,0.37013266998341626
Anti-infective skin preparations,Magnesium sulfate,18938,0.2331679896343831,0.00756,0.034163118040089084,0.13493307284515813,0.01893,0.14602651515151516
Anti-infective skin preparations,Malathion,120062,0.3122367477685618,0.00079,0.006909094827586207,0.037881822417109016,0.1157,0.3774200964630225
Anti-infective skin preparations,Miconazole nitrate,2214004,0.3561725774624871,0.00028,0.0033816666666666665,0.26482695863640227,0.00043,0.020773095238095236
Anti-infective skin preparations,Other antiviral preparations,66,-0.06865161025159851,0.7029,0.8066652149321266,-0.08470053560550593,0.5893,0.7838291421087098
Anti-infective skin preparations,Other minor cut and abrasion preparations,24,-0.01797428354005356,0.3005,0.46115026375282586,-0.07641030013966427,0.5874,0.7838291421087098
Anti-infective skin preparations,Penciclovir,124,0.014924798576562918,0.2625,0.419049960660897,-0.036406689395642955,0.3552,0.608188487394958
Anti-infective skin preparations,Permethrin,936607,0.6102659808907956,1e-05,0.00039019230769230776,0.17923299591532565,0.00545,0.08274290780141844
Anti-infective skin preparations,Phenol,2017,0.06878380557410867,0.1465,0.28390496657115566,-0.05238562092169068,0.4322,0.6724952453987729
Anti-infective skin preparations,Phenothrin,3,-0.04097948122338366,0.9518,0.9719185707096124,-0.23044394480053737,0.9861,0.9909841010401189
Anti-infective skin preparations,Polymyxins,22,-0.033500364306004754,0.4668,0.6206665792922673,-0.012530878623817684,0.2244,0.49978880351262345
Anti-infective skin preparations,Silver sulfadiazine,114006,0.2015312907940618,0.01755,0.0625816344463972,0.04370780278442433,0.1031,0.3557651360544218
Anti-infective skin preparations,Sodium fusidate,142574,0.08238378576277712,0.1118,0.23434111570247934,-0.13274178448927812,0.804,0.8939796174863388
Anti-infective skin preparations,Tioconazole,48334,0.19856415432211272,0.01704,0.0618808896797153,0.0458320392787613,0.1162,0.37783621794871797
Anti-infective skin preparations,Tolnaftate,609,-0.029599268797138374,0.4894,0.6373508344030809,-0.0820422678718881,0.5599,0.7665567476383266
Anti-infective skin preparations,Undecenoates,9178,0.23166660527473343,0.00861,0.037248805970149255,0.1117797500732188,0.03193,0.1877854202898551
Treatment of glaucoma,Acetazolamide,613070,0.29043989270717724,0.002,0.01357190635451505,0.1663426305093296,0.00865,0.09483133689839571
Treatment of glaucoma,Acetazolamide sodium,4,-0.06797953581215482,0.6277,0.7474888238736104,-0.10177688565805963,0.6652,0.8215968978102189
Treatment of glaucoma,Betaxolol,63577,0.08811249392290521,0.1138,0.23730750256937305,0.08136841910940752,0.0621,0.2757131291028446
Treatment of glaucoma,Bimatoprost,5052597,0.003921961687455749,0.3727,0.5305849228611501,0.04135200530559224,0.1201,0.38254772370486656
Treatment of glaucoma,Brimonidine tartrate,1238636,0.07068000638001393,0.1547,0.29472892018779345,0.04023573826730478,0.1238,0.385852841781874
Treatment of glaucoma,Brinzolamide,4386190,0.2270093773070447,0.00701,0.03237177272727273,0.0882378314774869,0.0483,0.23961051344743278
Treatment of glaucoma,Brinzolamide and timolol,1014406,0.1358294236420652,0.0564,0.14268778054862843,-0.021854733807365606,0.3065,0.573730138248848
Treatment of glaucoma,Brinzolamide/brimonidine,951554,0.14354712670790115,0.0508,0.13248483290488433,0.03929577460523583,0.1354,0.40579999999999994
Treatment of glaucoma,Carteolol hydrochloride,1,-0.022454510259388313,0.4545,0.6074970355731225,-0.04189972107851331,0.3567,0.608188487394958
Treatment of glaucoma,Dorzolamide,2363623,0.1358724746268649,0.0596,0.14837840490797546,0.036101313656560136,0.1369,0.40669121522694
Treatment of glaucoma,Dorzolamide and timolol,4403130,0.36672086883844773,0.00023,0.002991474358974359,0.20035647572693882,0.00314,0.061455288461538464
Treatment of glaucoma,Latanoprost,15576773,0.18990340762473157,0.02025,0.06836480865224627,0.145717142987512,0.01484,0.13148628820960698
Treatment of glaucoma,Latanoprost and Netarsudil,27524,0.21487979410116181,0.01162,0.047248456913827654,0.12110358643005835,0.02563,0.16890766233766233
Treatment of glaucoma,Latanoprost and timolol,2109326,0.20970157600684544,0.01418,0.05415751879699249,-0.0009191551560653925,0.2372,0.5136379935965848
Treatment of glaucoma,Levobunolol hydrochloride,34291,0.025193281019415835,0.27,0.4271495713172253,-0.0028280578702620522,0.2381,0.5147047923322684
Treatment of glaucoma,Pilocarpine hydrochloride,258072,-0.10476541095935438,0.8067,0.8813810010764263,-0.10882969501139306,0.6934,0.8349605934718101
Treatment of glaucoma,Pilocarpine nitrate,47056,0.030466831036482147,0.2346,0.3908073891625616,-0.05411072491672281,0.4308,0.671142747505756
Treatment of glaucoma,Tafluprost,350422,0.3474253888842866,0.00067,0.006096098654708521,0.30016448943089813,0.00018,0.011781290322580646
Treatment of glaucoma,Tafluprost and timolol,202837,0.18035200291684808,0.02268,0.07422212903225806,0.16303355943697762,0.00779,0.09420357142857143
Treatment of glaucoma,Timolol,2832906,0.26180274200333825,0.0035,0.020232193732193735,0.081947607845772,0.059,0.2684103139013453
Treatment of glaucoma,Timolol and bimatoprost,4912275,-0.10548210480078732,0.7947,0.8715925945945945,-0.023087361493432504,0.3161,0.5811320652173912
Treatment of glaucoma,Timolol and brimonidine,220074,0.15691080112581732,0.03575,0.10400074285714286,0.0548342975670003,0.1023,0.3548148717948718
Treatment of glaucoma,Timolol and travoprost,859235,0.23879384423807645,0.00844,0.03674841201716738,0.1754727860420147,0.00756,0.09420357142857143
Treatment of glaucoma,Travoprost,1467935,0.315608720795366,0.0012,0.009473929961089493,0.21173001850811032,0.00291,0.060455918367346935
Diuretics,Amiloride hydrochloride,620522,0.03838267839719019,0.2564,0.4148609250398725,-0.06711867639904402,0.4886,0.7171187274041938
Diuretics,Amiloride hydrochloride with loop diuretics,17861,0.06959518560831413,0.1582,0.2983157992565056,-0.03751747669716624,0.3666,0.6178001661129567
Diuretics,Amiloride hydrochloride with thiazides,1,-0.03197831978319783,0.7606,0.8495669785360485,-0.03833511191778262,0.3427,0.600681615120275
Diuretics,Bendroflumethiazide,30614300,0.2113563431235026,0.00416,0.022448510638297874,-0.07650928273059551,0.5625,0.7685895693135936
Diuretics,Bumetanide,9425822,0.2790772688616281,0.00227,0.014905598705501618,0.1654294265283606,0.00896,0.09670127659574468
Diuretics,Chlorothiazide,10921,-0.056672361150054,0.6155,0.7372193034238489,-0.09955408968909328,0.6418,0.8122320872274142
Diuretics,Chlortalidone,73697,0.08689070558628034,0.03549,0.10346150862068965,0.013591456564057585,0.1171,0.3789408293460925
Diuretics,Co-amilofruse (Amiloride hydrochloride/frusemide),973563,0.0717408333347135,0.1642,0.3049985388127854,0.14516469882456495,0.01572,0.13572714893617022
Diuretics,Co-amilozide (Amiloride hydrochloride/hydrochlorothiazide),280675,0.46417028233470126,3e-05,0.0006689010989010989,0.1307386254201487,0.02054,0.15123964539007093
Diuretics,Co-flumactone (Hydroflumethiazide/spironolactone),1184,0.01460596008623431,0.2276,0.3822850993377483,-0.09786302274507734,0.683,0.8305421903052065
Diuretics,Co-triamterzide(Triamterene/hydrochlorothiazide),47,-0.06012968319292846,0.6296,0.7474888238736104,-0.22930374429265815,0.9779,0.9897067331670822
Diuretics,Eplerenone,7265352,0.288566093136907,0.00193,0.01322962837837838,0.20927448363413875,0.00303,0.061271782178217826
Diuretics,Finerenone,50117,0.25025776931622445,0.00591,0.02903484261501211,0.13759354832733386,0.01844,0.14445853281853283
Diuretics,Furosemide,55797139,0.19149684640069023,0.01854,0.06441380136986302,0.13470191102109685,0.01861,0.14522957692307695
Diuretics,Hydrochlorothiazide,8514,0.21637539905198225,0.01199,0.048173683168316835,-0.027600806586407893,0.3378,0.600681615120275
Diuretics,Indapamide,28014047,0.1316570609507286,0.0525,0.13552480916030535,-0.03141055702569638,0.3486,0.6035063139931741
Diuretics,Metolazone,82221,0.17919667898663819,0.02478,0.07915014150943396,-0.004600299718081215,0.2469,0.5256664218258132
Diuretics,Spironolactone,17358203,0.10365663342902984,0.1009,0.2177778958554729,0.0015701553912987865,0.2329,0.511976273022752
Diuretics,Spironolactone with loop diuretics,5514,0.15350936126807166,0.04139,0.11551624484181569,-0.061727091034361685,0.4763,0.7043824344023324
Diuretics,Torasemide,73148,0.19217537294311035,0.02161,0.07146039024390242,-0.00399751221910946,0.2385,0.5148047872340425
Diuretics,Triamterene,32,0.076029073821576,0.0949,0.20861549295774648,-0.05813038613578087,0.4654,0.6955507342143906
Diuretics,Triamterene with loop diuretics,4032,0.05903999253509805,0.1689,0.30985361663652805,-0.11529462374485641,0.7104,0.8424322618351842
Diuretics,Triamterene with thiazides,1199,-0.04530291543239341,0.5478,0.6874597042513864,-0.060283048352133335,0.4597,0.6904006661732051
Diuretics,Xipamide,6315,0.022162975082031446,0.2798,0.43703941493456505,-0.08950037985449066,0.6005,0.789902981205444
Sex hormones and hormone antagonists in malignant disease,Abiraterone,83,-0.10552075057097678,0.9592,0.9770164658634539,-0.2604271495965676,0.9933,0.9949711253701876
Sex hormones and hormone antagonists in malignant disease,Anastrozole,2650023,0.3166914205604219,0.00088,0.00750218487394958,0.2251828412031758,0.00175,0.0455224358974359
Sex hormones and hormone antagonists in malignant disease,Apalutamide,32,-0.052580536512803304,0.6371,0.7528688992428655,-0.1727033911981842,0.9112,0.9436920408163265
Sex hormones and hormone antagonists in malignant disease,Bicalutamide,991783,0.2428613267287373,0.00689,0.0319904118993135,-0.031485498627869236,0.35,0.6043829787234042
Sex hormones and hormone antagonists in malignant disease,Cyproterone acetate,136128,0.23200623748068586,0.00821,0.035978596112311016,0.18580688166210385,0.00465,0.07797396694214875
Sex hormones and hormone antagonists in malignant disease,Degarelix,151227,0.17139520020294532,0.03165,0.09527870919881305,0.07749936079490564,0.0639,0.280837982832618
Sex hormones and hormone antagonists in malignant disease,Diethylstilbestrol,12909,0.02215436703199003,0.2871,0.4467223159509203,-0.01097050808792366,0.2752,0.5528522772277228
Sex hormones and hormone antagonists in malignant disease,Enzalutamide,331,0.09995768159276276,0.0901,0.2015577728776185,0.06975462453397989,0.0693,0.2895595482546201
Sex hormones and hormone antagonists in malignant disease,Exemestane,823311,0.3244701810751811,0.00132,0.010145,0.2450445992738127,0.00093,0.031982542372881353
Sex hormones and hormone antagonists in malignant disease,Flutamide,1225,0.055237363413161676,0.1845,0.32971249999999996,0.005780829870384618,0.2104,0.4890052691867125
Sex hormones and hormone antagonists in malignant disease,Fulvestrant,1687,-0.023722484479459988,0.498,0.6447567515923567,-0.008680816174774744,0.1297,0.39454467766116946
Sex hormones and hormone antagonists in malignant disease,Goserelin acetate,1197175,0.33798918128807814,0.00076,0.006675497835497836,0.16855005818601546,0.00873,0.09483133689839571
Sex hormones and hormone antagonists in malignant disease,Lanreotide,17183,-0.020456322671860667,0.453,0.6074970355731225,-0.10914912705324861,0.6885,0.833015205724508
Sex hormones and hormone antagonists in malignant disease,Letrozole,5683930,0.237288707680647,0.00726,0.03304501118568232,0.2143161046680588,0.00266,0.057848085106382986
Sex hormones and hormone antagonists in malignant disease,Leuprorelin acetate,1177129,0.06432103141136625,0.1777,0.32192258928571427,0.028355963676189214,0.1618,0.444840379403794
Sex hormones and hormone antagonists in malignant disease,Megestrol acetate,29865,0.24762863921102796,0.00616,0.029687980997624704,0.1989985130047968,0.00367,0.06589761061946903
Sex hormones and hormone antagonists in malignant disease,Octreotide acetate,23314,-0.11223243700050495,0.8286,0.8990531550802139,-0.21899278175945952,0.9697,0.9852385077616426
Sex hormones and hormone antagonists in malignant disease,Relugolix,19466,0.12239498697693432,0.0669,0.16140321046373365,0.006734178167401519,0.2034,0.4843880281690141
Sex hormones and hormone antagonists in malignant disease,Tamoxifen citrate,2798590,0.09756774133951655,0.1135,0.23713415637860083,-0.012635067864509837,0.2762,0.5532179664363278
Sex hormones and hormone antagonists in malignant disease,Toremifene citrate,478,0.14344808137742004,0.04858,0.12851215123859192,-0.041338780587881416,0.3849,0.633383698296837
Sex hormones and hormone antagonists in malignant disease,Triptorelin,386514,0.321541024799492,0.00163,0.011769644128113878,0.19043370693916858,0.0052,0.08178430769230768
Sex hormones and hormone antagonists in malignant disease,Triptorelin acetate,98581,0.20296920907909904,0.0194,0.06660338409475465,0.17732740041339387,0.00804,0.0945720338983051
Sex hormones and hormone antagonists in malignant disease,Triptorelin embonate,110467,-0.05119635938741066,0.5822,0.712901808318264,-0.05570863038043729,0.4526,0.6857142431021626
Bronchodilators,Aclidinium bromide,682815,0.09491535102927358,0.1048,0.22383073684210528,0.035984413896372615,0.1288,0.39239519519519517
Bronchodilators,Aclidinium bromide/formoterol,827039,0.08538462298510634,0.1155,0.23986642784032755,0.03182523913716393,0.1375,0.40757463556851314
Bronchodilators,Aminophylline,131,-0.07022464311460672,0.6957,0.8024873791927232,-0.04959262993828377,0.4071,0.6498866247049567
Bronchodilators,Aminophylline hydrate,98709,0.4863839284300992,2e-05,0.0005270129870129871,0.04272266854082911,0.1265,0.38948179059180577
Bronchodilators,Bambuterol hydrochloride,6448,-0.07820581957157186,0.7722,0.8571082056892778,0.0038261385892299888,0.1701,0.4511541176470588
Bronchodilators,Beclometdiprop/formoterol/glycopyrronium,9132286,0.3642694714810203,0.00024,0.0030245962732919256,0.010693450522123815,0.2002,0.48128649289099523
Bronchodilators,Ephedrine hydrochloride,16056,0.299183570234462,0.00104,0.008543157894736843,-0.03306371365120065,0.3527,0.6074943123938881
Bronchodilators,Fenoterol hydrobromide,1,-0.03197831978319785,0.7695,0.8550468236582695,-0.030684601364521308,0.2978,0.569688124410933
Bronchodilators,Formoterol fumarate,351966,0.11096639813301683,0.0638,0.15521606714628297,0.07278985731313446,0.0644,0.280837982832618
Bronchodilators,Glycopyrronium bromide,1914148,0.17227572156621745,0.02769,0.0852549468892261,0.0690381968010698,0.0729,0.2992262626262626
Bronchodilators,Glycopyrronium/formoterol,319091,0.06493388639467809,0.1748,0.31866055705300994,-0.04527942522691761,0.404,0.6490229612034838
Bronchodilators,Indacaterol maleate,40378,0.19000577937861093,0.01385,0.05342519011406844,0.0672583525132077,0.0675,0.2865219665271967
Bronchodilators,Indacaterol/glycopyrronium,1102593,0.14897299799551778,0.04456,0.12152182795698926,-0.005293864512100804,0.2491,0.5275823590814196
Bronchodilators,Ipratropium bromide,1555474,-0.04860574089652807,0.5845,0.7139978928356413,-0.06961568861685695,0.5091,0.7309841213832039
Bronchodilators,Olodaterol,10421,0.19135891636625016,0.02232,0.07339915721231767,0.05458469432813287,0.0951,0.34067160493827164
Bronchodilators,Salbutamol,101506978,0.49521617890776404,2e-05,0.0005270129870129871,0.30486249774210306,5e-05,0.007246428571428571
Bronchodilators,Salmeterol,830709,-0.0034059905333606597,0.3843,0.539989404432133,-0.1031739996916295,0.6646,0.8215968978102189
Bronchodilators,Terbutaline sulphate,1894840,0.45434632560794147,3e-05,0.0006689010989010989,0.22153994739283722,0.00165,0.0445846052631579
Bronchodilators,Theophylline,2611721,0.0601949628337135,0.1918,0.33899146341463415,-0.0026813227789436833,0.2468,0.5256664218258132
Bronchodilators,Tiotropium bromide,12369533,0.3114344326685934,0.00125,0.009754807692307691,0.3039414483893493,0.00015,0.010144999999999998
Bronchodilators,Tiotropium bromide/olodaterol,1726272,0.4339845294085869,4e-05,0.0008367010309278352,0.22763776490857882,0.00149,0.04429507042253521
Bronchodilators,Umeclidinium bromide,2046044,0.20400419859683444,0.01545,0.05794463955637708,0.1831769544510563,0.00562,0.08274290780141844
Bronchodilators,Umeclidinium bromide/vilanterol,5520057,0.35794936922119686,0.00019,0.002622517006802721,0.2721412616281674,0.00034,0.01768871794871795
Drugs acting on the oropharynx,Amphotericin,320,-0.08724295907355414,0.7373,0.8371470061555679,-0.13365708240627827,0.7861,0.8837996126175983
Drugs acting on the oropharynx,Amylmetacresol,2307,0.11521671270313602,0.0853,0.19337843575418995,-0.017986111371179392,0.2875,0.5560891325071496
Drugs acting on the oropharynx,Artificial saliva,11649,0.1720613836784768,0.02821,0.08646237160120845,-0.012709063774360022,0.2802,0.5544750242954325
Drugs acting on the oropharynx,Artificial saliva products,2021,-0.11650137161159363,0.8365,0.899476837652036,-0.131540067523364,0.7714,0.8748857462269424
Drugs acting on the oropharynx,Benzocaine,18648,0.08548306297671689,0.1176,0.24298411405295314,0.065037736865547,0.0788,0.3104566990291262
Drugs acting on the oropharynx,Benzydamine hydrochloride,2936747,0.33266964020534884,0.00058,0.0054482407407407405,0.08065436678823368,0.062,0.2757131291028446
Drugs acting on the oropharynx,Betamethasone/Doxycycline/Nystatin,28,-0.06096338576749155,0.8798,0.925994346473029,-0.12363069802083584,0.8291,0.9039462117141321
Drugs acting on the oropharynx,Cetylpyridinium chloride,3257,0.01529183403681198,0.3288,0.4873157048940832,-0.10848174974816818,0.6823,0.8305421903052065
Drugs acting on the oropharynx,Chlorhexidine gluconate,2309707,0.3540292453962219,0.00047,0.004720940594059406,0.12270532236082841,0.02261,0.15771814432989692
Drugs acting on the oropharynx,Chlorhexidine hydrochloride / Lidocaine hydrochloride,2,-0.043153959044611445,0.5134,0.6588795698924731,-0.03413945219739132,0.2982,0.5697248587570622
Drugs acting on the oropharynx,Choline salicylate,88034,0.33835075518544305,0.00062,0.0057442009132420094,0.06821233463925402,0.0815,0.31259640831758034
Drugs acting on the oropharynx,Diclofenac sod,79,0.15092975298741648,0.04271,0.11798565986394557,0.1391321170018697,0.01741,0.14010525691699605
Drugs acting on the oropharynx,Flubiprofen,3039,0.12230566976933342,0.0619,0.1518683192261185,-0.03427369402135572,0.3466,0.602098801369863
Drugs acting on the oropharynx,Hexetidine,5861,0.01902355655637439,0.3101,0.46905528273809527,0.027437230193672474,0.1477,0.42448059490084983
Drugs acting on the oropharynx,Hexylresorcinol,77,-0.07897855792594421,0.7095,0.8124015237020317,-0.10740881262209034,0.6739,0.826934038694075
Drugs acting on the oropharynx,Hexylresorcinol and benzalkonium chloride,1,-0.02235772357723577,0.4223,0.5766128532974428,-0.09506125197283127,0.7183,0.843630711825488
Drugs acting on the oropharynx,Hydrocortisone (Sodium succinate),83053,0.5088372380896072,1e-05,0.00039019230769230776,0.22231492781934556,0.00164,0.0445846052631579
Drugs acting on the oropharynx,Lidocaine/cetylpyridinium,3,-0.04021223730874617,0.5536,0.6903837738168408,-0.1459209143563381,0.8713,0.9217245568300313
Drugs acting on the oropharynx,Miconazole,483800,0.20923686999405536,0.01167,0.04735686,-0.06182943980386853,0.4687,0.6975244509516837
Drugs acting on the oropharynx,Other lozenge and spray preparations,383,0.09163564192309613,0.1078,0.2292727463312369,0.0613136631373993,0.0839,0.31641840148698885
Drugs acting on the oropharynx,"Other mouth wash, gargle and dentifrice preparations",2876,0.1268928190371697,0.0683,0.1638069739952719,0.16854930920529065,0.00748,0.09420357142857143
Drugs acting on the oropharynx,Other oral ulceration and inflammation preparations,4,-0.055908271449504214,0.7633,0.8509536813186813,-0.0012130072985405771,0.1595,0.4427161422708618
Drugs acting on the oropharynx,Other treatment of dry mouth preparations,38362,-0.06630931594364255,0.7128,0.814800676056338,-0.10533885407944411,0.7101,0.8424322618351842
Corticosteroids and other anti-inflammatory preparations,Antazoline,45406,0.3099811488400443,0.00099,0.008266296296296296,0.15925679964217826,0.00967,0.10272476439790576
Corticosteroids and other anti-inflammatory preparations,Ascorbic acid (Eye),1,-0.022793263646922166,0.4769,0.6285947402597403,-0.15064707604474428,0.9055,0.9417014351614557
Corticosteroids and other anti-inflammatory preparations,Azelastine hydrochloride,601201,0.41417292944388434,5e-05,0.000994607843137255,0.3181211344048796,0.00011,0.00970391304347826
Corticosteroids and other anti-inflammatory preparations,Betamethasone sodium phosphate,1334224,0.3837534164098711,0.00011,0.0017713492063492064,0.13029314651377077,0.01981,0.1488684814814815
Corticosteroids and other anti-inflammatory preparations,Ciclosporin (Eye Anti Inflammatory),565077,0.05558248577203172,0.1771,0.3214095706618963,-0.04323442573847128,0.3925,0.6412097423510468
Corticosteroids and other anti-inflammatory preparations,Emedastine,1,-0.008943089430894299,0.04788,0.12682574412532638,-0.014110685837214492,0.2227,0.4981899669239251
Corticosteroids and other anti-inflammatory preparations,Epinastine hydrochloride,8201,0.1421149517346344,0.05094,0.13250930769230768,0.188831879511936,0.00496,0.07987174603174604
Corticosteroids and other anti-inflammatory preparations,Fluorometholone,388104,0.2080751998442362,0.01301,0.051097833655706,0.0855015037778448,0.0544,0.2559733796296296
Corticosteroids and other anti-inflammatory preparations,Flurbiprofen sodium,564,0.002797095972507868,0.3246,0.4821474377745241,0.05176394422674648,0.1045,0.35695370370370366
Corticosteroids and other anti-inflammatory preparations,Hamamalis,7820,0.07639187636236133,0.1457,0.28308918660287086,0.008112173325430043,0.201,0.48263786982248524
Corticosteroids and other anti-inflammatory preparations,Ketotifen fumarate,212881,0.02219358598236919,0.2894,0.4480514874141876,0.0808308853180518,0.061,0.27322075055187633
Corticosteroids and other anti-inflammatory preparations,Lodoxamide trometamol,70102,-0.01633348702428811,0.4484,0.602518940397351,-0.062945374964748,0.4822,0.7097821609862218
Corticosteroids and other anti-inflammatory preparations,Loteprednol etabonate,111123,0.09224522423293008,0.0883,0.19862605321507762,0.06535951176288302,0.0704,0.2915134693877551
Corticosteroids and other anti-inflammatory preparations,Naphazoline hydrochloride,3897,0.01838647278739311,0.3105,0.46905528273809527,-0.0041795715942998975,0.2431,0.520855227032735
Corticosteroids and other anti-inflammatory preparations,Nedocromil sodium,449,0.04143568870315039,0.2212,0.37432427022518766,0.011078378744726976,0.1935,0.4741631894484412
Corticosteroids and other anti-inflammatory preparations,Netilmicin/Dexamethasone,60,0.13272447092358633,0.0567,0.14308992537313434,0.061669656936292776,0.0645,0.280837982832618
Corticosteroids and other anti-inflammatory preparations,Olopatadine,1285315,0.6200090556396349,1e-05,0.00039019230769230776,0.1484930127167164,0.01374,0.12557864864864865
Corticosteroids and other anti-inflammatory preparations,Other anti-inflammatory preparations,12,-0.036991869918699176,0.8797,0.925994346473029,-0.04618195024763434,0.3957,0.6448797590361446
Corticosteroids and other anti-inflammatory preparations,Prednisolone acetate,586676,0.5362117759952029,2e-05,0.0005270129870129871,0.09777553728282405,0.041,0.21720365535248043
Corticosteroids and other anti-inflammatory preparations,Prednisolone sodium phosphate,347414,0.40527863248046025,0.0001,0.0016362903225806452,-0.055346342099545406,0.4501,0.6856253003003002
Corticosteroids and other anti-inflammatory preparations,Rimexolone,7,-0.09010995370750828,0.7606,0.8495669785360485,-0.19107168375275232,0.952,0.9726122860020141
Corticosteroids and other anti-inflammatory preparations,Sodium cromoglicate,3487606,0.285755909897092,0.00196,0.013390033670033668,0.25689601357976294,0.0007,0.02630185185185185
Drugs used in nausea and vertigo,Aprepitant,1615,0.06732822614174443,0.0524,0.13543898089171977,-0.06395690237750123,0.5012,0.7269012151536812
Drugs used in nausea and vertigo,Betahistine hydrochloride,8381897,0.5215562543693525,1e-05,0.00039019230769230776,0.19401127894628253,0.00363,0.06576133928571429
Drugs used in nausea and vertigo,Cinnarizine,1581122,0.32807547617828525,0.00107,0.00868412,0.1624786271333154,0.00776,0.09420357142857143
Drugs used in nausea and vertigo,Cyclizine hydrochloride,5767049,0.2816028668955166,0.00237,0.015314426751592359,-0.07555146367672351,0.5446,0.7567809165526677
Drugs used in nausea and vertigo,Cyclizine lactate,351552,0.030645437946039605,0.2623,0.419049960660897,-0.02650655037609856,0.3228,0.587064605734767
Drugs used in nausea and vertigo,Dimenhydrinate/cinnarizine,23497,0.24927000551301629,0.00435,0.02304477806788512,0.2388547536508391,0.0008,0.028985714285714285
Drugs used in nausea and vertigo,Domperidone,1296203,0.27475487860879405,0.00283,0.01734764350453172,-0.14548723706590783,0.8225,0.9012077998924153
Drugs used in nausea and vertigo,Doxylamine succinate/pyridoxine hydrochloride,157033,0.3714645528640968,0.00024,0.0030245962732919256,0.2489272284065746,0.00061,0.02380173076923077
Drugs used in nausea and vertigo,Flunarizine dihydrochloride,8084,-0.015985744794572723,0.4416,0.5945629727936297,-0.0759538042109349,0.5323,0.7469133471645919
Drugs used in nausea and vertigo,Granisetron,2636,0.1993475283842216,0.01898,0.06552050933786079,0.0728166722121865,0.0685,0.28895322245322247
Drugs used in nausea and vertigo,Granisetron hydrochloride,1754,0.08168146762396399,0.1259,0.25570680680680685,-0.026860545182856067,0.3229,0.587064605734767
Drugs used in nausea and vertigo,Hyoscine,401057,0.27560647605403465,0.00304,0.018523003003003004,-0.02217107450358884,0.3112,0.5757773017319964
Drugs used in nausea and vertigo,Hyoscine hydrobromide,813117,0.39238428961817345,0.00022,0.0029367105263157895,0.24378958780900228,0.00058,0.02307490196078431
Drugs used in nausea and vertigo,Ketamine hydrochloride,5106,0.09210106150523838,0.1151,0.23928063524590162,0.06248544470761238,0.0836,0.31641840148698885
Drugs used in nausea and vertigo,Meclozine hydrochloride,1,-0.04175377468060396,1.0,1.0,-0.029825764223009376,0.2758,0.5529626482213439
Drugs used in nausea and vertigo,Metoclopramide hydrochloride,3266342,0.4870801508013294,2e-05,0.0005270129870129871,0.2228936404907306,0.00183,0.04634135802469136
Drugs used in nausea and vertigo,Nabilone,2429,0.13941195591664218,0.0527,0.1358682337992376,0.016015029758993177,0.1787,0.4643928121059268
Drugs used in nausea and vertigo,Netupitant/palonosetron hydrochloride,16,0.06488907934622398,0.1577,0.29811564245810057,0.029377854915620227,0.1414,0.4134014409221902
Drugs used in nausea and vertigo,Ondansetron hydrochloride,1626394,0.03367278616472305,0.2592,0.41687602848101263,-0.024569649475472046,0.3187,0.5846675406871609
Drugs used in nausea and vertigo,Prochlorperazine maleate,7605854,0.3124946640750685,0.00072,0.0064355947136563885,0.1925923868712517,0.0042,0.07346379310344826
Drugs used in nausea and vertigo,Prochlorperazine mesilate,24922,0.2925055753458438,0.00136,0.01025814126394052,0.15437428750612323,0.01056,0.10987815384615385
Drugs used in nausea and vertigo,Promethazine teoclate,145899,0.11125001519197401,0.0775,0.18012313860252005,0.04400830850320266,0.1035,0.3565390492359932
Miscellaneous ophthalmic preparations,Acetylcholine chloride,1,-0.03211382113821139,0.7872,0.8666461204557787,-0.1252263833058746,0.8705,0.92167616066771
Miscellaneous ophthalmic preparations,Apraclonidine,223553,0.5975861356031732,1e-05,0.00039019230769230776,0.15400621693383845,0.01149,0.11516718309859154
Miscellaneous ophthalmic preparations,Bromfenac,49036,0.08841215175831399,0.1301,0.26187787698412696,0.08250420671992552,0.056,0.2594155251141553
Miscellaneous ophthalmic preparations,Carbomer,34243,0.14141233992046723,0.0505,0.13204188144329898,0.02231131223942514,0.1645,0.4480140939597316
Miscellaneous ophthalmic preparations,Carbomer 940/980,5418556,0.4027925291527735,9e-05,0.001547542372881356,0.14800464334815652,0.01247,0.117682
Miscellaneous ophthalmic preparations,Carbomer 974P,122594,0.05815884858665431,0.1857,0.33109428822495607,-0.05301808387917225,0.4449,0.682105664652568
Miscellaneous ophthalmic preparations,Carmellose sodium,2178502,0.2792068461477635,0.00155,0.011312769784172661,-0.05669307235728342,0.4517,0.6857142431021626
Miscellaneous ophthalmic preparations,Disodium edetate,35,0.031131027164610296,0.0819,0.186713595505618,-0.0540337228783137,0.4524,0.6857142431021626
Miscellaneous ophthalmic preparations,Fluorescein sodium,1917,0.18746467446411105,0.01202,0.04819877470355731,-0.005775842387188243,0.2187,0.4981899669239251
Miscellaneous ophthalmic preparations,Hyetellose,102352,0.49500732105986966,1e-05,0.00039019230769230776,0.24270485915019366,0.00087,0.030968947368421054
Miscellaneous ophthalmic preparations,Hypromellose,3196979,0.2811752123108234,0.00169,0.011947770034843206,0.057393889139993125,0.0825,0.315158691588785
Miscellaneous ophthalmic preparations,Idebenone,88,-0.0573224400281782,0.7617,0.8496367784496978,-0.06259154199375917,0.4909,0.7186407647907648
Miscellaneous ophthalmic preparations,Ketorolac trometamol,260428,0.16903122193823975,0.03182,0.09536599704579025,-0.04943477566488966,0.4219,0.6641079131109386
Miscellaneous ophthalmic preparations,Mercaptamine hydrochloride,281,-0.08605634310032392,0.777,0.8610229382850901,-0.10312829905986699,0.6808,0.8305421903052065
Miscellaneous ophthalmic preparations,Moxifloxacin hydrochloride,23752,0.5656929225262961,1e-05,0.00039019230769230776,-0.0031114260983727215,0.2359,0.5131154175588865
Miscellaneous ophthalmic preparations,Nepafenac,90201,0.04209441113533719,0.219,0.3730906801007557,-0.1095359919617363,0.7031,0.8381844300822562
Miscellaneous ophthalmic preparations,Other eye tear/lubricant/astringent preparations,168017,0.1257803667886701,0.065,0.15738066825775654,-0.025737834608551856,0.3244,0.5885731903485254
Miscellaneous ophthalmic preparations,Paraffin soft yellow,69454,0.07827310160134243,0.1273,0.2576668326693227,-0.014349794697242188,0.2774,0.553980905511811
Miscellaneous ophthalmic preparations,Polyvinyl alcohol,77,0.19653195853309832,0.02126,0.07063310965630114,-0.01717835060306075,0.285,0.5560240384615385
Miscellaneous ophthalmic preparations,Povidone iodine,473,-0.04285415744802429,0.4625,0.6165653745072274,-0.03613883684415968,0.2961,0.5683887417218543
Miscellaneous ophthalmic preparations,Ranibizumab,8,-0.04739744535383018,0.5162,0.6616360075805432,-0.12385148895236948,0.7649,0.8717985978687605
Drugs for soft-tissue disorders and topical pain relief,Arnica montana,1769,0.29554161521481065,0.00109,0.008811195219123507,-0.14976551348390188,0.8634,0.9184174436877947
Drugs for soft-tissue disorders and topical pain relief,Capsaicin,701953,0.16592910466851488,0.03455,0.10144999999999998,0.11315062546072856,0.03112,0.18564457478005866
Drugs for soft-tissue disorders and topical pain relief,Diclofenac diethyl,11747140,0.16703410294856508,0.03246,0.0968549117647059,0.06081409481664405,0.0876,0.32383134057971014
Drugs for soft-tissue disorders and topical pain relief,Diethylamine salicylate,615040,0.22765317896932727,0.01063,0.04419727459016394,0.13797471778223386,0.01747,0.14010525691699605
Drugs for soft-tissue disorders and topical pain relief,Dimethyl sulfoxide,4,-0.02173510568501076,0.4053,0.5617170081967213,-0.09467410640498344,0.7276,0.845861877504293
Drugs for soft-tissue disorders and topical pain relief,Felbinac,1128,0.2579306527574634,0.0068,0.03176434482758621,0.03904153289339293,0.1142,0.37653241491085904
Drugs for soft-tissue disorders and topical pain relief,Freeze sprays and gels,1041,0.06237532278180283,0.1641,0.3049985388127854,0.01811517844343496,0.1693,0.4509479057591623
Drugs for soft-tissue disorders and topical pain relief,Heparinoid,1120712,0.2625456670543668,0.00373,0.021140139664804467,0.07503858177322842,0.0679,0.28701895833333335
Drugs for soft-tissue disorders and topical pain relief,Hyaluronic acid sodium,1,-0.02235772357723577,0.4223,0.5766128532974428,-0.09506125197283123,0.7183,0.843630711825488
Drugs for soft-tissue disorders and topical pain relief,Hyaluronidase,44,0.1419468022259647,0.03091,0.0931892867756315,0.11779651144934387,0.02296,0.1589960409556314
Drugs for soft-tissue disorders and topical pain relief,Ibuprofen,23274038,0.2840550854192985,0.00229,0.014988419354838708,0.1254980726189569,0.02374,0.1627312837837838
Drugs for soft-tissue disorders and topical pain relief,Kaolin heavy,2,-0.02547736067688868,0.1944,0.342096790980052,0.0659767372655299,0.0602,0.27143511111111107
Drugs for soft-tissue disorders and topical pain relief,Ketoprofen,754055,0.02441118432399924,0.1871,0.332891148115688,-0.06476143218410291,0.503,0.7273473646723647
Drugs for soft-tissue disorders and topical pain relief,Methyl salicylate,84105,0.3224846618974847,0.0023,0.015005466237942121,-0.08712843748281557,0.6019,0.7900763260025873
Drugs for soft-tissue disorders and topical pain relief,Methyl salicylate/levomenthol,966,0.018097897562676428,0.2597,0.41687602848101263,0.011920785368534253,0.179,0.4643928121059268
Drugs for soft-tissue disorders and topical pain relief,Nicotinates,3356,0.41743690829369967,0.0003,0.003498275862068965,0.07200870899752446,0.0736,0.30047162977867203
Drugs for soft-tissue disorders and topical pain relief,Other rubefacient and topical antirheumatic preparations,3,-0.08034733991997434,0.8216,0.8933689174705252,-0.16963356006772895,0.9116,0.9436920408163265
Drugs for soft-tissue disorders and topical pain relief,Piroxicam,1644854,0.11679452752852769,0.0794,0.18244915062287656,0.09741274486547799,0.04262,0.22173328205128204
Drugs for soft-tissue disorders and topical pain relief,Turpentine oil,1,-0.013308168795973675,0.1965,0.34429922279792746,-0.08749121699465033,0.6741,0.826934038694075
Contraceptives,Combined ethinylestradiol 20mcg,1896363,0.4773730573172417,1e-05,0.00039019230769230776,-0.009157177516231905,0.2666,0.5441965794768612
Contraceptives,Combined ethinylestradiol 30mcg,11287875,0.5973778171031536,1e-05,0.00039019230769230776,0.11283073296320312,0.0309,0.18564457478005866
Contraceptives,Combined ethinylestradiol 35mcg,604443,0.4662079911080662,2e-05,0.0005270129870129871,0.2365480126666487,0.00127,0.04026296875
Contraceptives,Combined mestranol,1827,0.0007516184248466258,0.3702,0.5282248945147678,-0.04629639520303958,0.4069,0.6498866247049567
Contraceptives,Desogestrel,14926144,0.3617508467901946,0.00037,0.004102349726775956,-0.031426623794624284,0.3475,0.6031458511548332
Contraceptives,Drospirenone,58290,0.13126708607704168,0.0596,0.14837840490797546,0.012082359446429722,0.2018,0.48299281507656067
Contraceptives,Drospirenone and Estetrol,2187,0.27331222494658575,0.00387,0.021451008174386922,0.05915116603156717,0.0818,0.31315509433962263
Contraceptives,Estradiol and nomegestrol,25225,0.42709765849632614,8e-05,0.0014238596491228071,0.14761371940208415,0.01119,0.11352255
Contraceptives,Estradiol valandestradiol valerate with dienogest,32908,0.44625905317959974,2e-05,0.0005270129870129871,0.15894579167904843,0.00615,0.08665520833333334
Contraceptives,Etonogestrel,532032,0.1744756125302839,0.02722,0.08457791730474731,-0.009297735726850258,0.2609,0.5401722278738555
Contraceptives,Etonogestrel/ethinylestradiol,76759,0.4956782676314357,9e-05,0.001547542372881356,0.0116317844386998,0.1933,0.4741631894484412
Contraceptives,Etynodiol diacetate,11,-0.031978319783197824,0.7606,0.8495669785360485,-0.03833511191778261,0.3427,0.600681615120275
Contraceptives,Levonorgestrel,1098443,0.18413654860444287,0.02392,0.0772245786963434,-0.05883672257473091,0.457,0.689407434944238
Contraceptives,Medroxyprogesterone acetate,5185885,0.4955049888368613,1e-05,0.00039019230769230776,0.03656101666765873,0.1301,0.39488161434977587
Contraceptives,Nonoxinol 9,1693,0.1820690105575913,0.00848,0.03684351177730193,0.00815370573347351,0.1946,0.4741631894484412
Contraceptives,Norethisterone enantate,90,0.0734578574801092,0.1499,0.2891421252371917,-0.0995325690620945,0.6459,0.8150069029850747
Contraceptives,Phased formulations of ethinylestradiol,97025,0.08519269504736661,0.1243,0.25296359077231695,-0.02805542602622382,0.3301,0.595353688888889
Contraceptives,Ulipristal acetate (Emergency Contraceptive),186055,0.22356686864004974,0.01219,0.04849707843137255,0.02334193461925297,0.1644,0.4480140939597316
Anticoagulants and protamine,Acenocoumarol,77504,0.15963059975489732,0.03611,0.10451810271041372,-0.024295500667219614,0.3103,0.5757773017319964
Anticoagulants and protamine,Apixaban,44299042,0.05664266393307123,0.2067,0.3575398976982097,-0.06375027595054883,0.4896,0.7172551624548736
Anticoagulants and protamine,Dabigatran etexilate,1565175,0.1906518413925986,0.02132,0.07068346405228758,0.09253168068181453,0.04641,0.23424350746268657
Anticoagulants and protamine,Dalteparin sodium,373303,-0.04408615328974902,0.5485,0.6874597042513864,-0.08773158713422868,0.5946,0.7844235370611184
Anticoagulants and protamine,Edoxaban,17819290,-0.06406084842132566,0.6492,0.7644961114335461,-0.14879663251778238,0.8305,0.9044506974248927
Anticoagulants and protamine,Enoxaparin,646001,-0.11235086600683233,0.8301,0.8992502125398512,-0.10163318877094221,0.659,0.8203134969325154
Anticoagulants and protamine,Fondaparinux sodium,5921,-0.10536240653830539,0.8049,0.8804000539083557,-0.05173742359466671,0.4202,0.6640076323987539
Anticoagulants and protamine,Heparin calcium,141,0.24739205284393115,0.00307,0.01853877976190476,-0.09055924842550701,0.6132,0.7969215749039693
Anticoagulants and protamine,Heparin flushes,27268,0.004624030006378515,0.3562,0.5143984341637011,-0.11313173762428799,0.703,0.8381844300822562
Anticoagulants and protamine,Heparin sodium,738,0.3256466455015247,0.00121,0.009479111969111968,0.06576061455821629,0.0798,0.3120648288973384
Anticoagulants and protamine,INR blood testing reagents,150002,-0.06844367281378794,0.6562,0.7700577212261424,-0.11038307113303263,0.6947,0.835435360094451
Anticoagulants and protamine,Pentosan polysulfate sodium,6016,-0.027391323248037065,0.4648,0.6184125901639345,-0.05879818001826465,0.4576,0.6897997028231798
Anticoagulants and protamine,Phenindione,1608,-0.03156800196168864,0.4979,0.6447567515923567,0.008386971079836946,0.1985,0.479143162901308
Anticoagulants and protamine,Phenprocoumon,21,-0.020579067481474235,0.1515,0.2904593012275732,0.020772731057342588,0.1144,0.37653241491085904
Anticoagulants and protamine,Rivaroxaban,22417470,0.02362063886575044,0.3041,0.4635754320060105,-0.03677614552863144,0.3688,0.6204769485903815
Anticoagulants and protamine,Tinzaparin sodium,189804,0.006733511229471553,0.2732,0.4303748447204969,0.006138744297334745,0.1698,0.4509479057591623
Anticoagulants and protamine,Warfarin sodium,18722718,0.1853569413581459,0.02256,0.0740683495145631,0.16852960893837324,0.0086,0.09483133689839571
Beta-adrenoceptor blocking drugs,Acebutolol hydrochloride,14069,0.07897129830399745,0.1424,0.2799705426356589,0.07237233030144062,0.0674,0.2865219665271967
Beta-adrenoceptor blocking drugs,Atenolol,23010237,0.2107724956788451,0.01264,0.04999329434697856,0.051799087354361895,0.1013,0.35194811643835616
Beta-adrenoceptor blocking drugs,Atenolol with calcium channel blocker,6736,0.18656004896639772,0.02213,0.07289248376623376,0.15163231720964807,0.01205,0.11516718309859154
Beta-adrenoceptor blocking drugs,Bisoprolol fumarate,143169729,0.5386440043814346,1e-05,0.00039019230769230776,0.013987117269226511,0.1904,0.4741631894484412
Beta-adrenoceptor blocking drugs,Carvedilol,3421661,-0.10040271894316341,0.8635,0.9165519351464435,-0.11587469671865094,0.7627,0.8713503941441443
Beta-adrenoceptor blocking drugs,Celiprolol hydrochloride,109693,0.012358779073225676,0.3138,0.47228276627218935,0.012162095446527903,0.1886,0.47243135802469133
Beta-adrenoceptor blocking drugs,Co-tenidone (Atenolol/chlortalidone),452561,0.12514962668924365,0.0711,0.16872736842105263,-0.04686315373459765,0.4071,0.6498866247049567
Beta-adrenoceptor blocking drugs,Labetalol hydrochloride,647026,0.3871577134198376,0.00023,0.002991474358974359,0.11503867936390524,0.02845,0.17761553846153844
Beta-adrenoceptor blocking drugs,Metoprolol tartrate,1606913,0.1532252647903679,0.03928,0.11115637377963739,-0.021865426841885097,0.3086,0.5757773017319964
Beta-adrenoceptor blocking drugs,Nadolol,80208,0.3029398267440914,0.00113,0.008991254901960784,0.22620197916768733,0.00122,0.03929174603174603
Beta-adrenoceptor blocking drugs,Nebivolol,3200312,0.3676438032693075,0.00037,0.004102349726775956,0.22730711099825102,0.00155,0.04429507042253521
Beta-adrenoceptor blocking drugs,Oxprenolol hydrochloride,1,-0.031978319783197845,0.7606,0.8495669785360485,-0.03833511191778262,0.3427,0.600681615120275
Beta-adrenoceptor blocking drugs,Pindolol,63,0.007659636815803128,0.1626,0.30434999999999995,-0.028341313769771993,0.3153,0.5805296733212342
Beta-adrenoceptor blocking drugs,Propranolol hydrochloride,36839004,0.5350852092243038,1e-05,0.00039019230769230776,0.04762451759327931,0.1134,0.37634143556280586
Beta-adrenoceptor blocking drugs,Sotalol hydrochloride,2065497,0.18385835839074022,0.01205,0.04822376725838264,0.17066966211772966,0.00185,0.04634135802469136
Beta-adrenoceptor blocking drugs,Timolol with diuretic,822,-0.006962673592141739,0.3687,0.5271968287526427,-0.03243533225966283,0.3388,0.600681615120275
Antiprotozoal drugs,Artemether with lumefantrine,96,0.2383942364973477,0.009,0.03844421052631579,-0.11903673910259044,0.7412,0.8554577929465301
Antiprotozoal drugs,Atovaquone,3240,0.07206747435320708,0.1522,0.2913337735849057,-0.06098523285849115,0.4693,0.6975244509516837
Antiprotozoal drugs,Benznidazole,2,-0.07049292835534172,0.9343,0.9637492119979665,-0.12719989786029995,0.8063,0.8939796174863388
Antiprotozoal drugs,Chloroquine phosphate,3426,0.23171909667865107,0.00566,0.028078581907090464,0.13324724855241885,0.01669,0.13909650602409637
Antiprotozoal drugs,Chloroquine phosphate with proguanil hydrochloride,3,-0.005005631145516031,0.2376,0.3932221859706362,-0.061727482413513036,0.477,0.7049038601602331
Antiprotozoal drugs,Diloxanide furoate,4,0.17951288477751784,0.01831,0.06394318416523236,0.08755690702328098,0.04314,0.22386117048346058
Antiprotozoal drugs,Mefloquine hydrochloride,2023,0.35850679611372993,0.00136,0.01025814126394052,0.03514823095522432,0.1155,0.3773743961352657
Antiprotozoal drugs,Mepacrine hydrochloride,9418,0.17757821668639645,0.02318,0.07520567783094098,0.08640603773798888,0.0528,0.2520734117647059
Antiprotozoal drugs,Paromomycin sulfate,85,-0.06008329302660782,0.6835,0.7934922196796339,-0.08532014024455767,0.633,0.8077765075376884
Antiprotozoal drugs,Pentamidine isetionate,33,0.055914705780534514,0.1025,0.21984408033826638,0.04086599922664178,0.0608,0.2729274336283186
Antiprotozoal drugs,Primaquine,23,0.010023571164342231,0.3084,0.46767085201793723,-0.03813047372124126,0.3629,0.6134303913405494
Antiprotozoal drugs,Proguanil hydrochloride,66,-0.0441574929541088,0.5658,0.6987268411442483,-0.12968504046133178,0.8122,0.8970897114861187
Antiprotozoal drugs,Proguanil hydrochloride with atovaquone,3665,0.49978586125721713,1e-05,0.00039019230769230776,0.026865586680435403,0.1628,0.44637999999999994
Antiprotozoal drugs,Pyrimethamine,1145,0.29204383215363316,0.00464,0.02389482233502538,-0.18003609571181328,0.9192,0.949138320610687
Antiprotozoal drugs,Quinine bisulfate,1009371,0.18943345850553972,0.01719,0.061951172291296625,0.16773160765489237,0.00673,0.08983664473684211
Antiprotozoal drugs,Quinine sulfate,10415825,0.1997510788059732,0.01404,0.05395295454545455,0.1679701944659893,0.00661,0.08941126666666667
Metabolic disorders,Betaine anhydrous,807,-0.005403836272125943,0.3363,0.4937429088277858,-0.10012089489031603,0.6778,0.8299675316837657
Metabolic disorders,Carglumic acid,7,-0.047255794605664786,0.5558,0.6922763658686311,-0.0878533140332898,0.6364,0.8086778334376956
Metabolic disorders,Cholesterol,84,-0.06813026456469515,0.9569,0.9756533165829145,-0.0315518320351112,0.289,0.5579267364414843
Metabolic disorders,Glycerol phenylbutyrate,30,-0.09488503958538867,0.817,0.8910809779688339,-0.13866840492803145,0.8241,0.9012077998924153
Metabolic disorders,Haem arginate,3,-0.029402595918023026,0.5086,0.6547902284263961,-0.1016489879514236,0.744,0.8569703745743473
Metabolic disorders,Levocarnitine,11564,-0.01400376170751438,0.4364,0.5903159893404397,-0.09886254128575388,0.6391,0.810839125
Metabolic disorders,Mercaptamine,948,-0.06610168835578317,0.6594,0.7724726327944572,-0.11392786260224189,0.7039,0.8386453904873752
Metabolic disorders,Miglustat,6,-0.008943089430894304,0.04788,0.12682574412532638,-0.014110685837214476,0.2227,0.4981899669239251
Metabolic disorders,Nitisinone,3,-0.03875977881879909,0.392,0.5481516195727085,-0.06806855177313467,0.5068,0.7305839007092199
Metabolic disorders,Sacrosidase,32,-0.05946182205249072,0.9526,0.9722461770623743,-0.10660779532460493,0.7372,0.8532679977181973
Metabolic disorders,Sapropterin,6,-0.02119628339140534,0.4076,0.5629818924438393,-0.031457648989913045,0.2809,0.5544750242954325
Metabolic disorders,Sodium benzoate,2126,0.02388615848552828,0.2618,0.4185911741528762,-0.016329535368474958,0.2765,0.5532726824457593
Metabolic disorders,Sodium phenylbutyrate,189,-0.07888470570016475,0.9448,0.9706325063291139,-0.053568287659577773,0.399,0.6455615139442231
Metabolic disorders,Sucrase,54,-0.054172819018057206,0.4689,0.6226427356020943,-0.024084073696779677,0.2649,0.543314300100705
Metabolic disorders,Trientine dihydrochloride,201,-0.03351682245822859,0.4862,0.6352220218931102,0.0258833575232274,0.1564,0.4385438620689655
Metabolic disorders,Zinc acetate,2244,-0.056114351843237854,0.6114,0.7349114928909953,-0.07372617194588518,0.5228,0.7402458913649026
Drugs acting on the nose,Flunisolide,14,-0.0526134064237889,0.8978,0.9396538382277178,-0.052440749691815704,0.4449,0.682105664652568
Drugs acting on the nose,Fluticasone furoate,7655175,-0.04700632500430062,0.5795,0.7111313784764207,-0.021621715555698747,0.3096,0.5757773017319964
Drugs acting on the nose,Fluticasone propionate (Nasal),4850193,0.12611539424109117,0.0705,0.16749941451990633,0.11113156890245957,0.03225,0.18820724137931036
Drugs acting on the nose,Fluticasone propionate/azelastine hydrochloride (Nasal),3117019,0.19591236604619455,0.0173,0.06208668430335097,-0.08107890699430854,0.5575,0.7648191345503719
Drugs acting on the nose,Glucose/glycerol,15,-0.07329535738068402,0.7802,0.8631547437295529,-0.18242598878210448,0.9378,0.963929179331307
Drugs acting on the nose,Mometasone furoate,17867620,-0.07226994239978791,0.68,0.791472878440367,-0.12959631122859264,0.7755,0.8780633370535714
Drugs acting on the nose,Mometasone furoate/olopatadine hydrochloride,123296,-0.05043732912150748,0.5858,0.7142957932692308,-0.11198852512714594,0.6975,0.835435360094451
Drugs acting on the nose,Mupirocin,683413,0.1937035545895562,0.02011,0.06811884808013356,0.14540122522966265,0.01545,0.13396602564102564
Drugs acting on the nose,Neomycin sulfate,2086120,-0.024878833603317756,0.4771,0.6285947402597403,-0.011482246093674686,0.2777,0.5540347099311701
Drugs acting on the nose,Other nasal infection preparations,3,-0.023527695450879453,0.3016,0.46115026375282586,-0.08673005618384852,0.6337,0.8077765075376884
Drugs acting on the nose,Other topical nasal decongestant preparations,1601,-0.09407249400417152,0.7783,0.8619927401746724,-0.08424362074860996,0.5795,0.7795490416391276
Drugs acting on the nose,Oxymetazoline hydrochloride,10,0.1008692162856356,0.0894,0.2004338121546961,0.14735264717350166,0.01457,0.12966021929824562
Drugs acting on the nose,Sodium chloride,1738895,0.28302172177689267,0.00205,0.013727557755775579,0.19381948228844376,0.00372,0.06620947368421053
Drugs acting on the nose,Xylometazoline hydrochloride,143847,0.03526302476181212,0.2341,0.3906158717105263,-0.09520799463333804,0.6333,0.8077765075376884
Drugs acting on the nose,Xylometazoline hydrochloride/dexpanthenol,128,0.043735815720404664,0.1821,0.3278030115146147,-0.06781708309023403,0.5098,0.7309841213832039
Drugs acting on the nose,Xylometazoline hydrochloride/ipratropium bromide,898,-0.06581185198987398,0.6522,0.7662500289519397,-0.16954127154371268,0.909,0.9429248466257669
Acne and rosacea,Adapalene,776390,0.23871519183493833,0.00728,0.03304501118568232,-0.03621992849598661,0.3718,0.6241016501650165
Acne and rosacea,Adapalene and benzoyl peroxide,1608679,0.024632691550152703,0.2936,0.4524808656036447,-0.07702093468571891,0.55,0.7603221389645777
Acne and rosacea,Azelaic acid,673934,0.10137527186660047,0.101,0.2177778958554729,0.01352439660001954,0.1928,0.4741631894484412
Acne and rosacea,Benzoyl peroxide,495821,0.31437093644224867,0.00144,0.010781402214022141,-0.17817034670050289,0.9135,0.944213703515028
Acne and rosacea,Benzoyl peroxide and clindamycin phosphate,2403153,0.15105118621982264,0.04454,0.12152182795698926,-0.08404011694559028,0.5731,0.775310039893617
Acne and rosacea,Brimonidine tart (Rosacea),80769,-0.0017547250403682144,0.389,0.5450835635359117,-0.1091605807106408,0.6784,0.8302012062726176
Acne and rosacea,Clascoterone,1106,-0.0015704988525248715,0.3574,0.5153977256574271,-0.04293993596458959,0.3897,0.6371485092667204
Acne and rosacea,Clindamycin phosphate,596663,0.09964008969952179,0.1025,0.21984408033826638,0.13910722032276301,0.01676,0.13909650602409637
Acne and rosacea,Clindamycin/tretinoin,298308,0.21024878596943913,0.01274,0.05019312621359223,-0.06783215489850335,0.5065,0.7305839007092199
Acne and rosacea,Co-cyprindiol (Cyprote acetate/ethinylestradiol),273747,0.04526449916065616,0.2254,0.3801634247714048,-0.011750813778638772,0.2649,0.543314300100705
Acne and rosacea,Isotretinoin,345414,0.21641996557894497,0.01213,0.04835318271119843,0.12281376620555025,0.02456,0.16519943894389438
Acne and rosacea,Ivermectin,671125,0.6223220667411618,1e-05,0.00039019230769230776,0.35998747103526485,2e-05,0.007246428571428571
Acne and rosacea,Sulfur,375,0.17488840936623457,0.02687,0.08387573846153847,-0.009594823516834867,0.2586,0.5370515864892528
Acne and rosacea,Tretinoin,503,-0.033097113933650495,0.4985,0.6447567515923567,-0.1961618115532806,0.9475,0.9709482323232324
Acne and rosacea,Trifarotene,15087,0.16438285811002865,0.03587,0.10400074285714286,0.1315684228791325,0.01873,0.1456060153256705
Emollient and barrier preparations,Chlohexidine gluconate (Emollient),4223,0.03236478396107893,0.2275,0.3822850993377483,-0.0029160117332865986,0.2099,0.48896337543053964
Emollient and barrier preparations,Dexpanthenol,66759,0.1357133472039647,0.0575,0.14456939281288725,-0.07850287893050713,0.5629,0.7685895693135936
Emollient and barrier preparations,Dimeticone (Barrier),394919,-0.04689156441368957,0.5677,0.7006467761557178,0.004763562477280717,0.2063,0.48663198614318703
Emollient and barrier preparations,Emollient bath and shower preparations,2483051,0.09997023235225268,0.1057,0.22527867647058825,-0.0015838899765634933,0.2345,0.5123825618945103
Emollient and barrier preparations,Emulsifying wax,131546,0.2784641410868957,0.00381,0.021354944751381215,0.00025854915872202647,0.2144,0.4947993181818182
Emollient and barrier preparations,Lactic acid,75,-0.04564454127618385,0.7168,0.8168405390230207,-0.08951213033591618,0.6585,0.8203134969325154
Emollient and barrier preparations,Light liquid paraffin,1364022,0.023388701145652287,0.3003,0.46115026375282586,-0.0014745850585919033,0.2358,0.5131154175588865
Emollient and barrier preparations,Liquid paraffin,153337,-0.027315851553464172,0.4842,0.6342426081342802,-0.15849595137782557,0.8651,0.9187303506017791
Emollient and barrier preparations,Other barrier preparations,176534,0.23899766907826422,0.00716,0.03283957110609481,-0.02934225366351027,0.3418,0.600681615120275
Emollient and barrier preparations,Other dusting powder preparations,8,-0.04692211979137525,0.5912,0.7187206710605152,-0.1574719149879332,0.8985,0.9382689140504374
Emollient and barrier preparations,Other emollient preparations,23070900,-0.05482673400506293,0.6136,0.7369356763142351,-0.13323947260042399,0.7805,0.8812269744160178
Emollient and barrier preparations,Paraffin soft white,37729,0.3303314741673181,0.00085,0.007338936170212765,0.15348154298428257,0.01242,0.117682
Emollient and barrier preparations,Urea,2124875,-0.07210088523714445,0.6645,0.777101152737752,-0.18444398808262297,0.9258,0.9540112747587607
Emollient and barrier preparations,Wool alcohols,20263,0.31258886055876167,0.00107,0.00868412,-0.10717450291772743,0.7226,0.843630711825488
Emollient and barrier preparations,Zinc paste,49,-0.09487015542610765,0.7808,0.8633477929155314,-0.12737597265311984,0.7592,0.868329650507328
Antisecretory drugs and mucosal protectants,Cimetidine,352711,0.028209189205940902,0.2746,0.4319096124031008,-0.01569017969462222,0.2871,0.5560389312977099
Antisecretory drugs and mucosal protectants,Esomeprazole,13478988,-0.05206550500430128,0.5947,0.7216646356033454,-0.10510558594504817,0.6757,0.8283959516616315
Antisecretory drugs and mucosal protectants,Famotidine,12146908,0.18818923823527647,0.0204,0.06864278606965175,0.046920996888963576,0.1129,0.37634143556280586
Antisecretory drugs and mucosal protectants,Helicobacter pylori eradication therapy,1626,0.5477775371549457,2e-05,0.0005270129870129871,-0.06703823063741571,0.503,0.7273473646723647
Antisecretory drugs and mucosal protectants,Lansoprazole,171652806,0.352979503034294,0.0003,0.003498275862068965,0.12148557205693981,0.02604,0.1701139365079365
Antisecretory drugs and mucosal protectants,Misoprostol,16430,0.06433392463690292,0.1784,0.3229024085637824,-0.0573759057880308,0.4532,0.6857142431021626
Antisecretory drugs and mucosal protectants,Nizatidine,633368,0.11271340488383806,0.0826,0.18788721973094172,0.06569737081681724,0.0778,0.308312890625
Antisecretory drugs and mucosal protectants,Omeprazole,178040702,0.37374438011593375,0.00014,0.002151969696969697,0.17177898879068645,0.00752,0.09420357142857143
Antisecretory drugs and mucosal protectants,Other test for helicobacter pylori preparations,54626,-0.053958169114013875,0.6149,0.7369356763142351,-0.03307808159265155,0.3308,0.596086323268206
Antisecretory drugs and mucosal protectants,Pantoprazole,8870558,0.18000140207053605,0.01767,0.06285643356643357,0.1672695571795667,0.00558,0.08274290780141844
Antisecretory drugs and mucosal protectants,Pirenzepine,11273,0.16554414949901325,0.03363,0.09961353284671533,0.05126217416149909,0.1039,0.3567886824324324
Antisecretory drugs and mucosal protectants,Rabeprazole sodium,1494450,0.30022819834979525,0.00177,0.012383896551724139,0.15331543867033787,0.01178,0.11516718309859154
Antisecretory drugs and mucosal protectants,Ranitidine hydrochloride,32635,0.4433590052866735,8e-05,0.0014238596491228071,0.06276889852028042,0.0765,0.3061508875739645
Antisecretory drugs and mucosal protectants,Sucralfate,105963,0.130834243533725,0.0609,0.15087435897435897,-0.02847089278274321,0.334,0.5983132391879965
Antisecretory drugs and mucosal protectants,Tripotassium dicitratobismuthate,1,-0.024622531939605116,0.519,0.6622962264150943,-0.09247771062475564,0.7146,0.8429787209302326
Topical corticosteroids,Alclometasone dipropionate,2335,0.2798997246668006,0.00307,0.01853877976190476,0.18597160597220264,0.0051,0.081001484375
Topical corticosteroids,Betamethasone esters,2003111,0.5161471446188026,1e-05,0.00039019230769230776,0.20121686332277716,0.00337,0.06387592592592592
Topical corticosteroids,Betamethasone valerate,15036493,0.06963815652846064,0.1664,0.30665358764759304,-0.08067712122754575,0.5521,0.7610128396739131
Topical corticosteroids,Clobetasol propionate,4843805,0.14605141070096167,0.0432,0.11909347826086956,0.08702229895141143,0.0511,0.24949904306220094
Topical corticosteroids,Clobetasone butyrate,7339085,0.10462185597590287,0.0963,0.2105442411194833,0.04930437811220775,0.113,0.37634143556280586
Topical corticosteroids,Diflucortolone valerate,5997,-0.11239136695671521,0.8327,0.8992502125398512,-0.11827483099081287,0.7235,0.843630711825488
Topical corticosteroids,Fludroxycortide,274796,-0.013824639071805837,0.4367,0.5903159893404397,-0.13438447358150443,0.7871,0.8837996126175983
Topical corticosteroids,Fluocinolone acetonide,343746,0.17913866292846076,0.01819,0.06363363793103449,0.0174564511849457,0.1617,0.444840379403794
Topical corticosteroids,Fluocinonide,36318,0.27438841842377076,0.00455,0.023602653061224492,0.22566873850878919,0.00268,0.057848085106382986
Topical corticosteroids,Fluticasone propionate (Topical),17452,0.11381196074784096,0.0509,0.13250930769230768,0.07960763172267639,0.03809,0.20887732432432432
Topical corticosteroids,Hydrocortisone,23599874,0.1178179962533821,0.079,0.18244915062287656,0.026689993493249062,0.1576,0.43924505494505495
Topical corticosteroids,Hydrocortisone acetate,2563716,0.4203838399028064,2e-05,0.0005270129870129871,0.10008630292212556,0.03615,0.20150645604395603
Topical corticosteroids,Hydrocortisone butyrate,133582,0.15941467330988363,0.01792,0.0630113321799308,0.1075228057041655,0.0176,0.1403590588235294
Topical corticosteroids,Other topical corticosteroid preparations,2293,0.2827146243759092,0.00057,0.005404345794392524,0.02124741107733351,0.1041,0.3567886824324324
"Skin cleansers,antiseptics and desloughing agents",Alcohol,5115,0.1630531509820007,0.0364,0.10505775248933145,0.1268153912839538,0.0237,0.1627312837837838
"Skin cleansers,antiseptics and desloughing agents",Alkyl sulphate,108183,0.3540207066968855,0.00033,0.0037198333333333332,0.24630250649652805,0.0009,0.03148448275862069
"Skin cleansers,antiseptics and desloughing agents",Chloroxylenol,1349,0.09674089690686793,0.0925,0.20534190371991248,0.030919404351527048,0.1417,0.41368244604316545
"Skin cleansers,antiseptics and desloughing agents",Halogenated phenols with phenol,707,-0.03325766798206317,0.4871,0.6359883526383526,-0.0576169311277036,0.4477,0.6827867017280241
"Skin cleansers,antiseptics and desloughing agents",Iodine,24,-0.0018515271160241158,0.3457,0.5031745337159254,0.00044363394667568264,0.212,0.49103652968036526
"Skin cleansers,antiseptics and desloughing agents",Iodine compounds,11455,-0.031506190667737306,0.493,0.6410031329923274,-0.07098639538113692,0.5163,0.7372080928923294
"Skin cleansers,antiseptics and desloughing agents",Isopropyl alcohol,197,0.13700282369064057,0.04637,0.12494652058432935,0.10866992430495023,0.02996,0.18254906906906906
"Skin cleansers,antiseptics and desloughing agents",Liquefied phenol,1,-0.036585365853658555,0.856,0.9111358490566038,-0.22743224804475115,0.9824,0.9909841010401189
"Skin cleansers,antiseptics and desloughing agents",Other alcohol and saline preparations,89,0.09262789643291885,0.0502,0.13168864516129034,0.12932862220786068,0.00755,0.09420357142857143
"Skin cleansers,antiseptics and desloughing agents",Potassium permanganate,33707,0.27174983932834235,0.00327,0.019231391304347825,0.1745669878870397,0.00687,0.09064623376623376
"Skin cleansers,antiseptics and desloughing agents",Sodium hypochlorite,359,-0.00011138747012747507,0.3083,0.46767085201793723,-0.10416881625042473,0.6821,0.8305421903052065
"Skin cleansers,antiseptics and desloughing agents",Soft soap,9,0.047314556065258695,0.0848,0.1924599552572707,0.02538671206952473,0.0893,0.3258807553956835
"Skin cleansers,antiseptics and desloughing agents",Ster larvae,1873,0.17048485482067888,0.0253,0.08020890625,0.15540338178272076,0.01096,0.11231232323232322
"Skin cleansers,antiseptics and desloughing agents",Triclosan,52,-0.06413225082930347,0.6285,0.7474888238736104,-0.02977538715671168,0.308,0.5754438305709024
Drugs affecting bone metabolism,Alendronic acid,26086724,0.19428643569715745,0.01945,0.06666224662162162,0.05870012360739832,0.0892,0.3258807553956835
Drugs affecting bone metabolism,Alendronic acid/colecalciferol,12789,0.26780638918999217,0.00381,0.021354944751381215,0.018028025566589945,0.1783,0.4643928121059268
Drugs affecting bone metabolism,Calcitonin (Salmon),261,-0.019221889874495926,0.3504,0.507105278174037,-0.08845655375210888,0.6805,0.8305421903052065
Drugs affecting bone metabolism,Denosumab,489023,0.3615727560865314,0.00072,0.0064355947136563885,0.07225067263737196,0.0651,0.28267264957264954
Drugs affecting bone metabolism,Etidronate disodium,5,0.003250577320871492,0.1042,0.223232805907173,-0.056262061844485914,0.4606,0.6912406804733728
Drugs affecting bone metabolism,Ibandronic acid,853502,0.39032833618009194,0.00012,0.0018874418604651164,0.16740925329654854,0.00794,0.0945720338983051
Drugs affecting bone metabolism,Other bisphosphonate and other preparations,533,0.03316325052474116,0.2474,0.40547221324717286,0.07947316271959305,0.0535,0.25303379953379956
Drugs affecting bone metabolism,Pamidronate disodium,8,-0.02388623680009587,0.3198,0.4777630610743193,-0.1031153801281597,0.6952,0.835435360094451
Drugs affecting bone metabolism,Risedronate sodium,3627197,-0.028343258116698758,0.4989,0.6447567515923567,-0.03138207255581148,0.34,0.600681615120275
Drugs affecting bone metabolism,Romosozumab,6,-0.02697288917652672,0.3787,0.5357408362369338,-0.10832800981592614,0.7294,0.8466548054919909
Drugs affecting bone metabolism,Sodium clodronate,36485,-0.014379056632725628,0.3794,0.5359835768963117,-0.022150734049566054,0.2718,0.5487385074626865
Drugs affecting bone metabolism,Strontium ranelate,5026,0.11592810887652895,0.0778,0.1804070857142857,-0.0957862407268766,0.6282,0.8046829545454546
Drugs affecting bone metabolism,Teriparatide,712,0.14662975487954671,0.04352,0.11948860622462788,-0.014751760936918493,0.2713,0.5482746015936254
Drugs affecting bone metabolism,Zoledronic acid,292,0.0794335082243789,0.1287,0.25983313432835825,-0.008383290275133588,0.2581,0.5369781762295082
Dyspepsia and gastro-oesophageal reflux disease,Alginic acid compound preparations,21316066,0.13549307822327922,0.054,0.13816645649432535,-0.10907589001357973,0.6835,0.8305421903052065
Dyspepsia and gastro-oesophageal reflux disease,Aluminium and magnesium and activated simeticone,53955,0.21702732372527567,0.01059,0.04412137577002054,-0.021413564993405975,0.3038,0.5729384044526902
Dyspepsia and gastro-oesophageal reflux disease,Aluminium and magnesium and oxetacaine,12845,-0.030303858009635528,0.4848,0.6346188387096775,-0.020736930451661154,0.3016,0.572447521047708
Dyspepsia and gastro-oesophageal reflux disease,Aluminium hydroxide,31,0.02659938827862404,0.1289,0.25997823061630215,-0.21045778479280167,0.9769,0.9895806789815278
Dyspepsia and gastro-oesophageal reflux disease,Co-magaldrox (Magnesium/aluminium hydroxide),159984,0.06088620508060121,0.1645,0.3049985388127854,-0.10367087764414488,0.6641,0.8215968978102189
Dyspepsia and gastro-oesophageal reflux disease,Co-simalcite (Simeticone/hydrotalcite),255,0.13438632200911804,0.0563,0.14261260923845195,-0.07320540155153181,0.5188,0.7396032258064518
Dyspepsia and gastro-oesophageal reflux disease,Compound alginates and proprietary indigestion preparations,16182,0.4399194542541438,3e-05,0.0006689010989010989,-0.03487220178308826,0.3629,0.6134303913405494
Dyspepsia and gastro-oesophageal reflux disease,Gripe mixtures,36,-0.02992039470347235,0.4414,0.5945629727936297,-0.19127335250975516,0.9526,0.9727354806240563
Dyspepsia and gastro-oesophageal reflux disease,Magnesium carbonate,1978,0.15861691895251298,0.02019,0.06827585,0.01584950891481226,0.1654,0.4482737333333333
Dyspepsia and gastro-oesophageal reflux disease,Magnesium hydroxide,19448,0.27112509405128843,0.00306,0.01853877976190476,0.13614737606012228,0.01179,0.11516718309859154
Dyspepsia and gastro-oesophageal reflux disease,Magnesium oxide,21995,0.07490779451559103,0.1043,0.223232805907173,0.09047971296063606,0.04336,0.22386117048346058
Dyspepsia and gastro-oesophageal reflux disease,Magnesium sulphate,4,-0.0011814783341537497,0.2885,0.4475279051987767,-0.16906080207636504,0.9141,0.944352800407332
Dyspepsia and gastro-oesophageal reflux disease,Magnesium trisilicate,6335,0.2189912543111824,0.01089,0.045093489795918366,0.2128443330831304,0.00235,0.0554436046511628
Dyspepsia and gastro-oesophageal reflux disease,Simeticone,94507,0.4635287091684584,2e-05,0.0005270129870129871,0.16221141017906476,0.00984,0.10398625
"Hypothalamic and pituitary hormones and anti, oestrogens",Choriogonadotropin alfa,701,0.25051101588065244,0.00802,0.03545224400871459,0.13495003263476937,0.02007,0.14916494505494507
"Hypothalamic and pituitary hormones and anti, oestrogens",Chorionic gonadotrophin,183,-0.12144076955945193,0.9863,0.9931527047146401,-0.12485736935604173,0.8086,0.8951275354416576
"Hypothalamic and pituitary hormones and anti, oestrogens",Clomifene citrate,13254,0.09958714457957524,0.1016,0.21837542372881355,0.07047471579312577,0.0694,0.2895595482546201
"Hypothalamic and pituitary hormones and anti, oestrogens",Desmopressin acetate,1564772,0.0030324487787029555,0.3645,0.5221312411847673,-0.09244951637803958,0.6122,0.7962524358974358
"Hypothalamic and pituitary hormones and anti, oestrogens",Follitropin alfa,77,0.05134090842575672,0.1981,0.34680319240724766,-0.08254487501417329,0.5743,0.775310039893617
"Hypothalamic and pituitary hormones and anti, oestrogens",Follitropin alfa and lutropin alfa,5,0.03525055860315861,0.2101,0.3614371186440678,-0.05769669501160057,0.4639,0.6941394542772861
"Hypothalamic and pituitary hormones and anti, oestrogens",Gonadorelin,63,-0.0906273038347381,0.7673,0.8535371162280702,-0.014721772508734993,0.2517,0.5305318795430946
"Hypothalamic and pituitary hormones and anti, oestrogens",Menotrophin,869,0.02537898408339567,0.01707,0.0618808896797153,0.029787248042248804,0.0532,0.25303379953379956
"Hypothalamic and pituitary hormones and anti, oestrogens",Somapacitan,1,-0.030584591560201314,0.7148,0.8157082114735658,-0.06743747422248483,0.5565,0.7644810426540285
"Hypothalamic and pituitary hormones and anti, oestrogens",Somatrogon,655,0.044281477549655425,0.1342,0.26793972468043264,-0.03747248418729946,0.3604,0.6124385259631491
"Hypothalamic and pituitary hormones and anti, oestrogens",Somatropin,213724,0.0011090679203862792,0.3747,0.5323993697478991,-0.09464706862964384,0.6243,0.8029960126582278
"Hypothalamic and pituitary hormones and anti, oestrogens",Tetracosactide,529,0.11692148238480933,0.0746,0.17518912037037038,-0.00817609802554229,0.2507,0.53007625
"Hypothalamic and pituitary hormones and anti, oestrogens",Tolvaptan,1320,0.009288110070200492,0.3195,0.47771960206337505,-0.03170295376522468,0.3329,0.5983132391879965
"Hypothalamic and pituitary hormones and anti, oestrogens",Urofollitropin,8,-0.08349313792389114,0.9843,0.9916309334657397,-0.2502897226951657,0.9919,0.9943503458498024
Corticosteroids (endocrine),Betamethasone,82,-0.025156075414125116,0.4301,0.584118406961178,0.022717085039030322,0.1614,0.444840379403794
Corticosteroids (endocrine),Cortisone acetate,263,-0.06211568526629082,0.6263,0.7474888238736104,-0.09860136927512525,0.641,0.8122320872274142
Corticosteroids (endocrine),Deflazacort,25465,0.43989293021560977,1e-05,0.00039019230769230776,0.34556964568527343,4e-05,0.007246428571428571
Corticosteroids (endocrine),Dexamethasone phosphate,74224,0.2312469013906933,0.00808,0.035639826086956525,-0.023490595294781553,0.321,0.5862367236723672
Corticosteroids (endocrine),Dexamethasone sodium phosphate,2226,-0.04168827543595602,0.5401,0.6813354257302673,-0.07288170695165162,0.5453,0.7567809165526677
Corticosteroids (endocrine),Fludrocortisone acetate,3186015,0.24338871171135665,0.00496,0.025222656641604013,0.10631057010243446,0.03223,0.18820724137931036
Corticosteroids (endocrine),Hydrocortisone sodium phosphate,66084,0.18812117556693883,0.02095,0.06979893267651889,0.11931755807570728,0.02663,0.1705768138801262
Corticosteroids (endocrine),Hydrocortisone sodium succinate,58019,0.14224688774814245,0.0529,0.1360381495564005,0.017877256556687756,0.1759,0.4616368217054264
Corticosteroids (endocrine),Methylprednisolone,21476,0.35779786192904933,0.00052,0.005048229665071771,0.07638236209692376,0.0642,0.280837982832618
Corticosteroids (endocrine),Methylprednisolone aceponate,6,-0.09310878457323597,0.7608,0.8495669785360485,-0.21356152509230691,0.9712,0.9860797898949475
Corticosteroids (endocrine),Methylprednisolone sodium succinate,639,0.14069005939986412,0.04337,0.11923811653116531,0.016917521685555256,0.1515,0.4323396624472574
Corticosteroids (endocrine),Prednisolone,35225135,0.24237298171593788,0.0053,0.026618069306930694,0.11566825601397931,0.02623,0.1701139365079365
Corticosteroids (endocrine),Prednisone,5,-0.046441735987642035,0.4711,0.6246033311561071,-0.13993862163942683,0.838,0.9087191568836713
Drugs used in substance dependence,Acamprosate calcium,759919,0.018140455892346044,0.3103,0.46905528273809527,0.013950570963828358,0.1857,0.4686384328358209
Drugs used in substance dependence,Buprenorph hydrochloride/naloxone hydrochloride,25115,-0.07786955989352286,0.6944,0.8018996015936255,-0.045046828614393956,0.4045,0.6493121044303798
Drugs used in substance dependence,Buprenorphine hydrochloride,4683655,0.16272630432887475,0.03446,0.10144999999999998,0.16547162643944618,0.00821,0.0945720338983051
Drugs used in substance dependence,Bupropion hydrochloride,192292,0.6226795500078041,1e-05,0.00039019230769230776,0.16471586473497427,0.00798,0.0945720338983051
Drugs used in substance dependence,Cytisinicline,3872,0.02225470270675332,0.2638,0.4201335949764521,-0.033464627284616195,0.3443,0.600681615120275
Drugs used in substance dependence,Disulfiram,109958,0.19291274847723466,0.01181,0.04781488047808765,0.03162537863870449,0.1245,0.38656483180428136
Drugs used in substance dependence,Methadone hydrochloride,10365906,0.3629813807068582,0.00015,0.002254444444444444,0.16859578166808803,0.00825,0.0945720338983051
Drugs used in substance dependence,Nalmefene,5827,0.0897238110467074,0.11,0.23200623700623701,-0.11386198769313027,0.7151,0.8430783846600813
Drugs used in substance dependence,Naltrexone hydrochloride,92600,0.059994302246129824,0.1792,0.3240613190730838,-0.06453713757371674,0.4888,0.7171187274041938
Drugs used in substance dependence,Nicotine,1720196,0.16932822410859952,0.03188,0.09540489675516223,0.03536097555539318,0.1392,0.4105186046511628
Drugs used in substance dependence,Nicotine bitartrate,12969,0.31058704131330744,0.00188,0.013063424657534246,0.1333068273859766,0.0173,0.14010525691699605
Drugs used in substance dependence,Varenicline tartrate,237078,0.1627919975512179,0.03541,0.10337682014388487,0.02315384196780868,0.1692,0.4509479057591623
Drugs acting on the ear,Acetic acid,355992,0.16583493517262068,0.03176,0.09536599704579025,-0.11507100657031151,0.7237,0.843630711825488
Drugs acting on the ear,Aluminium acetate,8,0.06329836699039552,0.1294,0.26072750744786494,-0.02410376984666546,0.3048,0.5731595922150139
Drugs acting on the ear,Ciprofloxacin/fluocinolone,42129,0.014891691889204375,0.2691,0.42656554687500003,0.021672973784700806,0.149,0.4264047954866008
Drugs acting on the ear,Ciprofloxain/dexameth,874728,0.20743969141217675,0.01338,0.05220773076923077,0.08369904530250416,0.0523,0.25134657210401895
Drugs acting on the ear,Dexamethasone,9954026,0.27742975454252994,0.00178,0.01241106529209622,0.16902892073083292,0.00656,0.08941126666666667
Drugs acting on the ear,Dexamethasone sodium metasulphobenzoate,276221,0.07729810564777592,0.1343,0.26793972468043264,-0.05420208171573805,0.4436,0.682105664652568
Drugs acting on the ear,Flumetasone pivalate,66236,0.23016823759473445,0.00045,0.004682307692307692,-0.07796075682351661,0.5895,0.7838291421087098
Drugs acting on the ear,Oils for the ear,1443,-0.0003635506061176756,0.3532,0.5104293447293448,-0.08429469614744155,0.5818,0.7797042272126816
Drugs acting on the ear,Other aural preparations,2,-0.025638792102206737,0.5493,0.6874597042513864,-0.08594958809938179,0.6682,0.8231802064359441
Drugs acting on the ear,Other otitis external preparations,807,0.18547675298424407,0.01714,0.0618808896797153,-0.0176075203702051,0.2819,0.5547770126091174
Drugs acting on the ear,Phenazone/lidocaine,297665,0.3517094506120862,0.00033,0.0037198333333333332,0.1462818401573962,0.01359,0.12533686363636365
Drugs acting on the ear,Urea hydrogen peroxide,104675,0.19522685681213398,0.01992,0.06796297478991596,0.05303151050794916,0.0979,0.3442618717504333
Antispasmodics and other drugs altering gut motility,Alverine citrate,1099357,0.17969879940558203,0.02323,0.07520567783094098,-0.03583872233817257,0.357,0.6081889168765743
Antispasmodics and other drugs altering gut motility,Alverine citrate/simeticone,43808,0.17026981209708822,0.02667,0.08350837962962963,0.030667920444201163,0.1336,0.4033845238095238
Antispasmodics and other drugs altering gut motility,Belladonna alkaloids,10730,0.25249416793137136,0.00844,0.03674841201716738,0.0036800187910891323,0.2166,0.49658915254237285
Antispasmodics and other drugs altering gut motility,Compound antispasmodic preparations,296,0.19273910575183267,0.02166,0.07146039024390242,-0.031186713961712013,0.3478,0.6031505982905982
Antispasmodics and other drugs altering gut motility,Dicycloverine hydrochloride,118439,0.10619992471368933,0.0994,0.21547286324786324,0.006996924397185355,0.214,0.49453986332574035
Antispasmodics and other drugs altering gut motility,Dicycloverine hydrochloride compound preparations,21309,0.05388625866554133,0.1985,0.34720387931034485,-0.06351140980074305,0.4824,0.7097821609862218
Antispasmodics and other drugs altering gut motility,Eluxadoline,8,-0.03253230493993923,0.5264,0.6692140350877193,-0.04970628266125374,0.4139,0.656096171875
Antispasmodics and other drugs altering gut motility,Hyoscine butylbromide,8404337,0.10394198929901688,0.0938,0.20686547231270358,-0.04057805776795555,0.3854,0.6336925445705025
Antispasmodics and other drugs altering gut motility,Mebeverine hydrochloride,10942259,0.21122239506584553,0.01337,0.05220773076923077,0.10967629523602213,0.03116,0.18564457478005866
Antispasmodics and other drugs altering gut motility,Mebeverine hydrochloride compound preparations,241637,0.05895458063810846,0.1892,0.3355653846153846,0.06442188110133384,0.0771,0.3067370588235294
Antispasmodics and other drugs altering gut motility,Peppermint oil,2641208,0.3999471199643402,0.00017,0.0024120979020979022,0.031434657032545804,0.1474,0.42421929078014187
Antispasmodics and other drugs altering gut motility,Propantheline bromide,326660,0.40453112267467234,3e-05,0.0006689010989010989,0.15969543918605883,0.00848,0.09483133689839571
Corticosteroids (respiratory),BeclometDiprop/Formoterol/Glycopyrronium (Corticosteroids),3603948,0.4733865922149734,1e-05,0.00039019230769230776,0.12378006006016251,0.02492,0.1663246052631579
Corticosteroids (respiratory),Beclometasone dipropionate,72808024,0.150044922231698,0.04515,0.12230887850467291,0.132870415632291,0.01924,0.14666554307116106
Corticosteroids (respiratory),Budesonide,19317811,0.2530591857765024,0.00479,0.024604835443037973,0.1400888599077365,0.01676,0.13909650602409637
Corticosteroids (respiratory),Ciclesonide,248358,0.28396108418482086,0.0037,0.02108792134831461,0.1978515281499942,0.00484,0.07984032520325203
Corticosteroids (respiratory),Fluticasone furoate (Inhalation),5833926,0.32589570185590166,0.00076,0.006675497835497836,0.24998054795369154,0.00058,0.02307490196078431
Corticosteroids (respiratory),Fluticasone furoate/vilanterol,3008124,0.28685540274445775,0.00203,0.013683953488372093,0.2519205639392476,0.00051,0.021980833333333335
Corticosteroids (respiratory),Fluticasone propionate (Inhalation),15800100,0.2899766983530822,0.00169,0.011947770034843206,0.12373546517384933,0.02225,0.15705442906574396
Corticosteroids (respiratory),Fluticasone/umeclidinium/vilanterol,3118708,0.36085694910582977,0.00031,0.0035942285714285717,0.23250942065933178,0.00147,0.04429507042253521
Corticosteroids (respiratory),Formoterol/glycopyrronium/budesonide,756242,0.11299578555294963,0.0901,0.2015577728776185,0.020944583775422444,0.1698,0.4509479057591623
Corticosteroids (respiratory),Indacaterol/mometasone,3418,0.0028514327257573185,0.3331,0.4906972443799855,0.024540960097062022,0.1489,0.4264047954866008
Corticosteroids (respiratory),Mometasone/glycopyrronium/indacaterol,73074,0.10945485569437441,0.0824,0.18764264870931538,0.04253130246523495,0.1161,0.37783621794871797
Corticosteroids (respiratory),Mometasone/glycoyrronium/indacaterol,391,-0.026247522140316754,0.4296,0.5838301406563965,-0.043727653349482275,0.381,0.6312260408163265
Cough preparations,Ammonium chloride/diphenhydramine hydrochloride,6,-0.01604322245123053,0.3166,0.47408221402214024,-0.1395056610185058,0.848,0.9122969247083774
Cough preparations,Dextromethorphan hydrobrom compound prepartions,266,-0.02495238395391153,0.3442,0.5013508973438622,-0.10309092780661573,0.686,0.8319748953974896
Cough preparations,Dextromethorphan hydrobromide,6502,0.23450956640756004,0.00606,0.029345441527446302,0.12262963901406668,0.01199,0.11516718309859154
Cough preparations,Diamorphine hydrochloride,4,0.07793308231555714,0.1158,0.24024355828220859,0.14618115749494417,0.01682,0.13909650602409637
Cough preparations,Diphenhydramine hydrochloride/pholcodine,1,-0.03197831978319785,0.7606,0.8495669785360485,-0.038335111917782605,0.3427,0.600681615120275
Cough preparations,Guaifenesin,6834,0.03407582151994733,0.1811,0.32633383658969806,-0.020821611817588213,0.2812,0.5544750242954325
Cough preparations,Other expectorantand demulcent cough preparations,599,-0.007924525369676482,0.3605,0.5183944011339475,-0.04266207413774038,0.384,0.633383698296837
Cough preparations,Pholcodine,65626,0.36063820930584506,0.00024,0.0030245962732919256,0.005883091331479416,0.2074,0.48663198614318703
Cough preparations,Pseudoephedrine hydrochloride combinations,3,-0.05786707543838663,0.927,0.959869097399286,-0.18607464007335373,0.9438,0.9686242792109256
Cough preparations,Simple,272036,0.3227848274021232,0.00049,0.004897586206896552,0.10458636504156528,0.02805,0.1756587962962963
Cough preparations,Squill,605,0.1556390098279549,0.03312,0.09836497076023393,0.090634653173468,0.04327,0.22386117048346058
Anti-infective eye preparations,Amphoteracin,8,-0.043170830839520606,0.6167,0.7382208259587021,-0.05938824810952793,0.4661,0.6955507342143906
Anti-infective eye preparations,Cefuroxime sodium,430,0.03330137450895769,0.2195,0.37331559094719197,-0.07569944742244013,0.5329,0.7472384934346925
Anti-infective eye preparations,Chloramphenicol,4843760,0.03316288266767726,0.2671,0.4240578247261346,-0.08759726345836635,0.5886,0.7838291421087098
Anti-infective eye preparations,Ganciclovir,80526,-0.018036604537432294,0.4412,0.5945629727936297,-0.06552502912542117,0.4981,0.723957664756447
Anti-infective eye preparations,Gentamicin sulfate,165954,0.07618511465954585,0.1454,0.2828538830297219,0.0026911101264680023,0.2237,0.49932596259625966
Anti-infective eye preparations,Hydrocort sodiumphos,116629,0.02454116854210932,0.2795,0.43703941493456505,0.017333610011369627,0.1728,0.456525
Anti-infective eye preparations,Natamycin,37,0.24759938885463867,0.00533,0.026702641975308642,0.02439182709970083,0.1403,0.41196628075253255
Anti-infective eye preparations,Netilmicin (Eye),3,0.05572761440944957,0.137,0.2715221247563353,-0.04335468911492893,0.355,0.608188487394958
Anti-infective eye preparations,Polihexanide,68,-0.001365213915801117,0.3388,0.4963358844765343,-0.0017832920947955726,0.2069,0.48663198614318703
Anti-infective eye preparations,Propamidine isetionate,2202,-0.025461215894494762,0.4829,0.634013316095669,-0.15947181545411807,0.8591,0.917789658792651
Anti-infective eye preparations,Trifluridine (Antivirals),1,-0.033768873403019754,0.8341,0.8992502125398512,0.008844689080453761,0.0809,0.3120648288973384
Drugs used in neuromuscular disorders,Baclofen,6527758,0.1420409372316519,0.0554,0.14086040100250627,0.07150626395756109,0.0762,0.3061508875739645
Drugs used in neuromuscular disorders,Dantrolene sodium,170913,0.20400124442825482,0.01569,0.05873618081180811,0.09606238072912865,0.04548,0.2306973
Drugs used in neuromuscular disorders,Dronabinol/cannabidiol,21992,0.4115401682063501,0.00018,0.0025187586206896553,0.3210669067282361,9e-05,0.009130500000000001
Drugs used in neuromuscular disorders,Fampridine,113,-0.02289747944246056,0.2485,0.4059633655394525,-0.04260872549159947,0.3749,0.6260675720164609
Drugs used in neuromuscular disorders,Methocarbamol,950525,0.15550088798026251,0.0409,0.11504205801104973,0.11346008527736771,0.03165,0.18726962209302325
Drugs used in neuromuscular disorders,Neostigmine bromide,32,-0.05354720978673611,0.6738,0.7857127586206896,-0.07803372884818392,0.5896,0.7838291421087098
Drugs used in neuromuscular disorders,Neostigmine metilsulfate,35,-0.020034537503584138,0.4045,0.5609914559125085,-0.02486835645148068,0.2997,0.5715143796992481
Drugs used in neuromuscular disorders,Other neuromuscularar transmisson preparations,115,0.005905053928898806,0.2635,0.4201335949764521,0.0236855177265955,0.1275,0.39019230769230767
Drugs used in neuromuscular disorders,Pridinol mesilate,4417,0.14978331730212097,0.02088,0.06968013157894737,0.04897020764118877,0.0881,0.32383134057971014
Drugs used in neuromuscular disorders,Pyridostigmine bromide,404854,0.06285729144342539,0.1877,0.333488003502627,-0.003020679670457866,0.2453,0.5244612223393045
Drugs used in neuromuscular disorders,Tizanidine hydrochloride,517685,0.1743620700485735,0.02747,0.08509409160305344,-0.1071335786557894,0.6676,0.8231802064359441
Other endocrine drugs,Bromocriptine,45700,-0.0005548141631817346,0.3716,0.5294778089887641,-0.03504208369670621,0.3585,0.6098905280804694
Other endocrine drugs,Buserelin,155,-0.14222104106838518,0.9371,0.9657586592178771,-0.16938943966926823,0.9099,0.9433761369443026
Other endocrine drugs,Cabergoline,431995,0.09412667317878612,0.1146,0.23848553846153844,0.014583577389056695,0.1949,0.4741631894484412
Other endocrine drugs,Cetrorelix,81,-0.016927009699417968,0.2726,0.4297633255633256,-0.019886561392316194,0.228,0.5054779475982533
Other endocrine drugs,Danazol,3160,0.1259795876016833,0.0583,0.14585782983970408,0.1349635354968879,0.01744,0.14010525691699605
Other endocrine drugs,Linzagolix,1670,0.05722736000835179,0.1765,0.32060743061772606,-0.10258835786418459,0.662,0.8205241295051925
Other endocrine drugs,Mecasermin,3,-0.04699427375084142,0.7507,0.849509369771333,0.012976632499824368,0.104,0.3567886824324324
Other endocrine drugs,Metyrapone,5058,0.09478071453471619,0.0939,0.20686547231270358,0.005949022744871845,0.1965,0.47691208133971297
Other endocrine drugs,Nafarelin acetate,4146,0.03524914654371703,0.2531,0.41083192,0.06346879480553279,0.0838,0.31641840148698885
Other endocrine drugs,Quinagolide hydrochloride,20209,0.09416393377167832,0.1105,0.23257728215767634,-0.015585828091770766,0.2835,0.5554803278688525
Other endocrine drugs,Ryeqo,46224,0.09070079703725689,0.1208,0.24828552631578946,0.12038962587284481,0.02665,0.1705768138801262
Fluids and electrolytes,Calcium polystyrene sulfonate,5296,0.03938782487535646,0.0999,0.21608093716719914,-0.09478754790722983,0.6731,0.826934038694075
Fluids and electrolytes,Gelatin,19,-0.017230821825833922,0.3131,0.4719761515601783,0.06017085366813334,0.0535,0.25303379953379956
Fluids and electrolytes,Oral rehydration salts,929709,0.21386233378637984,0.0125,0.04963307240704501,0.014352451859630987,0.1794,0.4643928121059268
Fluids and electrolytes,Patiromer calcium,12344,0.0557168239501188,0.1136,0.23713415637860083,0.026643291249710578,0.1145,0.37653241491085904
Fluids and electrolytes,Potassium bicarbonate,160,0.021245785860666805,0.1441,0.2819468659594985,-0.005024964763565331,0.1803,0.4643928121059268
Fluids and electrolytes,Potassium chloride,653796,0.23965621501809278,0.00664,0.031258839907192575,-0.09188936127028323,0.604,0.7905923472668811
Fluids and electrolytes,Sodium bicarbonate,2729057,0.45873309709626026,3e-05,0.0006689010989010989,0.15552404812649576,0.00993,0.10439362694300519
Fluids and electrolytes,Sodium lactate,61,-0.031850677671636775,0.3926,0.5486125344352617,-0.12077185908828388,0.7409,0.8554577929465301
Fluids and electrolytes,Sodium polystyrene sulfonate,798,-0.03247141424940823,0.4936,0.6410031329923274,-0.041323951957367995,0.3621,0.6134303913405494
Fluids and electrolytes,Sodium zirconium cyclosilicate,59475,-0.04441734382201618,0.5618,0.6973058715596331,-0.051206800566189516,0.4286,0.6694606620477289
Fluids and electrolytes,Water for injection,1084375,0.4234458267202156,3e-05,0.0006689010989010989,0.15267116208161677,0.01203,0.11516718309859154
Local anaesthesia,Bupivacaine hydrochloride,107082,0.11762190045626397,0.0756,0.17692318339100346,-0.013208999657588686,0.2728,0.5502099403578528
Local anaesthesia,Chloroprocaine hydrochloride,2,-0.03220963431391237,0.2516,0.40921418269230764,-0.09212965378872329,0.6246,0.8029960126582278
Local anaesthesia,Cocaine,24,0.15948451471819386,0.04505,0.12220113636363636,0.12327759535894495,0.02789,0.17519755417956656
Local anaesthesia,Levobupivacaine hydrochloride,627,-0.05341306184832572,0.9915,0.9969046085232904,-0.2494583953970511,0.9909,0.9939391992090955
Local anaesthesia,Lidocaine,398501,0.487305965683858,0.0001,0.0016362903225806452,0.10637216991652924,0.03385,0.1940159604519774
Local anaesthesia,Lidocaine hydrochloride,5959960,0.3104946818377002,0.00133,0.010145000000000001,-0.06463885137885997,0.4938,0.7197702586206897
Local anaesthesia,Mepivacaine hydrochloride,13039,0.01847868407772845,0.2069,0.35758100511073254,-0.06884806362184658,0.5215,0.7398547868623342
Local anaesthesia,Prilocaine hydrochloride,1251,0.2943646964450521,0.00017,0.0024120979020979022,0.1490299598335503,0.00167,0.0445846052631579
Local anaesthesia,Ropivacaine hydrochloride,54,-0.014300909378784896,0.1872,0.332891148115688,-0.06556094547743065,0.5211,0.7398547868623342
Local anaesthesia,Tetracaine,105518,-0.0440013011454384,0.5609,0.6973058715596331,-0.1074204099111839,0.7243,0.843630711825488
Antifungal drugs,Caspofungin,12,-0.014565623899978229,0.2884,0.4475279051987767,-0.10613501118927139,0.6967,0.835435360094451
Antifungal drugs,Fluconazole,2778614,0.26264058461761036,0.00385,0.021451008174386922,-0.08568654017816447,0.5788,0.7795490416391276
Antifungal drugs,Griseofulvin,10210,0.38077679212956894,0.00083,0.007196880341880342,0.0765246592555423,0.0667,0.28611902748414375
Antifungal drugs,Isavuconazole,86,-0.06743899033372688,0.6616,0.774155940023068,-0.14686247046247936,0.8339,0.9062576861274771
Antifungal drugs,Itraconazole,421425,0.4769069326954382,1e-05,0.00039019230769230776,0.12969249592961854,0.02066,0.15123964539007093
Antifungal drugs,Micafungin,1,-0.018118466898954702,0.3335,0.4906972443799855,-0.08683638751039403,0.659,0.8203134969325154
Antifungal drugs,Nystatin,3315870,0.3110027013297695,0.0011,0.008856746031746032,0.159342630341515,0.00966,0.10272476439790576
Antifungal drugs,Posaconazole,1782,0.24865473687533662,0.00594,0.029111739130434782,0.0011554430306097358,0.2287,0.506033042529989
Antifungal drugs,Terbinafine hydrochloride,3132889,0.20389498353348065,0.0147,0.055750093457943926,0.027764471964190376,0.1572,0.43924505494505495
Antifungal drugs,Voriconazole,2836,0.14654658455967284,0.04489,0.12209357908847186,0.09887860401948509,0.04059,0.21642666666666668
Mucolytics,Acetylcysteine,1233092,0.029644115630289437,0.2416,0.39789480519480525,-0.07726699131289068,0.5347,0.7475998622589533
Mucolytics,Carbocisteine,17357309,0.06924299931829733,0.1422,0.27984849660523764,-0.04035547216079903,0.3678,0.6193080497925312
Mucolytics,Dornase alfa,23214,0.07059453303860042,0.1572,0.2978140056022409,0.02511756340561978,0.1519,0.4324377094972067
Mucolytics,Erdosteine,41551,0.0992312307681925,0.02808,0.08619413010590014,0.08818754800529192,0.0193,0.14666554307116106
Mucolytics,Ivacaftor,37,-0.10998278869078769,0.9221,0.9570030179028133,-0.18630222279872627,0.9467,0.9706186457806973
Mucolytics,Lumacaftor/ivacaftor,6,0.0596755107763311,0.1464,0.28390496657115566,0.024507131628776695,0.1347,0.40429926035502955
Mucolytics,Mannitol,73,-0.07624740012937474,0.7847,0.8657728656878738,-0.07837061111591517,0.5368,0.7485685223367698
Mucolytics,Mecysteine hydrochloride,3,-0.051718632853032215,0.7005,0.8048213476783692,-0.14317610488545282,0.8698,0.92167616066771
Mucolytics,Tezacaftor/ivacaftor,6,0.32117505703173693,0.00282,0.017338727272727273,0.18702140849200322,0.00797,0.0945720338983051
General anaesthesia,Alfentanil hydrochloride,28305,0.0692111773434622,0.1649,0.3051823154056518,0.07875627849088135,0.0715,0.294864837398374
General anaesthesia,Etomidate,1,-0.013646922183507555,0.2036,0.35368527397260274,0.0128120953328173,0.0752,0.3031422619047619
General anaesthesia,Fentanyl citrate,5779,-0.022061486273614248,0.3378,0.49558655097613885,0.048934623733771325,0.1,0.3492254733218589
General anaesthesia,Flumazenil,5,-0.016744160184814075,0.3828,0.538957519057519,-0.04611085070857981,0.4014,0.6463515463917526
General anaesthesia,Ketamine,1114,-0.07188902463327144,0.673,0.7852311673375504,-0.02613468756120401,0.3092,0.5757773017319964
General anaesthesia,Methoxyflurane,10,0.04264694652955018,0.2024,0.3531122957867584,0.062305249432299856,0.0777,0.308312890625
General anaesthesia,Midazolam hydrochloride,1782619,-0.053833334035381215,0.5954,0.7216646356033454,0.10171185481745357,0.04024,0.21599724867724865
General anaesthesia,Nitrous oxide,129,-0.10221329710081159,0.9502,0.9719185707096124,-0.09935531849954367,0.6616,0.8205241295051925
General anaesthesia,Parecoxib sodium,1654,0.13728477312310294,0.0503,0.13168864516129034,0.00730300186394538,0.1907,0.4741631894484412
CNS stimulants and drugs used for ADHD,Atomoxetine hydrochloride,934414,-0.13173802712796884,0.8685,0.9196651538862807,-0.0943703708412893,0.6176,0.8007095207667732
CNS stimulants and drugs used for ADHD,Caffeine,445,0.07544190723020035,0.1331,0.26659417571569594,0.0588615877153707,0.0815,0.31259640831758034
CNS stimulants and drugs used for ADHD,Caffeine citrate,32,0.12282203705330086,0.00717,0.03283957110609481,0.08014301598983009,0.02946,0.18223884146341465
CNS stimulants and drugs used for ADHD,Dexamfetamine sulfate,698560,0.13507599153020178,0.0553,0.14086040100250627,-0.13774384251176272,0.7971,0.8905924559471365
CNS stimulants and drugs used for ADHD,Guanfacine,449594,0.03408998468060206,0.2583,0.41660627980922094,0.06823492261344376,0.073,0.2992262626262626
CNS stimulants and drugs used for ADHD,Lisdexamfetamine dimesylate,3166795,0.2986956560186879,0.00151,0.011141054545454545,0.03406384143070236,0.1302,0.39488161434977587
CNS stimulants and drugs used for ADHD,Methylphenidate hydrochloride,8841171,0.2199261853144051,0.00997,0.041709546391752575,-0.02827621734428781,0.3338,0.5983132391879965
CNS stimulants and drugs used for ADHD,Modafinil,418320,0.10809033199573985,0.0994,0.21547286324786324,0.10742928585939428,0.03562,0.2007582777777778
CNS stimulants and drugs used for ADHD,Pitolisant hydrochloride,2976,0.12281221832978348,0.0647,0.15702906698564592,0.06540058945004568,0.0675,0.2865219665271967
Chronic bowel disorders,Balsalazide sodium,197644,0.14061557085883236,0.04473,0.12182170469798657,0.061941704523824345,0.0742,0.30231285140562253
Chronic bowel disorders,Beclometasone dipropionate (Systemic),21241,0.3524243591466136,0.00022,0.0029367105263157895,0.15376468958549827,0.00825,0.0945720338983051
Chronic bowel disorders,Mesalazine (Systemic),7930909,0.4160957944115181,4e-05,0.0008367010309278352,0.12251634587120573,0.02369,0.1627312837837838
Chronic bowel disorders,Olsalazine sodium,47829,0.12958898842209574,0.0579,0.14539492574257426,0.12320754513819264,0.02289,0.1589960409556314
Chronic bowel disorders,Prednisolone sodium metasulphobenzoate,63701,-0.03283034691422709,0.5038,0.650260941475827,-0.08274763017132264,0.581,0.7795490416391276
Chronic bowel disorders,Risankizumab (Crohn's),1,-0.040979481223383664,0.9518,0.9719185707096124,-0.23044394480053737,0.9861,0.9909841010401189
Chronic bowel disorders,Sulfasalazine,4226310,0.4175111420438432,3e-05,0.0006689010989010989,0.136137395363111,0.01707,0.13909650602409637
Chronic bowel disorders,Ustekinumab (Crohn's),1,-0.01811846689895471,0.3335,0.4906972443799855,-0.08683638751039406,0.659,0.8203134969325154
Chronic bowel disorders,Vedolizumab,8,-0.027473630989453192,0.4561,0.6092342988808427,-0.08000694790842602,0.5991,0.7888214795587281
Treatment of vaginal and vulval conditions,Boric acid,322,-0.008355675282442828,0.3785,0.5357408362369338,-0.22259160034964107,0.9715,0.9860797898949475
Treatment of vaginal and vulval conditions,Clotrimazole,7377049,0.12768437202749164,0.0629,0.15357894103489772,0.029754203065937387,0.1502,0.4292335211267606
Treatment of vaginal and vulval conditions,Dequalinium chloride,2575,0.21241554476752933,0.01419,0.05415751879699249,-0.0567984965313471,0.4511,0.6857142431021626
Treatment of vaginal and vulval conditions,Econazole nitrate,28373,0.62797095667105,1e-05,0.00039019230769230776,0.09450558668791167,0.0463,0.23424350746268657
Treatment of vaginal and vulval conditions,Estriol,6061247,0.129147341674689,0.0616,0.15131525423728814,0.03319165403097446,0.1425,0.41450815450643785
Treatment of vaginal and vulval conditions,Fenticonazole nitrate,4,0.08021698508599694,0.1081,0.22940208986415883,0.10302841451146401,0.03676,0.20378699453551913
Treatment of vaginal and vulval conditions,Ospemifene,6470,0.09593090770165014,0.1082,0.22940208986415883,0.003216651305066597,0.2174,0.4978607223476298
Treatment of vaginal and vulval conditions,Other vaginal/vulva changes preparations,35,0.10545233860195333,0.01208,0.048248661417322834,0.051960560022443016,0.03853,0.21015422043010756
Treatment of vaginal and vulval conditions,Secnidazole,1,-0.01141114982578397,0.093,0.20577644492911668,-0.13517885711532018,0.8388,0.9087191568836713
Preparations for warts and calluses,Camellia sinensis extract,758,0.006179365844499907,0.3145,0.47228276627218935,0.005459552558049304,0.182,0.46450062893081756
Preparations for warts and calluses,Formaldehyde,575,0.029861078429325418,0.2577,0.41630039808917196,0.0434753687318403,0.1211,0.3836424336973479
Preparations for warts and calluses,Glutaraldehyde,1659,-0.055311129900989346,0.6102,0.7349114928909953,-0.09439923362836966,0.6204,0.8019073248407643
Preparations for warts and calluses,Imiquimod,147383,0.2136479496407442,0.01183,0.04781488047808765,-0.05807586043477167,0.4591,0.6900102962962963
Preparations for warts and calluses,Podophyllotoxin,24361,0.23934962925356518,0.00404,0.021976300268096514,0.30073975528274044,8e-05,0.009017777777777779
Preparations for warts and calluses,Podophyllum resin,11,-0.06227782893656693,0.8908,0.9363241325737959,-0.015919405781089916,0.2019,0.48299281507656067
Preparations for warts and calluses,Salicylic acid,414308,0.2883881446832265,0.00192,0.013205694915254237,-0.014937444624841213,0.2784,0.5544750242954325
Preparations for warts and calluses,Silver nitrate,31481,0.010353985278749367,0.3241,0.4821106304985337,0.09063646948778345,0.04673,0.23469101485148514
Preparations for warts and calluses,Trichloroacetic acid,5,-0.009498194236903734,0.2478,0.4054727419354839,-0.0003080349655132164,0.1796,0.4643928121059268
Shampoos and other preparations for scalp and hair conditions,Alkyl sulfate,9954,0.37206493904519733,0.00051,0.004974951923076924,0.1199656075318126,0.02611,0.1701139365079365
Shampoos and other preparations for scalp and hair conditions,Benzalkonium chloride,390490,0.096879617744843,0.0902,0.2015592511013216,0.04730931924463622,0.0989,0.3459794827586207
Shampoos and other preparations for scalp and hair conditions,Coal tar,2507497,0.5239465680633768,1e-05,0.00039019230769230776,0.08179137814186835,0.0616,0.2746953846153846
Shampoos and other preparations for scalp and hair conditions,Eflornithine monohydrate chloride,131791,0.0853866609292171,0.1334,0.2669315581854043,-0.06462239780166125,0.4815,0.7094869281045751
Shampoos and other preparations for scalp and hair conditions,Ketoconazole,3604004,0.4965512692462385,1e-05,0.00039019230769230776,-0.005578198404942575,0.2477,0.5259269874476987
Shampoos and other preparations for scalp and hair conditions,Other shampoo and scalp preparations,272,0.06392861238349914,0.1502,0.2891421252371917,0.014187296313901924,0.1851,0.4686384328358209
Shampoos and other preparations for scalp and hair conditions,Ritlecitinib,2,0.055282103275545544,0.1013,0.21819288747346072,-0.06043898496818808,0.4892,0.7171869942196533
Shampoos and other preparations for scalp and hair conditions,Selenium sulfide,63063,0.39066162159394163,0.00013,0.0020135114503816794,0.07531320840555483,0.0679,0.28701895833333335
Anti-arrhythmic drugs,Amiodarone hydrochloride,2081117,0.10771277599159147,0.0936,0.20665331882480958,0.18263932080151235,0.00561,0.08274290780141844
Anti-arrhythmic drugs,Disopyramide,50119,0.3426791359247204,0.00057,0.005404345794392524,0.08375158782279993,0.0514,0.24949904306220094
Anti-arrhythmic drugs,Disopyramide phosphate,17015,0.05306696992125942,0.1833,0.3282574580759046,0.06089703677493767,0.0769,0.3067370588235294
Anti-arrhythmic drugs,Dronedarone hydrochloride,94348,0.12582713273096208,0.0503,0.13168864516129034,0.12789454757469948,0.02135,0.15307120141342756
Anti-arrhythmic drugs,Flecainide acetate,2298256,0.11863846193157677,0.0792,0.18244915062287656,0.21035615451644166,0.00264,0.057848085106382986
Anti-arrhythmic drugs,Mexiletine hydrochloride,6762,0.2513158288579765,0.00651,0.030861658878504675,0.09096840438451052,0.052,0.2506128266033254
Anti-arrhythmic drugs,Propafenone hydrochloride,79395,-0.1415614324943665,0.895,0.9384780361757106,-0.08573127744935703,0.5811,0.7795490416391276
Anti-arrhythmic drugs,Quinidine sulfate,249,-0.0228221124093541,0.429,0.5834054959785523,-0.009158540496152537,0.261,0.5401722278738555
Drugs affecting intestinal secretions,Chenodeoxycholic acid,31,-0.01811846689895471,0.3335,0.4906972443799855,-0.086836387510394,0.659,0.8203134969325154
Drugs affecting intestinal secretions,Cholic acid,1,-0.018118466898954702,0.3335,0.4906972443799855,-0.08683638751039405,0.659,0.8203134969325154
Drugs affecting intestinal secretions,Elafibranor,1,-0.01872822299651569,0.3649,0.5221312411847673,-0.06860737799751408,0.5198,0.7396032258064518
Drugs affecting intestinal secretions,Obeticholic acid,10,-0.03786931828988355,0.5054,0.6519113795295614,-0.04184495328121307,0.3749,0.6260675720164609
Drugs affecting intestinal secretions,Other pancreatin preparations,1,-0.03376887340301977,0.8341,0.8992502125398512,0.008844689080453773,0.0809,0.3120648288973384
Drugs affecting intestinal secretions,Other preparations for biliary disorders,23,-0.026542644706028157,0.5477,0.6874597042513864,-0.012732254973294251,0.1876,0.47108960396039606
Drugs affecting intestinal secretions,Pancreatin,3504088,0.2550280702152797,0.00358,0.020461464788732394,0.11918683817048979,0.02632,0.1701139365079365
Drugs affecting intestinal secretions,Ursodeoxycholic acid,1903853,0.2549402762368813,0.00357,0.020461464788732394,0.11904841715691017,0.02636,0.1701139365079365
Antiplatelet drugs,Aspirin,102443759,0.3692093912679329,0.00015,0.002254444444444444,-0.02325496102397054,0.3112,0.5757773017319964
Antiplatelet drugs,Clopidogrel,56618946,0.3675504386814615,0.00016,0.0023524637681159423,-0.015775117075541332,0.2817,0.5547770126091174
Antiplatelet drugs,Dipyridamole,721904,0.26392353756037695,0.00392,0.02155468834688347,0.15584330666861504,0.01068,0.11055979591836736
Antiplatelet drugs,Dipyridamole and aspirin,123,-0.12776509716885673,0.8781,0.925994346473029,-0.24424530416446796,0.9858,0.9909841010401189
Antiplatelet drugs,Prasugrel,672598,0.2550512565013661,0.00528,0.026583424317617867,0.11721682625482151,0.02689,0.17157172955974842
Antiplatelet drugs,Ticagrelor,2694286,0.3472747803883097,0.00042,0.004557112299465241,0.27106799467683873,0.00034,0.01768871794871795
Antiplatelet drugs,Ticlopidine hydrochloride,36,-0.022793263646922184,0.4769,0.6285947402597403,-0.15064707604474434,0.9055,0.9417014351614557
Thyroid and antithyroid drugs,Carbimazole,3501346,0.2584121552582497,0.00385,0.021451008174386922,0.1674994529407136,0.00864,0.09483133689839571
Thyroid and antithyroid drugs,Levothyroxine sodium,169923845,0.25926129820543964,0.00344,0.019999312320916906,0.16907142611869017,0.00835,0.09483133689839571
Thyroid and antithyroid drugs,Levothyroxine sodium and liothyronine,12627,0.07408400047471143,0.1598,0.3004950880444856,-0.08766482995073716,0.6058,0.7905923472668811
Thyroid and antithyroid drugs,Liothyronine sodium,325950,0.16670826391086568,0.03245,0.0968549117647059,0.015286487558180368,0.1852,0.4686384328358209
Thyroid and antithyroid drugs,Potassium iodide,1,-0.02607433217189317,0.5829,0.712901808318264,-0.010455604021540305,0.1365,0.40669121522694
Thyroid and antithyroid drugs,Propylthiouracil,249289,0.272099975152602,0.00284,0.017356506024096385,-0.07773309769869406,0.5496,0.7603221389645777
Thyroid and antithyroid drugs,Thyrotropin alfa,5,0.02036432286334012,0.1428,0.28021392649903293,0.007840509629830827,0.1201,0.38254772370486656
Acute diarrhoea,Co-phenotrope (Diphenox hydrochloride/atropine sulfate),6123,-0.0504367492040852,0.7651,0.851556719692814,-0.09906127480120548,0.6973,0.835435360094451
Acute diarrhoea,Kaolin light,3,-0.056166109677330656,0.6149,0.7369356763142351,-0.3274924512940892,0.999,0.9992
Acute diarrhoea,Loperamide hydrochloride,8356343,0.03945391301409514,0.1016,0.21837542372881355,-0.0539682759237089,0.4537,0.6859592399403874
Acute diarrhoea,Loperamide hydrochloride and simeticone,10935,0.1197809841274849,0.0796,0.18270180995475113,0.053014685892882954,0.1006,0.35011560891938254
Acute diarrhoea,Opium and morphine,1972,-0.010133466166037811,0.412,0.5675139171758317,0.005382160799087874,0.203,0.4843880281690141
Acute diarrhoea,Racecadotril,1,-0.0246225319396051,0.519,0.6622962264150943,-0.09247771062475567,0.7146,0.8429787209302326
Acute diarrhoea,Telotristat ethyl,2,0.12773123598281796,0.0738,0.17351123986095018,0.14235707029463976,0.02262,0.15771814432989692
Sunscreens and camouflagers,Fluorouracil (Sunscreen),1153585,0.4183131184438982,8e-05,0.0014238596491228071,-0.10222414175540673,0.6553,0.8203134969325154
Sunscreens and camouflagers,Ingenol mebutate,35,-0.058464858626021014,0.611,0.7349114928909953,-0.17329237247039242,0.9305,0.9578815322171487
Sunscreens and camouflagers,Other camouflage preparations,157813,0.3983351688426752,7e-05,0.0013150925925925925,-0.038921856099056115,0.3783,0.6282926350245499
Sunscreens and camouflagers,Other sunscreening preparations,183113,0.38861790621934894,0.00015,0.002254444444444444,-0.008299483567107965,0.2548,0.5346320579110653
Sunscreens and camouflagers,Padimate O,1,-0.04152148664343785,0.9764,0.9871165836653387,-0.055929726062513986,0.4738,0.7022207450693937
Sunscreens and camouflagers,Tirbanibulin,34742,0.2813848655222059,0.00113,0.008991254901960784,0.11751638319645204,0.01808,0.1427405447470817
Sunscreens and camouflagers,Titanium dioxide,478,0.01699536936228805,0.3014,0.46115026375282586,-0.040747823513202996,0.3889,0.6368669087974174
Mydriatics and cycloplegics,Atropine sulfate,294882,0.20146698237187433,0.0154,0.057864074074074075,0.16830243324379715,0.0071,0.09175732484076433
Mydriatics and cycloplegics,Cyclopentolate hydrochloride,129387,0.22151669812177005,0.0097,0.040663842975206616,0.18268362841395216,0.00441,0.07536285714285715
Mydriatics and cycloplegics,Homatropine hydrobromide,3,0.1209446133048779,0.03438,0.10139101744186046,0.01778157346738167,0.1154,0.3773743961352657
Mydriatics and cycloplegics,Phenylephrine hydrochloride,704,0.10314725373806413,0.097,0.21161750805585394,0.13909311075212727,0.01697,0.13909650602409637
Mydriatics and cycloplegics,Phenylephrine hydrochloride and tropicamide,7,0.1302704147833144,0.07,0.16650644783118407,0.03732329610489812,0.1096,0.37001397670549085
Mydriatics and cycloplegics,Tropicamide,6571,-0.0413585706394575,0.5399,0.6813354257302673,-0.16413008851974847,0.8921,0.9344712958182757
Topical local anaesthetics and antipruritics,Calamine,174551,0.3139624623736236,0.00155,0.011312769784172661,0.008725607596063056,0.1999,0.481135349940688
Topical local anaesthetics and antipruritics,Crotamiton,473147,0.1462157457366859,0.04787,0.12682574412532638,0.11967727871740381,0.02911,0.18062443425076455
Topical local anaesthetics and antipruritics,Doxepin hydrochloride,17235,-0.0019163849711448474,0.3961,0.551982760989011,-0.11732296149284169,0.7205,0.843630711825488
Topical local anaesthetics and antipruritics,Menthol,828384,0.2815250397576949,0.00244,0.015617539432176655,0.08681403037001359,0.0545,0.2559733796296296
Topical local anaesthetics and antipruritics,Mepyramine maleate,5025,-0.011130675509166625,0.4249,0.5797727639542704,-0.15722350525650258,0.8599,0.917789658792651
Topical local anaesthetics and antipruritics,Other topical anaesthetic and antipruritic preparations,184,-0.016155884302784012,0.3933,0.5492124569855471,-0.08123649318154498,0.5689,0.7715896390374332
Management of skin conditions,Cetomacrogol,206736,0.2113130924848544,0.01781,0.0630113321799308,-0.061301615482974386,0.4669,0.6955507342143906
Management of skin conditions,Other vehicle and emulsifying agent preparations,2,0.11301117884354839,0.02394,0.0772245786963434,-0.07102616911366974,0.5418,0.7534696367374913
Management of skin conditions,Paraffin hard,66,-0.003602704184511997,0.2481,0.40563650282030617,-0.09433465818067441,0.6964,0.835435360094451
Management of skin conditions,Vehicles,34,-0.004253358171986857,0.281,0.43823904688701,-0.11254053847864191,0.7209,0.843630711825488
Management of skin conditions,Wool fat,236,0.3067203051137956,0.00075,0.006645196506550218,0.07380257780391594,0.0506,0.2479888888888889
Management of skin conditions,Wool fat hydrous,102,0.06747098542276411,0.1209,0.24828552631578946,-0.12338890690926044,0.7679,0.8728335386338185
Selective preparations,Charcoal,5918,0.09448994329821883,0.1105,0.23257728215767634,-0.13134499890765047,0.7728,0.8754948073701844
Selective preparations,Naloxone hydrochloride,1006,-0.11207975214099554,0.8379,0.899476837652036,-0.0005823675919434582,0.2335,0.5123825618945103
Selective preparations,Other homeopathic preparations,2375,0.08896820149214384,0.1163,0.2410344228804903,0.02361320810538802,0.1652,0.4482737333333333
Selective preparations,Other household and over the counter preparations,34,-0.036684752312810424,0.5724,0.7043053972104305,-0.010644127735836987,0.1943,0.4741631894484412
Selective preparations,Other individually formulated bought in preparations,1559623,-0.043465777049361984,0.557,0.6933453987730062,-0.10301130252381917,0.6596,0.8205241295051925
Selective preparations,Other toiletry preparations,1397811,-0.041419963621629204,0.5499,0.6874597042513864,-0.10277970138713625,0.6574,0.8203134969325154
Anthelmintics,Albendazole,2284,0.17550677565301895,0.02744,0.08509409160305344,-0.1048351298011736,0.6797,0.8305421903052065
Anthelmintics,Levamisole hydrochloride,540,0.005887522829143561,0.331,0.4902182481751825,-0.10408237288418823,0.6688,0.8234194174757281
Anthelmintics,Mebendazole,384089,0.13083578034808005,0.0629,0.15357894103489772,-0.08069036803330404,0.5739,0.775310039893617
Anthelmintics,Praziquantel,365,-0.1014118928913083,0.8188,0.8922369495166488,-0.18259677254665074,0.9319,0.9588362576064907
Drugs for dementia,Donepezil hydrochloride,9998773,0.20451664439279424,0.01438,0.054741125703564736,0.017297916776982784,0.1857,0.4686384328358209
Drugs for dementia,Galantamine,619769,0.1346108283059158,0.0508,0.13248483290488433,0.10024121717418798,0.03771,0.2077388075880759
Drugs for dementia,Memantine hydrochloride,9746684,-0.0662695677692361,0.6558,0.7700336805555557,-0.14797487603076448,0.8234,0.9012077998924153
Drugs for dementia,Rivastigmine,2004390,0.128860693855032,0.0635,0.15485757211538462,0.05710660076561504,0.0979,0.3442618717504333
Local preparations for anal and rectal disorders,Fluocortolone,1494,0.2029469695116697,0.0177,0.06285643356643357,0.0798963827744635,0.0584,0.26627775280898874
Local preparations for anal and rectal disorders,Hamamelis,3478,-0.0810414585896454,0.7147,0.8157082114735658,-0.11077976971619238,0.7011,0.8381275618374558
Local preparations for anal and rectal disorders,Other soothing haemorrhoidal preparations,4302,0.03810187660521897,0.2148,0.36716866048862673,-0.04122482496845768,0.372,0.6241016501650165
Local preparations for anal and rectal disorders,Zinc oxide,1338217,0.04769730652467124,0.1888,0.33514890638670164,-0.023734751641676335,0.2942,0.5652763257575758
Acids,Other acid preparations,45,-0.04449291551097369,0.5457,0.6868643300248138,-0.1093047183836379,0.7004,0.8381275618374558
Acids,Other concentrated water preparations,11932,0.38870376718431054,0.0001,0.0016362903225806452,0.3251386781456321,5e-05,0.007246428571428571
Acids,Other oil preparations,10876,0.3964832561169397,6e-05,0.0011377570093457944,0.3290708442817799,4e-05,0.007246428571428571
Acids,Other tincture preparations,45,0.1525316402787262,0.02034,0.06855458471760797,0.14401469491916918,0.00673,0.08983664473684211
Health supplements,Other amino acidandnutritional agent preparations,59328,0.027538717339357737,0.2592,0.41687602848101263,0.0017670700359910894,0.209,0.4883593103448276
Health supplements,Other digestive aid preparations,35971,0.1759762860390127,0.02758,0.0852549468892261,-0.06088414847333145,0.4775,0.7051291848617176
Health supplements,Other enzyme preparations 0911020,57302,-0.03794617304329678,0.5361,0.6783560124610591,-0.019500546002719298,0.2979,0.569688124410933
Health supplements,Taurine,6181,0.32133430330470375,0.00266,0.01655564417177914,0.16204873874412953,0.01366,0.12541239819004524
Positive inotropic drugs,Digoxin,12938288,-0.026751833925604006,0.3141,0.47228276627218935,-0.12472222545704557,0.7727,0.8754948073701844
Positive inotropic drugs,Enoximone,2,-0.06924549334410413,0.9656,0.9805817817817818,-0.09360612159021636,0.6394,0.810839125
Positive inotropic drugs,Milrinone lactate,1,-0.022793263646922187,0.4769,0.6285947402597403,-0.1506470760447443,0.9055,0.9417014351614557
Sympathomimetics and other vasoconstrictor drugs,Etilefrine hydrochloride,101,0.21772378644774126,0.01697,0.06181710951526032,-0.07980695080996165,0.5587,0.7659475
Sympathomimetics and other vasoconstrictor drugs,Isoprenaline hydrochloride,1,-0.026074332171893155,0.5829,0.712901808318264,-0.010455604021540308,0.1365,0.40669121522694
Sympathomimetics and other vasoconstrictor drugs,Midodrine hydrochloride,1140674,0.21541426916725415,0.01735,0.06208668430335097,-0.08065063159755706,0.5637,0.7691642905178211
"Cromoglycate, leukotriene and phosphodesterase type-4 inhib",Montelukast,22415035,0.28052790205707623,0.00372,0.021140139664804467,0.08174974977148225,0.0656,0.2838004264392324
"Cromoglycate, leukotriene and phosphodesterase type-4 inhib",Roflumilast,45235,0.27879483852226883,0.00386,0.021451008174386922,0.08175033221289221,0.0652,0.28267264957264954
"Cromoglycate, leukotriene and phosphodesterase type-4 inhib",Zafirlukast,182,-0.029286900968973135,0.4401,0.5941203592814371,-0.1994797445497041,0.9604,0.9782387550200804
Local anaesthetics,Oxybuprocaine hydrochloride,712,-0.04187068827029956,0.548,0.6874597042513864,-0.04248134146496011,0.3867,0.634801213592233
Local anaesthetics,Proxymetacaine hydrochloride,767,0.20787325323485883,0.01413,0.05415751879699249,0.021077205048080055,0.1753,0.46132775616083016
Local anaesthetics,Tetracaine hydrochloride,632,0.12716910362804681,0.0688,0.16403666274970624,0.0429567554255879,0.1196,0.38254772370486656
Antiperspirants,Aluminium chloride,226609,-0.04299575696455221,0.4713,0.6246033311561071,-0.08013106361504953,0.5515,0.7610128396739131
Antiperspirants,Other antiperspirant preparations,110,-0.042995756964547646,0.4713,0.6246033311561071,-0.08013106361396533,0.5515,0.7610128396739131
Miscellaneous topical preparations,Depigmenting agents,4930,0.12174771700559171,0.0725,0.17124854481955762,-0.09804405169537117,0.6425,0.8122320872274142
Miscellaneous topical preparations,Other miscellaneous topical preparations,3933,0.12174771700559171,0.0725,0.17124854481955762,-0.09804405169537934,0.6425,0.8122320872274142
Antifibrinolytic drugs and haemostatics,Etamsylate,6,0.01079809304397935,0.2375,0.3932221859706362,-0.0525025130299509,0.4235,0.6645641918020108
Antifibrinolytic drugs and haemostatics,Tranexamic acid,2870408,0.010798093043428447,0.2375,0.3932221859706362,-0.05250251427790691,0.4235,0.6645641918020108
Drugs used in the treatment of obesity,Naltrexone/bupropion,259,-0.0042498312614954745,0.3431,0.5008272661870503,-0.1016506657441732,0.6616,0.8205241295051925
Drugs used in the treatment of obesity,Orlistat,2196364,-0.004249831261522816,0.3431,0.5008272661870503,-0.10165066572738914,0.6616,0.8205241295051925
Waters,Other purified water preparations,51419,0.2013526651105467,0.01795,0.0630113321799308,-0.05138674938656713,0.4266,0.6673642251349267
Waters,Sterile water,4663,0.2013526651105467,0.01795,0.0630113321799308,-0.051386749386452595,0.4266,0.6673642251349267
