Drug,I_primary,p_freedman_lane,p_signflip
Abacavir,-0.04883258434697753,0.3984,0.6713
Abacavir and lamivudine,-0.1282117417485799,0.784,0.7031
Abatacept,-0.07013124025573954,0.5489,0.7428
Abemaciclib,-0.10303957349214468,0.6844,0.5894
Abiraterone,-0.27146390881476845,0.9946,0.5773
Abrocitinib,-0.08308085967464816,0.6461,0.5207
Absorbent Cottons,-0.041009746460732986,0.3816,0.2343
Acamprosate calcium,0.008688315773148339,0.2042,0.2891
Acarbose,-0.034692638212243734,0.3575,0.3647
Acebutolol hydrochloride,0.06569255752090629,0.0771,0.1327
Aceclofenac,-0.024811557172714032,0.314,0.3045
Acenocoumarol,-0.013322206649032175,0.2821,0.2741
Acetazolamide,0.1661942417851109,0.00874,0.0101
Acetazolamide sodium,-0.09201912089146473,0.6094,0.6854
Acetic acid,-0.08750763961968694,0.5949,0.661
Acetohydroxamic acid,0.00661198849255952,0.1767,0.271
Acetyl-l-carnitine,-0.12613862637042086,0.815,0.494
Acetylcholine chloride,-0.1252263833058746,0.8737,0.5238
Acetylcysteine,-0.06645143502484764,0.4858,0.5808
Aciclovir,0.2985796283788445,0.00016,0.0002
Acipimox,0.0517426721999982,0.1044,0.1453
Acitretin,0.08742857951015554,0.05036,0.1552
Aclidinium bromide,0.03977884409661288,0.1233,0.1246
Aclidinium bromide/formoterol,0.030454646795556914,0.1336,0.1601
Acne Treatment,-0.13930162238212668,0.834,0.8809
Acrivastine,0.16537873828450617,0.00903,0.0162
Adalimumab,-0.0072196791289153486,0.1787,0.3054
Adapalene,-0.02459452190671305,0.3129,0.2782
Adapalene and benzoyl peroxide,-0.21923910771890937,0.9678,0.9911
Addaven (Generic),0.06225198652725732,0.052,0.1906
Adefovir dipivoxil,-0.14032166965003012,0.8601,0.7861
Adhesive (Pastes/Sprays/Solutions),-0.05843636404285742,0.4522,0.4546
Adhesive Discs/Rings/Pads/Plasters,-0.06833227811987154,0.5414,0.6431
Adhesive Dressing Remover Ster Silicone,-0.12638361545690274,0.7634,0.8297
Adhesive Removers (Sprays/Liquids/Wipes),-0.06455677211948628,0.4988,0.6078
Adrenaline,0.04833405030453311,0.1013,0.108
Afatinib,-0.028770070687138858,0.2786,0.4672
Agomelatine,0.15681994483924824,0.01164,0.0363
Albendazole,-0.10030199094482035,0.6482,0.7278
Alclometasone dipropionate,0.16710992642082656,0.00878,0.0063
Alcohol,0.03621849897618973,0.1367,0.1018
Alemtuzumab,-0.1506470760447443,0.9028,0.5854
Alendronic acid,-0.07317211310607673,0.525,0.5688
Alendronic acid/colecalciferol,0.020077636915200904,0.1764,0.1893
Alfacalcidol,0.08056166616852418,0.0592,0.037
Alfentanil hydrochloride,0.07706091303837823,0.0617,0.0674
Alfuzosin hydrochloride,-0.12331439870957434,0.7476,0.7651
Alginic acid compound preparations,0.10996969598913149,0.03099,0.1419
Alimemazine tartrate,-0.00744484047938853,0.2573,0.363
Alirocumab,0.3036423041047811,2e-05,0.0018
Aliskiren,0.04669541538089087,0.119,0.1003
Alitretinoin,-0.08186321984588657,0.567,0.69
Alkyl sulfate,0.09954316336816486,0.03855,0.0248
Alkyl sulphate,0.11941381874787405,0.02618,0.0241
Allopurinol,0.20791648823628242,0.00321,0.005
Almotriptan,0.08047894625797444,0.0515,0.0695
Alogliptin,0.06142715091733761,0.095,0.102
Alogliptin/metformin,-0.12420290078894784,0.7541,0.6665
Alprazolam,-0.10269247624972162,0.6714,0.7736
Alprostadil,0.03512142581844498,0.1417,0.1346
Aluminium acetate,-0.05769327848558387,0.4585,0.4412
Aluminium and magnesium and activated simeticone,0.010974898986759808,0.194,0.2053
Aluminium and magnesium and oxetacaine,0.003115016385923293,0.2277,0.2786
Aluminium chloride,-0.09348339143534157,0.6247,0.5106
Aluminium hydroxide,-0.21921219169911102,0.9787,0.8178
Alverine citrate,0.005244172012386818,0.2078,0.1553
Alverine citrate/simeticone,0.008665012736103369,0.1806,0.292
Amantadine hydrochloride,-0.060914738172717885,0.4765,0.5827
Ambrisentan,-0.05317349305192622,0.4164,0.301
Amikacin,0.0701410557584784,0.0665,0.1463
Amiloride hydrochloride,-0.136069045451809,0.7834,0.8568
Amiloride hydrochloride with loop diuretics,-0.05903385753020263,0.4613,0.4893
Amiloride hydrochloride with thiazides,-0.038335111917782605,0.3443,0.4838
Aminophylline,-0.05415868684770054,0.4245,0.4411
Aminophylline hydrate,0.022514725277978515,0.1646,0.1777
Aminosalicylic acid,-0.08377198777650231,0.5738,0.5697
Amiodarone hydrochloride,0.06561385724024527,0.077,0.0785
Amisulpride,0.2504601495191148,0.00071,0.0001
Amitriptyline hydrochloride,0.28236128273077515,0.00035,0.0004
Amlodipine,0.09624631127277068,0.04295,0.0733
Ammonium chloride/diphenhydramine hydrochloride,-0.22261825162531726,0.9778,0.872
Amobarbital,-0.014587027845556173,0.1975,0.4558
Amobarbital sodium,0.10268217638359427,0.03566,0.0191
Amorolfine hydrochloride,0.26428554949438815,0.00043,0.0004
Amoxapine,0.008844689080453771,0.0846,0.4402
Amoxicillin,0.15789136436214474,0.01025,0.008
Amoxicillin sodium,0.0031205523006661087,0.1667,0.1132
Amphoteracin,-0.06422734729592783,0.504,0.6251
Amphotericin,-0.09389839070689911,0.6234,0.6133
Ampicillin,-0.0578755534896185,0.4733,0.4677
Amylmetacresol,0.0823129501502914,0.0523,0.0426
Anagrelide hydrochloride,-0.11813676292164427,0.7296,0.5771
Anakinra,-0.12306769293183467,0.7993,0.8231
Anal Irrigation System,-0.12360672946628108,0.8173,0.9039
Anal Plugs,-0.14798934308562256,0.8802,0.9279
Analgesics with anti-emetics,0.16890552799353856,0.00775,0.0077
Anastrozole,0.23969617655344802,0.00122,0.0023
Androstanalone,0.0046028001802753404,0.2017,0.3013
Antazoline,0.12010987158675188,0.02707,0.0212
Anti-D (Rh-) immunoglobulin,-0.0008701859023664945,0.1873,0.2238
Apalutamide,-0.1625386396924238,0.8752,0.8512
Apixaban,-0.09419009727354255,0.6181,0.6581
Apomorphine hydrochloride,0.2988378654643905,0.00015,0.0061
Apomorphine hydrochloride hemihydrate,-0.0007934293238895753,0.2246,0.2727
Apraclonidine,0.1457486349356013,0.01433,0.0185
Apremilast,-0.042131368891250694,0.3828,0.3881
Aprepitant,-0.06268009364773607,0.4824,0.5493
Arachis oil,0.05051563288272022,0.1115,0.1535
Aripiprazole,0.08016934970230623,0.0596,0.0995
Arm Sling/Bandages,-0.06199043431348402,0.4747,0.4925
Arnica montana,-0.14698440013617758,0.8606,0.6195
Artemether with lumefantrine,-0.10544054797309332,0.6818,0.6518
Artificial saliva,-0.0020533443584589625,0.2418,0.2476
Artificial saliva products,-0.12974800106754328,0.7685,0.7325
Ascorbic acid,0.05113831420137101,0.0982,0.1232
Ascorbic acid (Eye),-0.1506470760447443,0.9028,0.5854
Asenapine,0.10783045424010879,0.03509,0.0874
Aspirin,-0.08573322731776345,0.5844,0.5694
Aspirin and caffeine,-0.10507151063807318,0.7327,0.6488
Aspirin combined preparations,-0.05183469105834097,0.4367,0.303
Atazanavir,-0.07207387852742807,0.5115,0.6174
Atazanavir and cobicistat,-0.031457648989913045,0.2812,0.4828
Atenolol,0.1255173831745742,0.02286,0.0381
Atenolol with calcium channel blocker,0.15018580190516617,0.01248,0.0184
Atogepant,0.06725761480753868,0.0796,0.064
Atomoxetine hydrochloride,-0.057776676511493395,0.4524,0.5183
Atorvastatin,0.04863091704916037,0.114,0.1037
Atovaquone,-0.05846601080532235,0.4607,0.44
Atropine sulfate,0.14362357579967971,0.01523,0.0234
Avanafil,-0.1340845852762598,0.7919,0.8209
Axitinib,-0.07580974894564477,0.5508,0.421
Azathioprine,0.013263821955919318,0.1946,0.1791
Azelaic acid,0.05627577026360627,0.0934,0.0969
Azelastine hydrochloride,0.21764052582677654,0.00213,0.0067
Azilsartan medoxomil,0.019573241503879006,0.1681,0.251
Azithromycin,0.27773889623331416,0.00028,0.0002
Aztreonam,-0.07353077007575054,0.571,0.501
Bacillus calmette-guerin (B.C.G.),-0.02982576422300937,0.2815,0.4752
Baclofen,-0.10781361713445112,0.6882,0.628
Bacterial Decolonisation Products,0.07754403665916908,0.04713,0.232
Bag Closures,-0.06555059045853841,0.4814,0.55
Bag Covers,-0.043527935880956214,0.3646,0.3853
Baloxavir marboxil,-0.0758314251523718,0.6037,0.4803
Balsalazide sodium,0.04518205943197621,0.1033,0.1214
Bambuterol hydrochloride,0.00494060194783528,0.1692,0.1674
Baricitinib,-0.09009618190973959,0.603,0.6294
BeclometDiprop/Formoterol/Glycopyrronium (Corticosteroids),0.02897623344804791,0.1518,0.1489
Beclometasone dipropionate,0.13319038145258363,0.01935,0.0294
Beclometasone dipropionate (Systemic),0.10970895434372405,0.02564,0.029
Beclometdiprop/formoterol/glycopyrronium,-0.06583070927647316,0.4928,0.5176
Bedaquiline,-0.0048782176337525554,0.1646,0.1974
Belladonna alkaloids,0.009292445168224882,0.1948,0.1779
Belts,-0.06487435483693026,0.496,0.5647
Belumosudil,-0.04189972107851331,0.3667,0.487
Bempedoic acid,-0.06277145797686191,0.4762,0.594
Bempedoic acid/Ezetimibe,-0.004959608384680949,0.2477,0.3356
Bendroflumethiazide,-0.07123522303084513,0.5326,0.5122
Benperidol,0.005017277511596962,0.2024,0.3248
Benralizumab,-0.1492896754940169,0.8656,0.6349
Benzalkonium chloride,0.07070222496588131,0.0693,0.0686
Benzatropine mesilate,-0.005185037156496797,0.2271,0.1442
Benzbromarone,-0.04192022603753066,0.3939,0.4417
Benznidazole,-0.1262425281202166,0.8042,0.7634
Benzocaine,0.16053199964517376,0.00977,0.0065
Benzoic acid,-0.0022599843183886744,0.1571,0.5285
Benzoin,-0.10027130899419517,0.6606,0.5429
Benzoyl peroxide,-0.15968744223530626,0.8642,0.7432
Benzoyl peroxide and clindamycin phosphate,0.06639504651457973,0.0753,0.0779
Benzydamine hydrochloride,0.1560828773257899,0.01144,0.0146
Benzyl benzoate,0.012764553392272145,0.15,0.3011
Benzylpenicillin sodium (Penicillin G),-0.15655679265409606,0.8642,0.8006
Betacarotene,-0.06396550770654838,0.4775,0.5529
Betahistine hydrochloride,0.11301040497232573,0.03114,0.039
Betaine anhydrous,-0.12339869866908407,0.7481,0.8067
Betamethasone,-0.011176483243284298,0.2483,0.3488
Betamethasone esters,0.07795274597388165,0.0574,0.0726
Betamethasone sodium phosphate,0.13311480511585191,0.01868,0.0252
Betamethasone valerate,-0.008439980439986033,0.2626,0.2926
Betamethasone/Doxycycline/Nystatin,-0.13277936778730862,0.8524,0.8136
Betaxolol,0.11026975763980641,0.03336,0.0562
Bethanechol chloride,-0.06633857053793835,0.49,0.5015
Bexarotene,-0.12698313473901704,0.8079,0.5784
Bezafibrate,-0.0837944352213421,0.5831,0.653
Bicalutamide,0.026015782848525546,0.1601,0.1888
Bictegravir/emtricitabine/tenofovir alafenamide,0.02169626497390915,0.155,0.1159
Bifonazole,0.06414840869470954,0.0812,0.0517
Bilastine,-0.023924706656238134,0.3151,0.2348
Bimatoprost,-0.0317573278880896,0.3513,0.3811
Biperiden hydrochloride,-0.10015105682144038,0.6923,0.5876
Biphasic insulin aspart,0.38743802500460445,1e-05,0.0004
Biphasic insulin lispro,0.2064390267881611,0.00215,0.0083
Biphasic isophane insulin,-0.043820477001341514,0.4062,0.4101
Bisacodyl,-0.04839946121104369,0.42,0.3821
Bisoprolol fumarate,-0.004254322180843153,0.2483,0.2576
Boric acid,-0.22898387229790054,0.9739,0.9602
Bosentan,-0.020481647412652775,0.2894,0.506
Bosutinib,-0.09256239849292686,0.6764,0.6059
Botulinum toxin type A,0.047189735453056145,0.0927,0.1
Bowel cleansing solutions,-0.03724234700399852,0.3409,0.6385
Brimonidine tart (Rosacea),-0.05704341706869829,0.4536,0.4964
Brimonidine tartrate,0.024362717040486034,0.1594,0.2467
Brinzolamide,0.08487623722441964,0.0523,0.1048
Brinzolamide and timolol,-0.05511222608838719,0.4605,0.4924
Brinzolamide/brimonidine,-0.04908782340293863,0.4221,0.4317
Brivaracetam,0.17714811916008927,0.00648,0.0176
Brodalumab (Psoriasis),0.0128120953328173,0.0757,0.3734
Bromazepam,-0.031457648989913045,0.2812,0.4828
Bromfenac,0.10778347397201984,0.03708,0.0329
Bromocriptine,-0.03360152959278052,0.3585,0.3543
Budesonide,0.17805156977137368,0.00629,0.0062
Bumetanide,0.1319632300322291,0.01968,0.0303
Bupivacaine hydrochloride,0.09603986498253378,0.0456,0.0636
Buprenorph hydrochloride/naloxone hydrochloride,-0.04248440842311795,0.3899,0.4157
Buprenorphine,0.09996089168084625,0.04218,0.039
Buprenorphine hydrochloride,0.07806929366113756,0.0563,0.1299
Bupropion hydrochloride,0.020268048811008455,0.177,0.1932
Buserelin,-0.1703539946700757,0.9223,0.948
Buspirone hydrochloride,0.07424115930948035,0.0511,0.0614
Busulfan,0.013960632871006884,0.1452,0.1127
Butobarbital,-0.12874845549170164,0.7789,0.8008
C1-Esterase inhibitor,-0.12193884954478465,0.787,0.5548
Cabergoline,-0.06203127345877606,0.4679,0.4291
Cabotegravir,-0.06567840285070178,0.5335,0.5039
Cabozantinib,0.10934026307265138,0.02647,0.0148
Caffeine,0.06104096094287404,0.0856,0.0478
Caffeine citrate,0.07953645617757757,0.03198,0.1317
Calamine,0.26795107913978455,0.00043,0.0004
Calcifediol,-0.03031545672689171,0.3004,0.5345
Calcipotriol,0.006163423933283237,0.2158,0.262
Calcitonin (Salmon),-0.08891212589988497,0.6783,0.4711
Calcitriol,-0.04548620333193762,0.3954,0.5035
Calcium acetate,0.00798731246291113,0.2048,0.2065
Calcium acetate/magnesium carbonate,-0.08490692676720335,0.6044,0.3581
Calcium carbonate,-0.1275182287156278,0.7598,0.7904
Calcium chloride,0.21007553604094895,0.00262,0.0069
Calcium folinate,0.0008134409541963198,0.2104,0.2438
Calcium gluconate,-0.03275853032847708,0.3484,0.3178
Calcium lactate,-0.21989080991255355,0.9732,0.9899
Calcium polystyrene sulfonate,-0.07969629406829055,0.604,0.5266
Camellia sinensis extract,-5.440239603259244e-05,0.2123,0.11
Canagliflozin,0.013574556873722107,0.1927,0.1563
Canagliflozin/metformin,-0.06350982062789938,0.4835,0.4663
Candesartan cilexetil,0.11039662972064312,0.03342,0.0365
Cannabidiol,-0.007495095905572575,0.2217,0.2308
Capecitabine,-0.06591372176067398,0.4911,0.675
Capsaicin,0.09856427011904352,0.04288,0.0413
Capsules delisted probiotic (0913531),-0.033087774653917434,0.3308,0.379
Captopril,0.10010382554398611,0.04103,0.026
Carbamazepine,0.07247849232961778,0.073,0.046
Carbidopa,-0.09247771062475561,0.7101,0.5096
Carbimazole,0.09031844789566745,0.05091,0.0372
Carbocisteine,0.08612792600809799,0.0544,0.0548
Carbomer,-0.06844575966395344,0.5038,0.5218
Carbomer 940/980,0.015932349605064386,0.1847,0.146
Carbomer 974P,0.004258623466877932,0.2169,0.2531
Carglumic acid,-0.09959396692273798,0.6478,0.7747
Cariprazine,0.07360316179834711,0.0694,0.1043
Carmellose sodium,-0.01837734529495803,0.2709,0.4291
Carteolol hydrochloride,-0.04189972107851331,0.3667,0.487
Carvedilol,-0.07132801917538543,0.5476,0.6276
Caspofungin,-0.09994329073374027,0.669,0.3662
Castor oil,-0.05311449260584547,0.4004,0.3831
Catheter Maintenance Products,-0.1285394689058732,0.8179,0.8604
Catheter Valves,-0.13287094901111465,0.8373,0.8803
Catheters,-0.16857807719411677,0.9337,0.9682
Cefaclor,0.15704198078219198,0.01012,0.0049
Cefadroxil,0.1687765385380667,0.00847,0.0182
Cefalexin,0.12557683102966682,0.02171,0.0396
Cefixime,-0.023160607305230004,0.3117,0.3167
Cefotaxime sodium,0.27219891609423363,0.00051,0.0017
Cefradine,0.06646567414145686,0.0851,0.0665
Ceftazidime pentahydrate,0.02963219052727993,0.08,0.1282
Ceftriaxone sodium,0.10942603846862543,0.03168,0.0196
Cefuroxime axetil,0.21344267560280525,0.00105,0.009
Cefuroxime sodium,-0.0832395285718838,0.5711,0.4818
Celecoxib,0.13912425887748656,0.01526,0.0096
Celiprolol hydrochloride,0.02735467083896518,0.1513,0.1816
Cellulose Wadding BP 1988,0.01426097481659476,0.1641,0.296
Cenobamate,0.2594248913299785,0.00057,0.0115
Certolizumab pegol,0.06906938345116583,0.0666,0.1883
Cervical Collar,-0.1000205784020756,0.641,0.6378
Cetirizine hydrochloride,0.1731220384106364,0.00764,0.0055
Cetomacrogol,-0.008994684993931157,0.2635,0.1186
Cetrimide,-0.03281146385848776,0.3561,0.2763
Cetrorelix,-0.019439141204332704,0.2268,0.4466
Cetylpyridinium chloride,-0.07322766067616589,0.5298,0.4914
Charcoal,-0.13386794266572713,0.7865,0.7678
Chenodeoxycholic acid,-0.08683638751039403,0.6676,0.511
Chiropody Appliances,-0.0039686542923685975,0.1697,0.2202
Chlohexidine gluconate (Emollient),-0.008378364799096991,0.2159,0.3542
Chloral hydrate,0.08225441309498349,0.0542,0.0372
Chlorambucil,-0.09079358646865393,0.6045,0.6124
Chloramphenicol,-0.015020411272650053,0.2897,0.2898
Chlordiazepoxide hydrochloride,-0.10091554345163785,0.6569,0.6998
Chlorhex hydrochloride,-0.05536123898758379,0.4545,0.4522
Chlorhexidine acetate,-0.034942609259198426,0.3292,0.3359
Chlorhexidine gluconate,0.29729653207596857,0.00013,0.0005
Chlorhexidine hydrochloride / Lidocaine hydrochloride,-0.03417629619069519,0.2878,0.6486
Chloroprocaine hydrochloride,-0.11496852638415812,0.7424,0.7199
Chloroquine phosphate,0.11708779838548179,0.02251,0.0008
Chloroquine phosphate with proguanil hydrochloride,-0.0017540736195609105,0.203,0.1426
Chlorothiazide,-0.10264048405354309,0.6638,0.6429
Chloroxylenol,-0.06814641578984017,0.5164,0.3131
Chlorphenamine maleate,0.1831864459402062,0.0051,0.0095
Chlorpromazine hydrochloride,0.012003224530338412,0.1901,0.1549
Chlorpropamide,-0.01411068583721447,0.2186,0.4708
Chlorprothixene,-0.06567840285070178,0.5335,0.5039
Chlortalidone,0.02297765629883722,0.1003,0.0962
Cholera,-0.12956560540373965,0.7734,0.8751
Cholesterol,-0.014900643103961898,0.2034,0.6059
Cholesterol/simvastatin,-0.062315664940481616,0.5082,0.3893
Cholic acid,-0.08683638751039405,0.6676,0.511
Choline salicylate,0.23331168841542302,0.00125,0.0019
Choriogonadotropin alfa,0.12442533068156293,0.02542,0.0272
Chorionic gonadotrophin,-0.14391536819556427,0.8752,0.9554
Ciclesonide,0.1914903790798544,0.00575,0.003
Ciclosporin,0.2807904013959576,0.00022,0.0012
Ciclosporin (Eye Anti Inflammatory),-0.012763957026363149,0.2653,0.2452
Cilostazol,-0.0801924097169111,0.5628,0.6082
Cimetidine,-0.035268424321357336,0.3525,0.4361
Cinacalcet hydrochloride,-0.11914834212394614,0.731,0.7543
Cinnarizine,0.08162571675291085,0.055,0.1032
Ciprofibrate,-0.04887456315044056,0.4097,0.4861
Ciprofloxacin,0.09825794231143396,0.04151,0.0691
Ciprofloxacin/fluocinolone,-0.006257891071806962,0.2218,0.1631
Ciprofloxain/dexameth,0.1304100711171279,0.02012,0.0172
Citalopram hydrobromide,0.1498665709493892,0.01208,0.0158
Citalopram hydrochloride,0.051848172724987006,0.103,0.117
Cladribine (Immunomodulating),-0.04309850558393884,0.3642,0.277
Clarithromycin,-0.021833595176093366,0.318,0.3475
Clascoterone,-0.010096625241727154,0.2603,0.2907
Clemastine fumarate,-0.1486279318263277,0.8298,0.8741
Clindamycin hydrochloride,0.061278229334982115,0.0769,0.2476
Clindamycin phosphate,0.013034059849348384,0.1997,0.2291
Clindamycin/tretinoin,-0.04466312263212954,0.4045,0.3404
Clobazam,0.08116783071045827,0.0562,0.0292
Clobetasol propionate,0.03249108526186889,0.1375,0.1976
Clobetasone butyrate,0.03491388935762708,0.145,0.1098
Clofazimine,-0.09330324295054787,0.608,0.5745
Clomethiazole,-0.1266994376833863,0.7617,0.7822
Clomethiazole edisilate,-0.02236812063980845,0.2463,0.4979
Clomifene citrate,0.04208595124525442,0.124,0.1266
Clomipramine hydrochloride,0.12588298023706745,0.02418,0.0312
Clonazepam,0.1865188586114488,0.0027,0.0019
Clonidine hydrochloride,0.21417062703174397,0.00219,0.0012
Clopidogrel,0.19830191591667587,0.0033,0.0078
Cloral betaine,-0.09744614573013402,0.6638,0.5113
Clotrimazole,0.1707868293994465,0.00787,0.0068
Clozapine,-0.0949966053989814,0.6583,0.6536
Co-amilofruse (Amiloride hydrochloride/frusemide),0.08154539321112433,0.0603,0.0524
Co-amilozide (Amiloride hydrochloride/hydrochlorothiazide),0.10133350128071407,0.03918,0.0273
Co-amoxiclav (Amoxicillin/clavulanic acid),-0.09755380163683909,0.6484,0.7178
Co-beneldopa (Benserazide/levodopa),0.07312365478218746,0.0679,0.0818
Co-careldopa (Carbidopa/levodopa),0.12595856329702265,0.02421,0.0139
Co-codamol (Codeine phosphate/paracetamol),-0.10675857324755758,0.6811,0.7075
Co-codaprin (Codeine phosphate/aspirin),-0.022738673851767817,0.3002,0.4102
Co-cyprindiol (Cyprote acetate/ethinylestradiol),0.09639234133211036,0.04418,0.0542
Co-danthramer (Dantron/poloxamer 188),-0.011376314749786629,0.2383,0.1544
Co-danthrusate (Dantron/docusate sodium),0.0319808720049688,0.1282,0.1626
Co-dydramol (Dihydrocodeine/paracetamol),0.14872182416267235,0.01375,0.0363
Co-fluampicil(Flucloxacillin/ampicillin),0.04722618048556478,0.1058,0.088
Co-flumactone (Hydroflumethiazide/spironolactone),-0.104560616432479,0.718,0.5941
Co-magaldrox (Magnesium/aluminium hydroxide),-0.10906772184561167,0.688,0.677
Co-phenotrope (Diphenox hydrochloride/atropine sulfate),-0.09674135231979772,0.6883,0.6464
Co-proxamol (Dextropropoxyphene hydrochloride/paracetamol),0.037626690046380015,0.1332,0.1999
Co-simalcite (Simeticone/hydrotalcite),-0.09816520076508976,0.6409,0.4927
Co-tenidone (Atenolol/chlortalidone),-0.10104049105347002,0.6691,0.5873
Co-triamterzide(Triamterene/hydrochlorothiazide),-0.2254000407637153,0.9777,0.9358
Co-trimoxazole(Trimethoprim/sulfamethoxazole),0.03604798732822237,0.1317,0.1904
Co-zidocapt (Hydrochlorothiazide/captopril),-0.028770070687138858,0.2786,0.4672
Coal tar,-0.06965393010030173,0.5193,0.467
Coal tar and corticosteroid preparations,-0.03949521916679163,0.3569,0.4559
Coal tar bath preparations,-0.12228305583177958,0.7611,0.6045
Cobicistat,-0.13517885711532027,0.8313,0.5075
Cocaine,0.10835734427015901,0.02892,0.1797
Cocois,-0.08387978664388493,0.5751,0.4511
Cod liver oil,-0.05835996953134515,0.4629,0.2254
Codeine phosphate,-0.10705136790019426,0.6813,0.6312
Colchicine,0.2900500202086196,0.00023,0.0004
Colecalciferol,-0.03037831661572401,0.3482,0.3654
Colesevelam hydrochloride,0.17821852427343043,0.00642,0.0167
Colestipol hydrochloride,-0.07850581223290931,0.5518,0.6139
Colestyramine,0.008944795292194784,0.1992,0.2153
Colistimethate sodium,0.1240057359952954,0.02344,0.0461
Colostomy Bags,-0.057393852468216405,0.4408,0.5383
Colostomy Sets,-0.09256551363224294,0.6902,0.791
Combined ethinylestradiol 20mcg,-0.01669145200684979,0.2935,0.33
Combined ethinylestradiol 30mcg,0.1538144993160263,0.0121,0.0178
Combined ethinylestradiol 35mcg,0.28036428969094623,0.00019,0.0004
Combined mestranol,-0.00217960079396677,0.2298,0.2968
Compound alginates and proprietary indigestion preparations,-0.11377834982473933,0.7085,0.7166
Compound antispasmodic preparations,-0.018844549285526542,0.2978,0.2412
Compound iron preparations,-0.09587333857687078,0.6547,0.6733
Contraceptive Devices,0.0008673347607928301,0.2275,0.3018
Coronavirus vaccine,0.10321652104602255,0.03905,0.0341
Cortisone acetate,-0.09622493360611437,0.6228,0.5647
Crotamiton,0.04074116788221755,0.1284,0.2011
Cyanocobalamin,0.06219158834195823,0.0865,0.1184
Cyclizine hydrochloride,-0.09378857009916904,0.6151,0.6402
Cyclizine lactate,-0.021781495493998757,0.315,0.3707
Cycloidal Vibration Accessories,0.18868589662756727,0.00286,0.0259
Cyclopentolate hydrochloride,0.2993274597886974,9e-05,0.0003
Cyclophosphamide,-0.005106544985437086,0.2387,0.319
Cycloserine,-0.02338947473707124,0.2454,0.2755
Cyproheptadine hydrochloride,-0.015523338280993042,0.273,0.3926
Cyproterone acetate,0.21165067522984535,0.0023,0.0543
Cytisinicline,-0.006785119551570586,0.2372,0.1946
Dabigatran etexilate,0.10298827567994628,0.03828,0.0438
Dabrafenib,-0.08749121699465032,0.6624,0.5263
Dalteparin sodium,-0.09928791158721549,0.6451,0.7279
Danazol,0.12105428422588108,0.02349,0.1255
Dantrolene sodium,0.22429950411297747,0.00127,0.0026
Dapagliflozin,-0.03685306868599089,0.372,0.3805
Dapagliflozin/metformin,-0.07354265594736947,0.5453,0.5665
Dapoxetine hydrochloride,0.016039615734453287,0.1757,0.0947
Dapsone,0.0543466179978724,0.0959,0.1051
Daptomycin,0.04814875461109158,0.0833,0.1109
Darbepoetin alfa,-0.02072816258363663,0.2545,0.2721
Daridorexant,-0.03414900859760919,0.3601,0.3659
Darifenacin hydrobromide,-0.03443394867728947,0.3541,0.2193
Darunavir,-0.02039900131229264,0.2843,0.1929
Darunavir/cobicistat,-0.08908721856483558,0.6037,0.3681
Dasatinib,-0.10865276290539094,0.6786,0.7247
Debridement Device,0.07195413865412809,0.0681,0.1772
Deferasirox,-0.028445241274154463,0.3127,0.1725
Deferiprone,-0.06243524652147064,0.4745,0.4756
Deflazacort,0.35839750342709836,3e-05,0.0001
Degarelix,0.07670657285504306,0.0612,0.0839
Delgocitinib,0.15523797454896296,0.01295,0.0207
Demeclocycline hydrochloride,0.1278117369165062,0.02211,0.021
Dengue fever,-0.07920823506093193,0.6104,0.4861
Denosumab,0.04619837793205535,0.112,0.1706
Deodorants,-0.0752213285993796,0.5791,0.7021
Depigmenting agents,0.027135367005093208,0.1595,0.1902
Dequalinium chloride,-0.07092001079916045,0.5213,0.4917
Desferrioxamine mesilate,-0.0977578395927323,0.7278,0.5968
Desloratadine,0.17533939859083933,0.0067,0.0093
Desmopressin acetate,-0.04575631874051142,0.4045,0.3468
Desogestrel,-0.02668227530932113,0.3228,0.3896
Detection Sensor Interstitial Fluid/Gluc,-0.14185436045088828,0.8129,0.8298
Dev For Fungal Nail Infections,0.06534768473333755,0.0791,0.0598
Dexamethasone,0.17711250755595428,0.00625,0.0095
Dexamethasone phosphate,-0.009034115684320417,0.261,0.2985
Dexamethasone sodium metasulphobenzoate,-0.038413735598877584,0.3743,0.4235
Dexamethasone sodium phosphate,-0.08363937498685321,0.5978,0.7237
Dexamfetamine sulfate,-0.032237703612494645,0.3363,0.3867
Dexibuprofen,-0.06871291148841394,0.4858,0.5457
Dexketoprofen,-0.10864132585804476,0.6872,0.5713
Dexpanthenol,0.0625283552272872,0.0848,0.0974
Dextromethorphan hydrobrom compound prepartions,-0.042555023607603236,0.3924,0.4033
Dextromethorphan hydrobromide,0.19778360502985323,0.00533,0.0272
Diamorphine hydrochloride,0.054813994254111285,0.0912,0.0602
Diamorphine hydrochloride (Systemic),0.008245837428031963,0.2066,0.2391
Diazepam,0.20179359760097174,0.00294,0.0063
Diazoxide,-0.07011365769607121,0.5159,0.483
Dibasic potassium phosphate,-0.038335111917782605,0.3443,0.4838
Dibrompropamidine isetionate,0.0026872852031950075,0.2083,0.4044
Diclofenac diethyl,0.02759816152393947,0.1583,0.1802
Diclofenac potassium,0.04427869378476285,0.1128,0.1111
Diclofenac sod,0.07158190994623197,0.077,0.0422
Diclofenac sodium,0.058261359740731135,0.0868,0.0878
Dicycloverine hydrochloride,-0.0030168616493919664,0.233,0.2322
Dicycloverine hydrochloride compound preparations,-0.06042015687071193,0.4797,0.5056
Dienogest,-0.009272289481141147,0.2689,0.2981
Diethylamine salicylate,0.03617711167699329,0.1288,0.1377
Diethylstilbestrol,-0.014224495536369303,0.2836,0.2659
Diflucortolone valerate,-0.10140341576063168,0.6472,0.7201
Digoxin,0.3251402954847703,2e-05,0.0006
Dihydrocodeine tartrate,0.014841327102060793,0.1812,0.1722
Diloxanide furoate,0.11657859635910507,0.02959,0.1041
Diltiazem hydrochloride,-0.12833287876618077,0.7616,0.7433
Dimenhydrinate/cinnarizine,0.2682639815839194,0.0004,0.0033
Dimethyl fumar,-0.15219292071138518,0.8658,0.8828
Dimethyl sulfoxide,-0.09718351999571996,0.7299,0.5161
Dimeticone (Barrier),0.014249364212030307,0.1806,0.136
Dimeticone (Parasiticidal),-0.042693988952784964,0.3974,0.2915
Dinoprostone,-0.04548380383548607,0.3693,0.2652
Diosmin/hesperidin,-0.042739077766177205,0.3392,0.3915
Diphenhydramine hydrochloride,0.07698652585999445,0.0647,0.0515
Diphenhydramine hydrochloride/pholcodine,-0.038335111917782605,0.3443,0.4838
Diphtheria,0.15754411453573178,0.00823,0.0038
Dipipanone hydrochloride,0.11012978524501123,0.03383,0.0155
Dipyridamole,0.08145151081069088,0.0553,0.0614
Dipyridamole and aspirin,-0.2518917068348459,0.9904,0.7956
Discharge Solidifying Agents,-0.07363259288279189,0.5318,0.648
Disodium edetate,-0.04435550541438049,0.3786,0.2571
Disopyramide,0.10274316374443519,0.03603,0.011
Disopyramide phosphate,0.030495770601644944,0.1384,0.1182
Distigmine bromide,-0.07957451795576535,0.5527,0.5064
Disulfiram,0.03275217915742725,0.1285,0.1358
Dithranol,-0.11534036186364705,0.7065,0.7701
Docusate sodium,-0.04264444244226586,0.3851,0.4137
Dolutegravir,-0.0573856916209765,0.4332,0.286
Dolutegravir/lamivudine,-0.056260159067960884,0.4551,0.4418
Dolutegravir/rilpivirine,-0.05382403977506523,0.444,0.4704
Domperidone,-0.11316676903061997,0.6959,0.6152
Donepezil hydrochloride,0.07471377579130097,0.067,0.0822
Doravirine,-0.07671061777797057,0.6105,0.4857
Doravirine/lamivudine/tenofovir disoproxil,-0.09247771062475563,0.7101,0.5096
Dornase alfa,-0.00041805813795786845,0.2236,0.2327
Dorzolamide,-0.04210710968453209,0.3905,0.3804
Dorzolamide and timolol,0.23658051988430245,0.00103,0.0007
Dosulepin hydrochloride,-0.018761160452883837,0.2909,0.3795
Douches,-0.13513773365343415,0.8478,0.2874
Doxazosin mesilate,0.08249551450087203,0.0599,0.0684
Doxepin,-0.010604670030926857,0.2669,0.3485
Doxepin hydrochloride,-0.008233397668643396,0.2603,0.2008
Doxycycline hyclate,0.06355086711322828,0.0831,0.0611
Doxycycline monohydrate,0.2787763797846888,0.00029,0.0012
Doxylamine succinate/pyridoxine hydrochloride,0.25591238901947055,0.00063,0.0011
Drainable Dribbling Appliances,-0.08923929502779362,0.6709,0.5455
Dronabinol/cannabidiol,0.30035561386139564,0.00015,0.0001
Dronedarone hydrochloride,0.16160613659380638,0.00733,0.0298
Drospirenone,0.12157715284507441,0.02236,0.0539
Drospirenone and Estetrol,0.1499304502799907,0.012,0.0029
Dry Mouth Products,-0.06403164671138589,0.4931,0.5177
Dulaglutide,-0.2120247227715045,0.9593,0.9378
Duloxetine hydrochloride,-0.084244331541599,0.5808,0.593
Dutasteride,-0.05359368670176993,0.4431,0.4762
Dydrogesterone,-0.14819641603253636,0.8258,0.836
Econazole nitrate,0.12183479775512136,0.02551,0.0282
Edoxaban,-0.17049071921074818,0.8934,0.8978
Efavirenz,-0.09524643566151243,0.6506,0.6241
Efavirenz/emtricitabine/tenofovir disoproxil,-0.028575895092603575,0.3122,0.2334
Eflornithine monohydrate chloride,0.004609177321879782,0.2194,0.3154
Elafibranor,-0.06860737799751412,0.517,0.4924
Elastic Hosiery,-0.04537484400813346,0.3922,0.4552
Elbasvir/grazoprevir,-0.02280060768944117,0.2498,0.3539
Eletriptan,0.008511607088527894,0.1789,0.2596
Eltrombopag,-0.0833341530829101,0.5699,0.4483
Eluxadoline,-0.05190885301934282,0.4308,0.5462
Emedastine,-0.01411068583721447,0.2186,0.4708
Emollient bath and shower preparations,-0.033971151014740845,0.3552,0.3171
Emollients,0.1650984166824267,0.00923,0.0082
Empagliflozin,0.052810016803812934,0.1043,0.0887
Empagliflozin/linagliptin,0.0026979213602725013,0.1998,0.1479
Empagliflozin/metformin,-0.10465738975679435,0.7057,0.7017
Emtricitabine,-0.06913165153704544,0.5207,0.5006
Emtricitabine and tenofovir alafenamide,-0.10095439980235296,0.6587,0.3139
Emtricitabine and tenofovir disoproxil,-0.01901932425142859,0.2284,0.3054
Emulsifying wax,0.004432104437437844,0.2201,0.1881
Enalapril maleate,0.22094363148041601,0.00229,0.0005
Enalapril maleate with diuretic,0.12659074447274063,0.0196,0.0719
Enoxaparin,-0.10274922799305258,0.6606,0.7577
Enoximone,-0.09200633762630611,0.6409,0.6629
Entacapone,0.014264487343418222,0.1911,0.1525
Entecavir,-0.08712310781632313,0.6093,0.4887
Enteral nutrition,0.008018040831090686,0.1328,0.4547
Enzalutamide,0.01202677449352049,0.1884,0.207
Ephedrine hydrochloride,0.0007159228690012755,0.2329,0.2256
Epinastine hydrochloride,0.1536944837588101,0.01011,0.0165
Eplerenone,0.18713830866793796,0.00493,0.0035
Epoetin alfa,-0.113734247240579,0.713,0.6881
Epoetin beta,0.050692454322320724,0.03714,0.1531
Epoetin zeta,0.16407698882947033,0.00446,0.0085
Eprosartan,-0.10161438462352966,0.6615,0.5801
Erdosteine,0.10197230454541083,0.01477,0.1157
Erectile Dysfunction Devices,-0.08910697549564844,0.619,0.6176
Erenumab,-0.023881370078115517,0.2539,0.5323
Erenumab (old),-0.05681291503591583,0.434,0.6421
Ergocalciferol,-0.15762452946566727,0.8615,0.9296
Ergometrine maleate,-0.014110685837214485,0.2186,0.4708
Ergotamine tartrate,-0.21529641300871316,0.9667,0.9627
Erlotinib,-0.012412077037061795,0.2334,0.24
Ertapenem sodium,0.021344780232406293,0.1277,0.2066
Ertugliflozin,-0.0014031291902638562,0.2367,0.2897
Erythromycin,-0.0025951131177762102,0.2409,0.1964
Erythromycin ethylsuccinate,0.031411571744853005,0.1261,0.078
Erythromycin lactobionate,-0.12116664561139709,0.7894,0.4669
Erythromycin stearate,0.0639742197064837,0.0824,0.0489
Escitalopram,0.17239426162167618,0.0071,0.0136
Eslicarbazepine acetate,0.21764381571223618,0.00214,0.0112
Esomeprazole,-0.11163922893179501,0.704,0.7577
Estradiol,0.1981889423869031,0.00382,0.0023
Estradiol and estriol with progestogen,-0.15366191342504268,0.8485,0.8495
Estradiol and nomegestrol,0.18368326945113808,0.00519,0.0003
Estradiol valandestradiol valerate with dienogest,0.20445017646210134,0.00183,0.0003
Estradiol valerate,0.3167693345691143,9e-05,0.0017
Estradiol with progestogen,0.1460533100865475,0.01375,0.0074
"Estradiol, estriol and estrone",-0.09107842069018923,0.6952,0.4991
Estriol,-0.0016795801304641605,0.244,0.2643
Eszopiclone,-0.15669913210996425,0.8779,0.9591
Etamsylate,-0.047437713490021356,0.3874,0.5822
Etanercept,-0.006913220151709614,0.1667,0.2606
Ethambutol hydrochloride,-0.1747169472533655,0.9022,0.9552
Ethinylestradiol,0.01735879327726993,0.1729,0.1153
Ethosuximide,-0.039449139982674304,0.3765,0.4068
Etidronate disodium,-0.05317255942871291,0.4471,0.5873
Etilefrine hydrochloride,-0.08440381805128562,0.5847,0.4173
Etodolac,0.08218777247120439,0.057,0.08
Etomidate,0.0128120953328173,0.0757,0.3734
Etonogestrel,0.04476168700643983,0.1172,0.1749
Etonogestrel/ethinylestradiol,0.008155534714633142,0.2003,0.1611
Etoposide,-0.04132707567646844,0.3231,0.6748
Etoricoxib,-0.040857003433996134,0.3881,0.4633
Etravirine,-0.23044394480053743,0.9828,0.7658
Etynodiol diacetate,-0.03833511191778259,0.3443,0.4838
Everolimus,-0.012463124795678784,0.2313,0.386
Evolocumab,0.20701945550569995,0.00078,0.0036
Exemestane,0.24461256582787724,0.00101,0.0053
Exenatide,-0.048431926093071884,0.4104,0.487
Eye Products,0.27068432896473155,0.00038,0.0016
Ezetimibe,0.041904551856122255,0.1178,0.1526
Faecal Collectors,-0.0641532868057883,0.5163,0.6059
Famciclovir,-0.07131339006598535,0.5361,0.4931
Famotidine,0.01846664514770855,0.1744,0.1819
Fampridine,-0.0454061837218641,0.3827,0.555
Febuxostat,0.10257518873689543,0.03789,0.0354
Felbamate,0.05599221031484948,0.0825,0.2064
Felbinac,0.00984509353825302,0.1945,0.1979
Felodipine,0.06844715275232466,0.0749,0.0891
Fenofibrate,-0.10646910767810767,0.6624,0.6566
Fenofibrate/simvastatin,0.011243309013315867,0.1845,0.3028
Fenoterol hydrobromide,-0.030684601364521297,0.2923,0.4745
Fentanyl,-0.07135256022579371,0.5236,0.5937
Fentanyl citrate,0.06372557453480295,0.0701,0.1502
Fenticonazole nitrate,0.10876516691120992,0.03359,0.0553
Ferric maltol,0.2327367907385715,0.00136,0.0077
Ferrous calcium citrate,-0.07583142515237182,0.6037,0.4803
Ferrous fumarate,-0.09914008841277103,0.638,0.6396
Ferrous gluconate,0.19466025241862364,0.00387,0.0225
Ferrous sulfate,-0.14554677194101648,0.8152,0.8413
Fesoterodine fumarate,0.148147612882123,0.01385,0.0077
Fexofenadine hydrochloride,0.22399936532506534,0.00182,0.005
Fezolinetant,0.1424093790966251,0.0166,0.0284
Fidaxomicin,0.055551152124709,0.094,0.2009
Filgotinib,-0.00937019335059084,0.2256,0.2054
Filgrastim,-0.003661520564114713,0.222,0.3837
Filters/Bridges,-0.07106920346114766,0.5107,0.6714
Finasteride,0.2895251151131763,0.00021,0.0005
Finerenone,0.1424939218418447,0.01624,0.0187
Fingolimod,-0.11272414422410403,0.7161,0.6288
Flanges,-0.07585797900403168,0.567,0.4929
Flavoxate hydrochloride,-0.062173521046986674,0.4709,0.5341
Flecainide acetate,0.1275548614955327,0.02215,0.025
Flubiprofen,-0.022026434117240843,0.3076,0.2919
Flucloxacillin magnesium,-0.02554271156103493,0.2986,0.3373
Flucloxacillin sodium,-0.07868780894207442,0.5563,0.5956
Fluconazole,0.1024956883334559,0.03901,0.0786
Fludarabine phosphate,0.0040113189488641945,0.2137,0.3462
Fludrocortisone acetate,0.03902252474441787,0.1235,0.1418
Fludroxycortide,-0.16527202623268747,0.8739,0.9065
Flumazenil,-0.017283668795120843,0.2812,0.3873
Flumetasone pivalate,-0.11722289411083103,0.7856,0.2219
Flunarizine dihydrochloride,-0.06145690460531855,0.4706,0.5018
Flunisolide,-0.05338867409172844,0.4427,0.523
Fluocinolone acetonide,-0.011132548482389686,0.2493,0.3033
Fluocinonide,0.23553436635661912,0.0025,0.0015
Fluocortolone,0.011296606836594484,0.1948,0.271
Fluorescein sodium,0.0639974256273486,0.04665,0.0013
Fluorometholone,0.05172742663734965,0.0991,0.1031
Fluorouracil (Antimetabolites),-0.09513265390500501,0.6276,0.6087
Fluorouracil (Sunscreen),0.18929376740192297,0.00434,0.0023
Fluoxetine hydrochloride,0.05554702301930685,0.0958,0.0736
Flupentixol decanoate,-0.18252957854552967,0.9166,0.915
Flupentixol hydrochloride,-0.000872955712543172,0.2078,0.1759
Fluphenazine decanoate,-0.10780210265752273,0.6868,0.7386
Fluphenazine hydrochloride,-0.10518912898577616,0.6777,0.7799
Flurazepam hydrochloride,0.10806650408498404,0.03437,0.0819
Flurbiprofen,-0.14455343631758405,0.8192,0.8018
Flurbiprofen sodium,0.061822187913099215,0.0769,0.1509
Flutamide,0.01227920057400833,0.1864,0.2028
Fluticasone furoate,-0.017018120918823897,0.2883,0.3148
Fluticasone furoate (Inhalation),0.22290468306310135,0.00149,0.002
Fluticasone furoate/vilanterol,0.22968374416513349,0.00127,0.0016
Fluticasone propionate (Inhalation),0.09021277623342001,0.04667,0.0613
Fluticasone propionate (Nasal),0.16177309957588218,0.00982,0.0118
Fluticasone propionate (Topical),0.06150881366285549,0.04502,0.1165
Fluticasone propionate/azelastine hydrochloride (Nasal),-0.049831631069431795,0.4265,0.414
Fluticasone/umeclidinium/vilanterol,0.20529842082074554,0.00316,0.0089
Fluvastatin sodium,0.1982715446522299,0.00317,0.0016
Fluvoxamine maleate,-0.13757747071879411,0.793,0.8013
Foam,-0.06655032514337765,0.4757,0.4906
Folic acid,-0.0744701925231156,0.5363,0.3834
Follitropin alfa,-0.04043618401504886,0.3788,0.4206
Follitropin alfa and lutropin alfa,-0.05314576762054554,0.4463,0.5811
Fondaparinux sodium,-0.055732295084957965,0.4368,0.3854
Food replacer discontinued or OTC cakes (0913451),-0.053470459948776174,0.4404,0.4734
Food replacer discontinued or OTC egg replacer (0913451),0.015095650703442588,0.1571,0.1177
Food replacer discontinued or OTC meat/fish (0913451),-0.08832803187528245,0.6134,0.6969
Food replacer discontinued or OTC milk (0913451),-0.10092456895309657,0.6734,0.7762
Food replacer discontinued or OTC pasta (0913451),-0.10399191248658554,0.7877,0.4285
Food replacer discontinued or OTC pizza bases (0913451),-0.1540530471137802,0.8601,0.6756
Food replacer discontinued or OTC rolls/baguettes (0913451),-0.046991758735512465,0.3861,0.4395
Food replacer discontinued or OTC savoury biscuits (0913451),-0.11983595161891744,0.8545,0.4977
Food replacer discontinued or OTC spreads (0913451),-0.11405517212693424,0.8377,0.4727
Formaldehyde,0.022063980024219398,0.1693,0.1505
Formoterol fumarate,0.054918584600424696,0.0918,0.0685
Formoterol/glycopyrronium/budesonide,0.024985193304567294,0.1631,0.1876
Fosamprenavir calcium,-0.0797133637252076,0.6198,0.5272
Fosfomycin calcium,-0.14527448467701262,0.8438,0.6856
Fosfomycin trometamol,-0.19694761446770254,0.9534,0.7365
Fosinopril sodium,-0.0024737490052504107,0.2429,0.2484
Fosphenytoin sodium,-0.13133357325516654,0.7904,0.7564
Freeze sprays and gels,0.08367478019955638,0.0547,0.0479
Fremanezumab,-0.13914314736992134,0.8539,0.9219
Frovatriptan,-0.032087531895407875,0.3603,0.4092
Fructose,-0.0485407926827547,0.4217,0.322
Fulvestrant,-0.008051005581913961,0.1271,0.3993
Fumaric acid,-0.038335111917782605,0.3443,0.4838
Furosemide,0.11175872071057909,0.03127,0.0205
Fusidic acid,0.053606428244877,0.101,0.0962
Gabapentin,0.02226401435560895,0.1721,0.1135
Gabapentin (Neuropathic Pain),-0.0013219209954811058,0.1835,0.2815
Galantamine,0.15068710584870437,0.01356,0.0162
Galcanezumab,0.0032220310089716687,0.1329,0.4746
Gamolenic acid,-0.14499241918956146,0.8181,0.7996
Ganciclovir,-0.07983614875493708,0.5623,0.5199
Gauzes & Gauze Tissue,-0.03815552835316486,0.3619,0.4081
Gel OTC glucose for diabetic hypo treatment (0913541),-0.1541844193842458,0.865,0.8894
Gelatin,0.06001108467792473,0.0538,0.207
Gemfibrozil,-0.030651918150994342,0.3366,0.4051
Generic Orgran GF pasta rice & corn veg animal shapes,-0.23044394480053743,0.9828,0.7658
Gentamicin sulfate,-0.0022491410937762408,0.2372,0.2787
Glatiramer acetate,-0.03730872524196411,0.338,0.4706
Glecaprevir/pibrentasvir,-0.07952232045441364,0.5534,0.3265
Glibenclamide,-0.0038323233006745277,0.226,0.1825
Gliclazide,-0.0016804121307545069,0.2374,0.2528
Glimepiride,-0.0564619665818131,0.4521,0.3392
Glipizide,0.1592704266503293,0.01146,0.0215
Glten free /wheat/free /low/protein cooking aids,-0.04431639048274435,0.3945,0.4271
Glucagon,0.05783259254494191,0.0952,0.0997
Glucosamine hydrochloride (Rheumatic),-0.15739355952600595,0.9045,0.6085
Glucosamine sulfate (Rheumatic),-0.03268002462173876,0.3087,0.711
Glucose,-0.08006481513680758,0.5557,0.5042
Glucose and ketone blood testing reagents,-0.021331233133723943,0.2646,0.0717
Glucose blood testing reagents,0.1532123701175034,0.01154,0.017
Glucose/glycerol,-0.19510025581959003,0.9543,0.849
Glutaraldehyde,0.03089946515339146,0.1412,0.1502
Gluten free bread,0.06181002934273461,0.0847,0.1087
Gluten free breads,0.08212508818137208,0.0568,0.0787
Gluten free mixes,0.09299449711688751,0.04921,0.0652
Gluten free pasta,-0.3650085647126929,0.9992,0.7806
Gluten free pastas,-0.37193682255289096,0.9996,0.7913
Gluten free/low protein biscuits,-0.11796033020279885,0.8501,0.4928
Gluten free/low protein bread,-0.11006077234743633,0.8213,0.4521
Gluten free/low protein cereals,-0.13620689734946798,0.895,0.5733
Gluten free/low protein cooking aids,-0.03833511191778262,0.3443,0.4838
Gluten free/low protein drink,-0.12346097638179929,0.8665,0.5078
Gluten free/low protein grains/flours,-0.12522084321308838,0.8683,0.5233
Gluten free/low protein mixes,-0.12147817080642233,0.8606,0.5085
Gluten free/low protein pasta,-0.11801635556172457,0.85,0.4938
Gluten free/wheat free biscuits,-0.14283979711703176,0.8361,0.9517
Gluten free/wheat free cereals,-0.07466117045289115,0.5334,0.4817
Gluten free/wheat free grains/flours,0.0845623390544078,0.04976,0.037
Glyc Pdr disc or non-ACBS carbohyd SfI metabol cond (091344),-0.19032683259107755,0.9458,0.8044
Glycerol,0.2488724822216121,0.0009,0.002
Glycerol phenylbutyrate,-0.16229772217181787,0.8938,0.9145
Glyceryl trinitrate,0.140541538385613,0.01654,0.0293
Glycopyrronium bromide,0.11773688270649307,0.02757,0.0245
Glycopyrronium/formoterol,-0.0490423415177729,0.4256,0.4717
Golimumab,-0.05604371126192735,0.4214,0.6044
Gonadorelin,-0.026435748647064394,0.2857,0.4742
Goserelin acetate,0.2057374924260073,0.00293,0.0072
Granisetron,0.056370684709902356,0.0882,0.1058
Granisetron hydrochloride,-0.014132910463984266,0.2769,0.4577
Gripe mixtures,-0.19852941949652858,0.9601,0.7102
Griseofulvin,0.01786632296948559,0.171,0.0815
Guaifenesin,-0.07913829305717805,0.5512,0.557
Guanfacine,0.16635982185024292,0.00849,0.0053
Guanfacine hydrochloride,-0.1589785915497104,0.8631,0.8893
Guselkumab,-0.1506470760447443,0.9028,0.5854
Haem arginate,-0.10403396216195514,0.7323,0.5972
Haemophilus influenzae B/meningococcal C,0.05087944267947267,0.0796,0.1885
Halogenated phenols with phenol,-0.08151835702996178,0.5587,0.5771
Haloperidol,-0.082117775618173,0.5748,0.4605
Haloperidol decanoate,-0.14911354529169263,0.8392,0.8691
Hamamalis,-0.01986335158527439,0.3012,0.3696
Hamamelis,-0.1008350403747709,0.6536,0.6753
Helicobacter pylori eradication therapy,-0.07297161556662705,0.5283,0.4576
Heparin calcium,-0.07169737862268835,0.5238,0.4423
Heparin flushes,-0.09534836324029392,0.6213,0.5849
Heparin sodium,0.04218965267641705,0.122,0.1422
Heparinoid,0.05970847586767463,0.0853,0.1533
Hepatitis A,0.2190834208641047,0.0017,0.0018
Hepatitis A/hepatitis B,-0.04290972565627743,0.3888,0.4894
Hepatitis A/typhoid vaccine,0.17449106999152741,0.00443,0.0124
Hepatitis B,0.22796057815559692,0.00142,0.0037
Hepatitis B immunoglobulin,0.0128120953328173,0.0757,0.3734
Hernia Support Garments,-0.05971630875531643,0.4749,0.4692
Hexetidine,0.053441681880755224,0.0989,0.0387
Hexylresorcinol,-0.0930723844122775,0.6266,0.5222
Hexylresorcinol and benzalkonium chloride,-0.09506125197283123,0.7096,0.5102
Homatropine hydrobromide,0.04957554049673162,0.065,0.1489
House dust mites allergen extract,0.02429355473084921,0.128,0.2756
"Human papillomavirus (Type 16,18)",0.003037585829731991,0.1691,0.159
"Human papillomavirus (Type 6,11,16,18)",-0.21824292459975195,0.9743,0.7487
"Humpapvirus(Type 6,11,16,18,31,33,45,52,58)",-0.012858346788524827,0.2855,0.3149
Hyaluronic acid sodium,-0.09506125197283123,0.7096,0.5102
Hyaluronidase,0.13914434475973414,0.01431,0.0753
Hydralazine hydrochloride,-0.08940569373428923,0.5947,0.6879
Hydrochlorothiazide,-0.058151938089429374,0.4638,0.5164
Hydrocort sodiumphos,0.09760187279268613,0.04189,0.0435
Hydrocortisone,0.25183399318989935,0.00085,0.0008
Hydrocortisone (Sodium succinate),0.03747138335925005,0.1317,0.1284
Hydrocortisone acetate,0.055100088522518215,0.0962,0.1703
Hydrocortisone butyrate,0.09114913616223726,0.02555,0.0341
Hydrocortisone sodium phosphate,0.11636556110547638,0.0292,0.0546
Hydrocortisone sodium succinate,0.012608020536700598,0.1907,0.1894
Hydrogen peroxide,0.04392013169453151,0.1032,0.1116
Hydromorphone hydrochloride,0.1418700362426848,0.01437,0.0086
Hydroxocobalamin,0.1552145543716738,0.01241,0.0092
Hydroxycarbamide,0.15392883998318216,0.01217,0.0134
Hydroxychloroquine sulfate,-0.07498519479075007,0.5483,0.6088
Hydroxyzine hydrochloride,-0.035736782872365355,0.3544,0.3943
Hyetellose,0.13378397639833361,0.01878,0.0401
Hyoscine,0.04338348377698535,0.1308,0.1089
Hyoscine butylbromide,-0.03512219022072996,0.3637,0.4223
Hyoscine hydrobromide,0.24215706848805407,0.00084,0.0028
Hypromellose,0.0958967476902325,0.04415,0.0475
INR blood testing reagents,-0.10974158147612967,0.6949,0.644
Ibandronic acid,0.13169599604087065,0.02027,0.0285
Ibrutinib,0.12928898701201266,0.02033,0.0503
Ibuprofen,0.12166964144925935,0.02528,0.0521
Ibuprofen lysine,-0.10924428286046611,0.7811,0.8972
Ibuprofen sodium dihydrate,-0.030834101950096712,0.3184,0.346
Ichthammol,0.05980473574845497,0.0896,0.0827
Icosapent,-0.02837134173690641,0.2866,0.5675
Idebenone,-0.05830354473218511,0.473,0.7087
Ileostomy Bags,-0.06753955784137772,0.5223,0.6384
Iloprost,-0.15409828165606093,0.8654,0.7917
Imatinib mesilate,-0.11634456549989868,0.7636,0.8699
Imidapril hydrochloride,0.014852977044408307,0.1714,0.1855
Imipramine hydrochloride,-0.07411576923866395,0.5319,0.4895
Imiquimod,0.003673104860378307,0.2235,0.2483
Inclisiran,0.055199238051871075,0.0921,0.2097
Incontinence Belts,0.03226205665086804,0.0959,0.043
Incontinence Sheath Fixing Strips & Adh,-0.06783352079576335,0.5189,0.4961
Incontinence Sheaths,-0.13201333571876944,0.8185,0.8726
Indacaterol maleate,0.05239065473520673,0.0912,0.0355
Indacaterol/glycopyrronium,0.005483501753666591,0.2142,0.1968
Indacaterol/mometasone,0.0341484045650318,0.1378,0.1726
Indapamide,-0.02361016326768378,0.317,0.2858
Indometacin,0.07001187669054534,0.0762,0.1539
Indoramin,-0.11373426349373073,0.7,0.5324
Indwelling Pleural Cath Drain System,0.09222466512920682,0.03862,0.1751
Infliximab,-0.08119086509225246,0.5594,0.4785
Influenza,0.16497442919097222,0.00964,0.0079
Ingenol mebutate,-0.12089633159877632,0.7763,0.6325
Inhalation Solutions,0.0934230414361691,0.04639,0.0542
Inosine pranobex,-0.1729230322682679,0.9049,0.8089
Ins degludec/liraglutide,-0.049693217087326144,0.4185,0.4258
Insert For Female Stress Incont,-0.12400672562923065,0.7615,0.8388
Insulin Lispro,0.0009108142843814609,0.2353,0.279
Insulin aspart,0.09405200345229957,0.04676,0.0493
Insulin degludec,0.1340665392681131,0.01809,0.0332
Insulin detemir,0.14304943810682139,0.01567,0.0413
Insulin glargine,0.4158252359896425,1e-05,0.0001
Insulin glargine/lixisenatide,-0.03115221811321564,0.3093,0.585
Insulin glulisine,0.18975981663394856,0.00492,0.0044
Insulin human,-0.04852568441573412,0.3958,0.6201
Interferon alpha,-0.09396754413278716,0.6943,0.4989
Interferon beta,-0.03423752523754008,0.3031,0.465
Intravenous nutrition supplements,0.03438085481336151,0.1028,0.3248
Iodine,0.028632833757396482,0.1459,0.1836
Iodine compounds,-0.10173096558503533,0.6558,0.7387
Ipratropium bromide,-0.0047158842499701505,0.2458,0.2327
Irbesartan,0.3308381085103641,7e-05,0.0002
Irbesartan with diuretic,0.040200949236317535,0.1284,0.1322
Iron and folic acid,0.05110342919448632,0.079,0.0891
Iron carboxymaltose,-0.02331671714835744,0.2921,0.5302
Iron dextran,-0.006018540574644435,0.2354,0.2777
Iron sucrose,-0.039898476242736056,0.3565,0.6316
Irrigation Solutions,-0.02688360147387149,0.3219,0.4141
Irrigation Washout Appliances,-0.08036483544594449,0.594,0.7623
Isavuconazole,-0.1580710694359538,0.8692,0.6353
Isocarboxazid,-0.014104747921415077,0.236,0.2438
Isometheptene mucate,-0.219006836072673,0.9717,0.9816
Isoniazid,-0.17363352843315036,0.9114,0.6752
Isophane insulin,0.18643556868148162,0.00518,0.0044
Isoprenaline hydrochloride,-0.010455604021540303,0.1401,0.4566
Isopropyl alcohol,0.06385737868590316,0.0851,0.15
Isosorbide dinitrate,0.07367187792852813,0.0685,0.0937
Isosorbide mononitrate,0.07636370710883877,0.0649,0.0622
Isotretinoin,0.07430491281773793,0.0726,0.1145
Ispaghula husk,-0.09381448831869568,0.6204,0.6473
Isradipine,0.0128120953328173,0.0757,0.3734
Itraconazole,0.1272506844502138,0.02257,0.0208
Ivabradine,-0.03632646950646808,0.3631,0.2776
Ivacaftor,-0.18135758733509472,0.9438,0.896
Ivermectin,0.3312957931941089,4e-05,0.0004
Ixekizumab,0.0072854481461945885,0.1212,0.2849
"Japanese encephalitis vaccine (Inactivated,adsorbed)",-0.047675262852104154,0.4142,0.4001
Jaw Rehabilitation Device,0.10288279803719641,0.02129,0.0791
Kaolin heavy,0.042688389025582564,0.1009,0.1288
Kaolin light,-0.35017067848239963,0.9998,0.9031
Ketamine,-0.019059763781424655,0.2892,0.3568
Ketamine hydrochloride,0.06499883747064368,0.0717,0.119
Ketoconazole,0.09672354180731012,0.04362,0.0253
Ketone blood testing reagents,0.0437536620130041,0.1149,0.118
Ketoprofen,-0.06369998309832946,0.4801,0.5951
Ketorolac trometamol,-0.039558240185602514,0.3847,0.3571
Ketotifen fumarate,0.08311698145105709,0.0532,0.0974
L-Alanyl-l-gutamine,-0.08683638751039405,0.6676,0.511
L-Ornithine-L-Aspartate,-0.10664618168842213,0.698,0.7266
Labetalol hydrochloride,0.04628051332334838,0.1118,0.0626
Lacidipine,-0.13117467091771845,0.7772,0.9
Lacosamide,0.14969433592798884,0.01291,0.0315
Lactic acid,-0.0909365195661692,0.6729,0.4983
Lactulose,0.07811395511051007,0.0631,0.0787
Lamivudine,-0.18327199074863285,0.9299,0.7381
Lamivudine and zidovudine,-0.029731600394408964,0.291,0.4565
Lamivudine/tenofovir disoproxil/doravirine,-0.0913437424345768,0.609,0.6801
Lamotrigine,0.16655683329247298,0.00818,0.0038
Lanreotide,-0.10519391992040941,0.6691,0.6708
Lansoprazole,0.22129429381065985,0.00208,0.0009
Lanthanum carbonate,-0.12089665617119251,0.729,0.6886
Latanoprost,0.17972380185266304,0.00616,0.004
Latanoprost and Netarsudil,0.145876301435205,0.01434,0.0369
Latanoprost and timolol,0.08858172948087052,0.0527,0.0603
Leakage Notification System,-0.05587612802228676,0.4737,0.492
Ledipasvir/sofosbuvir,0.09239283737156637,0.04527,0.2101
Leflunomide,0.024505397317987405,0.1645,0.1715
Leg Bags,-0.13575196810328113,0.8445,0.8871
Leg Ulcer Wrap,-0.061590441966782164,0.4552,0.6798
Lenalidomide,-0.05365421552797262,0.4238,0.6163
Lenograstim,-0.08855996455854051,0.5969,0.4712
Lenvatinib,-0.06860737799751412,0.517,0.4924
Lercanidipine hydrochloride,0.06731662078146161,0.0755,0.0743
Letermovir,-0.12712611040329228,0.7554,0.6506
Letrozole,0.25567828674755366,0.00063,0.0033
Leuprorelin acetate,0.05961762841328348,0.0857,0.1225
Levamisole hydrochloride,-0.15570340358066,0.864,0.8935
Levetiracetam,0.20995087286035372,0.00256,0.0017
Levobunolol hydrochloride,-0.0006228751107680166,0.2245,0.2807
Levobupivacaine hydrochloride,-0.2426513004424679,0.9898,0.5457
Levocarnitine,-0.017832491278117014,0.3073,0.3217
Levocetirizine,-0.048984554177974975,0.4157,0.3384
Levodopa,-0.005889394007857135,0.1913,0.4694
Levodopa/carbidopa/entacapone,0.07477908736994265,0.0618,0.0809
Levofloxacin,0.11798580783264588,0.02833,0.0682
Levomepromazine hydrochloride,-0.1551108104926968,0.8486,0.6264
Levomepromazine maleate,-0.020177307588086266,0.303,0.2982
Levonorgestrel,0.04319450412873765,0.1165,0.1592
Levothyroxine sodium,0.14742337396522678,0.01198,0.0021
Levothyroxine sodium and liothyronine,-0.11706158629564778,0.7232,0.6702
Lidocaine,0.2040382306927948,0.00294,0.004
Lidocaine hydrochloride,0.10428516917354845,0.03732,0.0402
Lidocaine/cetylpyridinium,-0.1502294775992694,0.8936,0.6126
Lidocaine/prilocaine (Premature Ejaculation),-0.01744160475872609,0.1871,0.5987
Light liquid paraffin,0.005643209295699312,0.2119,0.1868
Linaclotide,-0.1275457032316536,0.7555,0.7643
Linagliptin,-0.11718675746534543,0.7231,0.6304
Linagliptin/metformin,-0.1184906247612236,0.7549,0.5459
Linezolid,-0.08805875694754182,0.6013,0.6224
Lints,-0.008579425470211005,0.2581,0.2653
Linzagolix,-0.12675663326444167,0.7677,0.7861
Liothyronine sodium,0.026556132976871726,0.1593,0.1504
Liquefied phenol,-0.22743224804475112,0.9841,0.5278
Liquid OTC cond specific vitamin & mineral supp (0913473),-0.15120915107991081,0.8402,0.8722
Liquid OTC glucose for diabetic hypo treatment (0913541),-0.11178533895803222,0.7017,0.6975
Liquid OTC probiotic (0913531),0.02474716097178699,0.1472,0.2022
Liquid additive lactase (0913121),0.11529492229309976,0.02744,0.059
Liquid disc or non ACBS thickener - gum based (0913411),-0.014110685837214471,0.2186,0.4708
Liquid micronutrient supplement (0913282),0.10325653568749112,0.03804,0.0349
Liquid paraffin,-0.1122297829888862,0.6983,0.556
Liraglutide,-0.046465945279374865,0.4146,0.4293
Lisdexamfetamine dimesylate,0.14053906578173206,0.01489,0.0135
Lisinopril,-0.04982587187814787,0.4309,0.4196
Lisinopril with diuretic,-0.03864469643412465,0.3678,0.5038
Lithium carbonate,0.056068818483015335,0.0954,0.0918
Lithium citrate,-0.049573366419090374,0.4187,0.3562
Lixisenatide,-0.06535858211864279,0.4979,0.4669
Lodoxamide trometamol,0.01749333441820833,0.1836,0.1432
Lofepramine hydrochloride,0.00045060836490868505,0.2305,0.2537
Loperamide hydrochloride,0.16508949905308407,0.00746,0.0065
Loperamide hydrochloride and simeticone,-0.009203383286835553,0.2621,0.3253
Lopinavir and ritonavir,-0.15871480115311917,0.8768,0.8019
Loprazolam mesilate,0.0866880352064089,0.0503,0.0262
Loratadine,0.19030384030728542,0.00485,0.0143
Lorazepam,0.14628059660306666,0.01418,0.0175
Lormetazepam,-0.03381838262593378,0.3524,0.4055
Losartan potassium,0.018759555742010915,0.1775,0.1497
Losartan potassium with diuretic,0.09433352745982,0.04612,0.0491
Loteprednol etabonate,0.08405070035525973,0.0513,0.0901
Low Friction Products,0.08151329834643821,0.0526,0.0517
Low protein biscuits,-0.07760202400414067,0.5589,0.7194
Low protein bread,-0.09718736232915733,0.6747,0.7352
Low protein breads,-0.12636421108355256,0.8605,0.543
Low protein cakes,-0.13553434948785023,0.8961,0.5635
Low protein cereals,-0.000678578220033217,0.1216,0.5395
Low protein cooking aids,-0.021955054939655657,0.2375,0.6631
Low protein desserts,-0.13293549636352933,0.889,0.5578
Low protein grains/flours,-0.006771950088351767,0.1537,0.5903
Low protein meals,-0.1252392898393798,0.8689,0.522
Low protein miscellaneous,-0.1207697206792629,0.8575,0.5048
Low protein mixes,-0.09137838312166204,0.6107,0.6441
Low protein pasta,-0.003573230707273129,0.1326,0.5719
Low protein pastas,-0.004462930334852623,0.139,0.5776
Low protein risotto,-0.11563882192888958,0.8425,0.4697
Low protein snacks,-0.11937964139698239,0.8538,0.4922
Lubiprostone,-0.1950962396236362,0.9592,0.8529
Lubricant Gels,-0.14381475003044125,0.8706,0.8991
Lumacaftor/ivacaftor,0.08114860947454063,0.0648,0.0959
Lurasidone,0.05363862854215217,0.1013,0.1451
Lymecycline,0.12647183807968035,0.02296,0.0222
Lymphoedema Garments,-0.06324444538621365,0.4516,0.5083
Macitentan,-0.030253608915347976,0.3382,0.2355
Macrogol 3350,-0.010997475032672814,0.2757,0.2595
Macrogol 4000,-0.016905158008241807,0.2235,0.4173
Magnesium aspartate,0.014523814442555669,0.1799,0.2522
Magnesium carbonate,-0.007159277523101701,0.2338,0.268
Magnesium citrate,0.2348141254181641,0.00124,0.0063
Magnesium glycerophosphate,0.23809076187004266,0.0012,0.0019
Magnesium hydroxide,0.14096528441562417,0.01612,0.0255
Magnesium lactate,0.12717261044324,0.00959,0.0024
Magnesium oxide,0.045846190561027775,0.1023,0.1866
Magnesium sulfate,0.21899318895554315,0.00205,0.0022
Magnesium sulphate,-0.17977795241921896,0.9393,0.559
Magnesium trisilicate,0.2577192806562788,0.00032,0.0021
Malathion,0.18676873483684991,0.0049,0.0038
Maltodextrin,-0.04353936298615441,0.3753,0.7873
Mannitol,-0.09126916611204881,0.6071,0.843
Maraviroc,-0.04147317712270709,0.3674,0.473
"Measles, mumps and rubella vaccine",0.07448064765086229,0.0681,0.0584
"Measles, mumps, rubella and varicella vaccine",-0.014110685837214466,0.2186,0.4708
Mebendazole,0.22041372301318013,0.00172,0.0013
Mebeverine hydrochloride,0.050616384769477024,0.1059,0.1288
Mebeverine hydrochloride compound preparations,0.021343850777233855,0.17,0.15
Mecasermin,0.014832906729512794,0.1098,0.1754
Meclozine hydrochloride,-0.02982576422300937,0.2815,0.4752
Mecysteine hydrochloride,-0.1437068648665828,0.8778,0.8927
Medicated stockings,0.10736450424701745,0.01939,0.0058
Medroxyprogesterone acetate,0.12058396875090725,0.02544,0.0218
Mefenamic acid,0.16458676845415032,0.00876,0.0141
Mefloquine hydrochloride,0.06287660220092241,0.0627,0.0359
Megestrol acetate,0.2512190052402381,0.0008,0.0011
Melatonin,0.05152480735652125,0.106,0.1436
Meloxicam,0.09583414359323786,0.04045,0.0396
Melperone hydrochloride,-0.23044394480053737,0.9828,0.7658
Melphalan,-0.024694059789122074,0.3248,0.3902
Memantine hydrochloride,-0.028291562361573645,0.3298,0.4193
Menadiol sodium phosphate,0.016148570800263117,0.1789,0.1693
Meningococcal A + C + W135 + Y vaccine,-0.10237075515294379,0.656,0.5856
Meningococcal B vaccine,-0.0990241291255485,0.6474,0.6187
Meningococcal C vaccine,-0.04739751060830075,0.4123,0.4352
Menotrophin,0.02407575484815854,0.0663,0.0726
Menthol,0.15426543342045645,0.01137,0.0257
Mepacrine hydrochloride,0.04120321131521243,0.1188,0.0648
Mepivacaine hydrochloride,-0.06324990380997984,0.497,0.5274
Mepolizumab,-0.05956776967321882,0.4666,0.7042
Meprobamate,-0.07246593509542153,0.5135,0.796
Meptazinol hydrochloride,0.3115511105992639,0.00026,0.0022
Mepyramine maleate,-0.07882875399296325,0.5544,0.5958
Mercaptamine,-0.10894524129471636,0.6865,0.7789
Mercaptamine hydrochloride,-0.10616930988381051,0.7051,0.835
Mercaptopurine,-0.09043179476709258,0.6006,0.6782
Meropenem,0.23933552053127918,0.0018,0.0019
Mesalazine (Systemic),0.049033432919298015,0.1091,0.0854
Mesna,-0.12795275202998724,0.8302,0.7734
Mesuximide,-0.053470459948776174,0.4404,0.4734
Metformin hydrochloride,-0.1337384678168967,0.7846,0.7977
Metformin hydrochloride/pioglitazone,0.21387376225420499,0.0025,0.0041
Metformin hydrochloride/rosiglitazone,-0.03833511191778262,0.3443,0.4838
Metformin hydrochloride/sitagliptin,-0.017300064988912775,0.2901,0.1771
Metformin hydrochloride/vildagliptin,-0.05593861659293855,0.4506,0.2725
Methadone hydrochloride,-0.1052142736741854,0.6797,0.6508
Methenamine hippurate,0.02782398515027274,0.1318,0.086
Methocarbamol,0.12057282761931346,0.02382,0.0214
Methotrexate,0.1007445153046704,0.03767,0.0784
Methoxsalen,-0.06688385066955307,0.5209,0.6406
Methoxy polyethylene glycol-epoetin beta,0.0328677340777609,0.1126,0.3094
Methoxyflurane,0.10508414322496253,0.03629,0.1318
Methyl salicylate,-0.029086191756148707,0.331,0.2341
Methyl salicylate/levomenthol,-0.034781684470844135,0.3379,0.1811
Methylcellulose,-0.1741011047282886,0.9251,0.788
Methyldopa,0.016476004163166268,0.1798,0.178
Methylnaltrexone bromide,-0.1300856731306396,0.7789,0.7757
Methylphenidate hydrochloride,-0.0396574769076873,0.3792,0.4
Methylprednisolone,0.06787232603405598,0.0732,0.1039
Methylprednisolone aceponate,-0.1898805998972546,0.9452,0.7506
Methylprednisolone acetate,-0.11588185140126478,0.7098,0.7401
Methylprednisolone sodium succinate,0.0053111794348115185,0.1873,0.1877
Methyltestosterone,-0.028770070687138858,0.2786,0.4672
Metoclopramide hydrochloride,0.2277147313983646,0.00149,0.002
Metolazone,-0.04402547334826675,0.4023,0.4143
Metoprolol tartrate,-0.032144784611153665,0.3523,0.3774
Metronidazole,0.08356099679054717,0.0593,0.0449
Metyrapone,-0.02641717573968668,0.3131,0.3457
Mexiletine hydrochloride,0.10980030671098791,0.02746,0.0207
Mianserin hydrochloride,-0.08047216327769077,0.57,0.5745
Micafungin,-0.08683638751039405,0.6676,0.511
Miconazole,0.08039335243787739,0.0601,0.0863
Miconazole nitrate,0.33671647337808774,4e-05,0.0006
Micro-Enema - Sodium Citrate,0.003598145160589461,0.2236,0.2247
Midazolam hydrochloride,0.01610401174053773,0.186,0.3364
Midazolam maleate,-0.002448026319098838,0.2447,0.3281
Midodrine hydrochloride,0.006987372928013973,0.2119,0.2055
Mifepristone/misoprostol,-0.050562455020756736,0.4107,0.526
Miglustat,-0.014110685837214466,0.2186,0.4708
Milrinone lactate,-0.1506470760447443,0.9028,0.5854
Minocycline hydrochloride,-0.07635343650094005,0.5412,0.5559
Minoxidil,0.02887851773679476,0.1475,0.1453
Mirabegron,0.09777858438179743,0.0416,0.0485
Mirtazapine,0.11027696533552167,0.03215,0.058
Misoprostol,-0.05155870947375211,0.4286,0.4062
Misoprostol (Gynaecology),-0.00013363400696664215,0.1757,0.4185
Mitomycin,-0.0795986953412155,0.5918,0.5324
Mitotane,-0.11183781846394542,0.7564,0.6598
Mizolastine,-0.0410302695625841,0.3901,0.4103
Moclobemide,-0.1110758311627094,0.6974,0.7395
Modafinil,0.1895899465183534,0.00416,0.0074
Molnupiravir,0.20543085799394434,0.00353,0.01
Mometasone furoate,-0.04308293273060302,0.3942,0.4477
Mometasone furoate/olopatadine hydrochloride,-0.15052455138719728,0.8386,0.8729
Mometasone/glycopyrronium/indacaterol,0.054400449416809896,0.0899,0.0385
Mometasone/glycoyrronium/indacaterol,-0.05110407082501363,0.4152,0.4549
Monobasic potassium phosphate,-0.071976580910767,0.5127,0.5207
Montelukast,-0.0036189032651673795,0.2484,0.2349
Morphine (Opium Tincture),-0.11903131518978811,0.7742,0.8101
Morphine hydrochloride,-0.11858494756810395,0.726,0.6534
Morphine sulfate,-0.10973279097158094,0.693,0.7623
Morphine tartrate and cyclizine tartrate,-0.13609593393515487,0.7977,0.8113
Moxifloxacin,0.10170318255633885,0.02877,0.0054
Moxifloxacin hydrochloride,0.013594922323759077,0.184,0.2061
Moxisylyte hydorchloride,0.004643421667660535,0.2067,0.1404
Moxisylyte hydrochloride,-0.049534159318025066,0.4036,0.2851
Moxonidine,0.020454348329275528,0.1635,0.1053
Mupirocin,0.044490050622397255,0.1141,0.1914
Mycophenolate mofetil,0.12358707093331803,0.02416,0.0185
Mycophenolic sodium,0.17563193964303692,0.00715,0.0108
Nabilone,0.001440967122184849,0.2199,0.3152
Nabumetone,-0.08864268628037363,0.605,0.4182
Nadolol,0.2397214655040516,0.00053,0.0002
Nafarelin acetate,0.06786388860025518,0.0768,0.1728
Naftidrofuryl oxalate,0.10159218496455828,0.01851,0.0085
Naldemedine,-0.009669070141803224,0.2058,0.1933
Nalmefene,-0.06166086917378677,0.4725,0.4292
Naloxegol,0.047568226841305655,0.1094,0.11
Naloxone hydrochloride,-0.018080659982425255,0.282,0.2498
Naltrexone hydrochloride,-0.11630043376507741,0.717,0.7176
Naltrexone/bupropion,-0.01651709272982149,0.2709,0.2351
Nandrolone decanoate,0.017171425997154564,0.1776,0.3101
Naphazoline hydrochloride,-0.009116777196390436,0.2629,0.2941
Naproxen,0.09575062299877574,0.04542,0.0294
Naratriptan hydrochloride,-0.10187915593441936,0.6526,0.6627
Nasal Products,0.1988484755348078,0.0035,0.0008
Natalizumab,-0.07638146572879281,0.5451,0.6382
Natamycin,0.0561037378516439,0.0818,0.0942
Nateglinide,0.09825304779593903,0.03957,0.0782
Nebivolol,0.2250404862608548,0.00163,0.0137
Nedocromil sodium,-0.02544623253897322,0.3186,0.2569
Nefazodone hydrochloride,-0.15865473240590203,0.8881,0.845
Nefopam hydrochloride,-0.005981733189913103,0.2395,0.2988
Nelarabine,-0.01411068583721447,0.2186,0.4708
Neomycin sulfate,0.19079907445599237,0.00429,0.0096
Neostigmine bromide,-0.08874145805780845,0.6397,0.8941
Neostigmine metilsulfate,-0.029390458614732214,0.3071,0.368
Nepafenac,-0.10386871909433715,0.6599,0.7954
Netilmicin (Eye),-0.0368664341862602,0.3256,0.4398
Netilmicin/Dexamethasone,0.059220826510117605,0.0619,0.153
Netupitant/palonosetron hydrochloride,0.015770057390426993,0.1717,0.2471
Nevirapine,-0.02702246994854192,0.3307,0.1803
Nicardipine hydrochloride,0.02531023880446016,0.1607,0.1693
Nicorandil,0.0139836000598963,0.1904,0.1833
Nicotinamide,-0.09184237615088195,0.6169,0.587
Nicotinates,0.1016866200076472,0.03807,0.022
Nicotine,0.07772654892231386,0.0641,0.1303
Nicotine bitartrate,0.19740515163350225,0.00423,0.0463
Nicotinic acid,-0.11644082303092813,0.7989,0.7151
Nicotinic acid derivatives,-0.031457648989913045,0.2812,0.4828
Nifedipine,0.0035455596956934033,0.2175,0.246
Night Drainage Bags,-0.13881150287237212,0.8538,0.9008
Nilotinib,0.0317241560395315,0.1105,0.179
Nimodipine,-0.225685202223943,0.9769,0.9475
Nintedanib,-0.06382171658444416,0.4939,0.6647
Niraparib,-0.09247771062475563,0.7101,0.5096
Nirmatrelvir with Ritonavir,0.11620653162544048,0.02875,0.0162
Nitazoxanide,-0.07573013106031452,0.5255,0.6431
Nitisinone,-0.04608718593771846,0.3861,0.5595
Nitrazepam,0.047604120633984594,0.1097,0.0921
Nitrofurantoin,0.08558350094605242,0.0523,0.0563
Nitrous oxide,-0.08626864961200924,0.5853,0.6332
Nizatidine,0.068943125503183,0.065,0.0811
Nonoxinol 9,-0.0030371128215083416,0.2391,0.1367
Norethisterone,0.011789031552903494,0.1979,0.1472
Norethisterone enantate,-0.07536143796579681,0.541,0.5248
Norfloxacin,-0.17904007880855105,0.9284,0.9041
Normal immunoglobulin (Gamma globulin),-0.04362383975049506,0.4006,0.3868
Nortriptyline,0.056929304774364996,0.0928,0.086
Nystatin,-0.05772839549150395,0.4651,0.5112
Obeticholic acid,-0.046862202153692,0.3947,0.3923
Octreotide acetate,-0.1999312208413474,0.9493,0.9737
Oestrogens conjugated,0.21533252636169387,0.00184,0.0045
Oestrogens conjugated with bazedoxifene,-0.1876453866644658,0.9512,0.8651
Oestrogens conjugated with progestogen,0.1601210258655871,0.01048,0.0071
Ofatumumab,-0.08683638751039405,0.6676,0.511
Ofloxacin,-0.0036850867075828566,0.2419,0.3069
Oils for the ear,-0.1027123114893133,0.6702,0.6567
Olanzapine,0.18734234871410962,0.00473,0.0022
Olanzapine embonate,0.13937491346071662,0.0184,0.0538
Olaparib,-0.07004111342214708,0.4976,0.4206
Olmesartan medoxomil,0.24213408713709134,0.00083,0.0055
Olmesartan medoxomil/amlodipine,0.12204549800833862,0.0265,0.0713
Olmesartan medoxomil/amlodipine/hydrochlorothiazide,-0.01305129872843601,0.2553,0.0324
Olmesartan medoxomil/hydrochlorothiazide,0.1581043146950859,0.01118,0.0255
Olodaterol,0.03977022368622495,0.1283,0.1928
Olopatadine,0.14578305835236013,0.01211,0.0022
Olsalazine sodium,0.12332841651257606,0.02425,0.0229
Omalizumab,-0.12049228680946135,0.8191,0.9037
Omega-3-acid ethyl esters,0.13109159028154024,0.01978,0.0318
Omeprazole,0.09519441424776905,0.04328,0.0476
Ondansetron hydrochloride,-0.04067184167748206,0.3852,0.3579
Opicapone,0.20589778009585322,0.00299,0.0037
Opium and morphine,0.004133812482553951,0.1978,0.3901
Oral Film Forming Agents,-0.017612852189607616,0.2924,0.2989
Oral rehydration salts,0.185109505800273,0.0045,0.0076
Orlistat,-0.08772113795098291,0.5941,0.6757
Orphenadrine hydrochloride,0.13611643739088441,0.01763,0.008
Oseltamivir phosphate,-0.12794436106657747,0.7699,0.8282
Osimertinib,-0.18419511247525866,0.9461,0.8773
Ospemifene,0.0611680967129893,0.0889,0.0678
Other Appliances,0.27785380209126903,0.00041,0.0001
Other HIV infection preparations,-0.12847186883544823,0.798,0.7684
Other acid preparations,-0.12127915927311456,0.7384,0.8221
Other alcohol and saline preparations,0.1935018728276186,0.00753,0.1758
"Other alcohol, wine and spirit preparations",-0.1549414713230743,0.9215,0.7966
Other amino acidandnutritional agent preparations,-0.01697048510695486,0.2142,0.6295
Other anti-inflammatory preparations,-0.04618195024763434,0.383,0.4828
Other antiperspirant preparations,-0.11468743895568488,0.7246,0.8665
Other antiviral preparations,-0.11290885848300211,0.7362,0.8276
Other aromatic inhalation preparations,-0.05079732952872567,0.4238,0.5877
Other aural preparations,-0.0859495880993818,0.663,0.5171
Other barrier preparations,0.09492090120341085,0.0434,0.017
Other base/diluent/suspending agent/stabiliser preparations,0.08537912763613284,0.0593,0.0399
Other bisphosphonate and other preparations,0.12014704633811644,0.02313,0.0257
Other bitter and tonic preparations,-0.1252263833058746,0.8737,0.5238
Other calcium supplement preparations,-0.05795288845689489,0.4614,0.4787
Other camouflage preparations,-0.029175780142266988,0.3403,0.4127
Other chromium preparations,-0.21651094293961362,0.9769,0.7621
"Other colour, flavour and sweetening preparations",-0.011082378997871328,0.2317,0.4222
Other compound vitamin/mineral formulation preparations,0.03269055510991911,0.0998,0.0893
Other concentrated water preparations,0.1524135094208793,0.00959,0.0039
Other cordial/soft drink preparations,-0.04136612793297069,0.3824,0.4494
Other digestive aid preparations,-0.012547863601820024,0.27,0.2091
"Other disinfectant,preservative and sterilising preparations",-0.007428463974302092,0.1784,0.2956
Other dusting powder preparations,-0.10647203227718337,0.6957,0.5764
Other eczema preparations,-0.10138592932333577,0.6534,0.6434
Other emollient preparations,0.13581228216011404,0.01825,0.0169
Other enzyme preparations 0911020,0.08007834041496928,0.0585,0.0609
Other expectorantand demulcent cough preparations,0.07950670905021917,0.04672,0.0253
Other eye tear/lubricant/astringent preparations,-0.008687432063672573,0.251,0.2661
Other food for special diet preparations,0.018772207991080925,0.0903,0.3785
Other food preparations,-0.0680812840948039,0.5015,0.5339
Other health supplement preparations,-0.010327862693958773,0.2251,0.2357
Other homeopathic preparations,-0.011165016341389543,0.2543,0.3023
Other household and over the counter preparations,0.04923476707312426,0.0803,0.1134
Other individually formulated bought in preparations,0.19659738532878498,0.00389,0.0105
Other intravenous nutrition preparations,-0.026997165415212274,0.3072,0.3926
Other lozenge and spray preparations,-0.0042168972861139995,0.2455,0.2834
Other magnesium preparations,-0.002337851858021767,0.2309,0.2018
Other mineral formulation preparations,-0.14829515338832164,0.8462,0.8086
Other minor cut and abrasion preparations,-0.07575643795582546,0.5944,0.5155
Other miscellaneous topical preparations,-0.14216388345326722,0.8111,0.815
"Other mouth wash, gargle and dentifrice preparations",0.13728339436286702,0.01822,0.0205
Other multivitamin preparations,0.07806564966883865,0.0632,0.0463
Other nasal infection preparations,-0.11024695834348137,0.7421,0.9302
Other neuromuscularar transmisson preparations,0.0288653382303175,0.1166,0.1062
Other non-opioid analgesic preparations,0.06388919509854972,0.0819,0.0998
Other oil preparations,0.0314615452586088,0.1015,0.0448
Other oral iron preparations,-0.045979891379942274,0.4051,0.4928
Other oral ulceration and inflammation preparations,0.02244822169753694,0.1359,0.2452
Other osmotic laxative preparations,-0.0847863764232642,0.6196,0.5214
Other otitis external preparations,-0.023530928285174696,0.3072,0.2928
Other pancreatin preparations,0.008844689080453771,0.0846,0.4402
Other pantothenic acid preparations,-0.23044394480053737,0.9828,0.7658
Other phosphate supplement preparations,0.308799919645227,0.00014,0.0019
Other preparations,-0.08998664445074807,0.603,0.6932
Other preparations for biliary disorders,-0.013311283759067575,0.1942,0.4093
Other psoriasis preparations,-0.05947945232050041,0.473,0.4679
Other purified water preparations,-0.08361979364139235,0.6221,0.1724
Other rubefacient and topical antirheumatic preparations,-0.17893650484013796,0.932,0.7876
Other screening and monitoring agent preparations,-0.07939315975916415,0.6169,0.5243
Other selenium preparations,0.03085864892913709,0.1118,0.1086
Other shampoo and scalp preparations,-0.016398826138495026,0.2764,0.2854
Other single substance preparations,0.18005998530422884,0.00326,0.008
Other soothing haemorrhoidal preparations,-0.0024219767415667565,0.2344,0.279
Other stimulant laxative preparations,-0.061810790746666636,0.4542,0.7038
Other sunscreening preparations,-0.026162003105046745,0.3336,0.3345
Other test for helicobacter pylori preparations,-0.032643264837597975,0.3217,0.5331
Other tincture preparations,-0.17876177363440013,0.916,0.6514
Other toiletry preparations,-0.07792429326557639,0.5619,0.531
Other topical anaesthetic and antipruritic preparations,-0.1374626076483438,0.8015,0.7799
Other topical circulatory preparations,-0.05224133769958351,0.4172,0.5661
Other topical corticosteroid preparations,0.018224599769508788,0.1156,0.0352
Other topical nasal decongestant preparations,-0.06313627622252604,0.475,0.3564
Other treatment of dry mouth preparations,-0.08478822325362213,0.5995,0.7542
Other urological pain preparations,-0.04498382918124621,0.3774,0.4818
Other vaginal/vulva changes preparations,0.05638703108257918,0.03074,0.016
Other vehicle and emulsifying agent preparations,-0.048861978941470686,0.4254,0.2865
Other vitamin A preparations 0906011,0.15441472946668727,0.01225,0.068
Other vitamin B compound preparations,-0.15370462912835212,0.8592,0.7811
Other vitamin B preparations,-9.061335045057232e-05,0.2352,0.2876
Other vitamin C (Ascorbic acid) preparations,0.010576997990482022,0.1932,0.2033
Other vitamin C preparations,-0.014587027845556176,0.1975,0.4558
Other vitamin D preparations,-0.007127003426377282,0.2354,0.0663
Other x-ray contrast media preparations,0.0637166424199671,0.0855,0.0533
Other zinc preparations,0.060137414468454706,0.0851,0.0657
Oxandrolone,-0.06561682088769386,0.4962,0.5029
Oxazepam,0.20110731017859476,0.00264,0.0178
Oxcarbazepine,0.11789608394610769,0.02694,0.0294
Oxitriptan,0.03912713454025991,0.0649,0.0265
Oxprenolol hydrochloride,-0.038335111917782605,0.3443,0.4838
Oxybuprocaine hydrochloride,-0.017491952079594048,0.2789,0.4542
Oxybutynin,0.028005899487603125,0.1532,0.1707
Oxybutynin hydrochloride,-0.015350290143842697,0.2332,0.3557
Oxycodone hydrochloride,0.12007666668066508,0.02687,0.0435
Oxycodone hydrochloride/naloxone hydrochloride,-0.005808591711371928,0.2494,0.2389
Oxymetazoline hydrochloride,0.14004614973613586,0.01767,0.0736
Oxymetholone,-0.0754303222145219,0.5369,0.5671
Oxytetracycline,0.11746360555147935,0.02603,0.0455
Oxytocin,-0.014110685837214471,0.2186,0.4708
Ozanimod,-0.038335111917782605,0.3443,0.4838
Padimate O,-0.055929726062514014,0.4735,0.493
Palbociclib,-0.014089170672948815,0.2096,0.1645
Paliperidone,-0.042620088029280814,0.3906,0.488
Pamidronate disodium,-0.1026468806239128,0.7034,0.6896
Pancreatin,0.13522851594529436,0.01833,0.0449
Pantoprazole,0.17750236118598683,0.00336,0.0013
Pantothenic acid (Calcium pantothenate),-0.2304439448005374,0.9828,0.7658
Papaveretum,-0.046181950247634364,0.383,0.4828
Papaverine hydrochloride,-0.009680537229765017,0.1827,0.1647
Paracetamol,0.012450860641018795,0.1938,0.2005
Paracetamol and caffeine,-0.12222167251731593,0.7353,0.6123
Paracetamol and ibuprofen,-0.12100458742876301,0.7419,0.778
Paracetamol and phenylephrine hydrochloride,0.04046102873312042,0.1289,0.0319
Paracetamol combined preparations,-0.20800496610282945,0.9584,0.9488
Paraffin hard,-0.12740861835994605,0.8305,0.6831
Paraffin soft white,0.2360064025028515,0.00091,0.0049
Paraffin soft yellow,-0.02374205679532746,0.3125,0.4169
Paraldehyde,0.10775992343092684,0.028,0.0883
Parecoxib sodium,-0.007357042607459645,0.2461,0.3717
Paricalcitol,0.017885327436332452,0.1497,0.1855
Paromomycin sulfate,-0.08896969819076442,0.6389,0.89
Paroxetine hydrochloride,-0.12729585356109824,0.7537,0.6901
Patiromer calcium,0.06724054237253325,0.056,0.0754
"Pdr 2.4 kcal/ml m/sk lower volume, higher protein (0913011)",-0.17443936390351913,0.9076,0.9333
Pdr 3.7 kcal/g energy and higher protein fortifier (0913141),-0.012529874599863771,0.1786,0.6534
Pdr 3.8 - 4.9 kcal/g energy (carbohyd) fortifier (0913142),-0.005779180175894037,0.1485,0.5883
Pdr disc or non ACBS energy and protein fortifier (0913391),0.01600716452726609,0.0641,0.371
Pdr disc/non ACBS Protein SfI metabolic cond (inf) (091357),-0.07008064224709075,0.5062,0.6201
Pdr disc/non ACBS protein SfI metabolic condition (0913442),-0.08683638751039402,0.6676,0.511
Pdr disc/non ACBS protein SfI metabolic condition (0913445),-0.0004444355429727994,0.1225,0.533
Pdr disc/non ACBS protein SfI metabolic condition (0913447),0.00623166830345703,0.0934,0.4671
Pdr disc/non ACBS single L-amino acid supplement (0913445),-0.1759907850595768,0.9134,0.8473
Peak Flow Meters,0.03526345458819886,0.1314,0.1647
Pegfilgrastim,-0.11326918542967249,0.7719,0.7049
Peginterferon alpha,-0.11736589899942386,0.7194,0.7874
Peginterferon beta,-0.021601783787361554,0.2271,0.3678
Pelvic Toning Devices,-0.09632691480164259,0.6391,0.7447
Penciclovir,-0.08725805503652605,0.61,0.5441
Penicillamine,-0.0765157179959482,0.5532,0.5678
Pentamidine isetionate,0.03428786630523211,0.0705,0.1837
Pentazocine hydrochloride,-0.0132101620719156,0.2752,0.3156
Pentosan polysulfate sodium,-0.05902457444825733,0.46,0.5222
Pentoxifylline,0.006523209640062864,0.1981,0.2383
Peppermint oil,0.0344948971933044,0.1317,0.1157
Perampanel,0.1805616043063432,0.0051,0.0051
Pergolide mesilate,-0.09239018078668315,0.7165,0.5011
Pericyazine,-0.1185872753522886,0.7743,0.5484
Perindopril arginine,-0.04416273040841335,0.3825,0.5496
Perindopril arginine with diuretic,-0.05775902931535354,0.4623,0.364
Perindopril erbumine,0.12484078732183783,0.02365,0.011
Perindopril erbumine with diuretic,-0.07569528395786433,0.5325,0.4061
Perindopril tosilate,-0.006135437414539792,0.2119,0.3135
Perindopril tosilate/indapamide,-0.03330731958696304,0.2964,0.5009
Perindopril with calcium channel blocker,-0.06062141232042376,0.4838,0.2606
Permethrin,0.23023496141591482,0.00152,0.0015
Perphenazine,-0.1629126156095087,0.8918,0.783
Pethidine hydrochloride,0.043612081201807255,0.1145,0.0734
Phased formulations of ethinylestradiol,0.028740303250398502,0.1487,0.2514
Phenazone/lidocaine,0.18780554612064196,0.00456,0.0054
Phenelzine sulfate,-0.019902120742648032,0.3015,0.3158
Phenindione,0.05689522541587333,0.0949,0.143
Phenobarbital,0.008163737587590295,0.1986,0.2543
Phenobarbital sodium,-0.13126338673081903,0.7728,0.7525
Phenol,-0.04732987577746598,0.4145,0.3786
Phenothrin,-0.23044394480053737,0.9828,0.7658
Phenoxybenzamine hydrochloride,-0.05526160143471939,0.4388,0.4928
Phenoxymethylpenicillin (Penicillin V),-0.03355784208084102,0.3633,0.2972
Phenprocoumon,0.019868587356478253,0.1171,0.2409
Phentolamine/aviptadil,0.17810452951208175,0.00631,0.0088
Phenylbutazone,0.0886475998777866,0.04667,0.041
Phenylephrine hydrochloride,0.08119715492876056,0.0617,0.0526
Phenylephrine hydrochloride and tropicamide,0.040560593305348155,0.0978,0.2022
Phenytoin,0.034982602349381844,0.1446,0.1194
Phenytoin sodium,0.05291071112278199,0.0926,0.1414
Pholcodine,0.2536643693931687,0.00052,0.0015
Phosphates,0.021541361974120647,0.1707,0.1564
Phosphates (Rectal),-0.1627539351748206,0.8753,0.7932
Physical Debridement Device,0.17177629253970594,0.00941,0.1208
Phytomenadione,0.0246026051711796,0.1544,0.1148
Pilocarpine hydrochloride,-0.11883057619949365,0.7455,0.5743
Pilocarpine nitrate,-0.08104845204004249,0.561,0.5413
Pimecrolimus,0.0693465801058524,0.0792,0.0742
Pimozide,-0.07227939965899159,0.5304,0.6102
Pindolol,-0.02715318941820264,0.318,0.3768
Pioglitazone hydrochloride,-0.019941206474360165,0.3001,0.2877
Piperacillin sodium/tazobactam sodium,-0.08532187272300086,0.6484,0.4633
Pipotiazine palmitate,-0.010455604021540303,0.1401,0.4566
Piracetam,0.0424393604995948,0.1097,0.0797
Pirenzepine,0.04744174482322968,0.1115,0.1043
Pirfenidone,-0.11965944428197782,0.7722,0.9465
Piroxicam,0.11972144754860199,0.02708,0.0138
Pitolisant hydrochloride,0.0596681516602931,0.03907,0.0217
Pivmecillinam hydrochloride,0.08686377459243168,0.0342,0.0287
Pizotifen malate,0.17481718204122323,0.00674,0.007
Pneumococcal,0.07636836657230645,0.0698,0.0578
Podophyllotoxin,0.25717071291783217,0.00044,0.002
Podophyllum resin,-0.013791727953572573,0.2061,0.2119
Policosanol,0.06678324324130433,0.04688,0.1681
Polihexanide,-0.008722907897152812,0.2275,0.341
Pollen allergy preparations,-0.041899721078513315,0.3667,0.487
Polymyxins,-0.02008907886521175,0.254,0.3085
Polyvinyl alcohol,-0.04462899944390424,0.3914,0.4105
Ponatinib,-0.04189972107851331,0.3667,0.487
Posaconazole,0.003227360805963023,0.2164,0.1972
Potassium bicarbonate,-0.0162453246547811,0.225,0.1809
Potassium chloride,0.11167362417951796,0.0324,0.0274
Potassium citrate,0.1682465613661589,0.00834,0.0193
Potassium iodide,-0.010455604021540303,0.1401,0.4566
Potassium permanganate,0.28222472858005365,0.00026,0.0003
Povidone iodine,-0.023520989502850292,0.248,0.4128
Powder 1 - 2.2 kcal/ml soup (0913011),0.10330556490561645,0.04016,0.0517
Powder 1 kcal/g peptide based formula (0913091),-0.039782279741596746,0.3456,0.7947
Powder 1.3 kcal/ml milkshake pre-thickened (0913051),0.015114215363862976,0.1771,0.1555
Powder 1.3 kcal/ml milkshake pre-thickened (0913671),-0.0025594060415188562,0.2181,0.395
Powder 1.4 - 1.6 kcal/ml milkshake with fibre (0913011),-0.11680041551849142,0.7161,0.6288
Powder 1.4 kcal/ml milkshake (0913021),-0.17461488211800133,0.9,0.894
Powder 1.5 kcal/ml smoothie (0913011),-0.13913733471155476,0.7974,0.8318
Powder 1.5 kcal/ml smoothie plant based (0913011),-0.11631836897742931,0.7165,0.7411
Powder 1.6 kcal/ml milkshake (0913011),-0.12237145979252036,0.7432,0.6825
Powder 1.6 kcal/ml milkshake with fibre (0913011),-0.06157178016132755,0.47,0.3556
Powder 1.7 kcal/ml milkshake pre-thickened (0913051),-0.1608612660630089,0.885,0.8439
Powder 1.7 kcal/ml milkshake pre-thickened (0913671),-0.12621831598109437,0.761,0.6567
Powder 10g GMP protein equivalent (0913205),-0.005929877440303254,0.155,0.5665
Powder 10g GMP protein equivalent (0913206),0.009205418061019164,0.0845,0.4337
Powder 10g protein equivalent (0913205),0.01091356443087888,0.0815,0.4324
Powder 10g protein equivalent (0913221),-0.008198898977645258,0.1652,0.5925
Powder 10g protein equivalent (0913222),-0.002415571514602943,0.1314,0.5592
Powder 10g protein equivalent (0913225),0.006003751232923749,0.0959,0.471
Powder 10g protein equivalent (0913226),-0.003718170300929052,0.1391,0.5664
Powder 10g protein equivalent (0913227),0.010331096626180918,0.092,0.4241
Powder 15g GMP protein equivalent (0913205),-0.07083892881600477,0.5658,0.4193
Powder 15g protein equivalent (0913201),-0.07242888408345298,0.576,0.4265
Powder 15g protein equivalent (0913204),0.013817784512185455,0.1498,0.1818
Powder 15g protein equivalent (0913205),-0.07466375240753165,0.5831,0.4407
Powder 15g protein equivalent (0913206),-0.011542323708810259,0.2136,0.2333
"Powder 2 kcal/ml m/sk higher volume, higher energy (0913011)",-0.03605733048203322,0.3573,0.5113
Powder 2.3 - 2.4 kcal/ml milkshake lower volume (0913011),0.011003100131449861,0.1963,0.2382
Powder 2.6 kcal/g dessert style (milk based) (0913011),-0.002580596472044522,0.2419,0.3064
Powder 2.6 kcal/ml dessert style (milk based) (0913011),-0.06941788004948825,0.5125,0.5429
Powder 2.7 kcal/ml milkshake pre-thickened (0913051),-0.08001614660857968,0.5993,0.448
Powder 2.7 kcal/ml milkshake pre-thickened (0913671),-0.038335111917782605,0.3443,0.4838
Powder 20g GMP protein equivalent (0913205),-0.06560516931400258,0.5235,0.4034
Powder 20g protein equivalent (0913201),-0.026137275471023947,0.2564,0.709
Powder 20g protein equivalent (0913204),-0.07018968597475347,0.4935,0.7686
Powder 20g protein equivalent (0913205),-0.030313886600098303,0.279,0.7316
Powder 20g protein equivalent (0913206),-0.012530548163128269,0.1842,0.6356
Powder 25g protein equivalent per 100g (0913207),0.012607661961470213,0.1157,0.3295
Powder 28g protein equivalent per 100g (0913223),0.008307936610363985,0.0864,0.4465
Powder 3.7 kcal/g energy and protein fortifier (0913081),0.2734619859370366,0.00061,0.0008
Powder 39g protein equivalent per 100g (0913201),-0.012758872825988915,0.1805,0.6327
Powder 39g protein equivalent per 100g (0913204),0.001868278197672093,0.1111,0.5151
Powder 39g protein equivalent per 100g (0913205),0.003553536600688048,0.1145,0.4832
Powder 3:1 formula (0913181),0.011571594939544488,0.0763,0.4115
Powder 4.4 kcal/g amino acid based ONS with MCT (0913061),-0.06250232367310955,0.4745,0.8172
Powder 4.4 kcal/g juice style (0913061),-0.043271387555345896,0.3667,0.7853
Powder 4.6 kcal/g peptide based formula (0913091),-0.046724741184336845,0.3861,0.8071
Powder 4.7 kcal/g formula (0913093),-0.0004014376967905687,0.2307,0.2105
Powder 4.8 kcal/g milk replacer (0913081),-0.04059404429634686,0.3135,0.7685
Powder 4:1 formula (0913181),0.00873007503669979,0.0847,0.4429
Powder 5 kcal/g formula (0913092),-0.022095600292503025,0.2369,0.6808
Powder 5 kcal/g formula (0913093),-0.12229132034414245,0.7584,0.8132
"Powder 5 kcal/g high energy, low protein formula (0913094)",-0.0239433621458037,0.247,0.7166
Powder 5 kcal/g milkshake (0913062),0.07016779567001177,0.0728,0.0915
Powder 5g protein equivalent (0913203),0.011673176853058813,0.1789,0.3408
Powder 5g protein equivalent (0913204),-0.0795260945353213,0.6202,0.4788
Powder 5g protein equivalent (0913207),-0.03406746802211846,0.3274,0.2066
Powder 5g protein equivalent (0913209),-0.12324068045693931,0.8096,0.705
Powder 5g protein equivalent (0913221),-0.07922481355246931,0.6023,0.4662
Powder 5g protein equivalent (0913222),-0.08498135031885541,0.6564,0.5131
Powder 5g protein equivalent (0913224),0.009839363828506626,0.0848,0.4335
Powder 5g protein equivalent (0913225),-0.07731482487333707,0.6059,0.4586
Powder 5g protein equivalent (0913226),-0.0276102855164233,0.2608,0.7036
Powder 5g protein equivalent (0913227),-0.08357085399347151,0.6392,0.4973
Powder 6.7 kcal/g energy and protein fortifier (0913141),0.0035489589193325394,0.2069,0.2282
Powder 77g protein equivalent per 100g (0913202),0.008318981705094243,0.0864,0.4473
Powder 77g protein equivalent per 100g (0913203),-0.014110685837214487,0.2186,0.4708
Powder 77g protein equivalent per 100g (0913204),-0.005186893507407449,0.153,0.5596
Powder 77g protein equivalent per 100g (0913206),0.030686802941939623,0.0509,0.1909
Powder 79g protein equivalent per 100g (0913205),0.005545436550377318,0.0979,0.478
Powder OTC ONS (0913311),0.24017651972587156,0.0004,0.0008
Powder OTC follow on formula (0913511),-0.11495062712256432,0.7179,0.6407
Powder OTC infant formulae (0913501),-0.15234054760601792,0.8426,0.7041
Powder OTC milkshake meal replacer (0913521),-0.23044394480053743,0.9828,0.7658
Powder OTC or discontinued soup (0913311),0.06036944561746311,0.0679,0.0544
Powder amino acid formula (0913107),0.15685525734810815,0.01091,0.023
Powder amino acid formula (0913131),-0.007531466418676327,0.1683,0.5635
Powder amino acid semi solid  (0913131),0.010666985139818033,0.1608,0.32
Powder carbohydrate supplement (0913191),-0.04490439353297405,0.395,0.3067
Powder carbohydrate supplement (0913193),-0.09152027756922824,0.6133,0.5452
Powder delisted probiotic (0913531),0.07065268317426274,0.0741,0.0957
Powder disc or non ACBS carbohydrate supplement (091344),-0.034919008214188176,0.3348,0.3616
Powder disc or non ACBS infant formula (0913444),-0.04194410251674276,0.3543,0.765
Powder disc or non ACBS lactose free formula (0913352),0.10808451829269956,0.03245,0.0754
Powder disc or non ACBS pre-thickened formula (0913356),0.16377101475551173,0.0095,0.0016
Powder disc or non ACBS thickener - gum based (0913411),0.3045700200689886,0.00034,0.0007
Powder disc or non ACBS thickener - starch based (0913411),-0.1044140006751555,0.6675,0.6082
Powder discontinued amino acid formula (0913355),-0.02224454123931116,0.2939,0.3804
Powder discontinued amino acid formula (0913361),0.014387612638480818,0.0689,0.3889
Powder discontinued extensively hydrolysed formula (0913351),-0.09805577379179932,0.6483,0.6442
Powder energy (carbohydrate and fat) fortifier (0913211),-0.07750896270705256,0.5351,0.7619
Powder energy (carbohydrate) fortifier (0913211),-0.04179761979601424,0.3556,0.6701
Powder essential fatty acid supplement (0913212),-0.07127630099271803,0.53,0.8378
Powder extensively hydrolysed formula (0913101),0.12455856721353714,0.02337,0.033
Powder extensively hydrolysed formula (0913132),-0.03160200536176895,0.3552,0.4113
Powder extensively hydrolysed formula rice based (0913101),0.1928582095325882,0.0043,0.0045
Powder extensively hydrolysed formula with MCT (0913102),0.12326320753497842,0.00663,0.1478
Powder fibre fortifier (0913151),0.014608855988358448,0.0991,0.3872
Powder flavour additive (0913301),0.005199381344219463,0.101,0.4749
Powder flavour additive (0913302),-0.06376113542857306,0.5163,0.3796
Powder infant formula (0913231),0.00712421182919896,0.0909,0.4569
Powder infant formula (0913232),0.012502130235699184,0.074,0.3971
Powder infant formula (0913233),0.006012351382911158,0.0951,0.4711
Powder infant formula (0913234),0.01830208854077044,0.0652,0.3466
Powder infant formula (0913235),0.008844689080453777,0.0846,0.4402
Powder infant formula (0913236),0.003462636751916141,0.1073,0.4993
Powder infant formula (0913237),-0.013008204970795537,0.1875,0.6383
Powder infant formula (0913238),0.008730575001417266,0.0856,0.4383
Powder infant formula (0913242),-0.09304158971924167,0.6681,0.8958
Powder infant formula (0913251),0.0026223122627485464,0.1102,0.5014
Powder lactose free formula (0913105),0.1691180286081973,0.00787,0.0077
Powder low calcium infant formula (0913109),0.021509124609834677,0.0736,0.2449
Powder micronutrient supplement (0913284),-0.005871899864594124,0.1477,0.5819
Powder micronutrient supplement (0913291),-0.027157538803946998,0.2671,0.7251
Powder pre-thickened drink (0913171),-0.07568332312754468,0.5278,0.6164
Powder pre-thickened formula (0913108),-0.08532142349670457,0.5878,0.6766
Powder preterm human milk fortifier (0913651),-0.013443173003572444,0.25,0.3617
Powder preterm infant formula (0913111),0.23187765853419393,0.00116,0.0038
Powder single L-amino acid supplement (0913213),-0.0724924693310558,0.5765,0.4311
Powder slow release carbohydrate supplement (0913192),-0.07927666681891828,0.5495,0.7389
Powder soya based formula,-0.1350172341022077,0.8113,0.8663
Powder soya based formula (0913106),0.25538217203436187,0.00083,0.0019
Powder thickener - gum based (0913161),0.047884656965147876,0.122,0.1221
Powder thickener - starch based (0913161),-0.02301257557369835,0.308,0.4647
Powder: 5g protein equivalent (0913691),-0.08624917193010126,0.6295,0.5286
Pramipexole,0.12833782601440388,0.0202,0.0299
Prasterone,-0.10017561202534488,0.6509,0.699
Prasugrel,0.10771280820741529,0.03463,0.0195
Pravastatin sodium,0.22369044637393634,0.00176,0.0025
Praziquantel,-0.10121280910307921,0.6652,0.726
Prazosin hydrochloride,0.31251381063379874,9e-05,0.0024
Prednisolone,0.021831119101162495,0.1707,0.2648
Prednisolone acetate,0.04476252102186383,0.1144,0.1411
Prednisolone sodium metasulphobenzoate,-0.06064985654668285,0.4758,0.3885
Prednisolone sodium phosphate,-0.01837873185285989,0.3018,0.3196
Prednisone,-0.13610593085329462,0.8185,0.7975
Pregabalin,0.13772312903122022,0.01749,0.0082
Pressure Offloading Device,-0.08794900823224018,0.6005,0.5915
Pressure Plates/Shields,-0.059936349360096605,0.4921,0.5487
Pridinol mesilate,0.006868511166275882,0.2008,0.1925
Prilocaine hydrochloride,0.1425841653696891,0.00204,0.0001
Primaquine,-0.03162433374124778,0.3353,0.4217
Primidone,-0.01617150884786179,0.2915,0.2899
Pristinamycin,0.10789414230802429,0.02096,0.0725
Probenecid,-0.1062275456159777,0.6877,0.6343
Procarbazine hydrochloride,-0.12155721955325584,0.7402,0.7117
Prochlorperazine maleate,0.1030935260050899,0.04014,0.0594
Prochlorperazine mesilate,0.1685601524511556,0.00816,0.0027
Procyclidine hydrochloride,-0.01235264172856069,0.2733,0.1997
Progesterone,0.19979590992936247,0.00345,0.0015
Proguanil hydrochloride,-0.09541543885714988,0.632,0.5493
Proguanil hydrochloride with atovaquone,0.03148126978861083,0.137,0.1952
Promazine hydrochloride,-0.08712462955362611,0.6284,0.5402
Promethazine hydrochloride,0.28189762735094237,0.00019,0.0013
Promethazine teoclate,0.036563756656639995,0.1297,0.1387
Propafenone hydrochloride,-0.06532056021890306,0.4883,0.5199
Propamidine isetionate,-0.10553728452658229,0.6674,0.6931
Propantheline bromide,0.10970669166998691,0.0326,0.0312
Propiverine hydrochloride,-0.13058125456530584,0.7689,0.793
Propranolol hydrochloride,0.14975528809893893,0.01277,0.0133
Propylthiouracil,-0.16549790285768998,0.8741,0.6605
Prosthetic Adhesives,0.017169300890071137,0.1648,0.2001
Proxymetacaine hydrochloride,-0.09546901538012469,0.6323,0.7115
Prucalopride,-0.08689240843196341,0.5847,0.6014
Pseudoephedrine hydrochloride,0.034377805628530156,0.1316,0.1012
Pseudoephedrine hydrochloride combinations,-0.11071390490083904,0.7102,0.3749
Pulsed Electromagnetic Stimulator,-0.1261572899011022,0.8724,0.5263
Pyrazinamide,-0.06499613169751983,0.4765,0.6465
Pyridostigmine bromide,-0.11627778060968127,0.7183,0.7268
Pyridoxine hydrochloride,0.06313748244453495,0.0796,0.0631
Pyrimethamine,-0.19112057181951794,0.942,0.8955
Quetiapine,0.0623163109985251,0.0905,0.1514
Quinagolide hydrochloride,-0.022411607830600068,0.3071,0.2731
Quinapril hydrochloride,-0.004426990458862115,0.232,0.2886
Quinapril hydrochloride with diuretic,-0.09499712372844919,0.6696,0.8307
Quinidine sulfate,0.008195531195931409,0.2013,0.2081
Quinine bisulfate,0.2103910977497985,0.00195,0.0005
Quinine sulfate,0.08834512481643696,0.05234,0.0478
Rabeprazole sodium,0.10723476838363734,0.03296,0.0402
Rabies,-0.11644289271214119,0.7196,0.7435
Rabies immunoglobulin,-0.07524511146140847,0.5254,0.617
Racecadotril,-0.09247771062475561,0.7101,0.5096
Raloxifene hydrochloride,0.11164756703727909,0.03055,0.0452
Raltegravir,-0.045708021511201624,0.3965,0.5263
Ramipril,-0.05165833346517558,0.4463,0.4821
Ramipril with calcium channel blocker,-0.0824449502883389,0.5713,0.5797
Ranibizumab,-0.14321148290640304,0.8233,0.8996
Ranitidine hydrochloride,0.04463809722954539,0.1122,0.0767
Ranolazine,0.18266006618022898,0.00519,0.0038
Rasagiline mesilate,0.015892657518918253,0.1789,0.2008
Ready to serve 0.9 kcal/ml juice style liquid (0913061),-0.06072988619251279,0.4732,0.8187
Ready to serve 1 - 1.3 kcal/ml m/sk lower energy (0913011),0.14603947235732934,0.01505,0.0076
Ready to serve 1 kcal/ml milkshake (0913061),-0.05564431798856776,0.4202,0.7297
Ready to serve 1 kcal/ml milkshake lower energy (0913021),-0.0895246776821457,0.619,0.7447
Ready to serve 1 kcal/ml milkshake style (0913091),-0.10395866462550934,0.7269,0.8115
Ready to serve 1.3 - 1.5 kcal/ml milkshake (0913031),-0.07163598699723361,0.5262,0.5608
Ready to serve 1.3 - 1.5 kcal/ml milkshake (0913631),-0.13283542108419844,0.8544,0.6713
Ready to serve 1.5 kcal/ml juice style (0913011),-0.03555076545444837,0.3705,0.4152
Ready to serve 1.5 kcal/ml juice style (0913021),-0.0019546735153354077,0.2238,0.3869
Ready to serve 1.5 kcal/ml milkshake (0913011),0.3263948787751522,4e-05,0.0004
Ready to serve 1.5 kcal/ml milkshake (0913021),-0.10220734024920847,0.6819,0.7955
Ready to serve 1.5 kcal/ml milkshake (0913091),-0.11304887727012973,0.7639,0.8552
Ready to serve 1.5 kcal/ml milkshake (0913311),0.08114954687806518,0.0524,0.0509
Ready to serve 1.5 kcal/ml milkshake lower volume (0913041),-0.05683061662108766,0.4432,0.3721
Ready to serve 1.5 kcal/ml milkshake lower volume (0913641),-0.07983299054405628,0.6285,0.5119
Ready to serve 1.5 kcal/ml milkshake plant based (0913011),0.03194455861938994,0.0513,0.2519
Ready to serve 1.5 kcal/ml milkshake with fibre (0913021),-0.051299061833289826,0.4081,0.7608
Ready to serve 1.5 kcal/ml smoothie (0913021),0.011275093963673223,0.1029,0.4173
Ready to serve 1.5 kcal/ml yoghurt style drink (0913011),-0.05296036748537181,0.4323,0.4053
Ready to serve 1.5 kcal/ml yoghurt style drink (0913311),-0.11740217115722805,0.7174,0.6457
Ready to serve 1.6 kcal/ml milkshake lower volume (0913031),0.10417243872717069,0.03549,0.0617
Ready to serve 1.6 kcal/ml milkshake lower volume (0913631),-0.06556751749954785,0.4875,0.5089
Ready to serve 1.8 kcal/ml milkshake (0913081),0.07441946523122529,0.0684,0.1285
Ready to serve 100% MCT liquid (0913181),0.0018525700302497907,0.1108,0.518
Ready to serve 10g GMP protein equivalent (0913205),0.005994591990643039,0.0947,0.4689
Ready to serve 10g protein equivalent (0913201),-0.06944663528407921,0.5564,0.4084
Ready to serve 10g protein equivalent (0913204),-0.08599673547869557,0.6012,0.7463
Ready to serve 10g protein equivalent (0913205),-0.01796246010749771,0.2155,0.6639
Ready to serve 10g protein equivalent (0913206),-0.09711749560293027,0.6952,0.669
Ready to serve 10g protein equivalent (0913222),0.005705141266051797,0.095,0.4724
Ready to serve 10g protein equivalent (0913225),-0.08641845993341206,0.6522,0.5212
Ready to serve 10g protein equivalent (0913226),-0.007214589181154682,0.1581,0.5865
Ready to serve 10g protein equivalent (0913227),0.008738787203657785,0.0849,0.4433
Ready to serve 15g GMP protein equivalent (0913205),-0.11698000466601512,0.8442,0.4803
Ready to serve 15g protein equivalent (0913201),-0.07549637683677765,0.5975,0.4511
Ready to serve 15g protein equivalent (0913204),-0.10092426241430841,0.7336,0.6207
Ready to serve 15g protein equivalent (0913205),-0.08820973859075822,0.6745,0.5408
Ready to serve 15g protein equivalent (0913206),-0.09385921455277005,0.709,0.5723
Ready to serve 15g protein equivalent (0913226),-0.03666542134468668,0.323,0.5294
"Ready to serve 2 kcal/ml milkshake, lower volume (0913081)",-0.014777050118607865,0.2066,0.6327
Ready to serve 2.4 kcal/ml milkshake higher volume (0913011),-0.07447587945030706,0.5406,0.5853
Ready to serve 2.4 kcal/ml milkshake lower volume (0913011),0.09668661967882648,0.03474,0.0817
Ready to serve 2.4 kcal/ml milkshake lower volume (0913021),-0.09479514526167553,0.6553,0.7647
Ready to serve 2.4 kcal/ml milkshake lower volume (0913051),0.10785634531902749,0.03244,0.0871
Ready to serve 2.5:1 milkshake with fibre (0913181),0.009394826189895877,0.0825,0.4364
Ready to serve 20% MCT liquid (0913181),-0.08917077310436773,0.6386,0.555
Ready to serve 20g GMP protein equivalent,-0.08556178349392214,0.6598,0.5236
Ready to serve 20g GMP protein equivalent (0913206),-0.08884456573374445,0.6779,0.5411
Ready to serve 20g protein equivalent (0913201),-0.07500099042529729,0.538,0.8164
Ready to serve 20g protein equivalent (0913204),-0.01661587519593739,0.2063,0.6484
Ready to serve 20g protein equivalent (0913205),-0.028578824246909485,0.2681,0.7038
Ready to serve 20g protein equivalent (0913206),-0.0975890162273615,0.672,0.8235
Ready to serve 3.3 kcal/ml higher protein dessert (0913141),-0.12456056632472753,0.7517,0.7762
Ready to serve 33.5% MCT liquid (0913181),-0.08496824883864706,0.6537,0.522
Ready to serve 3:1 dessert (0913181),-0.10428001462633832,0.7121,0.7808
Ready to serve 4.5 - 5 kcal/ml energy (fat) liquid (0913142),-0.05333297994277191,0.4492,0.8337
Ready to serve 4:1 milkshake with fibre (0913181),0.00843151486677994,0.0895,0.4452
Ready to serve 50% MCT liquid (0913181),0.004734009831551167,0.0992,0.4826
Ready to serve disc or non ACBS m/sk higher protein (091334),-0.0859495880993818,0.663,0.5171
Ready to serve discontinued  pre-thickened drinks (0913421),-0.04730799090222461,0.3651,0.5913
Ready to serve discontinued dessert (0913311),0.026753458136909193,0.1304,0.1398
Ready to serve discontinued juice (0913311),-0.07983299054405628,0.6285,0.5119
"Ready to serve infant formula, high energy (0913104)",-0.002521336423368281,0.157,0.5122
Ready to serve non ACBS oil (0913481),0.004633202108355258,0.1117,0.4585
Ready to serve non ACBS preparation for surgery ONS(0913341),-0.05733666341846815,0.4463,0.3918
Ready to serve pre-thickened drink (0913171),-0.11255682302947993,0.6975,0.7289
Ready to serve preterm infant formula (0913111),0.1642289707394169,0.00844,0.0032
Reboxetine,0.06239307252080965,0.0947,0.124
Relugolix,0.019793081641547382,0.1713,0.1472
Repaglinide,-0.1380847278353934,0.8666,0.4999
Respiratory Syncytial Virus (RSV),0.0996998038694031,0.04138,0.0561
Ribavirin,-0.06569289521207147,0.497,0.451
Ribociclib,0.19350851109880376,0.00732,0.0041
Riboflavin,-0.11936253806378923,0.7508,0.5471
Rifabutin,0.12345227774744488,0.01976,0.0306
Rifampicin,0.03154823100375253,0.148,0.1881
Rifampicin combined preparations,-0.13625251366335075,0.8516,0.5466
Rifaximin,0.015538946688071343,0.1872,0.1382
Rilpivirine,0.0687808803027364,0.0583,0.0403
Riluzole,0.28869298665710763,0.00017,0.0006
Rimegepant,-0.0014301019125536895,0.2421,0.2178
Rimexolone,-0.16798394748774345,0.9153,0.8616
Riociguat,-0.048593804481806994,0.391,0.397
Risankizumab (Crohn's),-0.23044394480053743,0.9828,0.7658
Risedronate sodium,-0.09419399345820538,0.627,0.3946
Risperidone,0.06711469909281649,0.079,0.0591
Ritlecitinib,-0.07023083506881905,0.5348,0.4337
Ritonavir,-0.06433171078785892,0.4889,0.3224
Rituximab,-0.018794540860902587,0.3028,0.2509
Rivaroxaban,-0.006159817736036674,0.2355,0.2825
Rivastigmine,-0.046705330901206314,0.4125,0.4579
Rizatriptan,-0.06999240347897254,0.5153,0.4471
Roflumilast,0.08225709317461874,0.055,0.0973
Romiplostim,-0.11383783121719704,0.7222,0.7807
Romosozumab,-0.10216073419996878,0.6844,0.4096
Ropinirole hydrochloride,-0.03726729136653058,0.3689,0.3728
Ropivacaine hydrochloride,-0.06555524473470321,0.53,0.5029
Rosiglitazone,-0.038335111917782605,0.3443,0.4838
Rosuvastatin calcium,-0.09236883615088667,0.6178,0.6321
Rotavirus,-0.11566738400436481,0.7209,0.7929
Rotigotine,-0.02887432600168948,0.3335,0.3295
Roxadustat,-0.020783529214647854,0.2995,0.3286
"RtS  2.4 kcal/ml m/sk high volume, higher protein (0913011)",-0.10253016148999868,0.6731,0.7059
"RtS  2.4 kcal/ml m/sk lower volume, higher protein (0913011)",0.06155499780119957,0.0822,0.1795
RtS 1 kcal/ml milkshake lower energy with fibre (0913021),-0.051469262932330936,0.3852,0.6027
RtS 1.3 kcal/g dessert style (fruit based) (0913051),0.35731078049244286,2e-05,0.0004
RtS 1.3 kcal/ml dessert style (fruit based) (0913051),0.272020283369957,0.0013,0.0054
RtS 1.4 - 2 kcal/g dessert style (milk based) (0913011),0.17763063514815203,0.00611,0.0072
RtS 1.4 - 2 kcal/ml dessert style (milk based) (0913011),0.15652377421426653,0.01074,0.0181
RtS 1.4 - 2 kcal/ml dessert style (milk based) (0913311),-0.20294020965072532,0.9569,0.8379
RtS 1.4 kcal/ml energy and higher protein liquid (0913141),0.5478861498122493,1e-05,0.0001
RtS 1.4-1.5kcal/ml energy & higher protein liquid (0913141),0.5227881128209063,1e-05,0.0002
RtS 1.5 - 1.6 kcal/ml milkshake higher protein (0913011),0.003961272417608073,0.2105,0.2095
RtS 1.5 - 1.6 kcal/ml milkshake with fibre (0913011),-0.02787637187821169,0.3079,0.4174
RtS 1.5 kcal/g dessert style (milk based) (0913021),0.05297822993058084,0.02471,0.1314
"RtS 1.5 kcal/ml m/sk higher protein, higher energy (0913061)",-0.07423641649466864,0.5274,0.724
"RtS 1.5kcal/ml m/sk, higher protein, pre-thickened (0913051)",0.0618475746651957,0.0808,0.0924
RtS 1.6 kcal/g dessert style (fruit based) (0913011),-0.038877201671134405,0.3499,0.5911
RtS 1.6 kcal/ml dessert style (fruit based) (0913011),0.04299749913255288,0.0818,0.2935
RtS 2 - 2.4 kcal/ml m/sk lower volume with fibre (0913011),0.012121047065364226,0.0777,0.4164
"RtS 2 kcal/ml m/sk high protein, high energy+fibre (0913011)",-0.11270061417541916,0.7322,0.932
RtS 2-2.4 kcal/ml m/sk hi prot hi eng plant based (0913011),0.03561025527553232,0.0571,0.2582
"RtS 2-2.4 kcal/ml m/sk higher protein,higher energy(0913011)",-0.1374775805436155,0.834,0.9357
RtS 2.4 kcal/ml dessert style (milk based) (0913051),0.023829864598433854,0.1534,0.1263
RtS 2.4 kcal/ml milkshake lower volume with fibre (0913021),0.03277675137299718,0.04239,0.2462
RtS 2.5 kcal/ml energy (carbohydrate) liquid (0913142),0.04058305778059656,0.03248,0.1653
RtS 3.3 - 4 kcal/ml energy with protein liquid (0913141),0.0603695122896623,0.0628,0.2173
RtS 3.3 kcal/ml energy and higher protein liquid (0913141),-0.05321273545180254,0.4085,0.689
RtS OTC dietary supp for early alzheimers disease (0913551),-0.07972549287394495,0.5496,0.6809
RtS disc condition specific complete infant formula(0913381),-0.014587027845556173,0.1975,0.4558
RtS disc or non ACBS energy and protein fortifier (0913391),-0.018501478442105958,0.2835,0.376
"RtS extensively hydrolysed formula, high energy (0913103)",-0.004650261381534163,0.1581,0.544
Rufinamide,0.03377546219124439,0.1476,0.0919
Rupatadine fumarate,0.009861534358963716,0.1906,0.2052
Rutosides,-0.04399517250306758,0.3949,0.4078
Ruxolitinib,-0.2493264121292893,0.989,0.8616
Ryeqo,0.09655233968493206,0.0441,0.0354
Sacrosidase,-0.10827679263283502,0.7466,0.7037
Sacubitril/valsartan,-0.1292066532290744,0.7695,0.5856
Safinamide,0.2352196467359677,0.00215,0.014
Salbutamol,0.11921197739607739,0.02688,0.0228
Salicylic acid,0.13990707938681782,0.01629,0.0177
Salmeterol,-0.023831856373650658,0.3144,0.4231
Sapropterin,-0.03145764898991304,0.2812,0.4828
Sarilumab,-0.010155910364478625,0.2101,0.5179
Saxagliptin,0.08725176179126314,0.0378,0.0977
Saxagliptin/dapagliflozin,0.18047132487506373,0.0074,0.0103
Saxagliptin/metformin,-0.07618107891590215,0.5463,0.4365
Secnidazole,-0.13517885711532024,0.8313,0.5075
Secobarbital sodium,0.004457027848937995,0.2071,0.1044
Secukinumab,-0.03968568985862863,0.3463,0.5597
Selegiline hydrochloride,0.0028209373605425853,0.2181,0.2289
Selenium,-0.07069710300521373,0.5048,0.7119
Selenium sulfide,0.1281067112404319,0.02189,0.0103
Semaglutide,-0.12254419041655286,0.7424,0.771
Senna,-0.02594243588219817,0.3311,0.3454
Sennosides,-0.0035638466541861548,0.2478,0.2034
Sertraline hydrochloride,-0.022797479605014333,0.3118,0.1751
Sevelamer,-0.010496586697116748,0.2578,0.1714
Shingles (H/Z),-0.014908625578440908,0.272,0.2441
Sildenafil (Erectile Dysfunction),-0.002252057517372639,0.2452,0.2513
Sildenafil(Vasodilator Antihypertensive),0.00045129084316313916,0.2297,0.2028
Silk Garments,-0.1323936940932936,0.7979,0.7982
Silver nitrate,0.1664934912092028,0.0085,0.0247
Silver sulfadiazine,-0.029850692355573593,0.3205,0.4011
Simeticone,0.09206702817874894,0.04563,0.0425
Simple,0.15838471844304242,0.00786,0.01
Simvastatin,-0.023346209697408825,0.3152,0.3251
Simvastatin and ezetimibe,0.17531127469089572,0.0054,0.0038
Siponimod,0.01543950631046708,0.1055,0.1568
Sirolimus,0.31147626576770826,0.00013,0.0006
Sitagliptin,0.0007209333975786911,0.2308,0.1425
"Skin Adhesive, Sterile",0.25417318759419777,0.00076,0.0003
"Skin Closure Strips, Sterile",0.13568933630891372,0.01984,0.0782
Skin Fillers And Protectives,-0.10807773765508975,0.7201,0.8071
Skin Protectors,-0.06314334616806716,0.4848,0.5996
"Skin protectives,fillers and cleansers",-0.018617328387062322,0.2327,0.3386
Sodium aurothiomalate,-0.07929699365691592,0.5936,0.8139
Sodium benzoate,-0.05741971252538152,0.432,0.4589
Sodium bicarbonate,0.23065750616032918,0.00087,0.0003
Sodium chloride,0.38816684793820216,2e-05,0.0001
Sodium citrate,0.1488633489780361,0.01485,0.0127
Sodium citrate (Rectal),0.17437124854609373,0.00743,0.0125
Sodium clodronate,-0.02607290482414008,0.2746,0.4147
Sodium cromoglicate,0.05957040587818713,0.0919,0.0747
Sodium dihydrogen phosphate dihydrate,0.18355997951116723,0.00537,0.0186
Sodium feredetate,-0.09246446886246527,0.6146,0.6844
Sodium fluoride,0.1699288437846078,0.00759,0.0073
Sodium fusidate,-0.05876844488695682,0.4666,0.3613
Sodium hypochlorite,-0.06623743576419823,0.4875,0.4766
Sodium lactate,-0.12251336833499843,0.7587,0.5203
Sodium oxybate,0.18161963027752634,0.00499,0.0026
Sodium phenylbutyrate,-0.04348110068436592,0.3382,0.5316
Sodium picosulfate,0.08125562866675225,0.03378,0.1037
Sodium polystyrene sulfonate,-0.06762122587776156,0.4945,0.3703
Sodium tetradecyl sulphate,-0.026954412204746328,0.2796,0.4037
Sodium valproate,0.21198529341488972,0.00219,0.001
Sodium zirconium cyclosilicate,-0.06291372016394235,0.4766,0.5414
Sofosbuvir/ledipasvir,0.1122305341791839,0.01912,0.1529
Sofosbuvir/velpatasvir,-0.0932273862653935,0.7187,0.5091
Sofosbuvir/velpatasvir/voxilaprevir,-0.1252263833058746,0.8737,0.5238
Soft soap,0.007340016973236309,0.13,0.2937
Solifenacin,-0.0670791058844204,0.5036,0.4881
Solifenacin/tamsulosin,-0.10146929958825902,0.6548,0.6326
Soluble insulin (Neutral insulin),0.13706428083545516,0.01922,0.0229
Somapacitan,-0.0674374742224848,0.5547,0.5098
Somatrogon,-0.01775580227204478,0.265,0.4208
Somatropin,-0.08915255799077908,0.5997,0.6184
Sorafenib,-0.03517591362521387,0.3301,0.4759
Sotalol hydrochloride,0.17429862831279896,0.00185,0.0011
Specialist food replacer 3:1 bread (0913181),-0.013813300315421408,0.2797,0.3431
Specialist food replacer 3:1 breakfast cereal (0913181),-0.02458145711648375,0.3006,0.143
Specialist food replacer 3:1 confectionery (0913181),-0.09404468162987419,0.6233,0.6357
Specialist food replacer 3:1 ready meal (0913181),-0.23803080362809734,0.9834,0.9904
Specialist food replacer 3:1 savoury biscuit (0913181),-0.08283345149212072,0.5637,0.5958
Specialist food replacer 4.3:1 flour type mixes (0913181),-0.1287292812329181,0.8418,0.5632
Specialist food replacer 4.5:1 flour type mixes (0913181),-0.14214880447778855,0.8831,0.6568
Specialist food replacer 4.8:1 confectionary (0913181),-0.044262689339479105,0.402,0.4782
Specialist food replacer OTC or disc bread (0913461),0.06223696646136837,0.0809,0.0753
Specialist food replacer OTC or disc pasta (0913461),0.1510834274044821,0.01097,0.018
Specialist food replacer OTC pasta (0913461),-0.24437607052220417,0.9902,0.7586
Specialist food replacer OTC pizza bases (0913461),0.1811348417791484,0.00537,0.0168
Specialist food replacer OTC/disc breakfast cereal (0913461),-0.06720321828384382,0.4881,0.4969
Specialist food replacer OTC/disc flour additives (0913461),0.2365111142079498,0.00086,0.0041
Specialist food replacer OTC/disc flour type mixes (0913461),-0.0868022284888252,0.5861,0.6377
Specialist food replacer OTC/disc rolls/baguettes (0913461),-0.05710062238570332,0.4377,0.2723
Specialist food replacer OTC/disc savoury biscuits (0913461),-0.024308640107963884,0.2548,0.5399
Specialist food replacer OTC/disc sweet biscuits (0913461),-0.2367741801564071,0.9836,0.8566
Specialist food replacer bread (0913261),-0.11463996245040416,0.8385,0.4717
Specialist food replacer bread (0913271),0.041654411774214806,0.1208,0.1424
Specialist food replacer breakfast cereal (0913261),-0.047256157317247145,0.3724,0.7169
Specialist food replacer cake mix (0913261),-0.05514997004749539,0.4198,0.4668
Specialist food replacer cakes (0913261),-0.13198587274767817,0.8881,0.5522
Specialist food replacer confectionery (0913261),-0.040061452136324505,0.347,0.2583
Specialist food replacer desserts (0913261),-0.12337013268428722,0.8663,0.5128
Specialist food replacer egg (0913261),-0.04177557387771484,0.3426,0.7188
Specialist food replacer flour type mixes (0913261),-0.06059898999951913,0.4439,0.5651
Specialist food replacer flour type mixes (0913271),0.07879846514605826,0.0633,0.0789
Specialist food replacer meat/fish (0913261),-0.12484831313294245,0.87,0.5179
Specialist food replacer milk (0913261),-0.06264535734801706,0.4506,0.7495
Specialist food replacer pasta (0913261),-0.059677325677535024,0.4518,0.7569
Specialist food replacer pizza bases (0913261),-0.11786992532297909,0.8496,0.4868
Specialist food replacer ready meals (0913261),-0.118802452189777,0.8518,0.4906
Specialist food replacer rice/cous cous (0913261),-0.08086245014059554,0.5807,0.7545
Specialist food replacer rolls/baguettes (0913261),-0.11381123308546229,0.8369,0.4712
Specialist food replacer rolls/baguettes (0913271),0.024300712819179865,0.161,0.2084
Specialist food replacer sauces (0913261),-0.13125365127858057,0.8818,0.5452
Specialist food replacer savoury biscuits (0913261),-0.0031283185599072336,0.1344,0.5589
Specialist food replacer savoury snacks (0913261),-0.00942070372612043,0.2037,0.2493
Specialist food replacer soup (0913261),-0.11851118023870783,0.8483,0.493
Specialist food replacer spreads (0913261),-0.12109538693697479,0.8608,0.503
Specialist food replacer sweet biscuits (0913261),-0.11933726640718838,0.8559,0.4939
Spironolactone,0.031755046747668526,0.1459,0.1362
Spironolactone with loop diuretics,-0.07033080559547156,0.5168,0.4888
Squill,0.061461145223705264,0.0859,0.1164
Ster larvae,0.09898256186967795,0.04137,0.0984
Sterculia,0.046535328228841794,0.106,0.1151
Sterile water,0.010846994466385786,0.1283,0.3913
Stiripentol,0.015823786709136426,0.1912,0.1761
Stockinette,-0.01390160187388624,0.2665,0.3585
Stoma Caps/Dressings,-0.06234233327330079,0.4717,0.5908
Strontium ranelate,-0.09814099765617094,0.6483,0.6309
Sucralfate,-0.02726301082246042,0.3309,0.2844
Sucrase,-0.04961373324755458,0.3786,0.5201
Sucroferric oxyhydroxide,-0.03221483034916771,0.3387,0.3632
Sulfadiazine,0.13128557719060252,0.01949,0.0198
Sulfapyridine,-0.14530883202057607,0.8347,0.8258
Sulfasalazine,0.09647904197867356,0.04369,0.085
Sulfinpyrazone,-0.12353173989649484,0.7878,0.6969
Sulfur,0.03108615101539255,0.1342,0.2283
Sulindac,-0.10438514949540564,0.6643,0.6148
Sulpiride,-0.10261209763142415,0.6706,0.7717
Sultiame,-0.08669436485854058,0.5962,0.6419
Sumatriptan succinate,-0.014143384702269196,0.2831,0.2267
Sumatriptan succinate/Naproxen sodium,-0.050820863546229764,0.4263,0.5248
Surgical Adhesive Tape,-0.04456619403370129,0.4029,0.4321
Surgical Sutures,0.127426215838096,0.01829,0.0269
Suspensory Systems,-0.04887370538488214,0.3905,0.4
Swabs,-0.09979210498767097,0.675,0.7164
T/F fortifier non ACBS 0.9kcal/ml h/prot plant based liquid,0.006659660378159062,0.0955,0.4616
Tablet 73g protein equivalent per 100g (0913206),-0.07712880127543204,0.5404,0.4604
Tablet OTC probiotic (0913531),-0.020602030795480026,0.2687,0.3183
Tablets 56g protein equivalent per 100g (0913205),0.005208412526143958,0.1001,0.4821
Tablets 62g protein equivalent per 100g (0913205),-0.15055574820247122,0.919,0.6423
Tablets 71g protein equivalent per 100g (0913205),-0.11480646610150447,0.8262,0.4779
Tablets OTC glucose for diabetic hypo treatment (0913541),0.004407947055550451,0.2176,0.2165
Tablets/capsules micronutrient supplement (0913282),0.19543835010185515,0.00399,0.0046
Tablets/capsules micronutrient supplement (0913284),0.0016591859826577218,0.1172,0.5141
Tabs/Caps OTC cond specific vitamin & mineral supp (0913471),0.10250965978744403,0.02342,0.0409
Tabs/Caps OTC cond specific vitamin & mineral supp (0913472),-0.06327558130742011,0.4935,0.843
Tabs/Caps OTC cond specific vitamin & mineral supp (0913473),0.04322865197664024,0.1155,0.1873
Tacalcitol,0.02459604082487269,0.1039,0.0577
Tacrolimus,-0.039940216940876884,0.3756,0.4129
Tadalafil,0.0757710036091693,0.0632,0.0535
Tadalafil (Vasodilator Antihypertensive),-0.028108067550523003,0.3044,0.2976
Tafamidis,-0.08683638751039405,0.6676,0.511
Tafluprost,0.3363033639545017,5e-05,0.0011
Tafluprost and timolol,0.18665721452820772,0.00491,0.0184
Tamoxifen citrate,0.017686368800865142,0.1831,0.1988
Tamsulosin and dutasteride hydrochloride,-0.05251455131989912,0.4361,0.5578
Tamsulosin hydrochloride,0.10773224905419686,0.03493,0.0429
Tapentadol,0.10017668601198508,0.04261,0.0148
Tapentadol hydrochloride,0.07568217395768555,0.0694,0.024
Tapentadol phosphate,0.14705110531304968,0.01451,0.0126
Tapentadol phosphate (old),0.10522931487177332,0.0351,0.0348
Tars,0.1189623541474976,0.02582,0.0091
Taurine,0.16139462299055143,0.01485,0.0182
Tazarotene,-0.05628864735044975,0.4624,0.276
Teicoplanin,-0.021212220837921382,0.2068,0.6757
Telmisartan,0.005120766077092091,0.2173,0.3549
Telmisartan with diuretic,0.04655773049876373,0.1107,0.1785
Telotristat ethyl,0.14419831854201975,0.02423,0.1664
Temazepam,-0.01974051425555404,0.3016,0.2563
Temocillin sodium,-0.09702581856759318,0.6283,0.8072
Temoporfin,-0.06567840285070178,0.5335,0.5039
Temozolomide,0.026060050746244946,0.1413,0.2891
Tenofovir alafenamide,-0.07252187032424019,0.5107,0.3403
Tenofovir disoproxil,0.13592418123420044,0.01946,0.0373
Tenoxicam,-0.008807304539192479,0.2453,0.3547
Terazosin hydrochloride,-0.018757074594889053,0.3081,0.2924
Terbinafine hydrochloride,0.10719978481728411,0.03491,0.0267
Terbutaline sulphate,0.2294552042411055,0.00134,0.0013
Teriflunomide,-0.05314352058279731,0.4249,0.5299
Teriparatide,0.02100656142177188,0.1569,0.0984
Testosterone,0.22108686124575777,0.00197,0.0032
Testosterone enantate,-0.057091207036144946,0.4636,0.4632
Testosterone esters,0.1537195022183439,0.01228,0.0295
Testosterone propionate,-0.10733981685930312,0.685,0.715
Testosterone undecanoate,0.21274768444419603,0.00241,0.0049
Tetanus immunoglobulin,-0.05987689784357239,0.4535,0.469
Tetrabenazine,0.2373927452962547,0.00096,0.0002
Tetracaine,-0.10551530698055339,0.7168,0.4928
Tetracaine hydrochloride,-0.09610680845702868,0.6945,0.896
Tetracosactide,-0.0060526722476812195,0.2569,0.336
Tetracycline,0.0043544525096823545,0.2183,0.2196
Tezacaftor/ivacaftor,0.23008991186074632,0.00323,0.0204
Thalidomide (Antileprotic),0.0128120953328173,0.0757,0.3734
Thalidomide (Immunomodulating),0.026947178566202407,0.1427,0.1674
Theophylline,0.03587342089062976,0.1335,0.1533
Thiamine hydrochloride,0.08511845524685864,0.0577,0.054
Thioridazine,0.00864038219212951,0.1308,0.1994
Thyrotropin alfa,0.003989537988909063,0.1236,0.2077
Tiagabine,0.09138937490865895,0.0521,0.094
Tiaprofenic acid,-0.016624975777268604,0.2956,0.3612
Tibolone,0.2615993240655629,0.00052,0.002
Ticagrelor,0.24434060601369087,0.0009,0.007
Tick-borne encephalitis vaccine,-0.17563736971559346,0.9148,0.9535
Ticlopidine hydrochloride,-0.1506470760447443,0.9028,0.5854
Tigecycline,-0.03335900981433378,0.3108,0.434
Tildrakizumab,-0.14899621166677784,0.8884,0.6399
Timolol,0.1052958623280956,0.03483,0.0744
Timolol and bimatoprost,-0.07202552631089042,0.5223,0.5438
Timolol and brimonidine,0.05795493003939988,0.0885,0.0983
Timolol and travoprost,0.18085269324745992,0.00682,0.0042
Timolol with diuretic,-0.03951499141249168,0.3656,0.37
Timothy grass pollen allergen extract,0.05700627020582425,0.0744,0.1047
Tinidazole,0.0812359783932125,0.055,0.1002
Tinzaparin sodium,0.005932667078676105,0.164,0.2354
Tioconazole,0.10818177874708039,0.03438,0.0508
Tioguanine,-0.1263132075991547,0.812,0.8727
Tiopronin,-0.10593469038027009,0.7185,0.7298
Tiotropium bromide,0.28772086005182135,0.00025,0.0002
Tiotropium bromide/olodaterol,0.24321362944181762,0.00084,0.0099
Tirbanibulin,0.2997915332147786,0.00013,0.0001
Tirzepatide,-0.055937134650907105,0.4494,0.522
Titanium dioxide,0.03062325656542455,0.1411,0.1781
Tivozanib,-0.01411068583721447,0.2186,0.4708
Tizanidine hydrochloride,-0.1742941141310473,0.8974,0.883
Tobramycin,0.0076037633544852445,0.1833,0.2248
Tocilizumab,-0.20559714741586974,0.96,0.8247
Tocofersolan,0.09062675958157491,0.04429,0.0762
Tocopheryl acetate,0.025417275867150323,0.154,0.1727
Tofacitinib,-0.09187721881665717,0.5985,0.7109
Tolbutamide,-0.03031586738585027,0.3308,0.0921
Tolcapone,-0.11172513833333308,0.7165,0.5457
Tolfenamic acid,-0.04949524591514687,0.4139,0.4881
Tolnaftate,-0.09108658269679286,0.6055,0.6169
Tolterodine,0.26847644619239186,0.00043,0.0003
Tolvaptan,-0.03916019401396064,0.3651,0.4078
Topiramate,0.1256396866338625,0.02309,0.0151
Topotecan,-0.09247771062475561,0.7101,0.5096
Torasemide,-0.043389859488803716,0.3939,0.5192
Toremifene citrate,-0.08564732921029551,0.5801,0.5113
Tracheostomy & Laryngectomy Appliances,0.15603073626091649,0.00317,0.0214
Tramadol hydrochloride,-0.11522118885951045,0.7118,0.7328
Trametinib,-0.07910229365748779,0.6092,0.4744
Trandolapril,-0.059569662774424256,0.462,0.5997
Tranexamic acid,0.06846288759466382,0.0774,0.0622
Tranylcypromine sulfate,0.03689497217445058,0.1258,0.1456
Travoprost,0.19647646657247203,0.00455,0.0063
Trazodone hydrochloride,0.28422089626723196,0.00027,0.0001
Tretinoin,-0.18966740302766813,0.9393,0.8549
Triamcinolone acetonide,0.21642761959331508,0.00182,0.0007
Triamcinolone hexacetonide,-0.11914719385030183,0.7423,0.6072
Triamterene,-0.05935294642608437,0.4646,0.2836
Triamterene with loop diuretics,-0.13663948063777417,0.7923,0.7942
Triamterene with thiazides,-0.0705922904446885,0.5152,0.5
Trichloroacetic acid,0.02549189313213677,0.131,0.1982
Triclosan,-0.06753047951743246,0.5009,0.6452
Trientine dihydrochloride,0.0894907211216741,0.0503,0.084
Trifarotene,0.15951262857352594,0.00988,0.0113
Trifluoperazine,-0.04687638354303791,0.41,0.4174
Trifluridine (Antivirals),0.008844689080453771,0.0846,0.4402
Trihexyphenidyl hydrochloride,0.027344103324894037,0.1514,0.118
Trimetazidine hydrochloride,-0.10483668479913287,0.739,0.4998
Trimethoprim,0.11560009148692661,0.0256,0.0616
Trimipramine maleate,0.13440223187061554,0.01726,0.0164
Tripotassium dicitratobismuthate,-0.09247771062475561,0.7101,0.5096
Triptorelin,0.18554812681902177,0.00559,0.0236
Triptorelin acetate,0.16584222934387688,0.01024,0.0157
Triptorelin embonate,0.006377841893178942,0.2128,0.2388
Tropicamide,-0.18648929088979974,0.9286,0.9355
Trospium chloride,0.0746350167618361,0.0655,0.0444
Trusses,0.1578835640314691,0.01142,0.098
Tryptophan,-0.09998974679681681,0.6471,0.7115
Tube feed 0.6 kcal/ml peptide based (0914041),-0.05422189530806909,0.4189,0.7689
Tube feed 0.75 kcal/ml with fibre (0914021),-0.015415098470297423,0.1988,0.6504
Tube feed 0.8 kcal/ml (0914011),-0.004070256953540874,0.1393,0.571
"Tube feed 0.8 kcal/ml with fibre, higher protein (0914011)",-0.009561956787081927,0.1683,0.6087
Tube feed 1 kcal/ml (0914011),-0.018996783983877618,0.2193,0.672
Tube feed 1 kcal/ml (0914021),-0.0012478218056698295,0.1239,0.5423
Tube feed 1 kcal/ml MCT based (0914031),0.01256860705672746,0.0742,0.4037
Tube feed 1 kcal/ml peptide based (0914032),-0.011500362624517866,0.1788,0.6315
Tube feed 1 kcal/ml peptide based (0914041),-0.027274907575130555,0.2644,0.7109
Tube feed 1 kcal/ml soya based (0914033),-0.014374359568419029,0.1955,0.6349
Tube feed 1 kcal/ml soya based with fibre (0914033),-0.028723419944768885,0.2745,0.7154
Tube feed 1 kcal/ml with fibre (0914011),-0.008227118411123946,0.161,0.6052
Tube feed 1 kcal/ml with fibre (0914021),0.003337087396124782,0.1074,0.4954
"Tube feed 1 kcal/ml with fibre, higher protein (0914011)",-0.09499587718265204,0.6619,0.7734
Tube feed 1.2 - 1.25 kcal/ml (0914011),-0.0267856758948972,0.261,0.6992
Tube feed 1.2 kcal/ml higher protein (0914011),-0.08798334280472979,0.632,0.748
Tube feed 1.2 kcal/ml peptide based,-0.03247718988827137,0.2957,0.7209
Tube feed 1.2 kcal/ml with fibre (0914011),-0.04359229699060846,0.3594,0.7449
Tube feed 1.2 kcal/ml with fibre (0914021),-0.01963404506089421,0.2237,0.6711
"Tube feed 1.2 kcal/ml with fibre, higher protein (0914011)",-0.049415060181079565,0.3905,0.7494
Tube feed 1.22 - 1.25 kcal/ml with fibre (0914011),-0.014124252644465969,0.1933,0.647
Tube feed 1.3 kcal/ml peptide based (0914032),-0.05994839080950742,0.4473,0.7676
Tube feed 1.3kcal/ml higher protein (0914011),0.008887734743391334,0.0842,0.4397
"Tube feed 1.3kcal/ml with fibre, higher protein (0914011)",-0.008918929774846325,0.1657,0.6093
Tube feed 1.5 kcal/ml (0914011),-0.016025404448256328,0.2012,0.6539
Tube feed 1.5 kcal/ml (0914021),0.0011737751286329892,0.1144,0.5188
Tube feed 1.5 kcal/ml higher protein (0914011),-0.01105487843038034,0.1786,0.6246
Tube feed 1.5 kcal/ml peptide based (0914032),-0.026826226750211554,0.2611,0.7009
Tube feed 1.5 kcal/ml peptide based (0914041),-0.01748380390620532,0.2099,0.6665
Tube feed 1.5 kcal/ml with fibre (0914011),-0.0009872888556763054,0.124,0.5396
Tube feed 1.5 kcal/ml with fibre (0914021),-0.00565847607104692,0.1507,0.5811
"Tube feed 1.5 kcal/ml with fibre, higher protein (0914011)",-0.11178726998988003,0.7407,0.7783
Tube feed 1.54 kcal/ml with fibre (0914011),-0.08773234836125601,0.6131,0.7541
"Tube feed 1.5kcal/ml peptide  based, higher protein(0914034)",-0.01155963311593861,0.181,0.6234
Tube feed 1.6kcal/ml higher protein (0914011),0.008844689080453771,0.0846,0.4402
Tube feed 1.8 kcal/ml (0914035),-0.05514235619085382,0.4175,0.7398
Tube feed 2 kcal/ml (0914011),-0.09219273685505909,0.6916,0.5564
Tube feed 2 kcal/ml higher protein (0914011),-0.10310570199431758,0.7217,0.7115
Tube feed 2 kcal/ml with fibre (0914011),-0.07213257309803886,0.5567,0.7217
Tube feed 2kcal/ml w fibre higher prot plant based (0914011),0.008227195715859698,0.0861,0.4475
"Tube feed 2kcal/ml with fibre, higher protein (0914011)",-0.10414716434498558,0.7122,0.7777
"Tube feed 2kcal/ml, higher protein, plant based (0914011)",0.008844689080453768,0.0846,0.4402
Tube feed additive 0.5 kcal/ml high fibre liquid (0914052),-0.01821087328152657,0.2175,0.6603
Tube feed additive 1 kcal/ml higher protein liquid (0914051),-0.022880739962672286,0.2389,0.6768
Tube feed additive 2kcal/ml h/prot plant based liq (0914051),0.00030570312729237754,0.1213,0.5226
Tube feed non ACBS 1.3kcal/ml h/prot for use in IC (0914071),0.006691604024485367,0.0913,0.4618
Tube feed non ACBS 1.5kcal/ml for use in diabetes (0914071),0.0064437614151336585,0.0937,0.4656
Tube feed non ACBS 1kcal/ml for low sodium needs (0914071),0.0024659918528371133,0.1359,0.4736
Tube feed non ACBS 1kcal/ml higher protein (0914061),0.0004188460074463282,0.1177,0.5251
Tubing & Accessories,-0.025225303786698454,0.2949,0.3695
Tubing And Accessories,-0.11903199437040379,0.7922,0.8213
Turpentine oil,-0.08749121699465032,0.6624,0.5263
Two Piece Ostomy Systems,-0.053067478827674555,0.4219,0.4914
Typhoid,0.22835462253758756,0.00109,0.0009
Ulipristal acetate (Emergency Contraceptive),0.06436145402685237,0.0848,0.0471
Umeclidinium bromide,0.16337551280436183,0.0096,0.0205
Umeclidinium bromide/vilanterol,0.20814889511539747,0.00248,0.0054
Undecenoates,0.08955581712691564,0.04838,0.061
Upadacitinib,0.039566036354588885,0.0581,0.0834
Urea,-0.039189352761241865,0.3756,0.4157
Urea hydrogen peroxide,0.19130788768958326,0.00352,0.0051
Urinal Systems,-0.07864324034140943,0.545,0.5471
Urine testing reagents,-0.11756564261861385,0.744,0.6727
Urofollitropin,-0.2507025329637995,0.9917,0.5831
Urostomy Bags,-0.05836957866917395,0.437,0.5586
Ursodeoxycholic acid,-0.014209520433373047,0.2829,0.3372
Ustekinumab,-0.014587027845556173,0.1975,0.4558
Ustekinumab (Crohn's),-0.08683638751039405,0.6676,0.511
Ustekinumab (Psoriasis),-0.020953068234896448,0.2212,0.3623
Vacuum Pumps for Erectile Dysfunction,-0.0911193315349496,0.6292,0.6463
Vaginal Dilators,0.18578280784928877,0.00599,0.0231
Vaginal Moisturisers,-0.09904231627677154,0.648,0.7172
Vaginal PH Correction Products,0.16568240346980886,0.00882,0.015
Valaciclovir,0.19547297578888545,0.00335,0.0011
Valganciclovir hydrochloride,0.049765240823314086,0.1074,0.0774
Valproic acid,-0.06655072653391123,0.4965,0.4676
Valsartan,0.0737409508160912,0.0665,0.0451
Valsartan with diuretic,-0.0188749549047299,0.2945,0.3251
Valsartan/amlodipine,0.28946193054534236,0.00018,0.0004
Vancomycin hydrochloride,-0.11075363093468295,0.6971,0.7262
Vandetanib,-0.10014083711639025,0.6729,0.6481
Vardenafil,-0.09894398559209837,0.6668,0.8423
Varenicline tartrate,0.07409761476386797,0.072,0.1044
Varicella vaccine live,-0.034673262584371284,0.3583,0.2916
Varicella-zoster immunoglobulin,-0.14328426216245244,0.8541,0.5459
Vedolizumab,-0.08753940606833738,0.6435,0.5282
Vehicles,-0.07550644960198483,0.5381,0.5071
Venlafaxine,0.06957767951406921,0.0734,0.0799
Venous Ulcer Compression System,-0.12490035457042034,0.7607,0.7671
Verapamil hydrochloride,-0.0407560984779117,0.3884,0.4753
Vericiguat,-0.27012842784704355,0.9951,0.9727
Vibegron,0.015063357692425242,0.178,0.1342
Vigabatrin,0.04041958292403686,0.1232,0.1415
Vildagliptin,0.027304966807566906,0.1452,0.0935
Vitamin A,0.015723544121444808,0.187,0.2425
Vitamin B and C injection,0.034220105395529075,0.1122,0.2569
Vitamin B compound,-0.003334220060742034,0.2445,0.2083
Vitamin E,0.07205482479576782,0.064,0.085
Vitamins caps,-0.07033963033406025,0.5005,0.7221
Voriconazole,0.10836558133970321,0.03373,0.052
Vortioxetine,0.1482845593883253,0.01358,0.0192
Warfarin sodium,0.13555282785030767,0.01902,0.0184
Water for injection,-0.02120183997324187,0.2995,0.3074
White Birch pollen allergen extract,-0.0327270064069541,0.3263,0.606
Wool alcohols,-0.02733027300004738,0.3267,0.0908
Wool fat,0.0441389410791901,0.0979,0.0491
Wool fat hydrous,-0.05340148445887564,0.4334,0.3694
Wound Management & Other Dressings,-0.017749992878962815,0.2757,0.3852
Xipamide,-0.0861705140798178,0.5872,0.6388
Xylometazoline hydrochloride,0.027041533050585504,0.1588,0.1546
Xylometazoline hydrochloride/dexpanthenol,-0.08847348198846966,0.6165,0.4849
Xylometazoline hydrochloride/ipratropium bromide,-0.18318749162510628,0.9348,0.9735
Yellow fever,-0.1514851089232786,0.8699,0.9366
Yohimbine hydrochloride,-0.0434851723477057,0.4018,0.2923
Zafirlukast,-0.2021318667477793,0.9604,0.9549
Zanamivir,-0.05497160851766835,0.464,0.7969
Zanubrutinib,-0.23044394480053743,0.9828,0.7658
Zidovudine,-0.12204264730620994,0.8039,0.6656
Zinc acetate,0.021219969044781444,0.1739,0.201
Zinc oxide,0.06577242094691142,0.0786,0.0651
Zinc paste,-0.10974899787273441,0.6939,0.7777
Zinc paste and ichthammol,-0.041789581039796395,0.3479,0.4446
Zinc sulfate,0.07937916588246662,0.051,0.014
Zinc sulfate monohydrate,0.028359962837823383,0.1269,0.0515
Ziprasidone hydrochloride,-0.11804016202660764,0.7812,0.7143
Zoledronic acid,-0.021829708874307834,0.2972,0.2672
Zolmitriptan,0.017860050150536818,0.1799,0.1533
Zolpidem tartrate,0.07901311448052721,0.0569,0.1282
Zonisamide,0.07043911366194469,0.0701,0.0847
Zopiclone,-0.001014125330899845,0.2402,0.239
Zuclopenthixol acetate,-0.02629316644906827,0.3238,0.4311
Zuclopenthixol decanoate,-0.23653312932708145,0.9848,0.8835
Zuclopenthixol hydrochloride,0.1698477319644643,0.00791,0.0093
