Drug,stability,cv_2021,cv_2025,cv_ratio,items_2021,items_2025,growth,Mantel_r,P_Value
Abacavir,,4.682753549558788,,,2.0,0.0,0.0,-0.0869662264916994,0.745
Abacavir and lamivudine,0.040072209563289274,3.0868957627940654,4.205850872475159,1.362485550425028,19.0,8.0,0.42105263157894735,0.1020569385751363,0.157
Abatacept,-0.033739431445229444,6.403124237432848,4.62882020232408,0.7229002641029304,6.0,2.0,0.3333333333333333,-0.2088559347513518,1.0
Abemaciclib,,,3.678403160713172,,0.0,12.0,inf,0.0138675448440857,0.355
Abiraterone,0.004244586395382546,6.403124237432848,4.0591399668490284,0.6339311586552046,1.0,45.0,45.0,-0.0417021295075902,0.597
Abrocitinib,,,6.4031242374328485,,0.0,1.0,inf,-0.025853522544951,0.435
Absorbent Cottons,0.8705995188863042,0.7870536561369822,1.192050475303397,1.5145733280170766,1619.0,683.0,0.4218653489808524,0.0833989551035184,0.173
Acamprosate calcium,0.854444371659775,0.45761178506140976,0.484814889540999,1.0594458127339066,137834.0,170273.0,1.2353483175413904,-0.0003651700726604,0.418
Acarbose,0.8838913816318896,0.6462768794477916,0.5806424543837045,0.8984422510671153,24396.0,19730.0,0.808739137563535,0.141885044159045,0.092
Acebutolol hydrochloride,0.18526067487324807,0.6478763758277604,1.2184960372072071,1.8807539257013246,7205.0,448.0,0.06217904233171409,0.0267577370381341,0.316
Aceclofenac,0.9049754657315471,0.7470649185620668,0.7912929002098644,1.0592023270653996,5016.0,3415.0,0.6808213716108453,-0.1304278166797809,0.936
Acenocoumarol,0.9402072683304153,0.738819884311149,0.6786012519975239,0.9184934872593867,17735.0,13715.0,0.7733295742881308,0.0043625460057824,0.424
Acetazolamide,0.894257985954463,0.26656771059186163,0.2535695457644533,0.9512387873289362,110923.0,132606.0,1.195477944159462,0.1503044237983471,0.066
Acetazolamide sodium,,,4.541694764713235,,0.0,2.0,inf,-0.0934575078195277,0.77
Acetic acid,0.9296360873044804,0.4325463029322726,0.42455188199629207,0.9815177684289853,64033.0,71706.0,1.1198288382552746,0.0414193766639292,0.272
Acetohydroxamic acid,,6.4031242374328485,,,1.0,0.0,0.0,-0.0492108365008348,0.604
Acetyl-l-carnitine,-0.03491309144215544,6.403124237432849,4.473214929916967,0.69859880334141,9.0,2.0,0.2222222222222222,0.1363526623372754,0.097
Acetylcholine chloride,,6.403124237432849,,,1.0,0.0,0.0,-0.1397462835310202,0.96
Acetylcysteine,0.8366676365282769,1.5548158700582422,1.2303835285821052,0.7913371301876511,113703.0,463828.0,4.079294301821412,-0.1208135013267468,0.885
Aciclovir,0.9765167689124358,0.1914447065441716,0.1960437572608622,1.0240228669661833,1101900.0,1321504.0,1.199295761865868,0.0540159004644484,0.242
Acipimox,0.8549005268396949,1.042514241708307,1.4277906836060026,1.3695646797748926,1555.0,1092.0,0.7022508038585209,-0.0365938131357271,0.576
Acitretin,0.87338133588613,0.6937378864101331,0.7317550801415075,1.0548005154051783,15842.0,12967.0,0.818520388839793,-0.0460572088752709,0.648
Aclidinium bromide,0.8859119264390423,0.6931050272963497,0.8379314242366247,1.2089530319888329,203044.0,80315.0,0.39555465810366225,0.1241567886834432,0.128
Aclidinium bromide/formoterol,0.6881738822087656,0.5518609631864005,0.8565197430548076,1.552057130675328,178331.0,153167.0,0.8588916116659471,0.1202107410639181,0.128
Acne Treatment,0.549381050890913,2.093739270331455,2.588305273375257,1.2362118388148247,64.0,43.0,0.671875,-0.1003495074747553,0.825
Acrivastine,0.9122395269542005,0.3031527436446196,0.3098813010330616,1.0221952712931068,48176.0,40399.0,0.8385710727333112,-0.0113692615268057,0.51
Adalimumab,-0.13972540739453077,3.497622221621089,1.5168204139675665,0.43367188274111146,114.0,22.0,0.19298245614035087,-0.0695361199860127,0.698
Adapalene,0.9108874968307912,0.3822736576185414,0.43322836469591414,1.133293796373013,180582.0,144962.0,0.8027488897010776,0.1638661893250579,0.062
Adapalene and benzoyl peroxide,0.8991558739321391,0.354083154548481,0.28927703835669627,0.8169748677413812,256583.0,374393.0,1.459149670866737,0.1374372869799343,0.053
Addaven (Generic),-0.024390243902439015,6.4031242374328485,6.403124237432849,1.0000000000000002,15.0,1.0,0.06666666666666667,-0.0416309813992551,0.655
Adefovir dipivoxil,,3.43066055204545,,,43.0,0.0,0.0,-0.0814223972189797,0.756
Adhesive (Pastes/Sprays/Solutions),0.5933849217183549,1.2344229963597722,2.2316616537831035,1.8078581332040307,2186.0,577.0,0.26395242451967066,0.3107816617876803,0.029
Adhesive Discs/Rings/Pads/Plasters,0.9934630524935023,2.7077012956430417,2.9019777945054597,1.0717496051632533,262929.0,336106.0,1.2783146781070174,0.6586137928514426,0.004
Adhesive Dressing Remover Ster Silicone,0.8396315908158805,0.8357747072112025,0.8050251996196525,0.9632083774176962,10281.0,17192.0,1.6722108744285575,0.3000175247909282,0.019
Adhesive Removers (Sprays/Liquids/Wipes),0.9854581815091927,2.2662305423810367,2.430317932713776,1.0724054271020191,1057721.0,1353353.0,1.2794990361352379,0.6595445864628421,0.003
Adrenaline,0.9865836492675524,0.40757041182252923,0.3674589231030753,0.9015839041404216,345032.0,467212.0,1.3541120823575785,0.0772471974228693,0.187
Afatinib,,,,,0.0,0.0,inf,-0.0910208391982724,0.79
Agomelatine,0.9751526430492952,0.8726041205489405,0.9598271705052298,1.0999571832200594,26440.0,30879.0,1.1678895612708018,-0.0515012940777102,0.649
Albendazole,0.2259276898589459,0.5949273965208889,0.5896550835380682,0.9911378883983946,286.0,603.0,2.1083916083916083,0.0237232824700289,0.317
Alclometasone dipropionate,0.14468110133998321,1.7467411638613786,1.5875968936807647,0.9088907541236353,150.0,96.0,0.64,0.0679359228353026,0.176
Alcohol,0.7111426841334038,0.8119773103180867,0.8158438722319346,1.0047619088177884,1306.0,719.0,0.5505359877488515,0.0965600702626978,0.114
Alemtuzumab,,,,,0.0,0.0,inf,0.1974765846810386,0.069
Alendronic acid,0.9183172962798746,0.12743338573150176,0.13694294936267293,1.0746238011066231,5496032.0,5062362.0,0.9210939819855488,0.1293329052244386,0.093
Alendronic acid/colecalciferol,0.6284850299342778,0.8557254968953072,0.8910711907838973,1.041304944186926,3594.0,1369.0,0.380912632164719,0.02169310231708,0.34
Alfacalcidol,0.911117093134831,0.3402343706757359,0.3653009954640891,1.073674581255764,754898.0,811475.0,1.0749465490702055,0.0803097502910931,0.182
Alfentanil hydrochloride,0.7681832924203538,0.849485000666717,0.8479837390950518,0.9982327391649212,5194.0,6439.0,1.239699653446284,-0.0288810931223758,0.55
Alfuzosin hydrochloride,0.9526646415425246,0.30998031999647163,0.2915723505274859,0.9406156833788828,463375.0,430575.0,0.9292149986512004,-0.0616394695216035,0.686
Alginic acid compound preparations,0.9820364010809847,0.3144626318992683,0.3454180742880652,1.098439176069457,4280553.0,4368083.0,1.020448292545379,0.0443544060004905,0.26
Alimemazine tartrate,0.8707787194065324,0.5813880905193282,0.548739539152508,0.9438437905777246,27848.0,24357.0,0.8746409077851193,0.0561387275178586,0.239
Alirocumab,0.12313657494161322,4.717961642188705,3.9926629297404728,0.8462686288157782,122.0,1558.0,12.770491803278688,0.0800023338618956,0.188
Aliskiren,0.5824356855473725,0.6105233719224672,1.0769028868660697,1.7639011647908378,14647.0,716.0,0.04888373045674882,-0.1080393693824497,0.893
Alitretinoin,0.20167862262638986,1.1468789992873418,1.4126417171657268,1.2317269023528437,503.0,456.0,0.9065606361829026,0.1697453368648793,0.077
Alkyl sulfate,0.9757912971017199,1.2453523949787013,1.3087747515934824,1.0509272370378875,2276.0,1620.0,0.7117750439367311,0.2903571317653537,0.044
Alkyl sulphate,0.9512142004277317,0.7299877812068418,0.7498579377956226,1.0272198481951722,19893.0,23714.0,1.1920776152415422,0.2297539050578617,0.038
Allopurinol,0.9495857741679967,0.0972423350341702,0.11254042538646794,1.157319241119849,6341707.0,7413960.0,1.1690795553941549,0.1884484117951129,0.051
Almotriptan,0.9474434474941655,0.6229337270608973,0.6302055189798138,1.0116734599573312,38544.0,44340.0,1.150373599003736,0.0156479210769095,0.357
Alogliptin,0.8272595621336257,0.6202406241841841,0.6712816760536834,1.0822923392620962,1621542.0,1214517.0,0.748988925356235,0.1201111682881759,0.089
Alogliptin/metformin,0.9516732176034389,1.1365732634373646,1.1447041827884532,1.0071538893379368,74241.0,50058.0,0.6742635470966177,0.0032279703754327,0.406
Alprazolam,0.20939284253841464,1.9785618374442846,1.9388591727867404,0.9799335740201942,13.0,26.0,2.0,0.0373865290963262,0.273
Alprostadil,0.8076264678433184,0.21275744978680888,0.32959401949600686,1.5491538360996182,98306.0,96531.0,0.9819441336235835,0.1589618805301543,0.09
Aluminium acetate,,3.57138924404252,,,6.0,0.0,0.0,-0.0495834680925738,0.615
Aluminium and magnesium and activated simeticone,0.7699639897610228,0.5129135090008414,0.798840664324273,1.557456862230865,13467.0,1844.0,0.1369273037796094,0.2293887570381175,0.034
Aluminium and magnesium and oxetacaine,0.7225219861291753,0.9609213927374244,1.0824122069303026,1.1264315844262571,2687.0,2470.0,0.919240788983997,0.0243825365744595,0.324
Aluminium chloride,0.9268518727084958,0.3303735213811506,0.36811055455450903,1.1142253562440356,43514.0,46907.0,1.0779749046283955,0.26548607166748,0.026
Aluminium hydroxide,,5.939217789971448,,,21.0,0.0,0.0,-0.0812745351452507,0.755
Alverine citrate,0.9878633692805346,0.5237136082933719,0.5332974000135607,1.018299680528485,226274.0,212077.0,0.9372574842889594,0.0579230677180328,0.256
Alverine citrate/simeticone,0.22592550571305312,0.9406920963543494,1.5838861910084578,1.6837456136251236,474.0,25534.0,53.869198312236286,0.0443851757016402,0.269
Amantadine hydrochloride,0.9127716685965018,0.25049991047137005,0.2287385567002661,0.9131282972111439,126465.0,136506.0,1.0793974617483098,-0.080788423843433,0.781
Ambrisentan,-0.023497957032935248,2.727135726656136,2.7051453553682596,0.9919364588007361,12.0,19.0,1.5833333333333333,0.1631773703362906,0.095
Amikacin,0.2224220384665072,4.123707495542646,3.5321476507873943,0.8565466039008165,4.0,18.0,4.5,0.0380570155635241,0.274
Amiloride hydrochloride,0.7586457839084555,0.23435191604768119,0.2934746110361973,1.2522816795595861,134934.0,115350.0,0.8548623771621682,0.0162007261011792,0.388
Amiloride hydrochloride with loop diuretics,0.8259534233516828,0.6633516489824404,0.7164978728010343,1.0801177232318913,4540.0,2606.0,0.5740088105726873,0.0270493660087504,0.35
Amiloride hydrochloride with thiazides,,6.40312423743285,,,1.0,0.0,0.0,-0.1675989577180827,1.0
Aminophylline,-0.03883243696180794,2.9150518329150765,5.41888989011478,1.8589343177118893,67.0,9.0,0.13432835820895522,0.0094979907673735,0.386
Aminophylline hydrate,0.4234417688143614,0.48494931894118054,3.300568809951254,6.806007722946363,95533.0,16.0,0.00016748139386390043,0.0845159134785694,0.152
Aminosalicylic acid,0.05679851551770451,2.1233911485348123,4.476806643427823,2.1083287676492954,14.0,2.0,0.14285714285714285,0.2656057651691874,0.035
Amiodarone hydrochloride,0.9005523564034396,0.26609241078415347,0.25778602741694084,0.9687838396340039,431718.0,397594.0,0.9209576621776252,0.106946775688085,0.105
Amisulpride,0.9607394415350291,0.4371068194773991,0.5059205487529485,1.1574300061431722,399643.0,383230.0,0.9589308457798585,0.2038482898107181,0.049
Amitriptyline hydrochloride,0.9509206148040746,0.15270912232080655,0.14092936961779864,0.922861499535952,14930177.0,16458793.0,1.1023843186855722,0.1935042178006112,0.015
Amlodipine,0.9328502271652295,0.12642437395182948,0.10216147997169639,0.808083732418736,32654041.0,40868867.0,1.2515714976899797,0.1410007839407593,0.069
Ammonium chloride/diphenhydramine hydrochloride,,,,,0.0,0.0,inf,-0.0536894538229696,0.586
Amobarbital,,6.403124237432849,,,1.0,0.0,0.0,-0.0838262042173644,0.765
Amobarbital sodium,0.5313520365922109,1.480243409744261,5.616596833103379,3.7943738145564505,620.0,5.0,0.008064516129032258,0.4287584237235814,0.011
Amorolfine hydrochloride,0.9569547037671814,0.5981659051508318,0.6156835933600189,1.0292856681705553,134708.0,161719.0,1.2005151884075185,0.2656247648053825,0.019
Amoxapine,,6.403124237432849,,,1.0,0.0,0.0,0.0842211470407205,0.169
Amoxicillin,0.9564685725318924,0.21853979923467132,0.2545697220216713,1.1648666417429554,7874302.0,8495744.0,1.0789202649326886,0.2393687274853882,0.005
Amoxicillin sodium,0.3012365188858681,1.941684601216901,2.2436653278680243,1.155525117962961,71.0,27.0,0.38028169014084506,0.3128536560141161,0.029
Amphoteracin,-0.03009348644320053,5.1896200921542865,6.403124237432847,1.233832944171221,6.0,1.0,0.16666666666666666,-0.010177354619524,0.454
Amphotericin,0.1341845668728988,1.6317676813502426,1.4728791397010177,0.9026279638546653,71.0,47.0,0.6619718309859155,-0.1470956850911854,0.961
Ampicillin,0.07400278467907835,0.9044929561524087,1.6710669677482313,1.847517945144344,674.0,94.0,0.1394658753709199,0.1354449815985814,0.104
Amylmetacresol,0.2772569023417681,1.2469491946367781,1.6546896143170495,1.3269904030043833,432.0,456.0,1.0555555555555556,0.1695385111768661,0.066
Anagrelide hydrochloride,0.8393797316927979,1.4360556950896823,2.458167054369372,1.7117491074855968,1192.0,583.0,0.4890939597315436,-0.0097936036234699,0.455
Anakinra,-0.03663624352708421,6.403124237432849,4.262821371769489,0.6657408498883891,11.0,8.0,0.7272727272727273,-0.0354616846139418,0.531
Anal Irrigation System,0.964466717963364,3.032930660572622,2.8658232926777916,0.9449023447627121,167976.0,245189.0,1.459666857170072,0.608871193683661,0.001
Anal Plugs,0.5792973489671122,1.8529872590128602,1.8118244734329354,0.97778571580581,9560.0,9696.0,1.014225941422594,0.6512417653950009,0.001
Analgesics with anti-emetics,0.9762682957640983,0.4631965011523358,0.5991393636049241,1.2934885348105847,93491.0,65960.0,0.7055224567070627,0.1961968986656927,0.052
Anastrozole,0.9732858682022741,0.5901024438854614,0.649440412948477,1.100555369119151,548390.0,511708.0,0.9331096482430387,0.0475946030822157,0.227
Androstanalone,,,6.4031242374328485,,0.0,1.0,inf,-0.0428690556964898,0.565
Antazoline,0.8363927345732668,0.36411234337442566,0.4342972326410309,1.192756138438384,11842.0,5748.0,0.4853909812531667,0.0825345225000901,0.163
Anti-D (Rh-) immunoglobulin,-0.033232412095782204,4.699441058882,6.403124237432849,1.3625288959270736,2.0,1.0,0.5,-0.0226094674568716,0.481
Apalutamide,,,2.934451506680215,,0.0,6.0,inf,0.0239669451190638,0.303
Apixaban,0.8688299746255195,0.2469828413943941,0.19656285372510893,0.79585631380452,7662625.0,10617623.0,1.3856378199376846,0.2066509570717918,0.037
Apomorphine hydrochloride,0.8187227166107672,0.8323674596955934,0.9058111724916834,1.0882347236675365,9323.0,7273.0,0.7801136973077336,0.0613751365830321,0.241
Apomorphine hydrochloride hemihydrate,0.5939632891444813,2.0151659834261224,1.4937307990290827,0.7412445482478263,954.0,1932.0,2.0251572327044025,-0.0007517494911693,0.402
Apraclonidine,0.9627527453982819,1.0150200828033527,1.0003876596101402,0.9855841047471695,43444.0,42096.0,0.9689715495810699,0.2239427537412523,0.051
Apremilast,0.832371673678862,1.8787509707396273,2.105475273772433,1.1206782093869252,233.0,228.0,0.9785407725321889,0.0182329443277273,0.33
Aprepitant,0.8234097824688528,1.608991586944461,2.5395079528251974,1.578322704376487,352.0,202.0,0.5738636363636364,-0.0317931734683039,0.527
Arachis oil,0.4518542920786426,0.5200184066447046,0.6353973929281096,1.221874812139556,1040.0,785.0,0.7548076923076923,0.0906991832576172,0.151
Aripiprazole,0.9767766297354362,0.2618594644695538,0.2922864289499574,1.1161957790681316,1500226.0,1965733.0,1.3102912494517494,0.2639282308617595,0.015
Arm Sling/Bandages,0.9713699554772649,1.1462776055639536,1.1662497998295729,1.0174235230354982,575910.0,441588.0,0.7667656404646559,0.0141855700563435,0.365
Arnica montana,0.9343641852294865,2.5083533555629853,2.682692284936493,1.069503337313645,240.0,450.0,1.875,0.0740334383351419,0.18
Artemether with lumefantrine,0.6646862122545243,2.813193805065415,1.4731331609890423,0.5236515018398413,8.0,32.0,4.0,0.1377436781358822,0.101
Artificial saliva,,0.3880382839876178,,,5172.0,0.0,0.0,0.1934930769316265,0.021
Artificial saliva products,,,0.8877295532925771,,0.0,1471.0,inf,0.1218840581405734,0.117
Ascorbic acid,0.6741056945367028,0.4190597931980348,0.47975408402655456,1.1448344408451456,75582.0,67802.0,0.8970654388611045,0.0527787665317018,0.252
Ascorbic acid (Eye),,,6.403124237432847,,0.0,1.0,inf,0.1974765846810386,0.069
Asenapine,0.5856632467832774,0.9745105942689349,0.8472262276622254,0.8693863695733379,1104.0,872.0,0.7898550724637681,-0.0678714531958809,0.806
Aspirin,0.8967826551913148,0.06724725661816855,0.07972907337826952,1.185610794964812,20949568.0,20281351.0,0.968103542755631,0.0211967647067679,0.369
Aspirin and caffeine,0.11882488233014626,4.024506946157137,1.8902183966906296,0.46967701186241806,26.0,34.0,1.3076923076923077,-0.0434352994655866,0.584
Aspirin combined preparations,-0.07503057218956494,1.6446613354854018,1.9477802945999383,1.18430478821044,80.0,178.0,2.225,-0.0752425847436693,0.742
Atazanavir,,6.4031242374328485,,,1.0,0.0,0.0,-0.0605731685569566,0.632
Atazanavir and cobicistat,,6.4031242374328485,,,1.0,0.0,0.0,0.1046499832600976,0.153
Atenolol,0.9902223126306351,0.20908922815656505,0.21479929887408533,1.0273092534123498,5471505.0,3795778.0,0.6937356358076983,0.1833720082058656,0.06
Atenolol with calcium channel blocker,,0.5815469036772756,,,6422.0,0.0,0.0,-0.0886214601638069,0.792
Atogepant,,,0.9571168996016957,,0.0,45310.0,inf,0.0961195244690535,0.155
Atomoxetine hydrochloride,0.8523684924585316,0.35758264996293493,0.333198290433512,0.9318077665906037,158339.0,229616.0,1.4501544155261812,0.0338760524397855,0.298
Atorvastatin,0.8425727800737974,0.09087663130092562,0.07020958092886927,0.7725812447468456,52390536.0,76860890.0,1.4670758474393162,0.1126308817735836,0.124
Atovaquone,0.36449845683263304,1.2860841316091056,1.1531544377915206,0.8966399704727965,516.0,704.0,1.3643410852713178,0.0343619946745367,0.323
Atropine sulfate,0.8720311311978298,0.2691032175719564,0.25469370959061816,0.9464536020366043,54869.0,63426.0,1.1559532705170497,0.1669704971577732,0.064
Avanafil,0.8213303609456807,0.8661221927762717,0.6801099813583364,0.7852356018938957,9335.0,10145.0,1.0867702196036422,0.2429352428215405,0.058
Axitinib,,,,,0.0,0.0,inf,0.0312184256557386,0.28
Azathioprine,0.9478561549290649,0.2332048322184944,0.2755161152878095,1.1814339894538413,797080.0,666860.0,0.8366286947357856,0.0613672187661945,0.19
Azelaic acid,0.943503562076297,0.3024557975927258,0.3299753321550573,1.09098696332278,105251.0,178587.0,1.696772477221119,0.1621122425514122,0.067
Azelastine hydrochloride,0.9116959147869297,0.26913986218885644,0.2664378060639105,0.9899604016180632,113901.0,123679.0,1.0858464807157093,0.2281389852400725,0.015
Azilsartan medoxomil,0.6303670516952207,0.7597427742435894,0.9393317222889498,1.2363812518311368,817.0,1076.0,1.3170134638922888,0.0168408733554058,0.336
Azithromycin,0.9558110309264042,0.3056782024327261,0.3093577358689303,1.0120372777872966,775419.0,919257.0,1.1854971312284068,0.0728356268912609,0.181
Aztreonam,-0.033417779095364405,4.673373459167726,6.403124237432849,1.3701289429099408,11.0,2.0,0.18181818181818182,0.0113592036281692,0.37
Bacillus calmette-guerin (B.C.G.),,,,,0.0,0.0,inf,-0.053816331479016,0.678
Baclofen,0.981314390544392,0.25570594353715487,0.28941044412188094,1.1318096095792498,1210014.0,1411511.0,1.1665245195510134,0.0592532800009135,0.22
Bacterial Decolonisation Products,0.6571087840019441,1.5752694307133872,1.6817572679251032,1.067599761117367,1952.0,3180.0,1.6290983606557377,0.046072436834836,0.267
Bag Closures,0.920024379310176,1.2852480869965668,1.4253700225468529,1.10902325937534,4567.0,3017.0,0.6606087146923583,0.4149664947823522,0.011
Bag Covers,0.9827893523026139,2.2772517372080765,2.509650668808,1.1020523676863436,5217.0,3297.0,0.6319723979298447,0.6335485987909686,0.005
Baloxavir marboxil,,,6.4031242374328485,,0.0,7.0,inf,-0.0346768546837539,0.605
Balsalazide sodium,0.9848646224241833,0.7202635158914149,0.7538030598813577,1.0465656572212094,43474.0,35841.0,0.8244237935317661,0.0366747995603201,0.266
Bambuterol hydrochloride,0.049378694449001115,1.6225139050196193,3.016271318317958,1.8590110747195632,2880.0,15.0,0.005208333333333333,-0.0759812299095332,0.711
Baricitinib,0.1292876550629829,1.7460886129424016,3.063726800104897,1.7546227478925551,171.0,50.0,0.29239766081871343,0.2408110673140961,0.06
BeclometDiprop/Formoterol/Glycopyrronium (Corticosteroids),,,0.23423058034719726,,0.0,3603948.0,inf,0.0459947275341706,0.253
Beclometasone dipropionate,0.8836976628108403,0.15072135170216175,0.14027885295984857,0.9307165267270927,14121387.0,14442382.0,1.022731124074427,0.0562370255961156,0.237
Beclometasone dipropionate (Systemic),0.9527958338191298,1.564629450378769,1.4932413394056112,0.9543737905764997,5006.0,3749.0,0.7489013184178985,0.1024422343306881,0.157
Beclometdiprop/formoterol/glycopyrronium,,0.33929292307034065,,,1521001.0,0.0,0.0,0.0154029257718946,0.357
Bedaquiline,,6.40312423743285,,,2.0,0.0,0.0,-0.1169422476278353,0.865
Belladonna alkaloids,0.9738149811456713,2.5881009934375383,2.7022381658383283,1.04410074131195,1903.0,2523.0,1.325801366263794,0.1860331145775903,0.072
Belts,0.994238356480732,2.352716338071737,2.8021392122619138,1.1910229749832568,97251.0,130192.0,1.3387214527357045,0.6160106860401087,0.011
Belumosudil,,,6.403124237432846,,0.0,1.0,inf,0.029118154001614,0.325
Bempedoic acid,0.3836822175388551,1.0793153951873247,0.5671376755390262,0.5254605633051259,2873.0,231968.0,80.74068917507832,-0.0297133883953885,0.525
Bempedoic acid/Ezetimibe,0.5040515346775867,1.013701939585232,0.6358746474356703,0.627279698898323,1365.0,509802.0,373.48131868131867,0.024036511740942,0.325
Bendroflumethiazide,0.9745542136976435,0.166612950010173,0.20774638730630907,1.2468801932480311,7442718.0,4905067.0,0.6590424358413149,0.0942334257896595,0.13
Benperidol,-0.08555329708854077,1.0283142676703325,4.4104613646556015,4.289020879431726,3795.0,54.0,0.014229249011857707,0.0119502711176101,0.362
Benralizumab,-0.042444483412935295,6.403124237432848,3.6794831584877037,0.5746387266667949,1.0,8.0,8.0,0.0572200834354238,0.204
Benzalkonium chloride,0.8130326645785312,0.7068190289092715,0.6184091187698796,0.8749186050129101,71464.0,77993.0,1.0913606851001902,0.0633830157752501,0.211
Benzatropine mesilate,0.18524832232680707,2.160659889648344,2.348117816310937,1.0867595717219067,194.0,73.0,0.37628865979381443,0.1208202249162024,0.118
Benzbromarone,0.13869844047018642,1.3891013411154367,1.7214166433507645,1.2392304235834093,311.0,150.0,0.48231511254019294,-0.0996146461223795,0.878
Benznidazole,,,6.4031242374328485,,0.0,1.0,inf,-0.029804959113123,0.49
Benzocaine,0.6330713260089075,0.6089268583458883,0.628928518388323,1.032847393358158,3108.0,4229.0,1.3606821106821108,0.195107917692012,0.047
Benzoic acid,0.5350786349115598,3.3925638465819823,2.6218844000780925,0.7728327361383777,6.0,9.0,1.5,-0.0424906478056779,0.583
Benzoin,,3.0199302676095368,,,31.0,0.0,0.0,0.0910624357935267,0.184
Benzoyl peroxide,0.8124794670843063,0.2950909914462895,0.28723517635045387,0.9733783296557683,122424.0,83380.0,0.681075606090309,0.1844631899642171,0.048
Benzoyl peroxide and clindamycin phosphate,0.9419748746467453,0.29166550211446235,0.2768736474446092,0.9492848672104931,568094.0,461830.0,0.8129464490031579,0.2993059731965941,0.005
Benzydamine hydrochloride,0.9691375425293616,0.38720757855983406,0.43739439577302053,1.1296121770132947,471230.0,607349.0,1.2888589436156441,0.2741901152566752,0.034
Benzyl benzoate,-0.15065935376295161,2.64475511736994,1.2789533931669592,0.4835810259963903,9.0,114.0,12.666666666666666,-0.0581862982946146,0.69
Benzylpenicillin sodium (Penicillin G),0.1486006007773241,0.8110561326767854,1.20695157739551,1.4881233601084096,145.0,184.0,1.2689655172413794,0.165876195484483,0.091
Betacarotene,0.22310712315107423,2.232153626254847,3.357489603401424,1.5041480854678846,51.0,22.0,0.43137254901960786,-0.1689316592720801,0.972
Betahistine hydrochloride,0.9871877625460409,0.22552686760164642,0.2387962272395714,1.0588371566502797,1636876.0,1717152.0,1.0490421998978543,0.0486243773333176,0.226
Betaine anhydrous,0.47733618052244614,1.5470194188146515,2.563424639408871,1.6570087021745363,205.0,104.0,0.5073170731707317,-0.0356444156218122,0.571
Betamethasone,0.09885568104914053,5.341381729020102,3.1251522914858882,0.585083120816233,9.0,24.0,2.6666666666666665,0.0535510896882141,0.247
Betamethasone esters,0.9837073381398375,0.3965570771414225,0.4376089749069885,1.103520779559624,362492.0,451333.0,1.2450840294406498,0.2127205748695121,0.023
Betamethasone sodium phosphate,0.7954686922718462,0.3179612952931683,0.2832839552806593,0.890938486772311,248661.0,278881.0,1.1215309196054066,0.0013013810112163,0.462
Betamethasone valerate,0.948526182395539,0.14600917417271558,0.15245771415864187,1.0441653068888552,3028234.0,2963813.0,0.9787265449103338,0.1198486571791247,0.099
Betamethasone/Doxycycline/Nystatin,,,3.9435050450817295,,0.0,19.0,inf,-0.0518548312940763,0.611
Betaxolol,0.8724777257677888,0.6915664526410396,0.6253858766318273,0.9043033742361654,17217.0,9970.0,0.5790788174478713,-0.1119540431565805,0.856
Bethanechol chloride,0.4366096211513899,2.1182777819643275,1.3818246819636602,0.6523340299034164,626.0,371.0,0.5926517571884984,-0.0836399420089858,0.784
Bexarotene,,,,,0.0,0.0,inf,0.0309366866782784,0.28
Bezafibrate,0.9343460924085923,0.27090527000585907,0.27575923148249976,1.017917560173472,358738.0,278215.0,0.7755381364672825,-0.0453119220297541,0.657
Bicalutamide,0.9438496078441612,0.33940665796834824,0.33992625769308893,1.0015309061049391,221390.0,174108.0,0.7864311847870274,0.0043236949934768,0.451
Bictegravir/emtricitabine/tenofovir alafenamide,0.023630406166132323,2.596324814269677,2.334133228271159,0.899014335742013,22.0,57.0,2.590909090909091,0.1154605579296713,0.127
Bifonazole,0.43489506997998595,1.3828202022177134,1.034798500836097,0.7483246912190951,140.0,207.0,1.4785714285714286,-0.1503319600912964,0.966
Bilastine,0.7323190863910408,0.8161124048759038,0.7020627814343567,0.8602525549665072,2035.0,4663.0,2.2914004914004913,0.1839100200987722,0.053
Bimatoprost,0.9295381806476295,0.2897601857305043,0.322815639472987,1.1140786601138724,1082640.0,905719.0,0.836583721273923,0.1478935023426054,0.05
Biperiden hydrochloride,-0.03473315942527335,6.403124237432848,4.496388018619674,0.7022178317786903,1.0,4.0,4.0,0.1974655816945801,0.076
Biphasic insulin aspart,0.9532058317531836,0.398699861585743,0.4976207178428622,1.2481085793801954,738778.0,630359.0,0.8532454945870072,0.1380176855148942,0.085
Biphasic insulin lispro,0.9809898128042613,0.605375327155812,0.6781182276399917,1.1201616538056516,282867.0,219706.0,0.7767113166258347,0.153332076399992,0.078
Biphasic isophane insulin,0.9727341951572808,0.6016080070216483,0.6834339697488736,1.1360120905509838,707864.0,680888.0,0.9618909847089271,0.063587076810764,0.199
Bisacodyl,0.9757365902521787,0.41102951167985774,0.37018174233360884,0.9006208357660109,1013539.0,916874.0,0.9046262649981895,0.1773757826876699,0.064
Bisoprolol fumarate,0.9613717794983153,0.08926718882185426,0.08141526202396901,0.9120401695010815,26366523.0,30969023.0,1.1745584732579264,0.1033580268613578,0.117
Boric acid,0.3877502045548585,2.6537158608444615,1.4039417212343561,0.5290474922162902,26.0,96.0,3.6923076923076925,0.1095201887972407,0.129
Bosentan,0.4001532140918624,2.969457885830929,2.596262978081774,0.8743222089358827,65.0,27.0,0.4153846153846154,-0.1307266216654325,0.906
Bosutinib,,6.403124237432848,,,1.0,0.0,0.0,-0.0242089731734301,0.505
Botulinum toxin type A,0.12820190854035712,4.1228816696792006,4.607217665290802,1.1174751143535215,143.0,214.0,1.4965034965034965,-0.0939895029133299,0.807
Bowel cleansing solutions,0.9307935367608375,3.195455369988616,1.629164253098315,0.5098378992863603,8812.0,2547.0,0.28903767589650475,-0.1318489634267212,0.931
Brimonidine tart (Rosacea),0.7257624986625396,0.3951781778425129,0.4266912292772855,1.0797439059181329,9721.0,21307.0,2.1918526900524635,0.0760856581357061,0.176
Brimonidine tartrate,0.872735964370298,0.27601886853829594,0.3243474850513874,1.175091713001447,255650.0,239221.0,0.9357363583023666,-0.0952710223290031,0.846
Brinzolamide,0.9352719144174967,0.2334186700680782,0.25143026055035234,1.0771643094231533,923647.0,820928.0,0.8887897649210142,0.2190398095473019,0.037
Brinzolamide and timolol,0.8520650156094903,0.37645554461979014,0.44102196932606635,1.1715114191543827,204042.0,201636.0,0.9882083100538125,-0.0245482860957962,0.561
Brinzolamide/brimonidine,0.8800297832504702,0.4096489965297382,0.42353329211005214,1.0338931516931131,190600.0,188273.0,0.9877911857292759,0.0915814989623642,0.169
Brivaracetam,0.8195849854120887,0.6628279815989107,0.6299067069205696,0.9503320988366748,57188.0,182906.0,3.198328320626705,0.1087331639614949,0.142
Brodalumab (Psoriasis),,,,,0.0,0.0,inf,-0.0287866620060516,0.47
Bromazepam,,,,,0.0,0.0,inf,0.1046499832600976,0.153
Bromfenac,0.8280456333511509,0.6842980603889818,0.8150019531538962,1.1910043303215228,9981.0,8783.0,0.8799719466987276,0.0035069592171118,0.412
Bromocriptine,0.8058976568135267,0.4421550456247752,0.4808603395390915,1.0875378315758557,10087.0,8248.0,0.8176861306632299,0.0123457352194771,0.381
Budesonide,0.5848148410385092,0.21673113269339322,0.21228670471892902,0.9794933569569274,3586100.0,4585067.0,1.2785664091910431,0.1924955674052829,0.052
Bumetanide,0.9463136332796287,0.3300085344093238,0.3486321732018984,1.0564338095858905,1832167.0,1911089.0,1.043075767656551,-0.0297349672286548,0.554
Bupivacaine hydrochloride,0.587167100009081,1.0208212337181222,0.7696430909994725,0.7539450254146975,12726.0,30449.0,2.3926606946408926,-0.0173130574658248,0.479
Buprenorph hydrochloride/naloxone hydrochloride,0.7160789143503747,1.100150044574829,1.1549107155938783,1.0497756385950177,7676.0,3174.0,0.41349661281917666,-0.0559606186902408,0.719
Buprenorphine,0.9602198800931028,0.35831704915581175,0.33627796445134306,0.9384927824216225,2450761.0,2743545.0,1.1194665656912282,0.0079297644135688,0.385
Buprenorphine hydrochloride,0.9463392401255191,0.45072618571778517,0.3775041106256824,0.8375464363680224,919711.0,983187.0,1.069017332618616,0.040954174840556,0.273
Bupropion hydrochloride,0.9318499039259899,0.6831996348140426,0.7939070645600939,1.1620425774615415,36784.0,42234.0,1.1481622444541104,0.0862274176827064,0.173
Buserelin,-0.08610825136829311,1.8136910157498878,6.4031242374328485,3.5304383061000144,109.0,2.0,0.01834862385321101,-0.0405540931570599,0.576
Buspirone hydrochloride,0.9851896133141463,0.7684877232965378,0.8749072784366698,1.1384791869981086,200575.0,249528.0,1.2440633179608624,-0.0731155421670592,0.743
Busulfan,-0.043938900090931966,3.5543393568205612,6.4031242374328485,1.801494903728211,6.0,1.0,0.16666666666666666,0.5555316141369318,0.017
Butobarbital,,1.9287911709380663,,,147.0,0.0,0.0,0.4650190112984269,0.008
C1-Esterase inhibitor,,5.863658443263753,,,18.0,0.0,0.0,0.0314672550011004,0.279
Cabergoline,0.9501486255944431,0.3222779013962191,0.32600608653624374,1.0115682307842793,81297.0,93450.0,1.1494889110299273,0.1075783266703271,0.135
Cabotegravir,,,,,0.0,0.0,inf,0.0209318437324042,0.342
Cabozantinib,,,6.403124237432849,,0.0,1.0,inf,0.0319602618310216,0.264
Caffeine,0.323222742798537,2.8338164152647374,2.4880579114546886,0.8779883898097373,94.0,78.0,0.8297872340425532,-0.1091338045461969,0.839
Caffeine citrate,-0.04731299159896994,4.715393778501887,4.48230726631227,0.9505690249556061,24.0,2.0,0.08333333333333333,-0.0512788198425248,0.633
Calamine,0.968465983198318,0.8608459025698935,0.9718128658962297,1.128904561193897,28822.0,38169.0,1.3243008812712511,0.291919734856112,0.044
Calcifediol,,,3.5879188911356756,,0.0,1108.0,inf,-0.0387281695362,0.561
Calcipotriol,0.9482300974959662,0.12609574693021025,0.11680798551926916,0.9263435790892967,1110900.0,1239041.0,1.1153488162750922,0.2962824183920194,0.005
Calcitonin (Salmon),0.9797368219887226,5.627647661868159,5.125624669596186,0.9107934571537619,109.0,47.0,0.43119266055045874,-0.0352608959850913,0.54
Calcitriol,0.954087053321863,0.5058666885255284,0.598410568277292,1.1829412409453275,55400.0,54561.0,0.9848555956678701,-0.0845134787461207,0.776
Calcium acetate,0.8284420298101571,0.5514682024012426,0.5794225795154583,1.0506908231381151,69482.0,82356.0,1.185285397656947,0.0228497751269237,0.328
Calcium acetate/magnesium carbonate,0.9768461425743347,2.5947984660049377,3.5027145008865834,1.349898478350618,8320.0,4755.0,0.5715144230769231,0.0441571661386755,0.227
Calcium carbonate,0.8895235675960368,0.2589409743629702,0.27854594505896174,1.0757121222094048,406548.0,444452.0,1.093233763294863,0.1969652882088329,0.049
Calcium chloride,0.2632849172399155,2.9622985407567612,3.696063593240372,1.247701250359513,5.0,4.0,0.8,0.0170150085203922,0.344
Calcium folinate,0.9044678974385163,0.861778540926622,0.9770613166006432,1.133773086934915,2978.0,2785.0,0.935191403626595,0.0208346726686868,0.302
Calcium gluconate,0.5560517257048089,0.7041696619713315,1.0540733844255659,1.4969025809414662,1304.0,1089.0,0.8351226993865031,0.0200415171435487,0.347
Calcium lactate,0.08937443715362094,1.5903122213914591,4.617948023937412,2.9037996198613714,59.0,3.0,0.05084745762711865,0.0170316952801876,0.341
Calcium polystyrene sulfonate,0.9229533737923454,1.9345060367204934,2.318581089783705,1.1985390822115611,1357.0,639.0,0.470891672807664,-0.0013224345530788,0.407
Camellia sinensis extract,0.4424823979352514,1.3579608325062276,1.1145462966943878,0.8207499583308316,193.0,138.0,0.7150259067357513,-0.0548293701435522,0.638
Canagliflozin,0.9426464750142642,0.588690992708393,0.6800808776819298,1.1552425399836321,705881.0,845448.0,1.1977202956305666,0.0265676522046711,0.328
Canagliflozin/metformin,0.9241278345357793,1.0485757732962977,1.2952345064104303,1.2352321495457952,13407.0,6782.0,0.5058551502946222,0.0832634443500641,0.174
Candesartan cilexetil,0.9860171890289243,0.35652701852526547,0.3638455093504364,1.0205271702981813,7254750.0,8813192.0,1.2148167752162375,0.054692224082547,0.231
Cannabidiol,0.7955165732993216,6.40312423743285,2.7806139034088178,0.4342589336551161,2.0,76.0,38.0,-0.0104061026767781,0.446
Capecitabine,-0.05791708277079797,3.6240822853967303,4.764257994735766,1.3146108778857986,3.0,13.0,4.333333333333333,-0.1244310791215861,0.9
Capsaicin,0.4300994529989261,0.33319704042311327,0.5529746339952833,1.6596024781405128,288843.0,31457.0,0.10890691482916325,-0.0024646564071634,0.487
Capsules delisted probiotic (0913531),,,2.1423623154280804,,0.0,156.0,inf,0.1714729250150227,0.07
Captopril,0.8096658626274755,0.2682659743811803,0.31353004273092633,1.1687283243958106,55577.0,37341.0,0.671878654839232,-0.0317667051523237,0.589
Carbamazepine,0.94168348562511,0.1138622512303986,0.10834250406698409,0.9515225888846569,2169962.0,2024936.0,0.9331665715805162,0.2726291813107907,0.011
Carbidopa,,,,,0.0,0.0,inf,-0.1216967874927097,0.928
Carbimazole,0.9318555418647888,0.1775705950989249,0.16428610373442934,0.9251875494526853,636196.0,778880.0,1.2242767952014788,0.146039136473075,0.082
Carbocisteine,0.9059885015736043,0.19919490905885412,0.19516746078637245,0.9797813694561255,2937896.0,4014852.0,1.3665739018671865,0.0150694877597949,0.371
Carbomer,0.902812497815154,0.5475001422843669,1.0108532512066024,1.8463068283214688,13919.0,2553.0,0.1834183490193261,-0.0262215025927917,0.566
Carbomer 940/980,0.9049953922202976,0.30701634902855757,0.3173986548032547,1.0338167847007111,1218639.0,981159.0,0.8051268669392658,0.1275315962960703,0.101
Carbomer 974P,0.9102625622569215,0.5276032974294134,0.5822965644889169,1.1036636187187985,28774.0,22804.0,0.7925210259261833,0.2410900104393792,0.004
Carglumic acid,-0.04916750405646555,4.735071727050794,4.295317541648612,0.9071282948281588,2.0,3.0,1.5,-0.0711997757468774,0.689
Cariprazine,0.7071707863239165,2.160719964612664,1.3468627506966149,0.6233398000457949,1943.0,9615.0,4.948533196088523,-0.0693118443174998,0.703
Carmellose sodium,0.94680072162308,0.44882487875463684,0.5300242476685838,1.1809154811989309,476930.0,390300.0,0.8183590883358145,0.0096541815567282,0.379
Carteolol hydrochloride,,,,,0.0,0.0,inf,0.029118154001614,0.325
Carvedilol,0.9608052591189408,0.4266308512327228,0.37295578706617694,0.8741885074380927,606076.0,780725.0,1.2881635306463215,-0.0518709275961697,0.621
Caspofungin,,3.760329200140567,,,12.0,0.0,0.0,-0.0848454082033054,0.764
Castor oil,-0.049575685292733,3.150208836578578,6.403124237432849,2.032603097002052,44.0,1.0,0.022727272727272728,0.038442981174778,0.281
Catheter Maintenance Products,0.9250004964878058,1.739643408521653,2.245083353221019,1.2905422698832791,221164.0,252128.0,1.1400047023927944,0.6289108008061515,0.001
Catheter Valves,0.913166136033876,1.9990755615958529,2.6577311776388313,1.3294801000504337,128997.0,159569.0,1.236997759637821,0.6426933353203858,0.001
Catheters,0.949375928961573,1.990401743802538,2.09438155201864,1.052240613504214,1329924.0,1549590.0,1.1651718444061465,0.7017000088208981,0.001
Cefaclor,0.933033611115245,0.8299519878337939,0.7787515891149523,0.9383092040631452,4814.0,2454.0,0.5097631906938097,-0.1118132146671953,0.877
Cefadroxil,0.6421753193922777,1.7360219654459046,1.792068682611123,1.032284566831977,554.0,317.0,0.572202166064982,-0.007079918844826,0.424
Cefalexin,0.8477374882555814,0.3006667895909229,0.25872827495849665,0.8605149751008869,825593.0,914467.0,1.1076486840368074,-0.0191829722169619,0.533
Cefixime,0.4864784919315759,0.7033542646725013,0.6597531067985235,0.9380096772509376,972.0,734.0,0.7551440329218106,0.0778662799039172,0.17
Cefotaxime sodium,-0.08967180611242669,3.1904925577239442,2.1951331812532078,0.6880232884226463,10.0,12.0,1.2,0.1847547540486765,0.073
Cefradine,0.9610321834729286,1.0806305046586777,1.0929076798325659,1.011361122160591,18099.0,9570.0,0.528758494944472,-0.0628727271476572,0.736
Ceftazidime pentahydrate,0.6694197651721367,2.701027173995051,4.442009420711491,1.6445630253106183,153.0,104.0,0.6797385620915033,-0.0795099108510446,0.751
Ceftriaxone sodium,0.7524187955232136,1.1644178072599076,1.6696577869216915,1.4338992211487283,885.0,574.0,0.6485875706214689,0.0073779015316961,0.37
Cefuroxime axetil,0.557129670781967,0.6905509495354879,0.6098136058714558,0.8830827128420552,3301.0,2021.0,0.6122387155407453,-0.0485526837657615,0.642
Cefuroxime sodium,0.13130467449770228,1.7625249314543474,2.0094635061718944,1.1401050108912705,83.0,81.0,0.9759036144578314,0.1371581036371576,0.108
Celecoxib,0.9596588491306219,0.465153224779183,0.4845714068867486,1.0417457755275883,343437.0,440440.0,1.282447726948465,-0.0345770867019247,0.587
Celiprolol hydrochloride,0.9028511491708089,0.4800833662346429,0.5356407438158347,1.1157244376470188,26905.0,17149.0,0.6373908195502694,0.0057063976417758,0.401
Cellulose Wadding BP 1988,-0.050020228406815546,3.1222120902455996,6.403124237432849,2.0508293646794398,4.0,1.0,0.25,-0.0453836947748421,0.617
Cenobamate,,,0.7150884698712858,,0.0,89448.0,inf,0.0602220589243337,0.224
Certolizumab pegol,,6.403124237432848,,,1.0,0.0,0.0,0.0777145293949821,0.181
Cervical Collar,,0.7761301500564485,,,326.0,0.0,0.0,0.0686238803329983,0.194
Cetirizine hydrochloride,0.9720235791366881,0.2200149682383416,0.22990755051439737,1.0449632238900182,3986997.0,3598783.0,0.9026299743892459,0.0953525355927004,0.119
Cetomacrogol,0.9909947696397007,2.69293897963599,2.6344903483535393,0.9782955975889394,50183.0,33690.0,0.6713428850407509,-0.0249177562131539,0.482
Cetrimide,0.7914768527394396,0.6268375031069442,0.7071187606847285,1.1280734754699058,4051.0,3581.0,0.8839792643791656,0.1692851491929138,0.085
Cetrorelix,0.7847438293304855,5.627160052609919,3.4072962593409666,0.6055090360830659,28.0,5.0,0.17857142857142858,-0.0336765166850294,0.52
Cetylpyridinium chloride,0.7029239636722551,0.8428766974193471,1.5680995898767964,1.8604139783172071,490.0,691.0,1.410204081632653,0.1961555505895254,0.062
Charcoal,0.7377013888735782,0.8314696395948932,1.2166200425021625,1.4632164357737962,1589.0,875.0,0.5506607929515418,0.0540559140355504,0.236
Chenodeoxycholic acid,,6.403124237432848,,,13.0,0.0,0.0,0.0448398352830347,0.263
Chiropody Appliances,0.9617089761880865,1.9393815976669546,1.559624196307112,0.8041863438238845,2203.0,1812.0,0.8225147526100771,0.0263297749302638,0.293
Chlohexidine gluconate (Emollient),0.6824603283707306,1.9120276986579285,1.3842608002535965,0.7239752861452913,1181.0,678.0,0.5740897544453852,0.0964056703699633,0.144
Chloral hydrate,0.8261064204296729,0.5380839569701186,0.5337861562608315,0.992012769283278,12858.0,10339.0,0.8040908383885519,0.2073217910703061,0.036
Chlorambucil,-0.07149065572856197,3.10266215345922,4.5083355366489375,1.4530539625858085,9.0,3.0,0.3333333333333333,0.0162206312719908,0.338
Chloramphenicol,0.9324177006559526,0.1847176951653384,0.21167186632129367,1.1459208936741494,891531.0,911550.0,1.022454631414948,0.1868641591881822,0.055
Chlordiazepoxide hydrochloride,0.6695508657897664,0.3429372749452627,0.47881632758947473,1.3962212992620884,36744.0,23647.0,0.6435608534726758,-0.0383034304862001,0.597
Chlorhex hydrochloride,0.32805524099242683,1.305781487123423,0.9337915394236295,0.7151208288920756,125.0,200.0,1.6,-0.0579983252820054,0.656
Chlorhexidine acetate,0.7570290759888795,1.2702005412423782,1.921717581567532,1.5129245494478434,1014.0,57.0,0.05621301775147929,0.009453952238603,0.366
Chlorhexidine gluconate,0.9878460840487204,0.5274448956217359,0.5523555177137316,1.0472288618181276,505967.0,449625.0,0.8886449116246712,0.3272242353565096,0.028
Chlorhexidine hydrochloride / Lidocaine hydrochloride,,,,,0.0,0.0,inf,-0.0883501486632316,0.761
Chloroprocaine hydrochloride,-0.02439024390243902,6.403124237432849,6.403124237432849,1.0,1.0,1.0,1.0,0.0111335622313412,0.342
Chloroquine phosphate,0.6968101351617024,1.5151566942557342,1.6463703501718085,1.0866007168852778,784.0,654.0,0.8341836734693877,-0.009410432382519,0.47
Chloroquine phosphate with proguanil hydrochloride,,4.569196238675252,,,2.0,0.0,0.0,-0.0490802080008249,0.592
Chlorothiazide,0.5519734516899438,0.6507705872449641,0.9457337357346979,1.4532521202878264,2478.0,1805.0,0.7284100080710251,-0.0189909117040495,0.522
Chloroxylenol,0.9672874415777614,2.8160533559081653,3.184553955493223,1.130857108517469,265.0,263.0,0.9924528301886792,0.088019930791652,0.149
Chlorphenamine maleate,0.9792416255596583,0.308566122055812,0.3487427262737424,1.1302041972406272,867397.0,779360.0,0.8985043757356781,0.2377434263926998,0.042
Chlorpromazine hydrochloride,0.9625651183436568,0.4325227468431341,0.4409129100431654,1.0193982010455378,227317.0,167659.0,0.7375559241059841,0.029166976277813,0.322
Chlorpropamide,,,6.403124237432849,,0.0,1.0,inf,0.1160483841809574,0.081
Chlorprothixene,,,,,0.0,0.0,inf,0.0209318437324042,0.342
Chlortalidone,0.9510786769867025,0.892478235891592,1.0997590857509163,1.232253114444017,13166.0,15209.0,1.1551724137931034,0.6004708821536077,0.015
Cholera,0.2569651029759726,0.9900714013899642,0.5124604298606317,0.5175994672113414,325.0,7754.0,23.858461538461537,0.0887976424679877,0.136
Cholesterol,0.9208101587592007,5.754903512599952,4.653503098479767,0.8086153118451513,43.0,9.0,0.20930232558139536,0.0710490746930044,0.187
Cholesterol/simvastatin,0.04930835859813913,5.3884168460048665,3.4238882589707695,0.6354163675197739,3.0,13.0,4.333333333333333,-0.0260127815111779,0.476
Cholic acid,,,,,0.0,0.0,inf,0.0448398352830346,0.263
Choline salicylate,0.9572259139386612,0.7773807893512332,0.9097489427979432,1.1702745363146656,16329.0,18702.0,1.1453242697042072,0.2823871739058071,0.04
Choriogonadotropin alfa,0.38605175665046176,2.0402338460718807,1.532524248609884,0.7511512719782076,140.0,122.0,0.8714285714285714,-0.0172021567645636,0.492
Chorionic gonadotrophin,0.22264520652213357,3.658858189824527,2.813127049631658,0.768853807303904,8.0,74.0,9.25,-0.0236929181452474,0.515
Ciclesonide,0.9605988881886252,0.9913091049486641,0.8846583160678454,0.8924141941717143,50907.0,45925.0,0.9021352662698646,-0.0378894645216837,0.541
Ciclosporin,0.8215938615606195,0.4059373129652905,0.4672409575439357,1.1510175158100997,56631.0,37235.0,0.6575020748353375,0.1404916755412988,0.062
Ciclosporin (Eye Anti Inflammatory),0.9129332214594678,0.5694454261349426,0.43351710884052846,0.761297025042391,73163.0,165002.0,2.2552656397359323,-0.0551203645960929,0.643
Cilostazol,0.9063629811090437,0.9354393703680401,1.0462520186511204,1.1184605350098553,17382.0,12834.0,0.7383500172592337,0.0539872414832522,0.243
Cimetidine,0.592179578273218,0.22392331542122101,0.3510113406119556,1.567551551975148,52775.0,76333.0,1.4463855992420653,-0.0186796671686626,0.505
Cinacalcet hydrochloride,0.8544325607423546,0.5930418523192306,0.5089685458368094,0.8582337719443702,61150.0,100488.0,1.6433033524121015,0.284922374755286,0.02
Cinnarizine,0.989946831967096,0.32062083566438365,0.31396172084850604,0.9792305612263822,325859.0,311664.0,0.9564382140741855,0.1788743173732047,0.065
Ciprofibrate,0.9215308691373658,0.5717562780250236,0.7019693081082605,1.2277421955610568,19078.0,11328.0,0.5937729321731837,-0.0934751982937619,0.819
Ciprofloxacin,0.9279725302516229,0.2790108258479189,0.32288633990863014,1.1572538052148076,528116.0,400326.0,0.7580266456611805,-0.0384243421553894,0.606
Ciprofloxacin/fluocinolone,0.7818520782158165,1.701023502312543,1.5815326064845012,0.9297535303506425,4005.0,13711.0,3.423470661672909,-0.1335166653011311,0.914
Ciprofloxain/dexameth,0.8725557437306315,0.6218373177124323,0.5137287572232474,0.8261465540748077,95497.0,258345.0,2.7052682283213083,0.0121013350591276,0.345
Citalopram hydrobromide,0.916599702382446,0.1201564323406002,0.1422801713203689,1.1841244663211694,14158197.0,12942941.0,0.9141659068594681,0.1612931968756683,0.058
Citalopram hydrochloride,0.7318232710430621,0.28561879720977873,0.270380163637772,0.9466469513880965,66601.0,65361.0,0.981381660936022,-0.0049089512811684,0.446
Cladribine (Immunomodulating),,6.403124237432848,,,1.0,0.0,0.0,0.6261021293513624,0.007
Clarithromycin,0.9421896465612053,0.23063948212484,0.23639924979663934,1.0249730341862358,1664328.0,1909633.0,1.147389817391764,-0.0226188442687049,0.529
Clascoterone,,,0.9066912257147288,,0.0,1106.0,inf,0.1593923820300647,0.1
Clemastine fumarate,0.2610038637487955,0.5337459067722561,5.6262405939693405,10.5410468213108,1474.0,6.0,0.004070556309362279,0.0739450502248856,0.186
Clindamycin hydrochloride,0.9565393823075773,0.5774934116205886,0.6528108207855585,1.1304212440339547,101092.0,85825.0,0.8489791477070391,-0.0120360146146232,0.44
Clindamycin phosphate,0.8963729011737094,0.3143783878149831,0.30817836755999967,0.9802784781165292,115770.0,123781.0,1.0691975468601538,0.1733840575160045,0.042
Clindamycin/tretinoin,0.902720301363326,0.6223633681693911,0.45956475413215114,0.7384187078425053,39969.0,86086.0,2.1538192098876627,0.1660666187507803,0.082
Clobazam,0.9653848966129194,0.27846330494749205,0.2816710535691288,1.0115194661725415,355201.0,426686.0,1.2012522487267772,0.1254957684563178,0.107
Clobetasol propionate,0.9493734961202958,0.1819327807080382,0.17661514959303953,0.9707714514431993,893030.0,1025800.0,1.1486736167877898,0.2074858492151587,0.052
Clobetasone butyrate,0.9337223893928142,0.22476193980019374,0.22056880621797442,0.9813441119704391,1408831.0,1713280.0,1.2161004407200011,0.0986830615249648,0.143
Clofazimine,0.27116895061449875,2.474574877053514,2.3366293758795442,0.9442548688046887,76.0,35.0,0.4605263157894737,-0.046518095938907,0.571
Clomethiazole,0.7046669441123373,0.8093540166097355,1.0898334713526774,1.34654730684828,8080.0,2875.0,0.3558168316831683,0.0754900412535477,0.181
Clomethiazole edisilate,0.9442347308516328,4.251346945602453,4.019321498499175,0.9454230741287105,641.0,320.0,0.49921996879875197,-0.1279063456164771,0.918
Clomifene citrate,0.7840367535789861,0.8685689243349681,1.2456560212662489,1.4341475804237445,3453.0,1901.0,0.5505357660005792,-0.1322747713872405,0.933
Clomipramine hydrochloride,0.8991744302416136,0.23391660724240645,0.2107600347368627,0.9010050086715445,227924.0,226893.0,0.995476562362893,-0.0087347886038707,0.489
Clonazepam,0.9587398148712416,0.2999103254447714,0.29723998907827837,0.9910962173025123,1031786.0,1079862.0,1.0465949334455014,-0.0828599504487851,0.815
Clonidine hydrochloride,0.952058464579781,0.2596415091143064,0.2926657662649455,1.1271917470488138,363874.0,397178.0,1.0915261876363795,0.0791922313298732,0.153
Clopidogrel,0.9309391122859574,0.12697372278299093,0.1201703195678639,0.9464188096087044,10566845.0,12123483.0,1.1473134128493414,0.2795011508866752,0.014
Cloral betaine,-0.044757983140891876,2.28008094182848,6.4031242374328485,2.8082881269548046,184.0,1.0,0.005434782608695652,-0.0924547814397452,0.81
Clotrimazole,0.9195795531882239,0.17215806874416476,0.17868969404584506,1.0379396989599519,1358277.0,1634989.0,1.2037228047003667,0.191088519092333,0.047
Clozapine,0.7392612044896674,2.3903122495401976,2.5497403899751454,1.0666976209763455,3580.0,3085.0,0.861731843575419,-0.001351867240881,0.367
Co-amilofruse (Amiloride hydrochloride/frusemide),0.9484059376560338,0.34800390179284013,0.36695570926819343,1.05445860629067,242868.0,151810.0,0.6250720556022201,-0.0034860338892985,0.458
Co-amilozide (Amiloride hydrochloride/hydrochlorothiazide),0.9433182712862364,0.3736647576602124,0.4232806662290764,1.1327818788144361,78235.0,38977.0,0.49820412858694957,-0.0355076256734244,0.579
Co-amoxiclav (Amoxicillin/clavulanic acid),0.9018939430881732,0.26717186830940415,0.28209943181453645,1.055872512325456,1307794.0,1319767.0,1.009155111584852,0.0037073141544909,0.417
Co-beneldopa (Benserazide/levodopa),0.9677261604442966,0.3656245892764068,0.33781271876069846,0.9239332601487507,995246.0,948774.0,0.9533060168038857,0.1122263619572867,0.088
Co-careldopa (Carbidopa/levodopa),0.9548544048206262,0.29020226180000247,0.3087960134714072,1.0640716979808342,1267805.0,1519412.0,1.1984587535149334,0.0003595016508509,0.456
Co-codamol (Codeine phosphate/paracetamol),0.9889701224135322,0.2574964199618502,0.2788693353922667,1.0830027673145244,15044810.0,15007344.0,0.9975097060049279,0.2365439251144467,0.009
Co-codaprin (Codeine phosphate/aspirin),,4.585405649918051,,,2.0,0.0,0.0,-0.1429083064725598,0.942
Co-cyprindiol (Cyprote acetate/ethinylestradiol),0.9803314393874406,0.35344667000784913,0.3758107217729242,1.0632741900343223,71684.0,40358.0,0.5629987165894761,0.0134850017530194,0.361
Co-danthramer (Dantron/poloxamer 188),0.6678744048668371,1.115322425913952,1.906274010830916,1.7091685476231844,1426.0,69.0,0.04838709677419355,-0.1261004000190201,0.91
Co-danthrusate (Dantron/docusate sodium),-0.09550136887914566,1.2416735187714893,4.965898649872512,3.999359392625018,256.0,2.0,0.0078125,0.3476096272493719,0.032
Co-dydramol (Dihydrocodeine/paracetamol),0.9900259624652095,0.49307755060607505,0.5490741470132754,1.11356549560687,1525150.0,1165202.0,0.7639917385175229,0.1664623930348198,0.044
Co-fluampicil(Flucloxacillin/ampicillin),0.23819461913542014,1.0484411997615009,3.3205195539939996,3.1671013641483667,1275.0,5.0,0.00392156862745098,-0.0033503774272616,0.424
Co-flumactone (Hydroflumethiazide/spironolactone),,1.801697221930817,,,552.0,0.0,0.0,-0.1236765441293978,0.907
Co-magaldrox (Magnesium/aluminium hydroxide),0.9631624820818321,1.0220391505577238,1.1730418169551842,1.14774645992285,49323.0,16710.0,0.33878717839547473,0.265767352460154,0.032
Co-phenotrope (Diphenox hydrochloride/atropine sulfate),0.9769819119572728,2.2017859574688567,2.472929812923204,1.123147236240007,1194.0,1168.0,0.9782244556113903,-0.0394347363096759,0.58
Co-proxamol (Dextropropoxyphene hydrochloride/paracetamol),0.8592409437430731,0.6888691567015269,0.7407997824910009,1.0753853257680028,7851.0,3311.0,0.42172971595975034,0.0151061510412493,0.334
Co-simalcite (Simeticone/hydrotalcite),-0.0333337796754423,1.6516052150901783,4.337379207330406,2.62615979151748,92.0,5.0,0.05434782608695652,0.2038293800536662,0.064
Co-tenidone (Atenolol/chlortalidone),0.9365650342787615,0.2987337409726749,0.33517950231749655,1.122000819948073,118509.0,63581.0,0.5365077757807424,0.0237349892505817,0.337
Co-triamterzide(Triamterene/hydrochlorothiazide),,1.4234035269982492,,,36.0,0.0,0.0,0.0449212236464358,0.239
Co-trimoxazole(Trimethoprim/sulfamethoxazole),0.7421702576358606,0.2405483205008763,0.27936820643870836,1.1613808230171812,198511.0,303071.0,1.526721441129207,0.1164817595967002,0.156
Co-zidocapt (Hydrochlorothiazide/captopril),,,,,0.0,0.0,inf,-0.0910208391982724,0.79
Coal tar,0.9780923929548218,0.3442462395238156,0.38114159833308764,1.1071772312177126,514869.0,477256.0,0.9269464659942627,0.2446430432539309,0.035
Coal tar and corticosteroid preparations,-0.03476070737161983,4.492824620022351,6.40312423743285,1.425189002236414,4.0,1.0,0.25,-0.2053785274207335,0.993
Coal tar bath preparations,,6.403124237432847,,,2.0,0.0,0.0,0.0694597353180614,0.179
Cobicistat,,,,,0.0,0.0,inf,0.0426897358185079,0.252
Cocaine,,4.669352244921472,,,18.0,0.0,0.0,-0.0950990091743419,0.807
Cocois,0.9553624586894475,0.2636056596354394,0.33539884385630464,1.272350693532732,81613.0,82491.0,1.01075809001017,0.2424992691985789,0.048
Cod liver oil,0.9213853587010143,1.2297997609345634,1.6987793247473835,1.3813462798662668,6364.0,3735.0,0.5868950345694531,0.1688906472880375,0.076
Codeine phosphate,0.9867335799866366,0.48586225540241035,0.4619451964428563,0.9507739926417108,5175204.0,5675119.0,1.0965981244410847,0.2413321126962807,0.051
Colchicine,0.9628685710547267,0.15388364493636866,0.1541294537992194,1.0015973683425057,517741.0,589706.0,1.1389980704638034,0.1362388671039335,0.045
Colecalciferol,0.9320078637705717,0.16716478948436153,0.16807439355274453,1.0054413616120284,25044197.0,28957034.0,1.1562372712528974,0.1261568661585926,0.055
Colesevelam hydrochloride,0.9408163298480318,0.33743444713818543,0.29467719025498795,0.8732872199450117,159771.0,247929.0,1.5517772311621008,0.0507670335082598,0.274
Colestipol hydrochloride,0.20074665488344087,0.3812693178846708,1.7213189995210658,4.514706321167295,6844.0,151.0,0.02206312098188194,0.0877980602251873,0.168
Colestyramine,0.9199197742229994,0.22179694289342206,0.2101421595015889,0.9474529123810624,130866.0,179794.0,1.3738786239359344,0.1232587692675593,0.069
Colistimethate sodium,0.9049958813351671,0.3875623851863001,0.5076044789314239,1.3097361826984832,33435.0,28602.0,0.8554508748317631,0.1087752639702391,0.124
Colostomy Bags,0.985690179858359,2.601221871909014,2.915485210728463,1.1208137384254784,443560.0,482095.0,1.0868766345026604,0.6497957629383843,0.003
Colostomy Sets,,5.019752505023732,,,3.0,0.0,0.0,-0.0911469778578666,0.774
Combined ethinylestradiol 20mcg,0.9345062596791034,0.24790392444028458,0.23248574464103433,0.9378058260511152,403179.0,355508.0,0.8817621949555905,0.1390128712198234,0.093
Combined ethinylestradiol 30mcg,0.9359744319095693,0.20150241736747482,0.20742013744863058,1.0293679855481028,2566290.0,2030368.0,0.7911685740894443,0.083450787847419,0.19
Combined ethinylestradiol 35mcg,0.9636231285122027,0.34305830985675406,0.36294712890789577,1.0579750394603367,183556.0,63897.0,0.3481062999847458,0.0539419687078264,0.256
Combined mestranol,0.3687350913822964,0.6771458614551069,1.2875376661933928,1.901418497082188,430.0,78.0,0.1813953488372093,-0.0545054938254437,0.653
Compound alginates and proprietary indigestion preparations,0.531518924119676,0.5330327203811738,0.6084268378939895,1.1414436949741118,4741.0,3876.0,0.8175490402868593,0.1573201793849135,0.043
Compound antispasmodic preparations,0.4830243329111525,1.8138765246044912,2.6631168911213097,1.4681908360338871,69.0,46.0,0.6666666666666666,0.1638517618915667,0.08
Compound iron preparations,-0.04275616663906327,6.4031242374328485,3.6526605204574443,0.5704497343818328,1.0,3.0,3.0,0.1795013730677176,0.059
Contraceptive Devices,0.9401650374233862,0.48482880396114136,0.47685440734343487,0.9835521393272136,36696.0,30409.0,0.8286734248964465,-0.0578212822465701,0.702
Coronavirus vaccine,,,1.0734677953030451,,0.0,265.0,inf,0.0626892753843215,0.218
Cortisone acetate,0.4103458226718383,2.2618906139538284,2.8038520818491492,1.2396055160899058,54.0,43.0,0.7962962962962963,0.0126684944216111,0.35
Crotamiton,0.8066237269622781,0.26419218485949036,0.263670081796214,0.998023775519499,88554.0,107310.0,1.2118029676807371,0.0484061480804272,0.248
Cyanocobalamin,0.7134301751320896,0.5003849091401987,0.5181259473284971,1.0354547826367955,1636095.0,2617230.0,1.5996809476222347,-0.0007746944173093,0.412
Cyclizine hydrochloride,0.943306783040697,0.1627032893020759,0.1650339906483056,1.014324856960344,1060585.0,1259345.0,1.1874060070621402,0.075676944808935,0.184
Cyclizine lactate,0.976097291870282,0.9386822471259733,1.00792854258442,1.0737696868886812,68992.0,68996.0,1.0000579777365493,-0.1408052577079447,0.957
Cycloidal Vibration Accessories,0.17857249427547925,3.9128274462589463,6.4031242374328485,1.6364443168979697,57.0,4.0,0.07017543859649122,-0.0749093141812655,0.699
Cyclopentolate hydrochloride,0.870460767870763,0.596125577912361,0.7146380067704069,1.1988044688051767,27659.0,24454.0,0.8841245164322644,0.0760038483122783,0.178
Cyclophosphamide,0.6267401999105504,1.4234221166339174,2.366388812185475,1.6624645525260406,299.0,30.0,0.10033444816053512,0.1182352140551048,0.116
Cycloserine,-0.03297539942749323,6.403124237432848,4.736068845261546,0.7396496881279222,22.0,3.0,0.13636363636363635,-0.1130752576123104,0.856
Cyproheptadine hydrochloride,0.7605200802601448,0.8271464070045463,0.9411577394880982,1.1378369433972833,2527.0,2088.0,0.8262762168579343,0.0747218973793925,0.167
Cyproterone acetate,0.8546666321178031,0.4854035803913611,0.6226653999646983,1.2827787538416353,29221.0,25888.0,0.8859381951336368,0.0225636637839556,0.345
Cytisinicline,,,1.7070762646442952,,0.0,2615.0,inf,-0.0825063714973957,0.77
Dabigatran etexilate,0.9574382807783623,0.6280303390895222,0.5812569141150544,0.9255236219283978,388934.0,247968.0,0.6375580432669811,0.059323650924892,0.197
Dabrafenib,,,,,0.0,0.0,inf,-0.1035644354906416,0.872
Dalteparin sodium,0.8840505513758682,0.9660898484269075,0.9986007635846612,1.0336520616697211,86914.0,53538.0,0.6159882182387187,0.1904886837239799,0.047
Danazol,0.6925120697785234,0.8819005784713548,1.4281821178825531,1.6194366493761656,719.0,472.0,0.6564673157162726,0.1361947857576068,0.105
Dantrolene sodium,0.8912300249665411,0.33866130406270206,0.38023357214583137,1.1227547038424925,37209.0,33324.0,0.8955897766669354,0.0132821788293904,0.376
Dapagliflozin,0.7022297050236539,0.2910463751112075,0.21231973893003062,0.7295048387010633,1696257.0,10798069.0,6.365821334856688,0.1323135072565904,0.128
Dapagliflozin/metformin,0.9241333397738692,1.0565445958804762,1.2621374770419405,1.1945898753001831,50637.0,112591.0,2.2234927029642355,0.1098713084313373,0.124
Dapoxetine hydrochloride,0.9332824010213269,0.8915647741644824,0.8901562388482412,0.9984201536926341,5879.0,8013.0,1.3629869025344445,0.3265077369539925,0.026
Dapsone,0.8124622648710523,0.3243274472977274,0.3559431769949789,1.0974808945732824,26171.0,22537.0,0.8611440143670475,0.0249560040844434,0.323
Daptomycin,,4.095010544948874,,,12.0,0.0,0.0,-0.1307483154159169,0.893
Darbepoetin alfa,0.9431542044979985,2.8623844766386184,3.3478376867082256,1.1695974856039217,5969.0,5716.0,0.9576143407605964,-0.0045588100934534,0.417
Daridorexant,,,0.5357696425138534,,0.0,142838.0,inf,0.0051083395726109,0.423
Darifenacin hydrobromide,0.8991930351029985,1.1924496605904467,1.0383472984576694,0.8707682452134098,119428.0,90552.0,0.7582141541347088,0.0309263550278894,0.347
Darunavir,0.33599846952282064,1.5044172910185418,4.8283692689394595,3.209461429195944,28.0,19.0,0.6785714285714286,0.0964210971706419,0.122
Darunavir/cobicistat,-0.04413380540836638,3.5386425540137196,6.4031242374328485,1.8094860217430209,6.0,1.0,0.16666666666666666,0.1044959144802286,0.147
Dasatinib,,4.855559540232626,,,2.0,0.0,0.0,-0.18673439901884,0.982
Debridement Device,,,1.3742614039622731,,0.0,81462.0,inf,0.0412495715184054,0.291
Deferasirox,0.4856257266648695,2.309920810944156,2.9333365751202685,1.2698862061514993,283.0,167.0,0.5901060070671378,0.4954534755476601,0.01
Deferiprone,0.6452617261553251,2.5963768941518865,2.5715109280858894,0.9904228210773229,80.0,39.0,0.4875,-0.0912223228362429,0.793
Deflazacort,0.8098854568513073,0.6093895654190474,0.5435449006739493,0.8919497994688834,4926.0,5289.0,1.0736906211936663,0.0120607305626546,0.384
Degarelix,0.8779830644082965,1.217278809310287,1.2881005245489607,1.058180356625777,26731.0,31806.0,1.1898544760764656,0.0174713146407225,0.363
Delgocitinib,,,1.871238630073415,,0.0,17.0,inf,-0.1608681506091807,0.965
Demeclocycline hydrochloride,0.6527001506676006,0.7216641318322711,0.7302701419064352,1.0119252290567828,5382.0,4105.0,0.7627276105536975,0.0005401431081157,0.399
Dengue fever,,,4.531591902034233,,0.0,8.0,inf,-0.0014893014178096,0.427
Denosumab,0.9636460212149313,1.2299918127758285,1.1371929690584677,0.9245532834011849,78743.0,117339.0,1.4901515055306502,0.0840574589565053,0.158
Deodorants,0.9963340011074349,2.6889656983527805,2.8331806586674553,1.0536321308981438,98953.0,84635.0,0.8553050438086769,0.6503369350560747,0.003
Depigmenting agents,0.8433408419351711,1.073639375851753,1.022716045550693,0.9525694274572772,957.0,917.0,0.9582027168234065,0.1837771521283107,0.078
Dequalinium chloride,0.7599191021317407,0.8227002771617933,1.052599260014036,1.279444396986669,678.0,534.0,0.7876106194690266,0.0480232986272941,0.265
Desferrioxamine mesilate,,5.644374849856707,,,12.0,0.0,0.0,-0.035872819160093,0.573
Desloratadine,0.9582742461405783,0.3451206857128867,0.3304918146103621,0.9576123028606444,192609.0,152400.0,0.7912402847218978,0.1811983088005941,0.048
Desmopressin acetate,0.8318127962722901,0.15621130361826846,0.14284323308259286,0.914423154880373,278635.0,340740.0,1.2228901609632674,0.01702103244387,0.399
Desogestrel,0.9390596924796926,0.16738698024600698,0.1915311117726261,1.1442413949468158,3077863.0,2962180.0,0.9624145064286487,0.2172958294610236,0.014
Detection Sensor Interstitial Fluid/Gluc,0.4384540373858743,0.21278449733015214,0.20069425588888534,0.9431808163049218,1312333.0,4313161.0,3.286636090077747,0.0757192812926448,0.148
Dev For Fungal Nail Infections,0.5175932859445271,0.9185661695826209,0.9249388087674449,1.0069375940415044,691.0,467.0,0.6758321273516642,0.2387623208630827,0.043
Dexamethasone,0.9555687769494695,0.1665339884477925,0.18364866211679295,1.102769853941052,1936317.0,1842404.0,0.9514991605196876,0.0810963292527214,0.138
Dexamethasone phosphate,0.8604008996379601,0.45380344078501267,0.42110905028721485,0.9279547320283835,14411.0,16869.0,1.170564152383596,0.0627885487001314,0.222
Dexamethasone sodium metasulphobenzoate,0.846902053557262,0.39901901607212276,0.5353123176026281,1.3415709428391511,58192.0,53084.0,0.9122216112180368,0.0641492780207958,0.211
Dexamethasone sodium phosphate,0.6869163579424326,1.526474647369972,1.5385499153348743,1.0079105591342163,416.0,261.0,0.6274038461538461,0.0008508203582833,0.39
Dexamfetamine sulfate,0.7846747235047186,0.49310926066905547,0.5383768643312249,1.0918003519154151,63151.0,242322.0,3.8371838925749393,0.0530139249099302,0.232
Dexibuprofen,,4.47719637847019,,,2.0,0.0,0.0,-0.0343401545574512,0.536
Dexketoprofen,0.5291318504232,0.8758876350396827,0.7975942858076005,0.9106125647857387,1011.0,1089.0,1.0771513353115727,-0.0138042852828309,0.457
Dexpanthenol,0.8991688098433497,0.4766688228610114,0.5683275593550273,1.19229018576015,11352.0,18955.0,1.6697498238195914,0.223772786574481,0.041
Dextromethorphan hydrobrom compound prepartions,0.4898825344230078,2.9412074271254056,1.9330390446268984,0.657226357719407,34.0,45.0,1.3235294117647058,0.1420079489243195,0.096
Dextromethorphan hydrobromide,0.654276827535268,2.94391411753919,2.251960602676744,0.7649545852102343,1036.0,1788.0,1.725868725868726,0.0100836255691568,0.36
Diamorphine hydrochloride,-0.03045446234071864,5.128107669127893,6.40312423743285,1.2486329559694662,2.0,1.0,0.5,-0.0749514926919731,0.716
Diamorphine hydrochloride (Systemic),0.5431676136421567,1.3887817485567306,1.3251810053273207,0.9542039321185594,26128.0,5018.0,0.1920545009185548,0.0405495013990076,0.293
Diazepam,0.9831653158659303,0.2343015529388811,0.26218650001328314,1.1190130698010183,4556800.0,3852680.0,0.8454792837078652,0.180009164340881,0.031
Diazoxide,0.6785257113255566,0.8307653140107448,0.9222109434495183,1.1100739617995061,2078.0,2379.0,1.1448508180943215,-0.0834673953997641,0.766
Dibasic potassium phosphate,,,,,0.0,0.0,inf,-0.1675989577180827,1.0
Dibrompropamidine isetionate,0.6960952333310658,0.9351082707338324,1.3662051269820679,1.4610127722535589,454.0,401.0,0.8832599118942731,-0.0122485619969085,0.461
Diclofenac diethyl,0.941169290911823,0.43644739019873613,0.5233413393407518,1.1990937535505677,2050017.0,2665198.0,1.300085804166502,0.2207879057656695,0.038
Diclofenac potassium,0.7007632041102643,0.5067576430945636,0.5684692985336612,1.1217774537395224,12359.0,5970.0,0.48304879035520676,0.1600729383695263,0.073
Diclofenac sod,-0.07871351367170655,1.984078141143157,6.4031242374328485,3.2272540605399698,47.0,1.0,0.02127659574468085,-0.0172354349761676,0.481
Diclofenac sodium,0.8968814645652246,0.21364915877776292,0.23059842468409986,1.0793322379704173,591873.0,554775.0,0.9373210131227476,0.1533410722003163,0.064
Dicycloverine hydrochloride,0.8719223288604854,0.40913922012720016,0.44267635607560857,1.0819699855173548,27349.0,20088.0,0.7345058320231087,-0.0244312088529981,0.556
Dicycloverine hydrochloride compound preparations,0.32571011658241916,0.7762152392354124,2.572147382922058,3.3137037936225973,17002.0,99.0,0.005822844371250441,0.0321483284141904,0.314
Dienogest,0.4613770677126185,1.2196461268656382,0.6621280182765718,0.5428853531295761,1833.0,30315.0,16.53846153846154,0.1339917773549042,0.08
Diethylamine salicylate,0.963068236945639,0.8166524040786522,0.8826696214383538,1.0808388208128552,155537.0,91181.0,0.5862335007104419,0.0889681107258028,0.168
Diethylstilbestrol,0.7945077233717373,1.0808781597737338,1.3687359966859862,1.2663184877123534,4230.0,1513.0,0.35768321513002366,-0.0725887514712539,0.723
Diflucortolone valerate,0.38280057067623496,0.7096543642260935,2.130246780212225,3.0018088911992313,3746.0,38.0,0.01014415376401495,0.0807539418596941,0.188
Digoxin,0.9478938175709659,0.15960174552032722,0.15702358327362137,0.9838462778818576,2650457.0,2559370.0,0.9656334737745227,0.138453670456334,0.083
Dihydrocodeine tartrate,0.9218384091343986,0.4097607774862365,0.41872438512931187,1.0218752211914095,1497350.0,1373947.0,0.9175857347981434,-0.1204314239551054,0.935
Diloxanide furoate,,,6.4031242374328485,,0.0,1.0,inf,-0.0958264494891428,0.798
Diltiazem hydrochloride,0.97233880866264,0.16604537406551934,0.1807834708212517,1.0887594540870311,2382800.0,2009271.0,0.8432394661742488,0.0339623973880011,0.283
Dimenhydrinate/cinnarizine,0.8079707658205075,0.5898397662305594,0.6015060450253136,1.0197787254482837,5151.0,3496.0,0.6787031644340905,0.0451228555418275,0.26
Dimethyl fumar,0.5604923199490562,1.697773958083236,2.7925972507059114,1.6448581022285889,109.0,60.0,0.5504587155963303,-0.0815807373244797,0.753
Dimethyl sulfoxide,,,5.422252382060213,,0.0,4.0,inf,-0.1155173825720815,0.89
Dimeticone (Barrier),0.8455735523067475,1.0231942730592547,1.4676821101945328,1.4344119673444822,124960.0,52976.0,0.423943661971831,-0.1132638616032165,0.865
Dimeticone (Parasiticidal),0.8189065379289664,0.6082434336491758,0.45576967763619086,0.7493211638994378,3758.0,3665.0,0.9752527940393827,0.2245248624257166,0.056
Dinoprostone,-0.024390243902438997,6.403124237432849,6.403124237432849,1.0,3.0,1.0,0.3333333333333333,0.0748082199934257,0.184
Diosmin/hesperidin,,,6.4031242374328485,,0.0,1.0,inf,0.002595192515305,0.402
Diphenhydramine hydrochloride,0.9328203577502885,0.6410080413244732,0.6633660436334444,1.0348794412356737,28372.0,29345.0,1.0342943747356548,0.0641609153685461,0.203
Diphenhydramine hydrochloride/pholcodine,,,,,0.0,0.0,inf,-0.1675989577180827,1.0
Diphtheria,0.6789547348870595,0.4499473705055494,0.4176468320084447,0.9282126297108646,64495.0,323537.0,5.016466392743624,-0.0104106108804648,0.473
Dipipanone hydrochloride,0.6397609622547328,0.9185077427499886,1.3733690946305293,1.4952177654144727,1654.0,697.0,0.42140266021765416,0.072636911442622,0.177
Dipyridamole,0.8757486275961729,0.30980262583769624,0.27782015624228623,0.8967650144703246,188306.0,110742.0,0.5880959714507238,0.0359841628138849,0.298
Dipyridamole and aspirin,,1.4248620474194282,,,88.0,0.0,0.0,-0.0970693916537803,0.842
Discharge Solidifying Agents,0.994172301949044,2.015595717207008,2.1253484289396405,1.05445174882824,31096.0,28673.0,0.9220800102907126,0.5996485813500105,0.003
Disodium edetate,0.6153576319097912,3.391541048698096,6.4031242374328485,1.887968963221248,12.0,4.0,0.3333333333333333,-0.1392698281606344,0.946
Disopyramide,0.6953115004417363,0.47299826980330034,0.6147703509192783,1.2997306547758303,12980.0,6287.0,0.48436055469953776,0.0996984460518629,0.114
Disopyramide phosphate,0.9007865543187338,0.9546329717801718,0.8627140924487191,0.9037128592363146,4429.0,3408.0,0.7694739218785279,0.0947875767293955,0.144
Distigmine bromide,0.5483451143402337,2.802802795475854,3.648642071687089,1.3017833711228444,45.0,42.0,0.9333333333333333,-0.01268887997642,0.447
Disulfiram,0.9176220378419775,0.8234578016287275,0.9419396079199873,1.1438832761762814,26692.0,19069.0,0.7144088116289525,0.1066952791335556,0.127
Dithranol,0.21484052153275143,0.4287322405908751,1.9861613381007537,4.63263815980679,3452.0,40.0,0.011587485515643106,0.0099192938128592,0.377
Docusate sodium,0.9741467326096732,0.7063211746021683,0.5735710790527234,0.8120542037774591,2143968.0,2827298.0,1.3187221077926536,0.1309563029128183,0.101
Dolutegravir,0.4312644900818991,2.616944734894669,2.8625341613508484,1.0938458589443862,72.0,32.0,0.4444444444444444,-0.0533027027821057,0.642
Dolutegravir/lamivudine,-0.14130742910258348,3.683639326742832,1.92113508774678,0.5215318106198787,3.0,26.0,8.666666666666666,-0.1009086803914161,0.859
Dolutegravir/rilpivirine,-0.041531149445849985,6.403124237432851,3.7604006624529367,0.5872759176636813,3.0,3.0,1.0,0.0058776681338726,0.383
Domperidone,0.9347305314129443,0.22958657971360455,0.24128777718226715,1.0509663826311588,297482.0,224860.0,0.755877666547892,0.0585132485922232,0.216
Donepezil hydrochloride,0.9535747297063192,0.38008270865511273,0.3947613683826904,1.0386196461804766,1931209.0,2095799.0,1.0852264048065228,0.1317445609733427,0.088
Doravirine,-0.024390243902438987,6.4031242374328485,6.4031242374328485,1.0,3.0,42.0,14.0,-0.0368130020451376,0.604
Doravirine/lamivudine/tenofovir disoproxil,,,6.4031242374328485,,0.0,3.0,inf,-0.1216967874927087,0.928
Dornase alfa,0.9064336871277062,0.8671616005458257,1.0985748470373597,1.2668628850099837,6730.0,3265.0,0.4851411589895988,-0.0675183598024612,0.724
Dorzolamide,0.8870511268671463,0.3294239419746419,0.3169097212566995,0.9620118056904748,386094.0,552824.0,1.4318378425979166,0.0626551537943975,0.203
Dorzolamide and timolol,0.8967384599711019,0.24659112845698622,0.2293003537744352,0.9298807917756574,778762.0,979045.0,1.257181269758925,0.0155332761212537,0.349
Dosulepin hydrochloride,0.9019634168734769,0.2425432639720584,0.22235101539482338,0.916747848418659,436174.0,272059.0,0.6237396085048628,-0.0165274857500421,0.463
Douches,,3.4275356558985806,,,11.0,0.0,0.0,-0.0393075018145094,0.577
Doxazosin mesilate,0.9586321443891823,0.15536518616654182,0.15514992952541404,0.9986145117420511,6715012.0,7769898.0,1.1570936879934095,0.1029330480770474,0.123
Doxepin,0.8852765301027526,0.5599922073782099,0.4583935099061461,0.8185712298609797,20275.0,14335.0,0.7070283600493218,-0.0574418516379721,0.665
Doxepin hydrochloride,0.6949616260324808,0.5449583302087174,0.5587155776799989,1.025244586069567,3361.0,3498.0,1.0407616780720024,-0.0156039169950385,0.535
Doxycycline hyclate,0.8917693195484914,0.1762533418345817,0.19001911223396037,1.0781021809634577,2961832.0,4001143.0,1.3509014015649774,0.1747429692976756,0.056
Doxycycline monohydrate,0.6477585875045279,0.42294356667243127,0.33535270603605044,0.7929017780657727,15313.0,67296.0,4.394697316006008,-0.0152651050121735,0.482
Doxylamine succinate/pyridoxine hydrochloride,0.45140156416030924,1.124875772414638,0.5746976330864226,0.5108987562713587,5946.0,90547.0,15.228220652539523,-0.0219078849502425,0.53
Drainable Dribbling Appliances,0.7999200291045282,4.9475036344498715,3.077554206757768,0.622041828393719,7.0,10.0,1.4285714285714286,-0.0117835958142765,0.416
Dronabinol/cannabidiol,0.642163896839877,0.9954753356929879,0.975504784779809,0.9799386783407581,2477.0,6021.0,2.4307630197819945,-0.0804506767317311,0.779
Dronedarone hydrochloride,0.9637522340457358,1.0388156048706534,1.0149541918368008,0.9770301746315954,20359.0,16789.0,0.8246475760106096,0.0014916666649902,0.395
Drospirenone,,,0.5251079777907691,,0.0,48631.0,inf,0.0754616960777691,0.155
Drospirenone and Estetrol,,,0.951250465966818,,0.0,1220.0,inf,-0.033569448820488,0.576
Dry Mouth Products,0.953516498494267,0.23445878302237297,0.22776003479408366,0.9714288876623143,477108.0,503834.0,1.056016667085859,0.0384004377577443,0.27
Dulaglutide,0.8764522952522243,0.43904649385550554,0.4830874438060156,1.1003104467678642,853125.0,587305.0,0.6884161172161172,-0.0326917372194549,0.586
Duloxetine hydrochloride,0.9243229807252183,0.2456091257487563,0.2526017671365493,1.0284706090071998,3506620.0,5359221.0,1.5283153007739647,0.1950206429966259,0.036
Dutasteride,0.9491798511307356,0.3582429448135757,0.3618382782330612,1.0100360201688172,275907.0,284686.0,1.031818692530454,0.0025935689339216,0.391
Dydrogesterone,0.1832997860449118,2.2465622005985115,0.5586836800545639,0.24868382451450655,32.0,727.0,22.71875,0.0843826094958782,0.16
Econazole nitrate,0.8127948862895058,0.656138243489003,0.47147519986664493,0.7185607675595683,6400.0,5213.0,0.81453125,0.069752626286763,0.193
Edoxaban,0.8137735599577222,0.7324854617414428,0.36302164199140213,0.4956025217597339,1862980.0,4338676.0,2.328890272574048,0.0801075486856301,0.142
Efavirenz,-0.03549795400582805,4.3995144582971,6.4031242374328485,1.455416114238951,16.0,1.0,0.0625,-0.0855968745040125,0.776
Efavirenz/emtricitabine/tenofovir disoproxil,-0.08828382219465997,2.50839661180281,4.515674891444264,1.8002236449357993,11.0,2.0,0.18181818181818182,0.0295447994812425,0.284
Eflornithine monohydrate chloride,0.9158237057856989,0.5668440082293156,0.5658453616121998,0.9982382337951576,25035.0,28709.0,1.1467545436389055,0.1854640751964248,0.009
Elafibranor,,,6.403124237432849,,0.0,1.0,inf,0.1099554414751097,0.12
Elastic Hosiery,0.9229189042337571,0.44149889418157495,0.5633248579196154,1.2759371888436422,434280.0,429306.0,0.9885465598231555,0.015876827858716,0.363
Elbasvir/grazoprevir,,3.6997718898876473,,,3.0,0.0,0.0,-0.1610584692735707,0.975
Eletriptan,0.9022991675406156,0.8209003182007688,0.7448707423935447,0.9073826941937797,16324.0,25700.0,1.574369027199216,-0.071411858508927,0.721
Eltrombopag,0.11388555631391103,2.3610184732356,2.583407169843391,1.0941918494619078,147.0,54.0,0.3673469387755102,0.1327928546186757,0.114
Eluxadoline,,4.507084860285932,,,5.0,0.0,0.0,-0.0204722299428816,0.491
Emedastine,,6.40312423743285,,,1.0,0.0,0.0,0.1160483841809574,0.081
Emollient bath and shower preparations,0.8460872233881119,0.5179915376306565,0.576004660912567,1.1119962761308189,604981.0,409391.0,0.6767005905970601,0.1061181430681938,0.132
Emollients,0.9261065117526848,0.23956635141250787,0.26525738321251197,1.1072397339965614,9001120.0,10784650.0,1.1981453419130064,0.344877546439179,0.006
Empagliflozin,0.8186319841690638,0.30032776876007516,0.3252485410348193,1.0829785816264388,2156065.0,4697999.0,2.178969094159963,0.1891952168127135,0.042
Empagliflozin/linagliptin,0.87214166600292,1.6202451550330443,1.1604496999152651,0.716218589705703,3580.0,9673.0,2.70195530726257,0.1248610374414633,0.107
Empagliflozin/metformin,0.9845111774963827,1.4291062257818503,1.4926178451204772,1.0444414965051882,84951.0,140760.0,1.656955185930713,0.1294049004920447,0.112
Emtricitabine,,,,,0.0,0.0,inf,0.1051825464164806,0.114
Emtricitabine and tenofovir alafenamide,0.11753912530287644,1.9843949930623357,3.334578305223758,1.6804004832111612,64.0,103.0,1.609375,0.0011980353574762,0.419
Emtricitabine and tenofovir disoproxil,0.0003560869986711723,3.228807675439087,2.332351575359479,0.7223569223714451,164.0,39.0,0.23780487804878048,0.0127742433977938,0.363
Emulsifying wax,0.9690167502093755,1.1400613845240195,1.2776936204738703,1.1207235310468067,46855.0,20783.0,0.44355991889873014,0.1659639626497162,0.083
Enalapril maleate,0.9892511373241842,0.37501431330589036,0.3750193856505096,1.0000135257360565,1368169.0,1137701.0,0.8315500497380075,-0.0654370485977011,0.742
Enalapril maleate with diuretic,0.8202779843323179,0.4651070083100823,0.5339579727662386,1.1480325241847442,11169.0,6324.0,0.5662100456621004,0.1792027867169431,0.06
Enoxaparin,0.8924249837695424,0.8069110320769772,0.6933573652697567,0.8592736221303914,134177.0,127977.0,0.9537923787236262,0.1120491589449832,0.103
Enoximone,,,,,0.0,0.0,inf,-0.0997167437078897,0.802
Entacapone,0.7863513416611398,0.4322309369554109,0.51072862643569,1.1816105298551938,42280.0,40980.0,0.9692526017029328,0.0326229744023159,0.316
Entecavir,0.8402593015059153,1.549938741854897,1.5696100674707787,1.0126916794094325,1684.0,3191.0,1.894893111638955,0.0304415895663403,0.295
Enteral nutrition,-0.025466242079232204,0.7330900673233294,4.8518464833557875,6.618349776680143,4055003.0,2.0,4.932178841791239e-07,0.0928788480242963,0.144
Enzalutamide,-0.01622877683198521,1.1315636268812577,2.9042601349943427,2.566590217289748,69.0,34.0,0.4927536231884058,0.0229205883169857,0.316
Ephedrine hydrochloride,0.7805281480942461,0.5551261330536877,0.8761995757371565,1.5783792611550802,5010.0,2142.0,0.4275449101796407,0.0065929820530144,0.388
Epinastine hydrochloride,0.7444431996271189,0.9362138355758644,0.7198599173259668,0.7689054465673235,1685.0,1704.0,1.0112759643916913,-0.0935978493801289,0.816
Eplerenone,0.9202243618255916,0.37221307230071365,0.35188409805286136,0.9453835027281676,1011172.0,1970595.0,1.9488227522122843,0.1078094851235412,0.125
Epoetin alfa,0.9131543419457984,2.041407948848457,2.277443508344464,1.1156239053684263,1035.0,558.0,0.5391304347826087,-0.0912906377270051,0.773
Epoetin beta,0.8128554202703342,2.722663540875994,2.3455883722295767,0.8615050435041648,828.0,624.0,0.7536231884057971,0.0550546938225519,0.221
Epoetin zeta,0.318031304627451,3.6838622547327162,2.0779917241236303,0.5640796480525301,16.0,165.0,10.3125,-0.1640263859569335,0.958
Eprosartan,0.9856278317262914,0.9354210837514647,0.9820848564225247,1.0498853120606573,39909.0,25268.0,0.6331403943972538,-0.1248579379781391,0.908
Erdosteine,0.9832680806130092,2.1782146486709637,2.4252375804422015,1.113406147517169,8349.0,7093.0,0.8495628218948377,-0.0573019253041034,0.638
Erectile Dysfunction Devices,,,0.7309909942049841,,0.0,26405.0,inf,0.1460050746313033,0.087
Erenumab,-0.03450806500399828,5.451413809421681,5.315819703346099,0.9751267999796246,18.0,4.0,0.2222222222222222,-0.0897507052214282,0.779
Erenumab (old),,,,,0.0,0.0,inf,-0.0988106047610258,0.801
Ergocalciferol,0.8785046612852037,0.5467898349015847,0.5164869473067063,0.9445803750167876,69151.0,44117.0,0.6379806510390306,0.0835933490902948,0.189
Ergometrine maleate,,,,,0.0,0.0,inf,0.1160483841809561,0.081
Ergotamine tartrate,-0.06727985144326912,0.9272233466167168,6.403124237432849,6.905697813581572,91.0,1.0,0.01098901098901099,0.050525887030695,0.223
Erlotinib,,6.4031242374328485,,,1.0,0.0,0.0,-0.0809886491021742,0.714
Ertapenem sodium,0.49715870655457883,2.0329829783688993,4.75369486800807,2.3382856219593386,208.0,65.0,0.3125,-0.0744484926775952,0.726
Ertugliflozin,0.37929029709989226,1.0738189931180013,0.7055950748283051,0.6570893971427153,8939.0,11559.0,1.2930976619308647,0.0205456867079826,0.336
Erythromycin,0.922261215783193,0.27621046960662377,0.27725919662940807,1.0037968402294015,565442.0,342473.0,0.6056730840652091,0.0237198175878354,0.327
Erythromycin ethylsuccinate,0.9702761331679727,0.5137363701033599,0.5954235641866018,1.1590060560960616,153625.0,125970.0,0.8199837266069976,0.0409913934064171,0.281
Erythromycin lactobionate,,,,,0.0,0.0,inf,0.1360194844359122,0.093
Erythromycin stearate,0.773205524317861,0.5482776734780511,0.49214693249106395,0.8976235150504733,10645.0,9008.0,0.8462188821042743,0.1822877102663391,0.063
Escitalopram,0.942981785553322,0.39017543781043545,0.33753251168122456,0.8650788311416282,1519558.0,2112190.0,1.390002882417124,0.0024647157999027,0.411
Eslicarbazepine acetate,0.9583925497049095,0.8245558157686889,0.7959408587009791,0.9652965190221433,29932.0,42102.0,1.4065882667379392,0.0734516118691992,0.206
Esomeprazole,0.9763019672562391,0.3338838464348261,0.3221769283857571,0.9649371535218786,2466062.0,2893498.0,1.1733273534890851,0.0983313823610262,0.12
Estradiol,0.9600684277804111,0.34218120644215483,0.3219473591246277,0.9408680344314946,3210214.0,8197451.0,2.5535528161050944,0.2100774655055498,0.029
Estradiol and estriol with progestogen,0.2895082880866891,0.314672352924096,0.4249406917556495,1.3504227105015227,6999.0,2590.0,0.3700528646949564,-0.0106381499053978,0.456
Estradiol and nomegestrol,0.7640921737257674,1.0692551819238447,0.7964344340327532,0.7448497304448671,2279.0,8217.0,3.605528740675735,0.0913871486907354,0.175
Estradiol valandestradiol valerate with dienogest,0.9521659571524644,0.7437266466360221,0.7263472977544325,0.9766320744857016,6367.0,8894.0,1.3968902151719804,0.1349336246318022,0.102
Estradiol valerate,0.9571011727842575,0.35644560464729247,0.34187618778872814,0.9591258338758842,125473.0,94759.0,0.7552142692053271,0.029305679536691,0.31
Estradiol with progestogen,0.847291647064679,0.22344215405800708,0.1811957654947145,0.8109291922045957,1492934.0,2342667.0,1.569169836040977,0.2502535798234747,0.017
"Estradiol, estriol and estrone",,5.4756242453533845,,,14.0,0.0,0.0,-0.1425716059835847,0.951
Estriol,0.9468634630409698,0.31829544202602195,0.2738159648894203,0.8602572601936119,768959.0,1719554.0,2.236210253082414,0.2156300762958608,0.021
Eszopiclone,,,1.3947006626638754,,0.0,113.0,inf,-0.0673261426040338,0.703
Etamsylate,-0.034912390477775994,4.473304742281132,6.4031242374328485,1.4314080095888164,2.0,1.0,0.5,-0.1781485440483532,0.987
Etanercept,-0.08411706549958269,4.6789410335553105,2.3803069675503163,0.5087277122066297,102.0,26.0,0.2549019607843137,-0.0536540306395977,0.663
Ethambutol hydrochloride,0.5220879444986531,0.9728481251798956,1.3776418550089076,1.4160913911965025,3446.0,1756.0,0.5095763203714452,0.0540610471160149,0.239
Ethinylestradiol,0.241302251278625,1.5093653635251087,2.6950050979123534,1.7855220233874944,79.0,34.0,0.43037974683544306,0.0601739094099847,0.235
Ethosuximide,0.807586727310746,0.2407226771466451,0.25975760114259105,1.0790740790255922,42112.0,48421.0,1.1498147796352585,-0.0442737206729488,0.606
Etidronate disodium,,5.069897053445952,,,3.0,0.0,0.0,-0.1700967530474328,0.985
Etilefrine hydrochloride,0.4619494176904032,2.984911426208752,3.44701107666612,1.1548118468105761,17.0,31.0,1.8235294117647058,0.1198225962660665,0.131
Etodolac,0.9850812167355851,0.9445852625335716,1.0526940335265174,1.1144510456398355,86451.0,63373.0,0.7330510925264022,0.283192839672354,0.027
Etomidate,,6.4031242374328485,,,1.0,0.0,0.0,-0.0287866620060516,0.47
Etonogestrel,0.9712794320528425,0.473491268095106,0.5056608068716384,1.067941144735262,118145.0,96135.0,0.8137034999365187,0.0768548654105111,0.177
Etonogestrel/ethinylestradiol,0.9863990597711786,1.0091352484383582,0.9315563363696726,0.9231233749997938,17202.0,13045.0,0.7583420532496221,0.1462641284417885,0.095
Etoposide,,,,,0.0,0.0,inf,-0.0844019935808653,0.757
Etoricoxib,0.976925485880195,0.5253162266891107,0.5235486187204916,0.996635154448284,434423.0,537723.0,1.237786673357534,-0.012910605276881,0.499
Etravirine,,6.403124237432849,,,1.0,0.0,0.0,-0.0332754414414832,0.537
Etynodiol diacetate,,6.40312423743285,,,4.0,0.0,0.0,-0.1675989577180839,1.0
Everolimus,-0.06127224350728801,5.973934180240426,2.731969107927736,0.4573148992776123,24.0,7.0,0.2916666666666667,-0.0385593871464015,0.576
Evolocumab,0.18766033079774982,3.9662529047539192,4.031624756424217,1.0164820179751886,94.0,3043.0,32.37234042553192,0.0871188441200438,0.167
Exemestane,0.916751727139461,0.38832316181029325,0.35898717387375123,0.9244547046851831,149704.0,182532.0,1.2192860578207663,0.0539957507773164,0.27
Exenatide,0.7098029294641126,0.39265067931342007,0.5366203253075722,1.366660886072817,71521.0,21031.0,0.2940534947777576,0.0625950066243922,0.217
Eye Products,0.9618166569629751,0.27203616818117254,0.2763753909716186,1.0159509039531691,6458589.0,9327987.0,1.444276296262233,0.1901936507091887,0.05
Ezetimibe,0.6242331690771074,0.20248801508755865,0.20554314619846678,1.0150879601915552,2083480.0,5934283.0,2.848255322825273,0.1483076679294744,0.065
Faecal Collectors,0.9959140750267613,2.988613446697125,3.393907068694391,1.1356125940091641,2980.0,3499.0,1.1741610738255033,0.6675136473538309,0.002
Famciclovir,0.4985772640543326,0.3952786012151735,0.7740622401023862,1.958270034660992,6205.0,6368.0,1.0262691377921032,0.0485098509306452,0.229
Famotidine,0.8846268535458877,0.34381092140166014,0.2357580522822869,0.6857200792841031,821266.0,4246781.0,5.1710176727150525,0.0635294720524483,0.218
Fampridine,0.2173474532550557,4.732031140673197,3.3999572369143105,0.718498491628823,31.0,19.0,0.6129032258064516,-0.1619190086346287,0.977
Febuxostat,0.9181214142285247,0.24380819098935827,0.19779208974980167,0.8112610529907704,177174.0,223190.0,1.259722081117997,-0.0540285035123826,0.64
Felbamate,0.9054920846051363,2.829912513044619,3.3967262341246767,1.200293725854528,57.0,55.0,0.9649122807017544,-0.0729444111226281,0.677
Felbinac,0.09739787852004489,1.07310234332271,5.770094555458834,5.3770216711973156,712.0,5.0,0.007022471910112359,0.0949686830359421,0.14
Felodipine,0.951219176130971,0.42695697163461677,0.3918701687309218,0.917821220322591,3697258.0,4067768.0,1.100212103131564,0.034196254974262,0.334
Fenofibrate,0.9270206331680234,0.30331118845915905,0.27864289055811714,0.9186700034826988,570596.0,613854.0,1.0758119580228394,-0.0455553062741433,0.705
Fenofibrate/simvastatin,,2.5789221871245083,,,28.0,0.0,0.0,0.0987579680803779,0.161
Fenoterol hydrobromide,,,,,0.0,0.0,inf,-0.103195611094814,0.846
Fentanyl,0.966349392730001,0.3033648222627665,0.33090831375385166,1.0907932939806306,880738.0,630375.0,0.7157349858868358,0.0861403479845589,0.133
Fentanyl citrate,0.9905414340942181,2.9374278227259456,3.0757546403760285,1.0470911375523484,1051.0,1411.0,1.3425309229305424,0.0081318911393785,0.373
Fenticonazole nitrate,,3.9821537876065314,,,3.0,0.0,0.0,-0.1327322949671741,0.901
Ferric maltol,0.5797592787074128,1.1061164373024082,1.3824184180342907,1.2497946612254733,8734.0,35192.0,4.029310739638196,0.07641614962022,0.2
Ferrous calcium citrate,,6.4031242374328485,,,1.0,0.0,0.0,-0.0346768546837539,0.605
Ferrous fumarate,0.9639369628584995,0.3721312900499637,0.3738980517371107,1.004747683772869,4620072.0,5392036.0,1.1670891709046958,0.1437078657405333,0.077
Ferrous gluconate,0.9099169955096023,0.4853064799890652,0.5212130297693613,1.073987369344636,280051.0,279058.0,0.9964542172675691,0.0408096142868462,0.278
Ferrous sulfate,0.9303791977174696,0.3865356938754948,0.36502231316135547,0.9443430941695415,2938581.0,3925152.0,1.335730408656423,0.0629805606856195,0.206
Fesoterodine fumarate,0.9351363114816436,0.5408220430265305,0.5711739682991542,1.0561218346478063,214262.0,177291.0,0.8274495710858668,0.2090629448403107,0.023
Fexofenadine hydrochloride,0.9427990015836515,0.21435944842943425,0.1801165085737294,0.8402545812344848,4558803.0,6890325.0,1.5114329353560574,0.1198285043847841,0.113
Fezolinetant,,,0.6803512169279303,,0.0,2012.0,inf,0.0240927473549701,0.343
Fidaxomicin,0.7419966681901271,0.936330175480185,0.6020381466232531,0.6429763371820261,373.0,1485.0,3.9812332439678286,0.0771562690664602,0.187
Filgotinib,,,3.7474722571241914,,0.0,7.0,inf,-0.0243354901998403,0.481
Filgrastim,0.7046596000610502,1.88179640208756,2.5547458799423373,1.3576101416222524,196.0,135.0,0.6887755102040817,-0.1188277250079199,0.874
Filters/Bridges,0.9674271923221418,1.9814247839950951,2.1703205754472576,1.0953333141777388,3639.0,2534.0,0.6963451497664194,0.6145413918501129,0.004
Finasteride,0.9713138821913779,0.22361171409798616,0.19467750093954725,0.8706051099551967,3900062.0,4507807.0,1.1558295739913877,0.1539919587896127,0.081
Finerenone,,,0.8228923622181099,,0.0,36139.0,inf,0.1410448821753997,0.084
Fingolimod,0.5583211490123134,3.2447311458074988,3.2190130693744483,0.9920738960248584,12.0,11.0,0.9166666666666666,-0.1026044019435303,0.811
Flanges,0.9784965011629048,3.2556955545194044,3.637008788700181,1.1171218953969622,263.0,158.0,0.6007604562737643,0.1229507934489175,0.103
Flavoxate hydrochloride,0.7841587096707391,0.5830034055425095,0.5999235948118824,1.0290224535714811,14186.0,8793.0,0.6198364584801918,0.1107846767283929,0.121
Flecainide acetate,0.9628967630920473,0.32046347037518347,0.3405536572832881,1.0626910358443789,438029.0,479886.0,1.0955576000675755,0.053709772790663,0.252
Flubiprofen,0.8162040115869403,1.0184102060860827,0.8465478617714404,0.8312444795941927,749.0,458.0,0.6114819759679573,0.0439177825856558,0.238
Flucloxacillin magnesium,-0.05279540531023179,4.712228320492496,4.019551030375452,0.8530043022099045,4.0,3.0,0.75,-0.1333126072716694,0.928
Flucloxacillin sodium,0.9369801772828227,0.12525409413560012,0.14912246658161463,1.1905596189149281,3754633.0,3987451.0,1.0620081909470247,0.028109263150402,0.313
Fluconazole,0.9462175824861261,0.1548188118374872,0.17064767450147733,1.1022412100708125,506083.0,609295.0,1.203942831511827,0.1330750897730091,0.109
Fludarabine phosphate,,,2.78621119454721,,0.0,5.0,inf,-0.0505220110093889,0.602
Fludrocortisone acetate,0.7054153472165735,0.15565269404346552,0.15148275185236934,0.9732099581268299,566291.0,727189.0,1.2841260058874324,0.0961935173260289,0.156
Fludroxycortide,0.8884614636912316,0.2976367749716888,0.3113047965517374,1.0459218172262104,47351.0,62699.0,1.3241325420793648,0.0864219964168785,0.142
Flumazenil,,4.475677416158435,,,3.0,0.0,0.0,-0.0575349544688474,0.649
Flumetasone pivalate,0.8749450155542378,1.1067194601232326,0.9045679458118596,0.8173416826981035,11868.0,17104.0,1.44118638355241,-0.0241708552302042,0.517
Flunarizine dihydrochloride,0.679053721780206,0.8667137956670028,0.986665284443532,1.1383980379407914,1497.0,1536.0,1.0260521042084167,-0.1747479638084464,0.993
Flunisolide,,4.897487482434425,,,13.0,0.0,0.0,-0.1239161678521882,0.888
Fluocinolone acetonide,0.9149423544934127,0.4721991616749236,0.5185615097591304,1.0981838847823369,82390.0,50257.0,0.6099890763442165,0.0743162352738485,0.178
Fluocinonide,0.9915693011653863,1.2826971136287064,1.3625243368541444,1.0622338838820722,9168.0,5656.0,0.6169284467713787,-0.0156351592558672,0.471
Fluocortolone,-0.06626671031386905,0.578940637156757,3.237261849537352,5.5916991169179475,936.0,15.0,0.016025641025641024,-0.082056997250537,0.785
Fluorescein sodium,0.745295722507529,1.2648631932160272,2.105047653778368,1.6642492761814796,471.0,300.0,0.6369426751592356,0.10593068015836,0.13
Fluorometholone,0.8745015887751767,0.3806671568991192,0.4721372850290523,1.2402889938681356,74560.0,81691.0,1.0956410944206008,0.0734896198407586,0.194
Fluorouracil (Antimetabolites),,,0.5958639285810504,,0.0,50479.0,inf,0.2058937836006215,0.041
Fluorouracil (Sunscreen),0.9642432673273993,0.5296027408399189,0.5892261842326595,1.1125814479324283,192338.0,198599.0,1.0325520697938004,0.125978714399023,0.047
Fluoxetine hydrochloride,0.9478915104871881,0.17331580125793772,0.18560663060644791,1.0709158037484323,7253716.0,7578790.0,1.0448148231885561,0.2513717084872835,0.028
Flupentixol decanoate,0.9434028012344342,0.5638783276375623,0.6701339643750439,1.1884371708035892,41485.0,31941.0,0.7699409425093408,0.2464305421532073,0.007
Flupentixol hydrochloride,0.9229546270784938,0.4720655249086951,0.41841601477895757,0.8863515607497197,168994.0,163691.0,0.9686201876989715,-0.1064801082794514,0.846
Fluphenazine decanoate,0.39175843345181144,1.6001495840247222,2.3921598369243178,1.49496013423165,171.0,32.0,0.1871345029239766,0.0549545538259879,0.221
Fluphenazine hydrochloride,0.6497591147302322,2.3715921105791797,2.988432590887824,1.260095518768614,78.0,90.0,1.1538461538461537,-0.0696704392283674,0.678
Flurazepam hydrochloride,,4.705730614030336,,,2.0,0.0,0.0,-0.0740742370913801,0.703
Flurbiprofen,0.7096799621934062,0.6041872257078498,0.9755967001572261,1.614725797974697,2284.0,1885.0,0.8253064798598949,0.0773080010184661,0.167
Flurbiprofen sodium,0.6783711447505886,1.903107382156193,2.9089029521920415,1.528501743761982,140.0,14.0,0.1,-0.1180405022522131,0.873
Flutamide,0.590141382232448,1.815115849139854,1.7787324760071141,0.9799553438145663,389.0,123.0,0.3161953727506427,0.0654824320352265,0.214
Fluticasone furoate,0.9598871974405623,0.3828325054586017,0.36847166254955743,0.9624879217300496,1597167.0,1557718.0,0.9753006416987078,0.1145996218640438,0.144
Fluticasone furoate (Inhalation),,0.5994116445015243,,,2126745.0,0.0,0.0,0.1082221528668479,0.126
Fluticasone furoate/vilanterol,,,0.5176009655493091,,0.0,928500.0,inf,0.0711762693389421,0.219
Fluticasone propionate (Inhalation),0.9620909394717575,0.24627487258665265,0.2407572952957246,0.9775958576976355,3896238.0,2407858.0,0.6179956152575895,-0.0816438074613983,0.797
Fluticasone propionate (Nasal),0.894080625147266,0.312519820333904,0.3587201943821533,1.1478318207110436,901049.0,980018.0,1.0876411826659815,-0.025703455526913,0.518
Fluticasone propionate (Topical),0.98338367350132,1.4449827805597155,1.4790209749009027,1.0235561245428837,4950.0,2423.0,0.4894949494949495,0.0211366605537394,0.34
Fluticasone propionate/azelastine hydrochloride (Nasal),0.9273463267071952,0.5279121745501425,0.4581338462912948,0.8678220893119032,412081.0,883436.0,2.1438406526872145,0.1591728105899204,0.024
Fluticasone/umeclidinium/vilanterol,,,0.3900238527744253,,0.0,1594811.0,inf,0.2237615473513561,0.029
Fluvastatin sodium,0.9010828137583504,0.33419911559988663,0.3627333807957144,1.0853810314387242,99391.0,76060.0,0.7652604360555785,-0.0267970077410233,0.572
Fluvoxamine maleate,0.6643578884215491,0.3376173212666934,0.3754232197806956,1.1119785512548932,24237.0,22292.0,0.9197507942402112,-0.0354177359547449,0.634
Foam,-0.04818973886670246,3.4972078433977547,5.933678114250501,1.6966901539616714,8.0,19.0,2.375,-0.0451468588288922,0.572
Folic acid,0.7717187612482668,0.19812702626196574,0.19312329486474294,0.9747448316788099,8476870.0,9867047.0,1.1639964987076599,0.1007214320742834,0.147
Follitropin alfa,-0.11051873229555263,3.3194707648122934,2.7258079710993743,0.8211573965326099,10.0,21.0,2.1,0.0776992762853337,0.18
Follitropin alfa and lutropin alfa,,,,,0.0,0.0,inf,0.0958262514461133,0.172
Fondaparinux sodium,0.7691869465729374,1.0022559152267976,0.9462016487856902,0.944071902605411,1331.0,1103.0,0.8287002253944402,0.1342380689498895,0.104
Food replacer discontinued or OTC cakes (0913451),,,,,0.0,0.0,inf,0.0171343623460881,0.378
Food replacer discontinued or OTC egg replacer (0913451),,,2.735490490281036,,0.0,15.0,inf,0.1387541257085181,0.133
Food replacer discontinued or OTC meat/fish (0913451),,,3.956028711645226,,0.0,38.0,inf,-0.0809141876754306,0.742
Food replacer discontinued or OTC milk (0913451),,,3.0578479014557662,,0.0,39.0,inf,-0.0186424674683923,0.478
Food replacer discontinued or OTC pasta (0913451),,,,,0.0,0.0,inf,-0.1515470174425291,0.98
Food replacer discontinued or OTC pizza bases (0913451),,,,,0.0,0.0,inf,0.0575016158948329,0.262
Food replacer discontinued or OTC rolls/baguettes (0913451),,,3.899761054093338,,0.0,3.0,inf,-0.1692358218273582,0.972
Food replacer discontinued or OTC savoury biscuits (0913451),,,5.596869674057096,,0.0,89.0,inf,-0.1554554257198651,0.978
Food replacer discontinued or OTC spreads (0913451),,,5.845966355199842,,0.0,28.0,inf,-0.1412680210742251,0.959
Formaldehyde,0.4857234424608849,1.5117141851404734,1.610964878437796,1.0656544036385422,153.0,49.0,0.3202614379084967,0.0946961823900088,0.174
Formoterol fumarate,0.8740190557890413,0.8463098393695164,0.891906952008629,1.0538775641236566,96145.0,45764.0,0.4759893910239742,0.1076944375163457,0.124
Formoterol/glycopyrronium/budesonide,0.20409049680196553,1.1833079178244914,0.7774468668418029,0.6570114634837709,4439.0,374709.0,84.41293084027934,0.0516075029028653,0.187
Fosamprenavir calcium,,,,,0.0,0.0,inf,-0.012703303169689,0.384
Fosfomycin calcium,-0.06580812674321959,2.942826044333979,5.1636390972018456,1.7546531869064255,40.0,9.0,0.225,0.1695650131661051,0.084
Fosfomycin trometamol,0.9473411167948901,0.7622571044499156,0.8633054705478188,1.1325646760233543,99657.0,196883.0,1.9756063297109083,-0.0830021595251472,0.78
Fosinopril sodium,-0.12997163425306887,0.7707548627174792,1.2535627612350835,1.6264091501354276,3536.0,255.0,0.07211538461538461,0.0278544998964336,0.328
Fosphenytoin sodium,-0.049298441101325655,4.5048481801380955,4.50284144129429,0.9995545379636426,2.0,2.0,1.0,0.2100878006177073,0.071
Freeze sprays and gels,0.3481439188792494,1.6410174606994656,2.2370727611444523,1.3632230093340534,340.0,109.0,0.3205882352941177,0.0624208289356017,0.232
Fremanezumab,-0.04378357782469198,4.646104243100069,4.915863358940172,1.0580613567249857,6.0,3.0,0.5,-0.1695091529431649,0.969
Frovatriptan,0.9273769677980167,0.42022654105643303,0.3589354269115696,0.8541474463017495,59347.0,65155.0,1.0978650984885503,-0.1354832666480853,0.92
Fructose,,4.415818611108934,,,11.0,0.0,0.0,-0.0471558266031669,0.599
Fulvestrant,0.9977583265242931,5.827010050096942,5.9494579891476755,1.0210138541032199,454.0,296.0,0.6519823788546255,0.0156810818115079,0.371
Fumaric acid,,,,,0.0,0.0,inf,-0.1675989577180827,1.0
Furosemide,0.9541328378390811,0.12585918817946415,0.11356229347854345,0.9022964085594894,11160141.0,11291386.0,1.0117601560768812,0.064186693205236,0.201
Fusidic acid,0.9619292271782666,0.2890701504694597,0.28932075987895983,1.0008669501471983,917106.0,1116772.0,1.2177131105891794,0.2373429799996535,0.008
Gabapentin,0.9760773835347116,0.22513437190671157,0.24102486661256942,1.0705822685859907,7388948.0,7371402.0,0.9976253723804797,0.0767857828728087,0.201
Gabapentin (Neuropathic Pain),0.4575795633042335,2.4213226654931614,2.6208427553811715,1.0824012812217958,80.0,101.0,1.2625,-0.0546270718009574,0.627
Galantamine,0.9090987484466041,0.6714605263337227,0.7722947502597072,1.1501714843559827,136308.0,111698.0,0.8194530034920915,-0.0739220132165902,0.796
Galcanezumab,0.8149304851142332,4.68851936119955,3.693043394692203,0.7876779661516305,15.0,25.0,1.6666666666666667,-0.0246106863819455,0.477
Gamolenic acid,0.9448061409810706,0.8802977649865801,1.032792362682756,1.173230699612762,7082.0,4091.0,0.5776616774922338,0.1905428893300099,0.052
Ganciclovir,0.9092085785184603,0.5573520348447446,0.667766306643708,1.1981050842125665,16064.0,15325.0,0.9539965139442231,0.0212557158482372,0.334
Gauzes & Gauze Tissue,0.9707944054014597,1.0935805347270395,1.0800043215542732,0.9875855387494118,87566.0,85824.0,0.9801064340040655,-0.0196253088798642,0.5
Gel OTC glucose for diabetic hypo treatment (0913541),,,0.868954977699902,,0.0,19799.0,inf,-0.1154033927173207,0.884
Gelatin,,6.4031242374328485,,,1.0,0.0,0.0,-0.0441655151179186,0.651
Gemfibrozil,0.8268025347796402,0.5026605079793379,0.5673883381207767,1.1287704705540533,7610.0,4600.0,0.6044678055190539,-0.0179740919178352,0.497
Generic Orgran GF pasta rice & corn veg animal shapes,,,,,0.0,0.0,inf,-0.0332754414414832,0.537
Gentamicin sulfate,0.8839614445616587,0.4889878559358974,0.6189589630589512,1.265796186030624,38960.0,25626.0,0.6577515400410677,0.0985141521595062,0.132
Glatiramer acetate,0.9913752113118949,5.133512869211173,6.403124237432849,1.24731824007617,65.0,1.0,0.015384615384615385,-0.1756314463613466,0.997
Glecaprevir/pibrentasvir,-0.024390243902439074,6.4031242374328485,6.403124237432847,0.9999999999999998,3.0,8.0,2.6666666666666665,0.0747283186748661,0.178
Glibenclamide,0.4890320955218897,1.6060742748913905,2.1828024479131445,1.3590918440311577,116.0,116.0,1.0,0.1405531805324529,0.109
Gliclazide,0.9629833128502033,0.2865221763225712,0.31886504474922234,1.1128808556523004,6293634.0,5887116.0,0.9354080647206368,0.1378427766380332,0.091
Glimepiride,0.9938383708739924,1.1893045255003885,1.2214571027710146,1.0270347724920144,540948.0,428188.0,0.7915511287591414,-0.0254536857798521,0.529
Glipizide,0.9052342169475852,1.1627411286876896,1.0491387979134763,0.9022978305562916,19661.0,7863.0,0.39992879304206297,0.2083055153988834,0.051
Glten free /wheat/free /low/protein cooking aids,,2.735566018831223,,,19.0,0.0,0.0,0.1920707903334753,0.082
Glucagon,0.9332233638922697,0.18830868862509278,0.2205994114112868,1.1714776042569242,71558.0,95720.0,1.3376561670253502,0.0175083914348433,0.376
Glucosamine hydrochloride (Rheumatic),0.8884578148620651,2.56358915844423,4.14590156771518,1.6172254255557903,106.0,80.0,0.7547169811320755,0.2487575396448467,0.04
Glucosamine sulfate (Rheumatic),,4.762170250413741,,,2.0,0.0,0.0,-0.013762658799812,0.452
Glucose,0.7794016569995242,0.2383060845544636,0.2648603141483008,1.1114290876940172,346779.0,351563.0,1.013795529717774,0.1102215501792248,0.129
Glucose and ketone blood testing reagents,0.05691194797558027,1.7008443223325536,3.5693120863727414,2.0985530771433294,39.0,17.0,0.4358974358974359,-0.0341466317512118,0.515
Glucose blood testing reagents,0.902576418475097,0.151834675493762,0.23598779535138936,1.5542417737184462,6483760.0,5277711.0,0.813989259318667,0.2015575965608868,0.045
Glucose/glycerol,-0.03475999535323023,6.403124237432848,4.492916650349694,0.7016756951370668,2.0,2.0,1.0,-0.0768970133157733,0.701
Glutaraldehyde,-0.08779650022467814,0.5749373375861296,6.403124237432849,11.137081937166094,1174.0,8.0,0.0068143100511073255,-0.0642728688046783,0.712
Gluten free bread,,0.866946292135491,,,163336.0,0.0,0.0,0.0524895964295879,0.162
Gluten free breads,0.2350737194137641,0.8758548995146759,4.606043023027561,5.258911065725427,79100.0,25.0,0.0003160556257901391,0.0596287682556713,0.157
Gluten free mixes,,0.9746757842461498,,,91363.0,0.0,0.0,0.0408406285074628,0.244
Gluten free pasta,,2.776562041924385,,,26.0,0.0,0.0,-0.0659234059500037,0.69
Gluten free pastas,,4.600432510277137,,,2.0,0.0,0.0,-0.0585492678852726,0.675
Gluten free/low protein biscuits,0.9972438259826358,3.6209111058639984,6.4031242374328485,1.768373773955154,6535.0,1.0,0.0001530221882172915,-0.1335842334603005,0.942
Gluten free/low protein bread,,3.128743057832308,,,13795.0,0.0,0.0,-0.1365819589064043,0.945
Gluten free/low protein cereals,,3.0157510536620644,,,1885.0,0.0,0.0,-0.1300843314935648,0.945
Gluten free/low protein cooking aids,,6.40312423743285,,,2.0,0.0,0.0,-0.1675989577180842,1.0
Gluten free/low protein drink,,4.450657402592848,,,414.0,0.0,0.0,-0.1349249503198892,0.952
Gluten free/low protein grains/flours,,3.355811551897843,,,2921.0,0.0,0.0,-0.1309351953732292,0.941
Gluten free/low protein mixes,,3.077365292453204,,,2915.0,0.0,0.0,-0.1414141220681367,0.963
Gluten free/low protein pasta,-0.006354964855576038,3.182803114323686,6.403124237432849,2.0117877252968097,10164.0,2.0,0.0001967729240456513,-0.1306593973728601,0.943
Gluten free/wheat free biscuits,,2.768309565833486,,,12.0,0.0,0.0,-0.1252073457247138,0.889
Gluten free/wheat free cereals,,2.943195151691689,,,16.0,0.0,0.0,0.0414559657733399,0.273
Gluten free/wheat free grains/flours,,1.2386565781589542,,,1154.0,0.0,0.0,0.0480754219120263,0.24
Glyc Pdr disc or non-ACBS carbohyd SfI metabol cond (091344),,,6.403124237432849,,0.0,3.0,inf,0.024347632436894,0.312
Glycerol,0.9686182304502765,0.24263500097411464,0.26429127095400623,1.0892545176621158,240823.0,265637.0,1.1030383310564191,0.1604192343963023,0.038
Glycerol phenylbutyrate,,,4.343276112487006,,0.0,9.0,inf,0.0102424603501806,0.37
Glyceryl trinitrate,0.9427561744962581,0.19893191924052486,0.1867557677920538,0.9387923692941951,1609489.0,1751069.0,1.0879658077812275,0.0398735088005894,0.249
Glycopyrronium bromide,0.7946364563489354,0.6900276410638513,0.4686377747688805,0.6791579740868894,460754.0,330256.0,0.7167729417433164,0.1067304808698632,0.126
Glycopyrronium/formoterol,0.321127260063921,1.0561813104390112,0.5167388741068984,0.48925205265383015,2557.0,139815.0,54.679311693390694,0.1015422735684944,0.133
Golimumab,-0.04524590592632298,4.9819709328239625,4.436285855396737,0.8904680326751905,12.0,15.0,1.25,-0.0081635811346968,0.427
Gonadorelin,,,6.4031242374328485,,0.0,2.0,inf,-0.095056000989499,0.791
Goserelin acetate,0.9642806497863733,0.5479642158142227,0.6602011961636138,1.2048253829542823,228166.0,247082.0,1.0829045519490195,-0.0132587960981448,0.489
Granisetron,0.26617620153364524,1.5064063711057358,1.6558480093329326,1.0992040667734984,332.0,641.0,1.930722891566265,0.0525290289275236,0.236
Granisetron hydrochloride,0.6460765292414887,1.3579579763408345,1.4490514267048438,1.0670811998243646,530.0,269.0,0.5075471698113208,-0.0758127772208502,0.729
Gripe mixtures,0.5540739618544934,3.4287807314720067,6.403124237432847,1.8674639001146998,11.0,1.0,0.09090909090909091,-0.0452428654418152,0.574
Griseofulvin,0.829747654782038,0.9437338611816282,0.7383023662390195,0.7823205212904065,2675.0,1621.0,0.605981308411215,0.1912894514385437,0.072
Guaifenesin,0.7591121624261398,1.6404236788574598,1.0245334839998599,0.6245541912156731,1152.0,1428.0,1.2395833333333333,0.1527071978504094,0.096
Guanfacine,0.9324580945293294,0.7915077485175841,0.6798737512643915,0.8589603229251109,61208.0,124554.0,2.0349300745000654,-0.0033451780143528,0.445
Guanfacine hydrochloride,-0.025056524721522203,1.26556263381399,1.2127584687642141,0.9582761345516013,69.0,131.0,1.8985507246376812,0.0443379468692242,0.25
Guselkumab,,,6.403124237432847,,0.0,1.0,inf,0.1974765846810386,0.069
Haem arginate,,,,,0.0,0.0,inf,0.0004019527145498,0.363
Haemophilus influenzae B/meningococcal C,0.35348338371106947,0.9989530636161839,1.064871558816805,1.065987579999002,329.0,227.0,0.6899696048632219,0.5025871821172947,0.011
Halogenated phenols with phenol,0.688812553293689,1.7822362086037478,1.7586206038473255,0.9867494529387194,131.0,111.0,0.8473282442748091,-0.0720289540189312,0.721
Haloperidol,0.8885373803607174,0.2890862882214929,0.3392524424199137,1.173533495853613,328093.0,307553.0,0.9373957993617663,0.1084891183282774,0.131
Haloperidol decanoate,0.9245325866337575,0.8698912364287896,0.9415296204528164,1.0823532655853938,8241.0,6845.0,0.8306030821502245,0.0897578945684739,0.15
Hamamalis,0.04961397480767522,0.591654470794665,1.2593094111692635,2.1284541456736656,2071.0,350.0,0.16900048285852245,-0.003256517507219,0.484
Hamamelis,0.6269588506326762,0.8305348335359011,1.0215333903288129,1.2299705552141127,822.0,532.0,0.6472019464720195,0.1093745613188822,0.107
Helicobacter pylori eradication therapy,,,1.4097890492916076,,0.0,1520.0,inf,0.0604494556552343,0.212
Heparin calcium,0.4976487938724611,2.8060385113311654,3.004602072986626,1.0707629495652442,46.0,14.0,0.30434782608695654,0.0417612273794755,0.259
Heparin flushes,0.7645637692169158,0.7324688871089352,0.8760665729823607,1.1960461234608988,6684.0,4121.0,0.6165469778575703,-0.090914432133037,0.835
Heparin sodium,0.46922483691391037,1.3520760042454105,1.4940823877192728,1.1050284030098705,178.0,85.0,0.47752808988764045,-0.0973543858384791,0.861
Heparinoid,0.9425254036498221,0.46999715307757933,0.5317470117385895,1.131383473828867,265382.0,189026.0,0.7122789036181806,0.2059295048947371,0.037
Hepatitis A,0.7152469628725223,0.801152460226616,0.3727690763877529,0.46529105868602155,33916.0,488658.0,14.407890081377522,0.117300211529447,0.096
Hepatitis A/hepatitis B,0.5479818475120911,0.7699053210509615,0.6603772698885667,0.8577382852570973,6595.0,26466.0,4.013040181956027,0.0297453903771799,0.336
Hepatitis A/typhoid vaccine,0.6156061777341383,0.7541043364609412,1.8079130927842095,2.3974309725745098,9284.0,2235.0,0.24073675140025852,0.0428296680724597,0.256
Hepatitis B,0.7381924700490371,0.4610039544323726,0.39854518337121086,0.8645157585729036,41730.0,49628.0,1.1892643182362808,0.1738309908053691,0.05
Hepatitis B immunoglobulin,,6.4031242374328485,,,1.0,0.0,0.0,-0.0287866620060516,0.47
Hernia Support Garments,0.18357698867125083,0.6923729961148778,1.9328143891393772,2.791579683183783,922.0,20.0,0.021691973969631236,-0.029376143064064,0.536
Hexetidine,0.6952704394293513,0.8615951948777263,0.7799698375031132,0.9052625201952328,1235.0,1174.0,0.9506072874493927,0.1673623417509242,0.069
Hexylresorcinol,0.11076493615808408,3.43096206341863,2.1440691087290773,0.6249177545824318,17.0,15.0,0.8823529411764706,0.0774815156691309,0.174
Hexylresorcinol and benzalkonium chloride,,,,,0.0,0.0,inf,-0.0323260095004018,0.5
Homatropine hydrobromide,,6.403124237432848,,,1.0,0.0,0.0,-0.0847471961052554,0.778
House dust mites allergen extract,,,1.8996819256072022,,0.0,912.0,inf,0.2266772465135042,0.059
"Human papillomavirus (Type 16,18)",,3.9113485747338235,,,6.0,0.0,0.0,-0.0606268322851166,0.671
"Human papillomavirus (Type 6,11,16,18)",,0.9884132226956986,,,357.0,0.0,0.0,-0.0360683809218041,0.569
"Humpapvirus(Type 6,11,16,18,31,33,45,52,58)",0.550702828769183,1.2104565774619835,0.8341418879574789,0.6891134333017217,172.0,313.0,1.819767441860465,0.2031387761122944,0.053
Hyaluronic acid sodium,,6.4031242374328485,,,1.0,0.0,0.0,-0.0323260095004018,0.5
Hyaluronidase,0.02849017621733113,5.141854450453586,4.197823570574281,0.8164026444202387,17.0,11.0,0.6470588235294118,-0.0517261949742797,0.625
Hydralazine hydrochloride,0.9245951531764136,0.6526835957263386,0.6907547181465357,1.0583301352592287,188728.0,229403.0,1.215521809164512,-0.0003572820333964,0.415
Hydrochlorothiazide,0.4364037174625417,0.7380594902316735,0.7016640348915532,0.950687639923584,1299.0,1593.0,1.2263279445727482,0.2383609844520839,0.001
Hydrocort sodiumphos,0.8719301143113698,0.7932069145537526,0.6341511442129941,0.7994775796549365,15125.0,31977.0,2.114181818181818,0.0116311972158954,0.373
Hydrocortisone,0.9516567559702799,0.15044630672452367,0.1433223367451059,0.9526477576318161,4744843.0,4474440.0,0.9430111807703648,0.2204794320265611,0.037
Hydrocortisone (Sodium succinate),0.36055174948240304,0.20489218752939606,0.512751400843838,2.5025424689278264,44020.0,1806.0,0.041026805997273964,0.0271863761668723,0.289
Hydrocortisone acetate,0.9628763252096941,0.29189655974252976,0.3245636719808559,1.111913317057044,503708.0,511582.0,1.0156320725499695,0.2171823253667104,0.021
Hydrocortisone butyrate,0.9761511513041663,0.7894516324668539,0.7255701263626091,0.9190811653595169,29935.0,23046.0,0.7698680474361116,0.5467325751837646,0.021
Hydrocortisone sodium phosphate,0.8119989343956658,0.4067523179645771,0.4034958280951381,0.9919939242491973,14110.0,9895.0,0.7012756909992913,0.0877997683031229,0.146
Hydrocortisone sodium succinate,0.6407641907153979,0.3961602207910142,0.3809977545942538,0.9617264293560683,7781.0,18599.0,2.390309728826629,0.0359015996256635,0.294
Hydrogen peroxide,0.5176472407067858,0.48027839233719055,0.454048116686419,0.9453852680668674,13816.0,47047.0,3.4052547770700636,0.1977948306059929,0.054
Hydromorphone hydrochloride,0.9779813505479318,1.8833742054032043,2.075860133158358,1.1022026993907699,6868.0,3938.0,0.5733838089691322,0.0138332894685849,0.357
Hydroxocobalamin,0.8049134947711302,0.3110146846711478,0.3234756397110965,1.0400654877538156,2311869.0,3309980.0,1.431733372435895,0.1394892821136437,0.07
Hydroxycarbamide,0.9700931162531182,0.6888673336342406,0.8450428378004787,1.2267134708541148,94983.0,94254.0,0.9923249423581062,0.1686495068546458,0.05
Hydroxychloroquine sulfate,0.9031927895114039,0.2136073443152058,0.23670866949804112,1.1081485529296513,1218400.0,1299762.0,1.0667777413000656,0.0771847090950685,0.233
Hydroxyzine hydrochloride,0.9436606185478226,0.30009527088844623,0.28213194488751553,0.9401412559826436,371553.0,339638.0,0.9141037752352962,-0.0439090709914086,0.637
Hyetellose,0.9557354953903379,0.5492731994855025,0.6275896557653277,1.142581972601582,24280.0,18413.0,0.7583607907742999,0.0467959609258155,0.268
Hyoscine,0.5176445063532314,0.15152605795299426,0.49929123622353166,3.2950849706551435,123271.0,19259.0,0.15623301506437037,0.0851640732189498,0.109
Hyoscine butylbromide,0.9902302391091494,0.25559160874460185,0.2661745061513734,1.0414054962866424,1590021.0,1778589.0,1.1185946600705274,0.2245276836734291,0.005
Hyoscine hydrobromide,0.8231319247004236,0.5110175221599766,0.3779291414086232,0.7395620013403583,123896.0,208856.0,1.6857364240976302,0.0250682379298683,0.322
Hypromellose,0.7271195554287295,0.2531282410556174,0.5041057559827842,1.9915034129756466,1535189.0,376713.0,0.24538542159955548,0.1160132897349383,0.104
INR blood testing reagents,0.8611696149940415,0.4804089957849729,0.40464240264324886,0.8422873139210811,28293.0,31504.0,1.1134909694977557,0.0603271364804581,0.231
Ibandronic acid,0.8800456129065396,0.5558210096275658,0.541487552000113,0.9742120981769706,166145.0,158452.0,0.9536970718348431,0.1045689925502571,0.117
Ibrutinib,,2.797824051898587,,,6.0,0.0,0.0,-0.1221692078113946,0.869
Ibuprofen,0.9546375818255298,0.29095960532722065,0.3039687442268824,1.0447111511751996,4641670.0,4697917.0,1.0121178368992194,0.2019547337551973,0.038
Ibuprofen lysine,0.9585400830292277,1.7573210494293878,1.845564282697934,1.0502146339720901,1668.0,1855.0,1.1121103117505995,-0.0510686152136561,0.616
Ibuprofen sodium dihydrate,0.626591026030114,2.1748257613583473,3.2562864581061297,1.4972631444609734,66.0,51.0,0.7727272727272727,-0.0006381756845426,0.39
Ichthammol,0.2652677997009893,1.5560849971750847,1.887836100695873,1.2131960041534036,34.0,49.0,1.4411764705882353,-0.0264018843054478,0.503
Icosapent,,,1.8953101779676,,0.0,43371.0,inf,-0.0862258822384279,0.767
Idebenone,0.007557443182056759,4.258571347074343,3.0633876664402573,0.7193463292671656,24.0,8.0,0.3333333333333333,-0.0765066582849468,0.724
Ileostomy Bags,0.9922241840573539,2.5000956251741036,2.8579244043798635,1.1431260371014174,695352.0,840322.0,1.20848433599098,0.6577279423617567,0.004
Iloprost,-0.05326568894038827,4.473992786360005,4.196209589327426,0.9379115679668807,3.0,5.0,1.6666666666666667,-0.013608308809404,0.459
Imatinib mesilate,0.05126070809278697,3.6498318373436227,2.703428897267831,0.7406995767880112,117.0,34.0,0.2905982905982906,-0.1492930794227171,0.94
Imidapril hydrochloride,0.9616928552908425,1.2984763987363241,1.4102001143483702,1.0860421611981361,5846.0,2935.0,0.5020526855969893,0.0270105708284633,0.308
Imipramine hydrochloride,0.9579327951626811,0.4401418599388786,0.44536698997930185,1.0118714680788345,123450.0,97145.0,0.7869177804779263,0.0682269430852309,0.187
Imiquimod,0.8444847067984612,0.6384431947140213,0.6003345366528209,0.9403100254232164,28573.0,39302.0,1.3754943478108703,-0.0047353860590488,0.46
Inclisiran,0.3342235739798625,1.6841281981029943,0.7349801369141469,0.43641578933363273,53.0,57196.0,1079.1698113207547,-0.0652320345891249,0.72
Incontinence Belts,0.021802757312916924,4.099685892409656,3.169813988143925,0.7731845978767938,8.0,6.0,0.75,0.0055613505368191,0.374
Incontinence Sheath Fixing Strips & Adh,0.9967376523741444,3.312661808075654,3.4383720549174086,1.0379484095041929,19813.0,17547.0,0.8856306465451976,0.4084862179808752,0.027
Incontinence Sheaths,0.9820378811339386,2.007836066411182,2.296151956618269,1.1435953338174787,165418.0,139587.0,0.8438440798462078,0.6581595770932627,0.001
Indacaterol maleate,0.8877372486358125,0.85251548729042,0.7250557918632411,0.8504898769261207,12725.0,4375.0,0.343811394891945,0.0300976213159414,0.302
Indacaterol/glycopyrronium,0.9637287549941478,0.9085438328180908,0.9786416918327605,1.0771540749962965,265874.0,168873.0,0.6351617683564396,0.0885682395496973,0.163
Indacaterol/mometasone,0.4809766612835561,1.9316855071857915,1.0483574661965218,0.542716431995102,82.0,212.0,2.5853658536585367,0.1770241007156185,0.078
Indapamide,0.9175685514441636,0.19319015438450635,0.16532360122339781,0.855755831605964,5071296.0,6145832.0,1.2118858769040497,0.1273180695872612,0.099
Indometacin,0.8085626459244105,0.24783132432650723,0.27659926485977604,1.1160787104352001,100731.0,77801.0,0.7723640190209569,-0.0243501547118615,0.54
Indoramin,0.9430907195332031,0.6245757185690731,0.5729215456002005,0.9172971804167886,32605.0,16699.0,0.5121607115473087,0.0960347104089508,0.145
Indwelling Pleural Cath Drain System,0.8713466444227193,0.8203227990907543,0.7592231703001217,0.9255175781310047,11437.0,10645.0,0.9307510710850747,0.1241134058104458,0.093
Infliximab,,,3.6377824995372654,,0.0,3.0,inf,-0.0170976635484732,0.472
Influenza,0.9286765602047325,0.18921147472580752,0.2138786967876592,1.1303685312827763,11765171.0,13693547.0,1.1639054799968482,0.1773359138401034,0.027
Ingenol mebutate,,2.2900695795308397,,,24.0,0.0,0.0,-0.0215645030998424,0.499
Inhalation Solutions,0.8774297160372292,0.5905803248086349,0.6199894196200145,1.0497969430676666,74426.0,106819.0,1.435237685754978,0.0226968297961675,0.342
Inosine pranobex,0.7385296415612369,1.7621689212845277,1.9516383416679566,1.1075205776783963,201.0,161.0,0.8009950248756219,0.0117634781169161,0.387
Ins degludec/liraglutide,0.9289454154313612,1.1898345548622709,1.2283725643114451,1.0323893849709511,22889.0,12708.0,0.5552011883437459,0.0335015729281146,0.296
Insert For Female Stress Incont,0.7087318854289578,0.8556528908289928,1.0582841054542818,1.2368147373743708,3323.0,12569.0,3.7824255191092386,0.1106029236386865,0.128
Insulin Lispro,0.8354470694730624,0.24311974427985267,0.28615313231614714,1.1770049082758132,425298.0,496308.0,1.1669652808148638,-0.0422589774501815,0.671
Insulin aspart,0.9103792108561302,0.13290642553199727,0.12840545327024092,0.9661342764750471,2069327.0,2712109.0,1.310623695529996,0.0345631972429591,0.29
Insulin degludec,0.9141056503415471,0.3599949613099701,0.338142757488353,0.9392985842299012,519877.0,720838.0,1.3865548966390127,-0.1291325817380475,0.928
Insulin detemir,0.9566251076737855,0.3874329645711613,0.4595823941501953,1.186224292140175,562575.0,430749.0,0.7656739101453139,-0.0140264309922441,0.521
Insulin glargine,0.95020266639889,0.2747631774972284,0.2750057258660131,1.000882754272221,1620223.0,2035758.0,1.2564677825212949,0.1082170933201888,0.121
Insulin glargine/lixisenatide,0.7372352219300451,2.147158745810673,1.7083745768831053,0.7956442811768434,948.0,261.0,0.27531645569620256,-0.0804730186311853,0.717
Insulin glulisine,0.9758699925237788,0.91727488414,0.9016530514399953,0.9829693007296814,90708.0,79378.0,0.8750937072805045,0.0523523597741311,0.246
Insulin human,0.6367837891078622,1.893707499922788,2.009420606697636,1.06110400195361,128.0,160.0,1.25,0.0898457704519083,0.178
Interferon alpha,,6.403124237432848,,,1.0,0.0,0.0,0.0542591823653043,0.217
Interferon beta,,4.378771555592285,,,286.0,0.0,0.0,-0.1736618930843077,0.976
Intravenous nutrition supplements,,6.4031242374328485,,,4.0,0.0,0.0,-0.0401240706631243,0.597
Iodine,,2.5883492495558387,,,7.0,0.0,0.0,-0.0219420831719045,0.508
Iodine compounds,0.7166975225540192,0.7607596504731058,0.8246401261377961,1.0839693267446084,3129.0,1591.0,0.5084691594758709,0.0269862458420316,0.32
Ipratropium bromide,0.9450332127519612,0.2663102523788248,0.1977962669711709,0.7427286978415193,388729.0,246461.0,0.6340175289211765,0.103063942531263,0.141
Irbesartan,0.9844139057704206,0.5487748992546307,0.6068857622713082,1.1058919843010424,1692093.0,1570253.0,0.9279945014842564,0.0574854115202554,0.202
Irbesartan with diuretic,0.9481293862579578,0.6927232781022667,0.6986872212941843,1.0086094164588433,58867.0,35331.0,0.6001834644197938,0.1536911522557418,0.07
Iron and folic acid,0.7872717957040832,0.7938324727376008,1.0811081235981788,1.3618844790638038,12285.0,5799.0,0.472039072039072,0.0700098336346082,0.2
Iron carboxymaltose,0.3487057034386539,3.2207801755545047,3.70045175435927,1.1489302444312837,10.0,3.0,0.3,-0.0280056378753161,0.514
Iron dextran,0.7732271470828862,1.7698667228258942,2.7987826547778725,1.5813522106959208,546.0,245.0,0.44871794871794873,-0.0607818529479308,0.648
Iron sucrose,-0.061644877475481565,4.575676526031871,3.137572784970379,0.6857068604216549,65.0,5.0,0.07692307692307693,-0.1592852557953206,0.985
Irrigation Solutions,0.9615203288584008,0.9070312542924545,0.942518730022875,1.0391248653918803,429244.0,424319.0,0.9885263393314758,0.0488793666368469,0.256
Irrigation Washout Appliances,0.9827570840664251,2.0080472054448784,2.3788156032489374,1.184641275762198,36428.0,40127.0,1.101542769298342,0.6611625810849057,0.002
Isavuconazole,-0.08436822312253012,5.168906653030282,1.4691293934635838,0.28422440026118556,2.0,31.0,15.5,-0.0066102771100744,0.424
Isocarboxazid,0.96877861384126,1.6650494363664206,1.9330213516136234,1.1609393147100717,1607.0,1341.0,0.8344741754822651,0.0190260228452892,0.331
Isometheptene mucate,0.5340934510685938,0.7946840241852873,1.0840653409522905,1.3641463876962645,775.0,478.0,0.6167741935483871,0.0910112973568407,0.137
Isoniazid,0.9064022847080255,2.1783181677325207,2.0287205538342326,0.931324259185696,5966.0,3204.0,0.5370432450553134,0.1109503151435458,0.116
Isophane insulin,0.9758087474722622,0.5117614877266304,0.5489616511717802,1.0726904316508887,660228.0,694518.0,1.0519366037187154,-0.0766224693403184,0.77
Isoprenaline hydrochloride,,,6.403124237432849,,0.0,1.0,inf,0.0177814718926703,0.369
Isopropyl alcohol,-0.1047154365382165,1.526812977830032,3.8255405105677287,2.5055724349453334,117.0,4.0,0.03418803418803419,-0.0416275119457744,0.576
Isosorbide dinitrate,0.9552870109001435,0.5935456635088212,0.7445890408709421,1.2544764230425147,60381.0,50621.0,0.8383597489276428,0.1345990555256033,0.101
Isosorbide mononitrate,0.9331077137436733,0.1760617404471687,0.18341713097055895,1.0417773362043834,4431639.0,4556975.0,1.0282820870562788,-0.0114641186801324,0.449
Isotretinoin,0.8087481006076671,0.8963015966673583,0.85345360400031,0.9521946710500502,76675.0,63594.0,0.8293968046951419,0.003661222455543,0.412
Ispaghula husk,0.9704574299319433,0.2245389070526272,0.20110910811746566,0.8956537232557649,1042950.0,921421.0,0.883475717915528,0.0017643122908915,0.432
Isradipine,,6.4031242374328485,,,1.0,0.0,0.0,-0.0287866620060516,0.47
Itraconazole,0.9013648917481327,0.24178347192152563,0.23944032269845839,0.9903088941338896,81909.0,88766.0,1.0837148542895163,0.0514618031056979,0.254
Ivabradine,0.9626175666346101,0.3232961674348671,0.2879675094693187,0.8907235484854119,521340.0,629053.0,1.2066079717650668,0.1938847164999456,0.044
Ivacaftor,0.06587512600380933,4.0670463326220245,3.7022298389522974,0.9102994006378752,5.0,16.0,3.2,-0.1603966868424676,0.969
Ivermectin,0.6653901679356744,0.25068574275313793,0.3364225926438629,1.3420092780272475,73379.0,233763.0,3.185693454530588,0.0683666629588232,0.212
Ixekizumab,,,,,0.0,0.0,inf,0.0008680940109356,0.417
"Japanese encephalitis vaccine (Inactivated,adsorbed)",-0.07834084902524462,3.5567399728529128,2.508686358202145,0.7053330795475304,5.0,45.0,9.0,0.0152476847003816,0.353
Jaw Rehabilitation Device,0.8798136258274161,1.307408299239334,1.4530127294140842,1.1113687516435873,941.0,1380.0,1.4665249734325185,0.0906654262056608,0.15
Kaolin heavy,,,,,0.0,0.0,inf,-0.0121277834277147,0.425
Kaolin light,,6.40312423743285,,,1.0,0.0,0.0,0.0200011930323366,0.336
Ketamine,0.32360813677248684,1.9405212579753603,1.7488546377534766,0.9012293117459281,349.0,99.0,0.2836676217765043,0.0281445934513641,0.313
Ketamine hydrochloride,0.5708189588551548,1.2835165852874673,1.410853145983641,1.0992091276075364,1373.0,728.0,0.5302257829570284,0.0368458860985892,0.245
Ketoconazole,0.9594033472883225,0.31084256841893076,0.33984686100912437,1.093308624805544,658304.0,801301.0,1.217220311588567,0.2507171328028322,0.044
Ketone blood testing reagents,0.874956644821574,0.2928032732733173,0.2473614430936741,0.8448042275223286,322423.0,473295.0,1.4679318783089297,0.2230327476237123,0.03
Ketoprofen,0.9643610284056388,1.022202639146098,1.0330867861847863,1.0106477391290833,154797.0,146700.0,0.9476927847438904,0.4979638681567072,0.012
Ketorolac trometamol,0.7975330652489514,0.45997674102471475,0.5397590227895017,1.1734485130423153,49485.0,51640.0,1.0435485500656765,0.0329597832726289,0.284
Ketotifen fumarate,0.8020020495150882,0.4775772552191093,0.4598656380359828,0.9629136082391517,26840.0,60949.0,2.2708271236959763,0.1416199429737662,0.065
L-Alanyl-l-gutamine,,6.403124237432848,,,1.0,0.0,0.0,0.0448398352830346,0.263
L-Ornithine-L-Aspartate,,,2.3302870352756084,,0.0,111.0,inf,-0.0607583716337818,0.652
Labetalol hydrochloride,0.9062187737421552,0.32783632034661464,0.3125858573893662,0.9534814722751754,117692.0,145822.0,1.2390136967678347,0.2297196541968893,0.03
Lacidipine,0.9473858981049723,0.6194595712239318,0.6230379570179495,1.0057766252395577,582126.0,625410.0,1.0743550365384813,0.041566660588911,0.258
Lacosamide,0.8928597064141457,0.3647170822281243,0.3916667582128687,1.0738920036870876,205698.0,320501.0,1.558114322939455,0.1255901185258547,0.107
Lactic acid,0.9621068494081866,4.895149944737248,4.981215783721639,1.0175818595867365,16.0,8.0,0.5,-0.0464305978263952,0.583
Lactulose,0.9434554184059275,0.22481491966973394,0.2439400206880713,1.0850704261373456,2615640.0,2486145.0,0.9504920401890168,0.2142268788746542,0.033
Lamivudine,0.9138305028965814,1.5318497358637835,1.4468721246093146,0.9445261442653502,3437.0,1562.0,0.4544661041606052,0.0638274668998983,0.209
Lamivudine and zidovudine,,6.177011733828036,,,9.0,0.0,0.0,-0.1176085800817409,0.899
Lamivudine/tenofovir disoproxil/doravirine,,3.630960095303894,,,4.0,0.0,0.0,-0.0732158466290168,0.701
Lamotrigine,0.9468899365049773,0.11958970114943912,0.120866647186596,1.0106777257981538,3348828.0,4367142.0,1.304080711221956,0.0610236184119974,0.249
Lanreotide,0.9312986998852786,0.8580897337491582,0.9278676960674651,1.0813177918041668,4143.0,2725.0,0.6577359401399951,0.1548490990694741,0.065
Lansoprazole,0.9870199483625278,0.27864694597637524,0.25914447185973505,0.930010091988255,31009072.0,37577943.0,1.2118370714221953,0.2215696429379037,0.012
Lanthanum carbonate,0.7537502148716305,0.7397882715184412,0.7848976807333926,1.0609761075589408,11603.0,7992.0,0.6887873825734724,0.2632620433617439,0.033
Latanoprost,0.9355898913399194,0.19658281541384942,0.17814319789834873,0.9061992398639662,2837981.0,3406523.0,1.2003332650923315,-0.0147297181956474,0.493
Latanoprost and Netarsudil,,,0.6976188436596934,,0.0,23481.0,inf,-0.0748211867237037,0.814
Latanoprost and timolol,0.9370497235905767,0.4580635986514778,0.41227784713324084,0.9000449901432279,341627.0,519085.0,1.5194495751214043,-0.053560324146124,0.653
Leakage Notification System,,,4.898880690958921,,0.0,3930.0,inf,0.6524907918018517,0.002
Ledipasvir/sofosbuvir,,4.579796769930586,,,2.0,0.0,0.0,0.0128843159743669,0.352
Leflunomide,0.9648818096985001,0.3592379580881031,0.4037480433174725,1.1239013980211225,188526.0,197365.0,1.0468847798181684,0.0867286006745062,0.115
Leg Bags,0.889623323328189,2.015797042153788,2.6588096324863897,1.3189867714289192,691364.0,788480.0,1.1404701430794777,0.6552088103499366,0.001
Leg Ulcer Wrap,-0.034374871232493685,4.543253728350818,6.403124237432847,1.4093697205322393,2.0,1.0,0.5,-0.0554594198900235,0.64
Lenalidomide,0.1060586619163211,4.831923751381127,3.1189161290053895,0.645481238836581,3.0,4.0,1.3333333333333333,-0.1161675080512602,0.863
Lenograstim,0.06872510774111638,2.6731886470308903,2.53345328445613,0.9477270851310983,52.0,17.0,0.3269230769230769,-0.1002134039241792,0.806
Lenvatinib,,,6.403124237432849,,0.0,1.0,inf,0.1099554414751097,0.12
Lercanidipine hydrochloride,0.9449642708617584,0.5496272628502225,0.5048862557235962,0.9185975475550264,2955964.0,4564109.0,1.544034027478007,0.0207553227020761,0.338
Letermovir,-0.034332619198355147,4.5488449624632326,6.403124237432847,1.4076373871325587,6.0,1.0,0.16666666666666666,0.2854230559264218,0.035
Letrozole,0.9619361367192435,0.3657350152438306,0.2860798940479815,0.782205373082082,1010743.0,1256629.0,1.2432725232823774,0.0338988989444681,0.34
Leuprorelin acetate,0.948052896557529,0.5267967505049193,0.5340630126032754,1.0137932933173783,208664.0,260644.0,1.249108614806579,-0.0723069181289358,0.786
Levamisole hydrochloride,0.06057778997968138,1.263420287782596,1.7850532381931656,1.412873653727753,228.0,77.0,0.33771929824561403,-0.0791321871319149,0.768
Levetiracetam,0.9378938699375279,0.1670869035942692,0.17165528540301667,1.0273413517784775,2688424.0,3310333.0,1.2313284660455346,0.0870073443501735,0.161
Levobunolol hydrochloride,0.8733874702122519,0.7136815996461203,0.9345768190377569,1.309515082778045,9712.0,1857.0,0.19120675453047775,-0.1110304120067495,0.892
Levobupivacaine hydrochloride,-0.04714174310386431,6.352059838590091,1.1966140452903167,0.18838204861053673,188.0,137.0,0.7287234042553191,-0.0444635263421539,0.655
Levocarnitine,0.8485785151586344,0.8453298287787777,0.8696001009400938,1.0287110088098732,2836.0,1939.0,0.6837094499294781,-0.043830567242189,0.641
Levocetirizine,0.9096923992744382,0.5794045244861097,0.5656520448820457,0.9762644594184668,61591.0,53950.0,0.8759396665097173,0.0397936641047593,0.285
Levodopa,,4.889454887952571,,,2.0,0.0,0.0,-0.0322148573636031,0.517
Levodopa/carbidopa/entacapone,0.9097572113504366,0.37406468721815295,0.41124603191059284,1.0993981681856964,134385.0,100302.0,0.7463779439669606,-0.0478975907609612,0.629
Levofloxacin,0.711756051309196,0.5960022704484762,0.5415275794164139,0.9085998598779306,36956.0,45558.0,1.232763286069921,0.0465507752658071,0.249
Levomepromazine hydrochloride,0.9689527798857072,0.7265919065310905,0.7274734238246099,1.0012132220103138,122009.0,133279.0,1.0923702349826652,0.1082268562763514,0.101
Levomepromazine maleate,0.9022146211784967,0.4268257803231156,0.3875082597541656,0.907883913340038,35534.0,29193.0,0.8215511904091856,-0.0470320381019153,0.676
Levonorgestrel,0.9557610213045635,0.3920205570566823,0.37127824725926223,0.9470887191397441,216244.0,242077.0,1.1194622740977784,-0.0003749225371355,0.433
Levothyroxine sodium,0.9596492888941338,0.11685765499902862,0.11609582996909981,0.9934807434743138,33207967.0,34852238.0,1.0495143529864384,0.0546246516782183,0.246
Levothyroxine sodium and liothyronine,0.8435025576321942,0.8457939493296149,0.7462720308129247,0.8823331396546732,2810.0,2208.0,0.7857651245551601,-0.050118246716223,0.663
Lidocaine,0.6727559621625963,0.2844322988884502,0.26846355881892736,0.9438575009521493,68907.0,97030.0,1.4081297981337164,0.0481338975662284,0.259
Lidocaine hydrochloride,0.9108214485203019,0.2715562304252855,0.27224575637567683,1.0025391645380828,1026050.0,1294593.0,1.261725062131475,0.2054804545297702,0.012
Lidocaine/cetylpyridinium,,,6.4031242374328485,,0.0,1.0,inf,0.1669887209171862,0.073
Lidocaine/prilocaine (Premature Ejaculation),0.9417716496158678,3.3596876413282426,6.403124237432849,1.9058689143200804,27.0,9.0,0.3333333333333333,0.0241834805609121,0.312
Light liquid paraffin,0.9420737644333121,0.6817856739786536,0.7946921152678732,1.1656040095860896,373399.0,193046.0,0.5169965639972255,0.2396998345173274,0.042
Linaclotide,0.9253735746759402,0.46670291538299935,0.40680534037226285,0.8716580226168469,58516.0,87395.0,1.493523138970538,-0.0612624087053473,0.744
Linagliptin,0.8492460455151781,0.43307277278266904,0.45092993807181614,1.0412336364957961,2431682.0,2616691.0,1.0760827279224834,0.2512855858798364,0.035
Linagliptin/metformin,0.9766644859286672,1.501985526239187,1.4900083571917904,0.9920257759890762,60835.0,47536.0,0.7813922906221747,0.2613827417532579,0.038
Linezolid,0.8492923941164803,0.8566585381809965,1.0609673210804467,1.2384950056451587,1492.0,1976.0,1.324396782841823,-0.0567597814549098,0.679
Lints,0.46915768357384646,1.2304097937911658,1.5047786535524703,1.2229898210708428,282.0,147.0,0.5212765957446809,0.0058327634398192,0.399
Linzagolix,,,1.356128223111551,,0.0,1670.0,inf,-0.1606070259639807,0.972
Liothyronine sodium,0.943782331491299,0.574245642431918,0.5537862937727225,0.9643717824787479,58883.0,70982.0,1.2054752645075828,0.0662638133921463,0.177
Liquefied phenol,,6.403124237432849,,,1.0,0.0,0.0,-0.0413228371194607,0.651
Liquid OTC cond specific vitamin & mineral supp (0913473),,,,,0.0,0.0,inf,0.0655283577358868,0.199
Liquid OTC glucose for diabetic hypo treatment (0913541),,,0.5327985665053574,,0.0,110308.0,inf,0.1336293729862916,0.083
Liquid OTC probiotic (0913531),,,2.0641978830950696,,0.0,103.0,inf,-0.0563019600643155,0.645
Liquid additive lactase (0913121),,,1.121797229859233,,0.0,4597.0,inf,0.1059934752262272,0.142
Liquid disc or non ACBS thickener - gum based (0913411),,,6.403124237432849,,0.0,5.0,inf,0.1160483841809587,0.081
Liquid micronutrient supplement (0913282),,,0.411953610762232,,0.0,4929.0,inf,-0.1382897959299647,0.952
Liquid paraffin,0.7692345054836434,0.4818309909456364,0.5612504628620526,1.1648284842794117,56907.0,16938.0,0.29764352364383995,0.0550983545692009,0.197
Liraglutide,0.004240225267477184,0.3438363573633138,1.5809280749180967,4.597908397591628,401428.0,13934.0,0.03471108143926183,0.0850065175026478,0.135
Lisdexamfetamine dimesylate,0.896047058248421,0.45467364587951137,0.4463251943813881,0.9816385850075516,311904.0,1118459.0,3.585907843439007,0.0276933399254955,0.321
Lisinopril,0.9923151379121893,0.5265584714268534,0.5546862601789846,1.0534181677410133,8105624.0,7526973.0,0.9286111717000444,0.3595297617056134,0.024
Lisinopril with diuretic,0.9682171611940665,0.6370485534876634,0.6179852109756003,0.9700755265706255,89484.0,49098.0,0.5486790934692235,0.0616308767395146,0.194
Lithium carbonate,0.893639756631273,0.23004371043496408,0.2378166791471184,1.0337890946788213,836238.0,822849.0,0.9839890079140149,-0.0063802706600475,0.456
Lithium citrate,0.5233442452139347,0.3484137646681252,0.4568873901203007,1.3113356487379308,7357.0,7641.0,1.0386026913143944,0.150683948523719,0.061
Lixisenatide,0.19835365667552968,1.0419700384569768,2.3525106793593946,2.2577527112422153,25643.0,54.0,0.0021058378504855125,0.0340093922163687,0.272
Lodoxamide trometamol,0.9111564782355839,0.415805649198501,0.4786265495088048,1.1510823636749432,16228.0,12086.0,0.7447621395119547,-0.0704376224943885,0.768
Lofepramine hydrochloride,0.975784341489564,0.40352781061054965,0.41627060618198325,1.0315784816718168,151565.0,112548.0,0.7425724936495893,0.1289103024306815,0.116
Loperamide hydrochloride,0.9723908687804136,0.1604491350135655,0.17546547105066096,1.0935893860432833,1618509.0,1697894.0,1.0490482289564036,0.2953053684972458,0.01
Loperamide hydrochloride and simeticone,0.5945323412932505,0.4522724247397306,0.5566169983842837,1.230711774445679,2651.0,2315.0,0.8732553753300641,-0.0154030833571772,0.512
Lopinavir and ritonavir,-0.024390243902439074,6.4031242374328485,6.4031242374328485,1.0,1.0,1.0,1.0,-0.0435749364049503,0.574
Loprazolam mesilate,0.9261132814078034,0.6292437208763084,0.5668677104593878,0.900871461490226,13743.0,9688.0,0.7049406970821509,0.1076247647778841,0.134
Loratadine,0.9462732293359268,0.23235790007422036,0.27015321933199227,1.1626599278341698,1662322.0,1451857.0,0.8733909555429092,0.1313775238569386,0.102
Lorazepam,0.9216802858705312,0.24461477003896562,0.2516922418112155,1.0289331333963296,1093557.0,1052940.0,0.9628579031545681,0.033663296116928,0.304
Lormetazepam,0.8402349048632074,0.5656645836702018,0.5301976457870786,0.9373004092761067,12868.0,8574.0,0.6663040099471558,-0.0677803011093109,0.735
Losartan potassium,0.9717656679954078,0.25890479035293323,0.26891222051903985,1.0386529355152707,10661880.0,13414811.0,1.2582031499135238,-0.021693748243798,0.577
Losartan potassium with diuretic,0.9442762975126022,0.6329449923229903,0.6463811718581112,1.0212280367142306,162063.0,91621.0,0.565341873222142,0.1877170317161144,0.039
Loteprednol etabonate,0.8534734721661136,0.4921735167926165,0.6700297525248542,1.3613689677804823,18814.0,24162.0,1.2842564048049325,0.0132949569736919,0.353
Low Friction Products,0.9427804777355565,1.1704020295445978,1.1519707372025982,0.9842521698726281,31361.0,26842.0,0.8559038295972705,-0.0108644637656789,0.499
Low protein biscuits,,2.8950702686286305,,,10856.0,0.0,0.0,-0.0112756489651791,0.441
Low protein bread,,2.605380702651074,,,5099.0,0.0,0.0,-0.0333841121858187,0.532
Low protein breads,,2.704198281872483,,,1638.0,0.0,0.0,-0.1196331237199583,0.891
Low protein cakes,,3.568995504153224,,,2617.0,0.0,0.0,-0.1349670379822031,0.95
Low protein cereals,,4.775799078147169,,,3424.0,0.0,0.0,0.083076330608626,0.158
Low protein cooking aids,,3.9451420801436563,,,1427.0,0.0,0.0,0.0505524488738549,0.23
Low protein desserts,,3.652400973485207,,,2587.0,0.0,0.0,-0.1101661373149806,0.881
Low protein grains/flours,,4.508575269513467,,,2133.0,0.0,0.0,0.0700864161964013,0.177
Low protein meals,,3.226896658630355,,,3938.0,0.0,0.0,-0.129347409930814,0.945
Low protein miscellaneous,,4.020298099454817,,,651.0,0.0,0.0,-0.1476328364884164,0.982
Low protein mixes,,1.9392885148329702,,,19168.0,0.0,0.0,-0.0767238554039016,0.741
Low protein pasta,,4.678603983319094,,,8137.0,0.0,0.0,0.0845370253088469,0.153
Low protein pastas,,4.745744771116866,,,2582.0,0.0,0.0,0.0820723030294166,0.168
Low protein risotto,,4.598964440091702,,,98.0,0.0,0.0,-0.1373987701192635,0.946
Low protein snacks,,4.201012650937211,,,893.0,0.0,0.0,-0.1400048836964714,0.961
Lubiprostone,,4.459377740807525,,,8.0,0.0,0.0,-0.0916224365468104,0.784
Lubricant Gels,0.9401768475833936,2.1090034134029727,2.431028582540074,1.1526906818123632,291164.0,340967.0,1.1710479317498041,0.6363589691520661,0.001
Lumacaftor/ivacaftor,,3.8112538793528103,,,3.0,0.0,0.0,-0.0254684571999762,0.466
Lurasidone,0.8833629988499164,0.9533336003527874,0.7825430145567226,0.8208490860566935,32044.0,68543.0,2.139027587067782,-0.0344949725651271,0.588
Lymecycline,0.91894887228182,0.20013578293813505,0.18711560753283463,0.9349432909290132,1020600.0,818844.0,0.8023162845385068,-0.0069751063027817,0.432
Lymphoedema Garments,0.9052517454421526,1.585855078229369,2.6109853427383465,1.6464211506977995,410269.0,673599.0,1.6418471783147155,0.0403002115951437,0.254
Macitentan,0.11166041332034021,3.2823137359909,2.581063681588426,0.7863549584815136,10.0,13.0,1.3,0.1019569431506836,0.145
Macrogol 3350,0.8555532606423825,0.11198635265331597,0.1104600731634057,0.9863708438238427,6816290.0,7651162.0,1.1224818779717411,0.0471539255301961,0.216
Macrogol 4000,,4.953530432834998,,,10.0,0.0,0.0,-0.1289866516538428,0.918
Magnesium aspartate,0.9188837776320155,0.4844756490058004,0.4469317555031673,0.9225061288845425,63016.0,88713.0,1.4077853243620668,0.0082703114353743,0.395
Magnesium carbonate,0.6221084280873577,2.2460016759564105,1.8628517497463093,0.8294079963021642,374.0,467.0,1.2486631016042782,-0.0218749806278652,0.509
Magnesium citrate,0.7133082191710635,0.6779273882414295,0.5342677192364601,0.7880898876535608,8725.0,14938.0,1.7120916905444126,0.0694756982558527,0.214
Magnesium glycerophosphate,0.8197562948605215,0.3607373085349778,0.4027934360254013,1.1165838034918576,48378.0,52986.0,1.0952499069825128,0.0489854639985068,0.254
Magnesium hydroxide,0.9563121283170741,2.1577333243610552,1.7718336848266074,0.8211550819660628,3194.0,3519.0,1.101753287413901,-0.0936373604570112,0.791
Magnesium lactate,0.9364476474579007,1.4541896192878025,1.4504770209888032,0.9974469641030599,717.0,1061.0,1.4797768479776847,0.5062763975162646,0.014
Magnesium oxide,0.9001525114015272,1.0302511098444718,0.9386818319681662,0.911119457187356,4401.0,4295.0,0.9759145648716201,-0.0019954889862667,0.405
Magnesium sulfate,0.7438503488400785,0.4376452683802664,0.5523224910191765,1.2620323602796684,4782.0,2854.0,0.5968214136344626,0.1347060242489514,0.044
Magnesium sulphate,,6.403124237432848,,,1.0,0.0,0.0,0.0358828818981488,0.297
Magnesium trisilicate,0.22086817836400074,0.8349655400560262,1.6896674340624216,2.023637327534553,2428.0,241.0,0.09925864909390444,0.1864606503637973,0.06
Malathion,0.3840433250040376,0.4417285354635018,0.32881508328981335,0.7443827076844619,12166.0,33403.0,2.7456024987670555,0.1312619686950336,0.084
Maltodextrin,,2.248720600994155,,,7315.0,0.0,0.0,0.0630908037172318,0.191
Mannitol,0.18474382701599498,3.6846013347546114,4.924077594378744,1.3363935869894266,14.0,3.0,0.21428571428571427,-0.1360305739817315,0.913
Maraviroc,,2.760628178954138,,,6.0,0.0,0.0,0.0014949230676727,0.403
"Measles, mumps and rubella vaccine",0.04038418277332966,1.2810199726931966,1.922178111266577,1.5005059657465134,361.0,1883.0,5.21606648199446,0.1130698218250475,0.129
"Measles, mumps, rubella and varicella vaccine",,,6.4031242374328485,,0.0,3.0,inf,0.1160483841809605,0.081
Mebendazole,0.9456251603116994,0.34775695488721875,0.3548430641346609,1.02037661403419,75449.0,79948.0,1.0596296836273509,0.2393357071849588,0.048
Mebeverine hydrochloride,0.9756453254735674,0.19810433151346202,0.21325324374501806,1.0764693639751466,2108087.0,2247411.0,1.0660902514934156,0.1653573601665668,0.025
Mebeverine hydrochloride compound preparations,0.9521316225974813,0.3408965684150379,0.3434427337270981,1.0074690259391532,56480.0,41106.0,0.7277974504249292,-0.0648623917182529,0.758
Mecasermin,,,6.403124237432849,,0.0,1.0,inf,-0.0628289467931698,0.667
Meclozine hydrochloride,,,,,0.0,0.0,inf,-0.053816331479016,0.678
Mecysteine hydrochloride,0.6589850482043381,6.40312423743285,4.478599847881656,0.699439786237417,1.0,2.0,2.0,-0.093739744525447,0.791
Medicated stockings,0.9538716500524428,1.5635082486720737,1.1456781956180286,0.7327612096649195,17383.0,16547.0,0.9519070356095035,-0.014222129638605,0.48
Medroxyprogesterone acetate,0.9568193223407396,0.24210920743545983,0.2428153110620024,1.002916467465331,958652.0,1014618.0,1.0583798917646863,0.1348650945925264,0.111
Mefenamic acid,0.954218870245838,0.4043194005158644,0.401212720285941,0.9923162721700725,257405.0,338899.0,1.3165983566752784,0.267119006305803,0.002
Mefloquine hydrochloride,0.8965455645419029,1.979888398216747,1.8564953419286248,0.9376767617814922,314.0,269.0,0.856687898089172,0.1366766214890861,0.111
Megestrol acetate,0.8441712742060822,0.6403772783066546,0.8042253148156299,1.2558617272340418,6357.0,3560.0,0.5600125845524618,0.0612910977345277,0.204
Melatonin,0.9162387377493229,0.38236095689984334,0.35759348755621206,0.9352248996747884,1518341.0,2858665.0,1.8827555865250296,0.0442111180122289,0.258
Meloxicam,0.9868524902648845,0.6380102825173557,0.7164272299837414,1.122908595073078,422985.0,348221.0,0.8232466872347719,0.1584598734408774,0.059
Melperone hydrochloride,,,6.4031242374328485,,0.0,3.0,inf,-0.0332754414414833,0.537
Melphalan,,1.3807244821141578,,,33.0,0.0,0.0,-0.0048455516657795,0.449
Memantine hydrochloride,0.906824161694782,0.4299364191306882,0.3377145956861924,0.7854989264901909,1586021.0,2349525.0,1.4813958957668278,0.1066563931444171,0.138
Menadiol sodium phosphate,0.8383649986203034,0.7738102812557666,0.8019339396683373,1.0363443845265672,7239.0,4369.0,0.6035364000552562,0.048920903578195,0.23
Meningococcal A + C + W135 + Y vaccine,0.4603036019034755,1.4154380123462686,1.777538264918886,1.2558220490153362,1001.0,1533.0,1.5314685314685315,0.1733624069557755,0.079
Meningococcal B vaccine,0.4284900374341488,1.3167163548101566,0.8749982402809331,0.6645305475886565,367.0,193.0,0.5258855585831063,0.1582975895261807,0.083
Meningococcal C vaccine,,6.40312423743285,,,1.0,0.0,0.0,0.0536767324147498,0.22
Menotrophin,0.42475469901272117,4.651163658610871,2.3896245384638317,0.5137691798997078,215.0,83.0,0.386046511627907,-0.0433512752281448,0.61
Menthol,0.9029799260059312,0.32381002733153513,0.32370278705197986,0.9996688172987136,133103.0,205861.0,1.5466293021194113,0.0131169882370938,0.41
Mepacrine hydrochloride,0.7247172812035348,0.6966528861667279,0.962913761646952,1.382200204387728,1928.0,1707.0,0.8853734439834025,0.0850484819112067,0.164
Mepivacaine hydrochloride,0.7668003856988342,2.353287728448302,2.459543120698528,1.0451518915284908,2432.0,3047.0,1.2528782894736843,0.0037409187233235,0.398
Mepolizumab,,,6.403124237432849,,0.0,1.0,inf,0.2316018388742902,0.042
Meprobamate,-0.03486753922297386,4.479058900311057,6.403124237432849,1.4295691081419295,7.0,1.0,0.14285714285714285,-0.1040036279936513,0.825
Meptazinol hydrochloride,0.882370931275429,2.3040593131622926,2.1910938703478653,0.9509711220674334,66215.0,40068.0,0.6051196858717813,0.1862061031858371,0.087
Mepyramine maleate,0.690005983657052,0.7254599364424696,0.748306346724792,1.0314923114767125,1065.0,1045.0,0.9812206572769953,0.2117310347321728,0.058
Mercaptamine,0.445171801224724,1.4288222804869186,1.8174359460735197,1.271981806900553,346.0,104.0,0.30057803468208094,-0.1183588257215901,0.886
Mercaptamine hydrochloride,0.8088939085800652,2.104661562399146,3.4941921192313585,1.6602156763143707,101.0,42.0,0.4158415841584158,-0.1330869163093085,0.909
Mercaptopurine,0.8938329270681119,0.35130418350548687,0.3738851530229814,1.064277542305846,66449.0,51919.0,0.7813360622432242,0.05669320935908,0.227
Meropenem,0.28609294120726786,1.5846667897584616,3.247023837294464,2.0490262421599574,145.0,81.0,0.5586206896551724,0.1073824219718668,0.167
Mesalazine (Systemic),0.9710896616880174,0.1502021647934562,0.1577018675805693,1.0499307236844821,1545592.0,1625496.0,1.0516979901552286,0.011075718599152,0.401
Mesna,0.2755028487436927,2.5170222233229356,3.396501204463228,1.349412481539085,8.0,18.0,2.25,-0.0267077025419613,0.519
Mesuximide,,6.4031242374328485,,,1.0,0.0,0.0,0.0171343623460881,0.378
Metformin hydrochloride,0.9902117271801035,0.1851851355193768,0.19741037763957986,1.066016325154369,23361905.0,27211447.0,1.1647786000328313,0.2751528350979717,0.03
Metformin hydrochloride/pioglitazone,0.9125299125440111,0.6859751403020384,0.7984603097864346,1.163978492624191,19588.0,8113.0,0.41418215233816624,0.1543143697133698,0.072
Metformin hydrochloride/rosiglitazone,,6.403124237432848,,,3.0,0.0,0.0,-0.1675989577180823,1.0
Metformin hydrochloride/sitagliptin,0.9871361428587552,1.2497704834835581,1.254473648197634,1.0037632227486815,148286.0,117803.0,0.794431031924794,0.2418522359440572,0.038
Metformin hydrochloride/vildagliptin,0.9832152098444317,1.2842653910080137,1.172067624980244,0.9126366194920924,37543.0,26889.0,0.7162187358495592,0.2631297180825457,0.034
Methadone hydrochloride,0.9505390638642706,0.3082861869510824,0.32367102762093397,1.049904411293954,2294780.0,1836415.0,0.8002575410278981,0.0570045770909507,0.264
Methenamine hippurate,0.7756330394191588,1.3592267677122374,0.5124966713276498,0.37705016079859216,157770.0,739612.0,4.687912784433036,0.2631383611856753,0.032
Methocarbamol,0.9575025200061121,0.8186744055730619,0.9169833624319008,1.12008309553787,165492.0,218480.0,1.3201846614942112,0.0932622400638081,0.137
Methotrexate,0.9868962821248163,0.2783370187555658,0.31201145408725345,1.1209843932447245,2159069.0,2266004.0,1.049528292055511,0.2037773905369158,0.019
Methoxsalen,,4.793574108715622,,,14.0,0.0,0.0,-0.0313142232988246,0.513
Methoxy polyethylene glycol-epoetin beta,0.7715239139825578,2.620046693541755,2.610379404736411,0.9963102608708565,156.0,79.0,0.5064102564102564,-0.0803626808356213,0.751
Methoxyflurane,,,3.26221302226078,,0.0,6.0,inf,-0.0887954270081642,0.756
Methyl salicylate,0.9410723000180867,1.2412478443089257,1.4108882044384967,1.1366692082547138,22126.0,14993.0,0.6776190906625689,0.2455537898174178,0.051
Methyl salicylate/levomenthol,0.2537104958253037,1.5564403355961833,1.616814106749833,1.0387896469738584,283.0,121.0,0.4275618374558304,-0.0982463656488728,0.821
Methylcellulose,-0.08488777907514987,0.8232886762902808,4.620030045045359,5.611676897905489,1644.0,13.0,0.007907542579075427,0.0839159297468486,0.174
Methyldopa,0.922317081444974,0.3757859546754899,0.3759117081068547,1.000334641116306,63381.0,50750.0,0.8007131474732175,0.0676589279706335,0.19
Methylnaltrexone bromide,0.43898124377162917,1.8531265794587775,2.9346396621649586,1.5836153313510009,46.0,41.0,0.8913043478260869,0.0292606880781131,0.309
Methylphenidate hydrochloride,0.8863222677196305,0.31430191029317434,0.2930151486090107,0.9322728848058613,1366717.0,2176644.0,1.5926076868876293,-0.0257700113320781,0.534
Methylprednisolone,0.7889566159797479,0.5558291999230904,0.604772143948857,1.0880539274160816,4993.0,3772.0,0.7554576406969757,0.030058357146163,0.318
Methylprednisolone aceponate,,,,,0.0,0.0,inf,0.0162410040154339,0.359
Methylprednisolone acetate,0.8236702436196766,0.36761500182318635,0.3786821483729651,1.030105263645094,371183.0,662788.0,1.7856097935519677,0.0750440337705619,0.163
Methylprednisolone sodium succinate,0.2296991956803687,1.1146207168912041,1.4650985627881696,1.3144368668065722,137.0,144.0,1.051094890510949,0.3834825407564005,0.025
Methyltestosterone,,,,,0.0,0.0,inf,-0.0910208391982724,0.79
Metoclopramide hydrochloride,0.9606092688763378,0.2596859679272181,0.26066365673829933,1.0037648888728377,706852.0,601451.0,0.8508867485697147,0.0580826382585275,0.242
Metolazone,0.7192664721292733,0.5048475871586852,0.5923079775955835,1.1732411774593816,17726.0,16572.0,0.9348978901049306,0.0919853938993134,0.147
Metoprolol tartrate,0.929885829094704,0.4003814296766416,0.3530306116676833,0.8817357287344719,328474.0,304603.0,0.9273275814828571,0.1642587240959442,0.05
Metronidazole,0.9418173766819554,0.19331569125231315,0.21993647739439798,1.1377062874184367,1639348.0,1445273.0,0.8816145199188946,0.1725014470631159,0.048
Metyrapone,0.5764711154441896,1.0786367318151429,1.5940462348956883,1.4778341844646883,1275.0,760.0,0.596078431372549,0.04467886458368,0.258
Mexiletine hydrochloride,0.47504586896102674,0.7940336847241635,1.224690118857094,1.5423654467285413,1450.0,2175.0,1.5,0.0872885899379619,0.155
Mianserin hydrochloride,0.45984335882056526,1.0442891839408661,0.8154724853589003,0.7808876103470944,521.0,1156.0,2.218809980806142,-0.0768697440709258,0.768
Micafungin,,,6.403124237432849,,0.0,1.0,inf,0.0448398352830346,0.263
Miconazole,0.5562074298739964,0.1702817873730821,0.29336959864632733,1.7228477758667382,154476.0,20090.0,0.13005256479970997,0.1000455794514205,0.143
Miconazole nitrate,0.9191824756458954,0.33534885826193317,0.42663087595092775,1.2722001743560323,377646.0,535498.0,1.4179893339264815,0.3110902363271853,0.003
Micro-Enema - Sodium Citrate,0.16087134328764258,0.670864827872841,0.9344569941873935,1.3929139751600081,3909.0,583.0,0.14914300332565875,0.0423709413336059,0.283
Midazolam hydrochloride,0.9399191168832853,0.22193730772696046,0.21344442345135295,0.9617329580024647,328850.0,386141.0,1.1742162079975673,0.1234058059692921,0.086
Midazolam maleate,0.7688247731021259,0.5004723831725422,0.4083983775488988,0.8160258013839295,16593.0,20368.0,1.2275055746399084,-0.1065191885782343,0.878
Midodrine hydrochloride,0.8531095283586416,0.39541723221427727,0.39611880719756143,1.0017742650702284,152805.0,320351.0,2.0964693563692287,-0.0755740631545241,0.763
Mifepristone/misoprostol,,,6.4031242374328485,,0.0,1.0,inf,-0.1094962489947715,0.857
Miglustat,,,6.403124237432849,,0.0,4.0,inf,0.1160483841809605,0.081
Milrinone lactate,,,,,0.0,0.0,inf,0.1974765846810386,0.069
Minocycline hydrochloride,0.6408957333917377,0.3780531338414211,0.38416317478701917,1.016161857682579,17303.0,5727.0,0.3309830665202566,0.1008609223969213,0.132
Minoxidil,0.889720974432502,0.551591932753853,0.5340820340305323,0.9682557019354843,23589.0,30341.0,1.286235109584976,0.0696859462050053,0.201
Mirabegron,0.8820754948346703,0.1633245053400696,0.17850013060072384,1.0929170134576927,1744975.0,3032321.0,1.7377446668290377,0.1643579848672454,0.052
Mirtazapine,0.954145185838227,0.16309195826193773,0.14556513347600938,0.8925340956555382,11249963.0,13634346.0,1.2119458526219153,0.0441229433511551,0.266
Misoprostol,0.7189451360827231,0.5296206464949365,0.707293952622117,1.3354727715073684,4399.0,2389.0,0.5430779722664242,0.0460618707583144,0.259
Misoprostol (Gynaecology),-0.028939683835341276,5.396526194867611,6.403124237432849,1.1865270372489933,6.0,1.0,0.16666666666666666,-0.0530749490255214,0.662
Mitomycin,,6.403124237432848,,,1.0,0.0,0.0,0.2712278382247367,0.048
Mitotane,0.8751870562082437,4.258572471829932,6.40312423743285,1.5035846588942499,8.0,5.0,0.625,-0.0134321682295006,0.442
Mizolastine,0.5157673013251748,0.4085758979938906,1.007776565009872,2.4665590162269955,23503.0,870.0,0.03701655107858571,-0.0148525866004435,0.481
Moclobemide,0.6938694371711995,0.506543076597496,0.43360540540946896,0.8560089466073504,8116.0,8075.0,0.9949482503696402,0.1676920099793354,0.048
Modafinil,0.9086479539564554,0.3066923253700514,0.292453819592425,0.9535739743065093,81151.0,85997.0,1.0597158383753742,0.0793189061345734,0.195
Molnupiravir,,,1.4291032393211955,,0.0,1019.0,inf,-0.054523068450494,0.695
Mometasone furoate,0.9348703563106624,0.18888090820888134,0.18655330114956295,0.9876768537307946,3059762.0,3963727.0,1.2954363770776942,0.1484750952040694,0.085
Mometasone furoate/olopatadine hydrochloride,0.1789673888133466,1.9614038949369927,0.6410267685388241,0.326820381153274,21.0,68350.0,3254.7619047619046,-0.0609768023076253,0.756
Mometasone/glycopyrronium/indacaterol,0.4673335064075483,2.3837029687098648,1.0921348617734328,0.4581673455583816,152.0,27723.0,182.38815789473685,-0.0324383600602919,0.492
Mometasone/glycoyrronium/indacaterol,,2.129335781052037,,,391.0,0.0,0.0,-0.0484518032574556,0.603
Monobasic potassium phosphate,-0.04733808432700944,3.2991145313309347,6.403124237432849,1.940861457407388,18.0,1.0,0.05555555555555555,-0.087198713893993,0.766
Montelukast,0.8846033181168464,0.1646689920776132,0.18225066033930815,1.1067697569522268,3845904.0,4903953.0,1.2751106111853026,0.0091940941611962,0.418
Morphine (Opium Tincture),-0.029091059189717744,5.36844536564024,6.4031242374328485,1.1927334267784269,5.0,1.0,0.2,-0.1545694068249019,0.958
Morphine hydrochloride,-0.04274479396358538,3.1341135598553835,2.0934075710307622,0.6679424759348407,6.0,22.0,3.6666666666666665,-0.1140276873114978,0.9
Morphine sulfate,0.9811684791681422,0.3035210650965974,0.3089371667245999,1.017844236367182,5123945.0,5012869.0,0.9783221716860739,0.2135016320794483,0.027
Morphine tartrate and cyclizine tartrate,,1.9404158011832928,,,25.0,0.0,0.0,0.1378415719483044,0.103
Moxifloxacin,0.8365012294762733,0.8185257565415816,0.8691616503547133,1.0618623096566655,4071.0,3438.0,0.8445099484156227,-0.0820769349644535,0.756
Moxifloxacin hydrochloride,0.8745963122536712,1.2853176667628634,1.2093602939474288,0.9409038132909687,3863.0,5812.0,1.5045301579083614,0.0560032631740492,0.25
Moxisylyte hydorchloride,,1.3127419271384055,,,345.0,0.0,0.0,-0.1480987799078125,0.973
Moxisylyte hydrochloride,,3.5361073902708045,,,9.0,0.0,0.0,0.2149477134658567,0.052
Moxonidine,0.9786257850232443,0.4208675477965295,0.45421789604665724,1.0792419097759733,334392.0,283162.0,0.8467965740807196,0.0963633639946428,0.127
Mupirocin,0.9272978711827785,0.2802905654755066,0.25279023572915144,0.9018863524724726,127979.0,147847.0,1.1552442197548036,0.1017503501960185,0.115
Mycophenolate mofetil,0.8824851686584352,0.42638750624322336,0.3811772491865797,0.893969085879232,213374.0,243068.0,1.139164096844039,0.2781572651398719,0.002
Mycophenolic sodium,0.9014698284491207,1.0594263161767903,1.1993621948551902,1.132086466554271,8154.0,6924.0,0.8491537895511405,0.0881602892365994,0.158
Nabilone,0.49758457865399086,1.3357620035323072,1.582842344258917,1.184973326141354,494.0,466.0,0.9433198380566802,0.2649582865343693,0.033
Nabumetone,0.9675115311603186,0.6818101871325285,0.7987672992161311,1.1715391091111238,19124.0,12401.0,0.6484522066513282,0.03251646599294,0.3
Nadolol,0.6522242719555514,0.5889357659052749,0.4892630451317302,0.8307579085125963,15519.0,17661.0,1.1380243572395128,-0.0792414906785708,0.804
Nafarelin acetate,0.24280411405199806,0.7893456532612201,0.914298755163161,1.1582996009234878,1228.0,701.0,0.5708469055374593,-0.0143959428340091,0.474
Naftidrofuryl oxalate,0.9557767071109895,0.933797920096845,0.8415039734462839,0.9011628269197802,119379.0,140222.0,1.1745951968101593,-0.1333068519594467,0.929
Naldemedine,0.9228134521875886,3.261152747149655,1.235817523077519,0.3789511313622646,939.0,21730.0,23.14164004259851,0.0494453703830006,0.22
Nalmefene,0.5174707242902093,1.2416365971610732,1.186750434297981,0.9557953083949152,1055.0,1152.0,1.0919431279620853,-0.1125997326896466,0.891
Naloxegol,0.8581009907235996,0.5900301391987866,0.5642692828925746,0.9563397619972547,41147.0,26968.0,0.6554062264563638,0.0729447841393703,0.177
Naloxone hydrochloride,0.513631059468156,2.1298441581733,1.257195200098839,0.5902756759335366,238.0,242.0,1.0168067226890756,0.2510854162841701,0.038
Naltrexone hydrochloride,0.44002174836021474,0.7891510052376975,0.5673411150990781,0.7189259233449132,18040.0,20008.0,1.1090909090909091,0.0625946086393834,0.241
Naltrexone/bupropion,0.045354295243028635,3.19598915503142,2.709565505731979,0.8478018460939806,42.0,32.0,0.7619047619047619,0.0728800852259356,0.209
Nandrolone decanoate,,3.8518905417522853,,,11.0,0.0,0.0,0.0269069783451614,0.295
Naphazoline hydrochloride,0.7040545707014814,0.8182851829362605,0.9769001702311338,1.1938382737491515,1004.0,635.0,0.6324701195219123,0.1131939189960406,0.052
Naproxen,0.9069436278483608,0.10386006179334872,0.11100428684659792,1.0687870287181624,7232359.0,7568930.0,1.0465368215266968,0.0299650901536045,0.316
Naratriptan hydrochloride,0.9592358096288534,0.3192056899121068,0.3339854943967336,1.0463018202736185,140424.0,135184.0,0.9626844414060275,0.0684970968452259,0.182
Nasal Products,0.9768648765411022,0.6760441149824837,0.8098564551643288,1.1979343318228755,340298.0,363952.0,1.0695096650582725,0.1854641722670935,0.059
Natalizumab,,,,,0.0,0.0,inf,-0.1011197719934256,0.808
Natamycin,0.013438631341077416,4.2109856638242515,1.9244914625344312,0.4570168640248192,4.0,19.0,4.75,-0.0954654474009772,0.831
Nateglinide,0.3908204304514605,1.2841156259241793,5.661177070176668,4.408619407697273,167.0,8.0,0.04790419161676647,0.1502701505456492,0.093
Nebivolol,0.9666398458006983,0.5510542045361764,0.5238961249985965,0.9507161376974904,589310.0,692667.0,1.1753864689212807,0.0577941616064163,0.234
Nedocromil sodium,0.3401783150791604,1.2721048038406644,3.377047264975284,2.6546926438603964,252.0,23.0,0.09126984126984126,-0.0675164617284671,0.688
Nefazodone hydrochloride,-0.058904576533748344,2.6513009867599924,6.4031242374328485,2.415087637883676,27.0,1.0,0.037037037037037035,-0.0814731813192004,0.726
Nefopam hydrochloride,0.842940608968885,1.2777476284563332,1.179466529441721,0.9230825424161835,333884.0,814336.0,2.4389788070108183,-0.0044990955170893,0.435
Nelarabine,,,6.403124237432849,,0.0,1.0,inf,0.1160483841809574,0.081
Neomycin sulfate,0.9568869691567001,0.18184842765328388,0.17331870090510368,0.9530943057454246,373365.0,473093.0,1.2671059151232709,0.2013387060214795,0.028
Neostigmine bromide,,2.566928532566198,,,32.0,0.0,0.0,-0.1743884244328536,0.989
Neostigmine metilsulfate,-0.01344112618928397,5.637155851950936,3.6879699870532674,0.6542253015369294,6.0,8.0,1.3333333333333333,-0.0646744477211351,0.675
Nepafenac,0.956459951893181,1.0938445861393333,1.3089047716569704,1.1966094527895235,18552.0,17578.0,0.947498921949116,0.0495979241866129,0.271
Netilmicin (Eye),,,6.4031242374328485,,0.0,1.0,inf,-0.1279851687198097,0.898
Netilmicin/Dexamethasone,,,3.7148994380468454,,0.0,27.0,inf,-0.0704055414205349,0.676
Netupitant/palonosetron hydrochloride,-0.06384577698021637,5.704180068409069,2.7458360127745682,0.4813726039227929,3.0,5.0,1.6666666666666667,0.1945249074166785,0.06
Nevirapine,0.14017885697503962,2.9453788449634803,5.302694804169314,1.8003438889488805,16.0,4.0,0.25,0.0894954710299189,0.168
Nicardipine hydrochloride,0.5579362532349433,0.5993062557267564,0.7007931818771606,1.1693406754570494,12305.0,2459.0,0.19983746444534742,0.0426563014577732,0.292
Nicorandil,0.9513929199086841,0.25015152345343206,0.2469660956199184,0.9872660066605324,1176272.0,866725.0,0.7368406286981243,-0.177537676978162,0.987
Nicotinamide,0.7974365163253064,0.7772661515268656,0.9934411398720477,1.278122220967074,7006.0,6009.0,0.857693405652298,0.0443652887154161,0.273
Nicotinates,0.9211024794182643,1.824187512306817,2.011402173574781,1.1026290663678635,1020.0,297.0,0.2911764705882353,0.2375264715973411,0.054
Nicotine,0.8948757929210333,0.7770010129525489,0.9696388060822277,1.2479247644706009,360935.0,284281.0,0.7876238103813706,0.1148825766054242,0.109
Nicotine bitartrate,0.8781135654794396,1.1870192411170595,1.2509077635917003,1.0538226511092759,2804.0,2484.0,0.8858773181169758,0.0125796317673483,0.366
Nicotinic acid,-0.024390243902438977,6.4031242374328485,6.4031242374328485,1.0,1.0,1.0,1.0,-0.1177729404963542,0.892
Nicotinic acid derivatives,,6.4031242374328485,,,1.0,0.0,0.0,0.1046499832600976,0.153
Nifedipine,0.9049440408727074,0.22751284856421428,0.2290911339045184,1.0069371261898585,1300366.0,1278711.0,0.9833469961533906,0.0126752459565583,0.382
Night Drainage Bags,0.8814820510197046,1.890421281832264,2.470545619298355,1.3068756911707073,1007002.0,1148283.0,1.1402986289997439,0.6735788714719122,0.001
Nilotinib,,5.095288396105632,,,4.0,0.0,0.0,-0.0616871780362125,0.621
Nimodipine,0.7038401492411611,1.1297036091257484,1.4130111575428426,1.25078042251838,580.0,668.0,1.1517241379310346,0.1183927799037918,0.118
Nintedanib,-0.042739728833992706,6.403124237432848,3.654065342698068,0.5706691307559358,1.0,4.0,4.0,-0.1716602449390667,0.979
Niraparib,,,,,0.0,0.0,inf,-0.1216967874927087,0.928
Nirmatrelvir with Ritonavir,,,0.6855358112610919,,0.0,4193.0,inf,0.1070501046337871,0.094
Nitazoxanide,-0.04330616112158394,6.40312423743285,3.606271205848546,0.563204940607927,1.0,3.0,3.0,-0.10686110112502,0.814
Nitisinone,,,,,0.0,0.0,inf,0.1441410853653908,0.113
Nitrazepam,0.9450072171104165,0.31397899847800825,0.33962297068667957,1.0816741639822367,336364.0,242896.0,0.7221224625703108,0.0237328829362518,0.346
Nitrofurantoin,0.9481359879129778,0.14215187762321146,0.15634075830310376,1.0998149367924737,4150721.0,4418372.0,1.064483013914932,0.0168053510311353,0.356
Nitrous oxide,0.7042569690759403,3.6992666935927234,4.422813107076079,1.1955918492539526,32.0,36.0,1.125,-0.1039462671118364,0.808
Nizatidine,0.7866637306257174,0.4151091637107411,0.5017401501934072,1.2086944689639105,97532.0,140982.0,1.445494811959152,-0.0862157133644627,0.775
Nonoxinol 9,0.0022311738934807186,0.8003982398462359,3.5662824710860983,4.4556350745738955,754.0,6.0,0.007957559681697613,0.0535943567667706,0.195
Norethisterone,0.8551170251098773,0.21631027088246568,0.2689590104469485,1.2433945431703055,406589.0,413619.0,1.0172901873882472,0.1620282197998963,0.074
Norethisterone enantate,0.10385552954050933,2.5428499486109275,2.258579180089552,0.8882078084565457,17.0,12.0,0.7058823529411765,-0.1022964146637657,0.83
Norfloxacin,-0.04242923393448214,3.6808056004443723,6.403124237432848,1.7395985913137653,14.0,1.0,0.07142857142857142,-0.1223122812291424,0.9
Normal immunoglobulin (Gamma globulin),-0.05394310789960172,2.895156915676324,6.4031242374328485,2.21166742388367,7.0,2.0,0.2857142857142857,-0.1085673799248224,0.825
Nortriptyline,0.9409830297162721,0.3259241017481398,0.2965076142892391,0.9097443628712292,747576.0,1053771.0,1.4095837747600244,0.0133171639604161,0.405
Nystatin,0.8437714083422859,0.1316373951847087,0.1317275885050689,1.0006851648821646,577140.0,746784.0,1.2939390789063312,0.0873967144007801,0.155
Obeticholic acid,-0.024390243902439022,6.40312423743285,6.403124237432849,0.9999999999999999,1.0,1.0,1.0,-0.0450793074268066,0.595
Octreotide acetate,0.8345081014101833,0.6780256640129341,0.6402753397684428,0.9443231631955289,6288.0,3581.0,0.5694974554707379,-0.0038937067686128,0.426
Oestrogens conjugated,0.9545764013538987,0.31481873971771573,0.38165876547347377,1.2123127289553683,154731.0,85992.0,0.5557515947030653,-0.0634632696870668,0.696
Oestrogens conjugated with bazedoxifene,,4.547873729790863,,,3.0,0.0,0.0,-0.085042857511796,0.732
Oestrogens conjugated with progestogen,0.9253466526375322,0.3397805991588828,0.38462509701398073,1.1319807486540114,30457.0,20137.0,0.661161637718751,0.0452631022835355,0.268
Ofatumumab,,,6.403124237432849,,0.0,4.0,inf,0.0448398352830346,0.263
Ofloxacin,0.5584306094153932,0.3769989407517843,0.37227737644819026,0.9874759215657778,64611.0,62904.0,0.9735803500951851,-0.0775125509340914,0.758
Oils for the ear,0.49198496375349454,0.8976205996398174,1.707148047546239,1.9018592579440083,274.0,214.0,0.781021897810219,0.0017252363433202,0.403
Olanzapine,0.9716037678013076,0.25963314273049687,0.28242232484853286,1.0877745494214177,2599771.0,2695410.0,1.036787470896475,0.1791989093453568,0.074
Olanzapine embonate,0.5189672439196715,2.297951911089594,4.29184485470768,1.867682623816381,489.0,24.0,0.049079754601226995,-0.0484608247280502,0.602
Olaparib,,,6.403124237432848,,0.0,1.0,inf,-0.0989958525424753,0.809
Olmesartan medoxomil,0.9869099617799609,0.7943321105491681,0.7287248613320608,0.9174057697708466,388590.0,355287.0,0.914297846058828,-0.0632621986167919,0.734
Olmesartan medoxomil/amlodipine,0.7193638032750015,0.9611655067432611,1.0239697025534364,1.065341707926012,17723.0,20578.0,1.161090108898042,0.0701512312763982,0.206
Olmesartan medoxomil/amlodipine/hydrochlorothiazide,0.9610850999507186,1.719787887405204,2.2731323050208,1.3217515495183978,10742.0,12983.0,1.2086203686464345,0.1997672096096618,0.052
Olmesartan medoxomil/hydrochlorothiazide,0.734557052548091,0.6389354163724299,0.5500999042634225,0.8609632369209191,15139.0,10886.0,0.7190699517801704,5.389852761308501e-05,0.408
Olodaterol,0.5042190206721077,1.0211851674578103,1.2278141408037997,1.2023423174666568,2450.0,1720.0,0.7020408163265306,-0.0168932204924774,0.483
Olopatadine,0.9875668604354171,0.7128869524476874,0.728967235979157,1.022556568718586,209389.0,312419.0,1.4920506807902993,0.2262774470418118,0.05
Olsalazine sodium,0.9090604481625253,0.5046979827357806,0.6192721764653362,1.227015358984578,10957.0,8089.0,0.7382495208542484,-0.106690889417173,0.874
Omalizumab,-0.03345660514269788,5.011084481981881,5.964669775109598,1.1902951938959476,10.0,10.0,1.0,-0.140931298653928,0.933
Omega-3-acid ethyl esters,0.8529454175319031,0.5270742724741038,0.595506032185218,1.1298332384730019,82824.0,66365.0,0.80127740751473,0.1547170592985895,0.046
Omeprazole,0.9847514228950578,0.23227525394483267,0.2318952079827795,0.9983638120910485,35164352.0,35728203.0,1.0160347331297332,0.2402453993962041,0.017
Ondansetron hydrochloride,0.7837061220904055,0.24425535869816287,0.2652237694627881,1.0858462671049802,282809.0,374937.0,1.3257604955995035,-0.0277253126074229,0.564
Opicapone,0.870059028619491,0.6674444764709628,0.5157413331430104,0.7727104670487864,32931.0,78498.0,2.383711396556436,-0.0188895710806708,0.487
Opium and morphine,-0.019422024824876302,0.8000330148768745,3.3183139377179893,4.147721251514451,546.0,23.0,0.04212454212454213,-0.0713562056367566,0.744
Oral Film Forming Agents,0.7826262157622957,0.4715709270565022,0.611424321443134,1.2965691614187973,14584.0,13167.0,0.902838727372463,-0.0050424506252077,0.443
Oral rehydration salts,0.9607340884443509,0.48357796817243537,0.6324527648520709,1.3078609996279844,188558.0,199578.0,1.0584435558289758,0.2860528816699391,0.043
Orlistat,0.8719711937358932,0.3374292597445994,0.3659872842200458,1.08463410818926,324262.0,561155.0,1.7305604727041712,0.3105782741100532,0.001
Orphenadrine hydrochloride,0.8859422562236248,0.6532340735792032,0.7473146169868106,1.1440227128571552,5782.0,3992.0,0.690418540297475,0.1419589055275874,0.076
Oseltamivir phosphate,0.3158382842388258,1.4651807162422077,0.6590327492383765,0.4497962209935559,524.0,46577.0,88.88740458015268,0.1742081776208309,0.065
Osimertinib,,,,,0.0,0.0,inf,-0.0599220507523608,0.637
Ospemifene,0.5797004188790706,0.9844507553905684,0.8668676477790375,0.8805596857255888,610.0,2272.0,3.724590163934426,0.0875683755840756,0.165
Other Appliances,0.9372474037423288,0.15412270348130197,0.15791968899342596,1.024636120612721,10371991.0,10842366.0,1.045350502135993,0.192438635271087,0.071
Other HIV infection preparations,-0.05279490659166766,2.0265195331454784,2.296824497527125,1.1333838435606345,75.0,31.0,0.41333333333333333,0.0276740758018299,0.302
Other acid preparations,-0.11862284430104149,3.6016646167170285,2.3406064500429564,0.649867963601912,6.0,9.0,1.5,-0.0884250255423839,0.82
Other alcohol and saline preparations,-0.02016587775852956,4.797976772770691,4.152259396088861,0.8654188197937134,33.0,24.0,0.7272727272727273,0.0195186801473918,0.314
"Other alcohol, wine and spirit preparations",,6.403124237432848,,,1.0,0.0,0.0,-0.0789737805632171,0.73
Other amino acidandnutritional agent preparations,0.824758510018544,2.8842995216395146,1.7803309367721478,0.617248979662195,27681.0,463.0,0.01672627433979986,0.0627020339242904,0.192
Other anti-inflammatory preparations,0.9999999999999996,6.40312423743285,6.4031242374328485,0.9999999999999998,1.0,3.0,3.0,-0.1168820932693015,0.912
Other antiperspirant preparations,0.0714180636719257,3.834864664574975,3.7403005160908096,0.9753409424437547,31.0,7.0,0.22580645161290322,0.2058432489735597,0.082
Other antiviral preparations,-0.06566202795225674,2.8031814685585092,5.432934821981054,1.9381316846300547,21.0,2.0,0.09523809523809523,0.0539015916535409,0.244
Other aromatic inhalation preparations,-0.05996506246204071,4.596646279178217,3.6279444142192996,0.7892589931605307,5.0,3.0,0.6,0.048664675437885,0.247
Other aural preparations,,,,,0.0,0.0,inf,-0.0722949126616457,0.71
Other barrier preparations,0.6688333819929179,0.48160193240750243,0.6623804359360005,1.375369140702563,44867.0,10300.0,0.2295673880580382,0.1062216944593405,0.145
Other base/diluent/suspending agent/stabiliser preparations,-0.13779478186025232,0.2579123966320937,6.40312423743285,24.82674086646081,516350.0,21.0,4.067008811852426e-05,-0.0002486480365241,0.422
Other bisphosphonate and other preparations,,1.5395440331517978,,,297.0,0.0,0.0,-0.0436717460713956,0.616
Other bitter and tonic preparations,,,,,0.0,0.0,inf,-0.1397462835310202,0.96
Other calcium supplement preparations,0.8577471108945658,0.4738432472479653,0.5695469290551858,1.2019732946772124,13789.0,18907.0,1.3711654217129596,0.3206851897036327,0.004
Other camouflage preparations,0.9784674614175647,0.6247867225613309,0.7137154176360849,1.14233448289392,31381.0,30012.0,0.9563748765176381,0.219252054896581,0.056
Other chromium preparations,,4.566371996437105,,,6.0,0.0,0.0,-0.0609707242370771,0.658
"Other colour, flavour and sweetening preparations",0.9371381781114224,3.7663801491970377,3.295183284415508,0.8748939708377591,52.0,75.0,1.4423076923076923,-0.0842446509432091,0.766
Other compound vitamin/mineral formulation preparations,0.8116088007187424,0.8640045175885733,1.4764328247838703,1.7088253530254418,131700.0,138872.0,1.054457099468489,-0.0439910539675184,0.577
Other concentrated water preparations,0.6695213074075531,0.8844152638990316,0.909607860554142,1.028485031504371,2121.0,2972.0,1.4012258368694013,0.0413588029873324,0.286
Other cordial/soft drink preparations,,1.087795328832534,,,1112.0,0.0,0.0,0.0283969897951503,0.332
Other digestive aid preparations,0.6197068619787197,0.6070282386124599,1.4183926232886788,2.3366172001006555,12294.0,4064.0,0.33056775662925003,0.0469725962079888,0.261
"Other disinfectant,preservative and sterilising preparations",,3.7289541109264883,,,21.0,0.0,0.0,-0.0289096364338899,0.514
Other dusting powder preparations,,6.4031242374328485,,,7.0,0.0,0.0,0.1178387566949395,0.1
Other eczema preparations,0.038280879971519854,1.2528444894087043,4.060763021460481,3.2412346909687164,291.0,5.0,0.01718213058419244,0.0125933604803547,0.369
Other emollient preparations,0.9529244902335481,0.4074297722695395,0.43820149298780614,1.0755264411504746,4678917.0,4608393.0,0.9849272812490583,0.2435626764860496,0.035
Other enzyme preparations 0911020,0.4391163392673783,0.585352710809733,0.7042666440898218,1.2031491972004233,19176.0,7005.0,0.3653003754693367,0.1815000521685965,0.064
Other expectorantand demulcent cough preparations,0.3751073282814801,2.198309113598263,4.474730821939722,2.035533035031338,66.0,287.0,4.348484848484849,0.1130160151811208,0.107
Other eye tear/lubricant/astringent preparations,0.9556917376198818,0.494156657187043,0.45638229741741004,0.9235579259729876,32980.0,33959.0,1.0296846573681018,0.078195274019059,0.193
Other food for special diet preparations,,0.8484907712377063,,,838477.0,0.0,0.0,0.0806044648077417,0.157
Other food preparations,0.015645056800317126,0.4726640069928626,3.4267573031238765,7.24987994098654,247513.0,7.0,2.8281342798156058e-05,-0.1837730092101159,0.99
Other health supplement preparations,0.9920064354559961,2.0771088391911414,2.3766546082538893,1.1442128421057587,126730.0,141348.0,1.1153475893632132,-0.090209071941157,0.779
Other homeopathic preparations,0.23244000026414968,1.66316717344534,0.9721425469734097,0.5845128273903846,618.0,375.0,0.6067961165048543,0.0050140479085811,0.397
Other household and over the counter preparations,,3.4142871761855913,,,18.0,0.0,0.0,0.0467521021358942,0.251
Other individually formulated bought in preparations,0.7237848633927529,0.2783939551399008,0.3333699912912758,1.197475681983641,151330.0,249206.0,1.6467719553294125,0.1670535766794812,0.075
Other intravenous nutrition preparations,,,,,0.0,0.0,inf,-0.1013692480299104,0.791
Other lozenge and spray preparations,0.18283864890160237,3.146910612827772,1.3401321259589924,0.42585643217707014,10.0,120.0,12.0,-0.0116490556874852,0.466
Other magnesium preparations,0.31351361932993516,1.5578381962224452,1.409618047272809,0.9048552350885665,991.0,1214.0,1.2250252270433906,0.1798587822387581,0.083
Other mineral formulation preparations,0.3993956892167712,2.263825384478315,2.009429705849,0.8876257504781275,146.0,149.0,1.0205479452054795,-0.1329463680787524,0.912
Other minor cut and abrasion preparations,,6.403124237432849,,,11.0,0.0,0.0,0.0123333444919146,0.377
Other miscellaneous topical preparations,0.5201973487213637,1.004502880960834,0.9069994247906996,0.902933622174513,777.0,829.0,1.066924066924067,0.096145386468345,0.157
"Other mouth wash, gargle and dentifrice preparations",0.4926180919664783,0.8269921256314532,1.042627338884251,1.2607463923409776,652.0,472.0,0.7239263803680982,0.0819947736897307,0.162
Other multivitamin preparations,0.9681362942786386,0.4076255703340422,0.45410363151981936,1.1140214563764712,942604.0,1198267.0,1.2712305485654634,0.1390283513937283,0.061
Other nasal infection preparations,-0.024390243902438952,6.403124237432849,6.403124237432849,1.0,1.0,1.0,1.0,0.1154162459346784,0.147
Other neuromuscularar transmisson preparations,-0.05902853449431495,3.816755838951589,4.438575588256978,1.162918398646164,8.0,24.0,3.0,-0.2236129711639692,0.997
Other non-opioid analgesic preparations,0.588523811691672,1.4278721555280787,1.6404052345830924,1.1488460141422194,255.0,184.0,0.7215686274509804,0.037013451444471,0.288
Other oil preparations,0.8540655276240364,1.1223527357335121,2.077028802495139,1.850602521263246,2884.0,1538.0,0.5332871012482663,0.1059372713861258,0.134
Other oral iron preparations,0.9156660895595257,0.6352896424031995,0.6224849197911765,0.979844276126422,15374.0,17336.0,1.1276180564589566,-0.080449609995094,0.79
Other oral ulceration and inflammation preparations,,4.296604015655635,,,4.0,0.0,0.0,0.0427385439924831,0.239
Other osmotic laxative preparations,0.7507354399041039,6.139390271263194,3.759510189014865,0.6123588862907288,2994.0,7136.0,2.383433533734135,-0.0781148600064424,0.721
Other otitis external preparations,0.5494113170393071,1.6135318937380692,1.1857822753194285,0.7348985662578549,152.0,147.0,0.9671052631578947,0.207557118912731,0.058
Other pancreatin preparations,,,,,0.0,0.0,inf,0.0842211470407205,0.169
Other pantothenic acid preparations,,,6.403124237432847,,0.0,1.0,inf,-0.0332754414414833,0.537
Other phosphate supplement preparations,0.6912245580488758,0.37193255964858224,0.5388222014637704,1.4487094164944112,18854.0,28922.0,1.5339980905908561,0.0669069077825484,0.217
Other preparations,0.6680224514991102,0.47966284529425396,0.624725088351298,1.3024254316968291,10476.0,8708.0,0.8312332951508209,0.0607313893273058,0.212
Other preparations for biliary disorders,-0.026210297298123984,5.958488761582426,6.4031242374328485,1.074622189223084,14.0,1.0,0.07142857142857142,-0.1433033272526368,0.955
Other psoriasis preparations,0.05004014281164972,0.5114175052912735,3.86156704473771,7.5507134675384,1333.0,3.0,0.002250562640660165,0.1287504690604286,0.103
Other purified water preparations,0.997388282571457,3.1353701190809824,3.8135535455506058,1.216300915270701,10025.0,10902.0,1.0874812967581047,0.1992003078559573,0.054
Other rubefacient and topical antirheumatic preparations,,6.403124237432848,,,1.0,0.0,0.0,-0.0303323376539213,0.501
Other screening and monitoring agent preparations,,,6.303000834041378,,0.0,196.0,inf,-0.0130039553197297,0.378
Other selenium preparations,0.9091406285560701,0.967701641172944,1.0240901184620697,1.058270519434872,9723.0,14615.0,1.5031368919057904,0.0610012296585221,0.207
Other shampoo and scalp preparations,0.1250372242520384,2.938442508205805,5.090362754434352,1.73233362239321,73.0,3.0,0.0410958904109589,-0.0694013564651769,0.689
Other single substance preparations,0.7526114427897249,0.8668598559110582,1.6098956921727907,1.8571579721854945,1953.0,1271.0,0.6507936507936508,0.1261485873194181,0.112
Other soothing haemorrhoidal preparations,0.7181504351952981,0.9085757575002502,1.1826313896237737,1.3016321202290586,868.0,651.0,0.75,0.1514720399353047,0.085
Other stimulant laxative preparations,,4.570832289712752,,,3.0,0.0,0.0,0.296050913365727,0.055
Other sunscreening preparations,0.9326561972731254,0.45162087123683164,0.526920818687511,1.1667326561867237,42964.0,33913.0,0.7893352574248208,0.2888156827357459,0.019
Other test for helicobacter pylori preparations,0.9773380132058032,2.777115684167425,3.305714801287816,1.1903410506569747,8057.0,11392.0,1.4139257788258657,-0.0234051355334926,0.491
Other tincture preparations,,1.4007064614784763,,,21.0,0.0,0.0,0.0322298662822816,0.267
Other toiletry preparations,0.9076156038711715,0.5433001461573852,0.5362274668975597,0.9869820037600788,275113.0,290669.0,1.0565440382679117,0.1522401464031649,0.09
Other topical anaesthetic and antipruritic preparations,0.3965474450490944,1.721883433017066,1.5005106756073971,0.871435688871353,25.0,63.0,2.52,0.0087282815931224,0.397
Other topical circulatory preparations,0.22090548442027985,3.9991753462291646,2.840498490084734,0.7102710544470248,7.0,28.0,4.0,0.0135200833941506,0.342
Other topical corticosteroid preparations,0.964516972495612,2.6508034093384683,2.6727664884724796,1.0082854424649665,398.0,527.0,1.3241206030150754,0.0354676086386945,0.289
Other topical nasal decongestant preparations,0.4916388004546026,1.1477129398839385,0.8159045486137153,0.7108960091503569,181.0,377.0,2.0828729281767955,-0.1188869229386234,0.909
Other treatment of dry mouth preparations,0.8237197804060599,1.0609347685096522,0.8364756854353731,0.7884327201477355,7581.0,8470.0,1.1172668513388735,-0.0311994910760345,0.515
Other urological pain preparations,0.4984847542053169,1.7601401292850545,3.3987592638630764,1.930959477211401,121.0,89.0,0.7355371900826446,-0.0937356121704442,0.798
Other vaginal/vulva changes preparations,0.3528055492785381,4.866142576728653,4.195849992407463,0.8622538132099273,10.0,3.0,0.3,-0.105702596729896,0.828
Other vehicle and emulsifying agent preparations,,4.756126036096317,,,2.0,0.0,0.0,0.0352033895579726,0.252
Other vitamin A preparations 0906011,0.12512772017391133,1.1948414413460784,1.0916393987096655,0.9136269976373199,641.0,536.0,0.8361934477379095,-0.048042742456355,0.658
Other vitamin B compound preparations,0.3841361852175001,1.6668438081099355,1.9459341063244173,1.1674363829751675,296.0,400.0,1.3513513513513513,0.0707829482783394,0.192
Other vitamin B preparations,0.6893749977372605,0.6466303673567219,0.744609847191829,1.1515231649816031,2491.0,2121.0,0.8514652749899638,-0.024355010668764,0.539
Other vitamin C (Ascorbic acid) preparations,-0.09982769936165915,3.319756337997676,3.0174683870401346,0.908942729471565,8.0,5.0,0.625,0.1531607009442216,0.088
Other vitamin C preparations,,,,,0.0,0.0,inf,-0.0838262042173649,0.765
Other vitamin D preparations,0.5989304484229223,4.0595182972152735,6.403124237432848,1.5773113381026582,11.0,3.0,0.2727272727272727,0.155207371363884,0.091
Other x-ray contrast media preparations,0.2343950575522378,1.6773067706188896,1.9180438298248172,1.1435259568630376,120.0,51.0,0.425,-0.0906938535424045,0.79
Other zinc preparations,0.7533439404332003,1.2998227629653116,1.56638079704083,1.2050726004116241,914.0,1156.0,1.2647702407002188,-0.1092814330864562,0.875
Oxandrolone,0.08131717049987054,3.1458663536404754,6.4031242374328485,2.0354088564579333,56.0,1.0,0.017857142857142856,0.0092110551930245,0.367
Oxazepam,0.9824667631778324,0.7752662959125316,0.7581628530632362,0.9779386219425885,59535.0,40101.0,0.673570168808264,-0.1190797325939139,0.893
Oxcarbazepine,0.9442037772164623,0.3905241409250828,0.3904638346772166,0.9998455761333388,115989.0,133375.0,1.1498935243859332,0.1893139605252392,0.044
Oxitriptan,0.8805443608187786,3.3159129662377484,3.6960289074480834,1.1146338716005615,60.0,46.0,0.7666666666666667,0.0728726357204203,0.21
Oxprenolol hydrochloride,,6.40312423743285,,,1.0,0.0,0.0,-0.1675989577180827,1.0
Oxybuprocaine hydrochloride,0.2461379747763476,1.418677439099104,1.7630258232977307,1.2427249314807576,176.0,150.0,0.8522727272727273,-0.1140073427020702,0.865
Oxybutynin,0.7979329704560141,0.1530525244885243,0.18407372331099187,1.2026833528302467,1372150.0,1295780.0,0.9443428196625734,0.1172673758974229,0.125
Oxybutynin hydrochloride,-0.03234991097606185,4.8276411642730945,6.4031242374328485,1.3263463500185348,7.0,1.0,0.14285714285714285,-0.1348251594677125,0.911
Oxycodone hydrochloride,0.9662254072745733,0.3242707935419101,0.33242417644620026,1.0251437473453384,1826353.0,1854570.0,1.0154499157610823,0.0679669064726102,0.21
Oxycodone hydrochloride/naloxone hydrochloride,0.8447580552615804,0.5354834483449125,0.48277895285606504,0.901575864479569,32751.0,20840.0,0.636316448352722,0.0180895851823977,0.353
Oxymetazoline hydrochloride,,,3.1827759220629663,,0.0,5.0,inf,-0.0118252258069668,0.442
Oxymetholone,,6.4031242374328485,,,1.0,0.0,0.0,-0.0441206870198033,0.561
Oxytetracycline,0.9414530301197308,0.3041241169459886,0.31976901924904116,1.0514424915069496,236059.0,133715.0,0.5664473712080454,0.2838755778454596,0.027
Oxytocin,,,,,0.0,0.0,inf,0.1160483841809588,0.081
Ozanimod,,,6.403124237432849,,0.0,1.0,inf,-0.1675989577180827,1.0
Padimate O,,,,,0.0,0.0,inf,0.6477741137314688,0.024
Palbociclib,,4.976779112838754,,,2.0,0.0,0.0,-0.1250434975917972,0.906
Paliperidone,0.8495738697898428,1.2135632065988087,1.1331853326962618,0.9337670477602746,18188.0,21038.0,1.1566967231141412,-0.0142965261904764,0.489
Pamidronate disodium,1.0,6.4031242374328485,6.4031242374328485,1.0,1.0,1.0,1.0,-0.0479037974719396,0.6
Pancreatin,0.8476839216273622,0.15180019957805482,0.1414899848571239,0.9320803612275262,628082.0,781779.0,1.2447084934769663,0.0597476597266573,0.214
Pantoprazole,0.9503171463972129,0.5094750129227316,0.41885609067092416,0.8221327445835878,1586665.0,1929916.0,1.216334891108079,-0.0842325646456355,0.786
Pantothenic acid (Calcium pantothenate),0.9999999999999992,6.403124237432849,6.403124237432848,0.9999999999999998,7.0,5.0,0.7142857142857143,-0.0332754414414831,0.537
Papaveretum,,,,,0.0,0.0,inf,-0.1168820932693023,0.912
Papaverine hydrochloride,0.8579168677013991,5.141990630214335,4.740453863450082,0.921910249232112,6.0,3.0,0.5,-0.1223228687548401,0.888
Paracetamol,0.9782868864794659,0.22274406582391337,0.22524285810505526,1.0112182215579977,16384290.0,15776629.0,0.9629119723833013,0.1756697932080642,0.06
Paracetamol and caffeine,0.2576756196175189,1.5909092358461367,1.3995346484823243,0.8797074131875107,209.0,281.0,1.3444976076555024,-0.1240237546753729,0.961
Paracetamol and ibuprofen,0.09649365782439642,2.151101759075463,1.3794712835070921,0.6412859260084398,140.0,254.0,1.8142857142857143,-0.1196120514538369,0.911
Paracetamol and phenylephrine hydrochloride,0.08045432086145758,2.9315947587411224,2.4208660931047348,0.8257846982044328,8.0,16.0,2.0,0.0062068744691699,0.402
Paracetamol combined preparations,0.5230041710449086,0.6544981734226338,0.5846092782091156,0.8932175855464329,5173.0,4717.0,0.9118499903344288,0.0167566252683904,0.349
Paraffin hard,,2.8710494006703717,,,40.0,0.0,0.0,-0.0655506326988979,0.7
Paraffin soft white,0.918199514993862,0.9458533921127553,0.8801267263985884,0.9305107258035485,9438.0,6518.0,0.6906124178851452,0.2558621722870063,0.038
Paraffin soft yellow,0.7415064118526931,0.5906172977823638,0.6954748515011655,1.1775389141369859,25378.0,5275.0,0.2078571991488691,0.1069799359969366,0.137
Paraldehyde,0.8759224275838737,1.0778124979797508,1.0322215749963035,0.9577005062857382,1889.0,2631.0,1.3928004235044997,-0.0432520367208173,0.626
Parecoxib sodium,0.7974054533872625,2.1607363689613175,1.7592091572553064,0.8141711235697725,197.0,453.0,2.299492385786802,-0.077769999206531,0.752
Paricalcitol,0.43970635485368254,2.0917520875180777,2.0835677317672285,0.9960873203857727,426.0,169.0,0.3967136150234742,0.4857606308528406,0.01
Paromomycin sulfate,0.22018273729288781,3.672755560901296,2.090730597985215,0.5692539466122675,17.0,22.0,1.2941176470588236,0.0213716587356711,0.33
Paroxetine hydrochloride,0.9528212947032569,0.14214025104115105,0.14799391436737397,1.0411823060909624,1286881.0,1251435.0,0.9724558836442531,-0.1132021363745245,0.903
Patiromer calcium,0.7121843735782127,1.2314585534890061,2.243477078882039,1.8218047798082615,936.0,3622.0,3.8696581196581197,0.0347316214114368,0.268
"Pdr 2.4 kcal/ml m/sk lower volume, higher protein (0913011)",,,0.8204294715234929,,0.0,8056.0,inf,0.0736511247127181,0.194
Pdr 3.7 kcal/g energy and higher protein fortifier (0913141),,,4.551888382695581,,0.0,3830.0,inf,0.0870918604979341,0.149
Pdr 3.8 - 4.9 kcal/g energy (carbohyd) fortifier (0913142),,,2.8837070686078317,,0.0,23200.0,inf,0.079548952624983,0.164
Pdr disc or non ACBS energy and protein fortifier (0913391),,,5.246243621382823,,0.0,68.0,inf,0.0834375976889282,0.156
Pdr disc/non ACBS Protein SfI metabolic cond (inf) (091357),,,4.762787089699356,,0.0,10.0,inf,0.0366010502771572,0.284
Pdr disc/non ACBS protein SfI metabolic condition (0913442),,,6.4031242374328485,,0.0,12.0,inf,0.0448398352830352,0.263
Pdr disc/non ACBS protein SfI metabolic condition (0913445),,,5.589954185715377,,0.0,833.0,inf,0.0796216354908823,0.165
Pdr disc/non ACBS protein SfI metabolic condition (0913447),,,6.336568915477364,,0.0,24.0,inf,0.0848539805283964,0.15
Pdr disc/non ACBS single L-amino acid supplement (0913445),,,1.9712230608087962,,0.0,249.0,inf,0.1749585372448271,0.09
Peak Flow Meters,0.7099161534551267,0.25633622833791453,0.23789898620530275,0.928073989961704,465908.0,270678.0,0.580968774951278,0.0607599216125368,0.219
Pegfilgrastim,,,,,0.0,0.0,inf,-0.0298614973239861,0.496
Peginterferon alpha,-0.0582682556053636,2.6802546303485033,6.403124237432849,2.38899847981991,26.0,1.0,0.038461538461538464,0.099110882016362,0.163
Peginterferon beta,,5.67513171631294,,,205.0,0.0,0.0,-0.1689405159034801,0.974
Pelvic Toning Devices,0.050772972113228204,1.1283419505347227,2.056192257753858,1.8223130468378188,467.0,93.0,0.19914346895074947,-0.0424714755013683,0.575
Penciclovir,,1.184104090970573,,,101.0,0.0,0.0,-0.0820205604082855,0.745
Penicillamine,0.8034686773426295,0.5662742873226246,0.49251060820548587,0.8697386041208097,6601.0,5304.0,0.8035146189971216,-0.0467063041598673,0.62
Pentamidine isetionate,-0.029276942167179104,5.334360432753275,6.403124237432848,1.2003546288543425,6.0,3.0,0.5,-0.0704632250105205,0.704
Pentazocine hydrochloride,0.24081635618288005,1.1243046248562218,0.9854314081607296,0.876480792104496,1302.0,851.0,0.6536098310291859,0.1818352568694789,0.044
Pentosan polysulfate sodium,0.6652138621678216,1.0788491134998335,1.0575561436815084,0.980263255026229,1071.0,1416.0,1.3221288515406162,-0.0552967215090544,0.644
Pentoxifylline,0.8596346628240782,0.5694325982356883,0.6330684943705517,1.1117531668050458,18169.0,16354.0,0.9001045737244757,-0.0231685645195853,0.479
Peppermint oil,0.9362169352998267,0.1900030772550882,0.22473097001809858,1.1827754227179517,522277.0,537052.0,1.0282895857945114,0.2406764612831342,0.026
Perampanel,0.853305423354219,0.381585358520701,0.39548382805046056,1.036422963353835,56974.0,74940.0,1.3153368203039983,0.0383621553451481,0.278
Pergolide mesilate,,6.403124237432848,,,6.0,0.0,0.0,-0.1106415005073104,0.894
Pericyazine,0.9999020930492389,5.324328116457711,5.346971413084129,1.0042527988754912,59812.0,53055.0,0.8870293586571256,0.0313825483728526,0.275
Perindopril arginine,0.8093310297811327,0.7421723739448861,0.6877442419051457,0.9266637590531196,29352.0,28385.0,0.967055055873535,0.0145239083512311,0.327
Perindopril arginine with diuretic,0.8777481999940511,0.7097860624605418,0.5629734707682791,0.7931593765263258,34777.0,23121.0,0.6648359547977112,0.0261642396020058,0.31
Perindopril erbumine,0.9971117279383909,0.6236212723635678,0.6479215020009661,1.0389663257401383,4022920.0,3462435.0,0.8606770703866843,0.0581189579811497,0.211
Perindopril erbumine with diuretic,0.22324947396148276,3.8946121113751473,6.4031242374328485,1.644098065306938,3.0,3.0,1.0,-0.1287752004969259,0.925
Perindopril tosilate,,,6.40312423743285,,0.0,1.0,inf,-0.0704205913992879,0.683
Perindopril tosilate/indapamide,,5.9322485545693135,,,5.0,0.0,0.0,0.1026973371375792,0.149
Perindopril with calcium channel blocker,0.7322748695944851,1.247491759321673,5.903169611231527,4.732030946995105,225.0,6.0,0.02666666666666667,0.2054515403891599,0.052
Permethrin,0.6101709160476113,0.3255329788698605,0.30601072667941226,0.9400298788214244,98331.0,271436.0,2.760431603461777,0.1433283587179802,0.086
Perphenazine,0.5652141867522928,1.8167712307989532,2.191889876908307,1.2064754437708647,280.0,103.0,0.3678571428571429,-0.0281479168294322,0.502
Pethidine hydrochloride,0.5725115220725261,0.5368532959571074,0.7784200326210599,1.4499678748051363,8154.0,1810.0,0.22197694383124847,-0.0987103176846126,0.886
Phased formulations of ethinylestradiol,0.9209008641926835,0.3515015073114753,0.37777324979809773,1.0747414788845908,28164.0,12230.0,0.43424229512853285,0.1021627305655801,0.158
Phenazone/lidocaine,0.2822594929450889,4.967757346653394,0.3194077305513796,0.06429616188209224,181.0,150182.0,829.7348066298342,0.1363566799860453,0.087
Phenelzine sulfate,0.8737501499223732,0.6788836769457919,0.6367686338635306,0.9379642720653834,4308.0,4600.0,1.0677808727948004,0.2614897000594797,0.016
Phenindione,0.5379196972734133,1.4902526773191014,1.5990366868353008,1.0729970233718331,304.0,308.0,1.013157894736842,-0.0154126833501142,0.482
Phenobarbital,0.9365518602308451,0.19512698799120237,0.21866163455513773,1.1206119502290297,169919.0,136842.0,0.805336660408783,0.0368700640928128,0.303
Phenobarbital sodium,0.1242636563157808,0.7230811960688728,1.2596973463143495,1.7421243328727976,238.0,160.0,0.6722689075630253,-0.0885364570241156,0.827
Phenol,0.21477168890874745,1.3322572147181584,1.5370770775523523,1.1537389781578506,390.0,315.0,0.8076923076923077,0.0279986438657946,0.314
Phenothrin,,6.403124237432849,,,2.0,0.0,0.0,-0.0332754414414833,0.537
Phenoxybenzamine hydrochloride,0.6086939132960495,1.0803557538258999,1.3960838795591497,1.29224459129796,821.0,704.0,0.8574908647990256,-0.0007597882220722,0.415
Phenoxymethylpenicillin (Penicillin V),0.9140516985706484,0.13495329962396507,0.1578353054516097,1.169554993404409,1834967.0,2956643.0,1.6112785679524482,0.0279405639906749,0.299
Phenprocoumon,0.9999660632716133,4.882242212596464,4.864854090462004,0.9964384966215734,4.0,4.0,1.0,-0.0358771692630158,0.544
Phentolamine/aviptadil,0.582466398327562,0.7396729911579233,0.5698237746259185,0.7703725584651755,5118.0,19637.0,3.8368503321610006,0.1100129271445462,0.132
Phenylbutazone,0.18679796881044705,1.9631694357913132,6.403124237432849,3.2616258794044852,128.0,1.0,0.0078125,0.1337096548231315,0.119
Phenylephrine hydrochloride,0.1062660199415155,1.5959059266825713,1.474674700866142,0.9240361077745767,159.0,151.0,0.949685534591195,0.0426054072850668,0.278
Phenylephrine hydrochloride and tropicamide,0.7636668669045549,4.49272448694087,6.4031242374328485,1.4252207666072094,4.0,1.0,0.25,-0.0658154387504395,0.654
Phenytoin,0.6894843795724047,0.2950471524309335,0.3918620759629328,1.3281337329790444,16803.0,13992.0,0.8327084449205499,0.0391092793953482,0.324
Phenytoin sodium,0.9643844110919197,0.1855141260165066,0.20076716230822886,1.0822203495725446,582655.0,457437.0,0.7850906625704748,0.0578710598045704,0.237
Pholcodine,0.04899596790058465,0.786702646432422,4.71585791076415,5.994460463746823,28311.0,15.0,0.0005298293949348309,0.1896025979352323,0.061
Phosphates,0.37535248273850474,1.4024343428078556,1.6661343652828395,1.188030208920171,35.0,63.0,1.8,-0.051065594474186,0.654
Phosphates (Rectal),0.9298391518623422,0.29666626722755307,0.3276676081617381,1.1044990427253598,67777.0,75489.0,1.1137849122858787,0.1227537378057825,0.061
Physical Debridement Device,,1.3499932802593568,,,73003.0,0.0,0.0,0.0461093291073071,0.281
Phytomenadione,0.8168551250518372,0.4692959911796058,0.520840345910976,1.1098333582646,8661.0,7058.0,0.8149174460223992,-0.0066841386064873,0.492
Pilocarpine hydrochloride,0.7241428154992903,0.2963522526786858,0.42651797729197843,1.4392263714439257,54296.0,50189.0,0.9243590688080153,0.0315050178533505,0.312
Pilocarpine nitrate,0.8782496305050074,1.0814936485235551,1.574194817922146,1.4555747230427307,7849.0,10059.0,1.281564530513441,0.0203207955278926,0.36
Pimecrolimus,0.9350689612570248,0.5676618816599069,0.44930455521371065,0.7915003098321377,53553.0,123138.0,2.2993669822418914,0.0430964761629192,0.26
Pimozide,0.6291344541624632,1.5952803659439518,1.0074890069876763,0.6315435383620043,3393.0,2649.0,0.7807250221043325,0.0493125210979061,0.249
Pindolol,,3.8009497495565148,,,35.0,0.0,0.0,-0.0434239279650126,0.571
Pioglitazone hydrochloride,0.9290656646453493,0.4066064539214089,0.45859425298760415,1.127857781313633,637263.0,484533.0,0.7603344302117022,0.0088159326879823,0.382
Piperacillin sodium/tazobactam sodium,0.9832127280286035,4.24971156378221,5.193176378137345,1.222006788036094,50.0,22.0,0.44,-0.1142010774700041,0.875
Pipotiazine palmitate,,6.403124237432849,,,1.0,0.0,0.0,0.0177814718926703,0.369
Piracetam,0.9172112007683699,0.7211584732701541,0.8356614415007672,1.1587764305276613,7264.0,6695.0,0.9216685022026432,0.0061939185181337,0.375
Pirenzepine,0.6465321530125643,1.0003370067192323,0.8755498262442251,0.875254859475541,1854.0,2547.0,1.3737864077669903,0.1161287591918599,0.139
Pirfenidone,-0.07223256796286084,3.8225057141107066,3.6217527773381826,0.9474813246108571,7.0,16.0,2.2857142857142856,-0.0173253882321367,0.454
Piroxicam,0.9452550529717394,0.757612976153688,0.8488527607813033,1.1204305991310088,351675.0,305490.0,0.8686713584986138,0.0585896633891745,0.212
Pitolisant hydrochloride,0.863121507488283,2.1789826698385943,2.939882211417579,1.3491994461963055,564.0,604.0,1.070921985815603,-0.0043322659018275,0.432
Pivmecillinam hydrochloride,0.9563001413928974,0.9354982235237086,0.7572634608775716,0.8094761078489424,284745.0,364816.0,1.2812024794114032,0.2643601997104606,0.031
Pizotifen malate,0.9687509168715029,0.25377965299412003,0.2888746785929038,1.138289359232424,522185.0,523812.0,1.0031157539952316,0.1285258759270673,0.062
Pneumococcal,0.2479619142628832,0.2630203414591827,0.8473604264967033,3.2216535869268594,287691.0,700.0,0.002433166140059995,0.0467956650471825,0.274
Podophyllotoxin,0.9308168071015663,0.616074675049486,0.7080599221755564,1.149308599836021,6692.0,3515.0,0.5252540346682606,0.0641030168626689,0.205
Podophyllum resin,,,6.40312423743285,,0.0,8.0,inf,-0.1268903834870114,0.893
Policosanol,,6.4031242374328485,,,6.0,0.0,0.0,-0.0425478281105699,0.672
Polihexanide,-0.03633213553955063,3.3302164689243066,3.4135402791472846,1.0250205387549154,19.0,18.0,0.9473684210526315,-0.0323303676727227,0.54
Pollen allergy preparations,,6.403124237432848,,,1.0,0.0,0.0,0.029118154001614,0.325
Polymyxins,0.7785220648556764,4.023677672446235,4.566374174027531,1.134875739500117,12.0,3.0,0.25,-0.1583572379171538,0.966
Polyvinyl alcohol,0.07495339011288817,2.7383320030538956,3.1318262984308345,1.1436985343406492,10.0,8.0,0.8,-0.0148209586044771,0.476
Ponatinib,,6.403124237432848,,,1.0,0.0,0.0,0.029118154001614,0.325
Posaconazole,0.08857735352052269,1.1279631231908365,1.6241921478530188,1.439933730509226,346.0,482.0,1.393063583815029,0.0598916707966295,0.189
Potassium bicarbonate,0.7733467659411412,1.8381222797166972,4.034086136628197,2.1946777867520084,73.0,4.0,0.0547945205479452,-0.1234005211440428,0.896
Potassium chloride,0.6004792170379897,0.2411283663433865,0.19586741304262162,0.8122951936882051,118396.0,145802.0,1.2314774147775263,0.0328909739788509,0.286
Potassium citrate,0.921262665979826,0.5643580018987386,0.5121323622974077,0.9074600884090916,24645.0,26517.0,1.075958612294583,0.0812316886400912,0.165
Potassium iodide,,,,,0.0,0.0,inf,0.0177814718926703,0.369
Potassium permanganate,0.5912144095201219,0.49899904486639235,0.5431813441420765,1.0885418513927498,8927.0,4888.0,0.5475523692169821,0.0874065907221342,0.114
Povidone iodine,0.4847780432275531,2.4868500990065856,2.687469564983675,1.0806721185395254,81.0,111.0,1.3703703703703705,-0.0143022089391706,0.464
Powder 1 - 2.2 kcal/ml soup (0913011),,,0.6491562749258598,,0.0,23852.0,inf,0.0610820691042333,0.208
Powder 1 kcal/g peptide based formula (0913091),,,,,0.0,0.0,inf,0.0850413006655642,0.155
Powder 1.3 kcal/ml milkshake pre-thickened (0913051),,,,,0.0,0.0,inf,-0.0464253878100959,0.626
Powder 1.3 kcal/ml milkshake pre-thickened (0913671),,,2.022577030151052,,0.0,984.0,inf,0.0312622066655627,0.306
Powder 1.4 - 1.6 kcal/ml milkshake with fibre (0913011),,,0.6179379109937497,,0.0,11621.0,inf,-0.0782603613926067,0.805
Powder 1.4 kcal/ml milkshake (0913021),,,0.6783241052535078,,0.0,5009.0,inf,0.2450363504290808,0.028
Powder 1.5 kcal/ml smoothie (0913011),,,,,0.0,0.0,inf,0.0530922142068621,0.243
Powder 1.5 kcal/ml smoothie plant based (0913011),,,0.4201715569506333,,0.0,43990.0,inf,-0.011290230371637,0.496
Powder 1.6 kcal/ml milkshake (0913011),,,0.4270584816666339,,0.0,474847.0,inf,0.1280642965444656,0.113
Powder 1.6 kcal/ml milkshake with fibre (0913011),,,,,0.0,0.0,inf,-0.0783579747279478,0.782
Powder 1.7 kcal/ml milkshake pre-thickened (0913051),,,,,0.0,0.0,inf,-0.1595503946773782,0.973
Powder 1.7 kcal/ml milkshake pre-thickened (0913671),,,1.1798295524022964,,0.0,3468.0,inf,-0.0638381960523209,0.725
Powder 10g GMP protein equivalent (0913205),,,5.675541506447673,,0.0,530.0,inf,0.0642659020451375,0.192
Powder 10g GMP protein equivalent (0913206),,,6.14833122638286,,0.0,68.0,inf,0.082342779190597,0.158
Powder 10g protein equivalent (0913205),,,5.335753656912658,,0.0,306.0,inf,0.0710108890922299,0.17
Powder 10g protein equivalent (0913221),,,4.587464037520748,,0.0,485.0,inf,0.0695960342519104,0.18
Powder 10g protein equivalent (0913222),,,5.489955645363534,,0.0,189.0,inf,0.0754215811384756,0.169
Powder 10g protein equivalent (0913225),,,6.097795419606526,,0.0,325.0,inf,0.0790192001309358,0.169
Powder 10g protein equivalent (0913226),,,5.679125986386918,,0.0,3079.0,inf,0.0764122059164095,0.172
Powder 10g protein equivalent (0913227),,,4.994595426407285,,0.0,141.0,inf,0.0870186931854013,0.155
Powder 15g GMP protein equivalent (0913205),,,5.353922238872727,,0.0,521.0,inf,-0.084458165990216,0.748
Powder 15g protein equivalent (0913201),,,5.509903025211799,,0.0,101.0,inf,-0.0746799613085078,0.709
Powder 15g protein equivalent (0913204),,,3.3269713035259483,,0.0,133.0,inf,-0.0724202357943831,0.722
Powder 15g protein equivalent (0913205),,,4.656697408193971,,0.0,949.0,inf,-0.0516349303962676,0.664
Powder 15g protein equivalent (0913206),,,4.83142094973894,,0.0,22.0,inf,-0.1196387694289579,0.902
"Powder 2 kcal/ml m/sk higher volume, higher energy (0913011)",,,0.4873551271453589,,0.0,37936.0,inf,0.1080029357981535,0.131
Powder 2.3 - 2.4 kcal/ml milkshake lower volume (0913011),,,0.6341785617797718,,0.0,137561.0,inf,-0.0107085164021452,0.468
Powder 2.6 kcal/g dessert style (milk based) (0913011),,,0.7748864793113797,,0.0,7682.0,inf,-0.056924120017967,0.709
Powder 2.6 kcal/ml dessert style (milk based) (0913011),,,,,0.0,0.0,inf,0.0043773166421928,0.43
Powder 2.7 kcal/ml milkshake pre-thickened (0913051),,,,,0.0,0.0,inf,-0.0785937000726923,0.755
Powder 2.7 kcal/ml milkshake pre-thickened (0913671),,,,,0.0,0.0,inf,-0.1675989577180827,1.0
Powder 20g GMP protein equivalent (0913205),,,3.2892042161930743,,0.0,4948.0,inf,-0.0888660676135998,0.778
Powder 20g protein equivalent (0913201),,,4.735352725092231,,0.0,383.0,inf,0.0641125775526591,0.202
Powder 20g protein equivalent (0913204),,,3.587239587988318,,0.0,230.0,inf,0.0454928709784008,0.272
Powder 20g protein equivalent (0913205),,,4.188170581047878,,0.0,2994.0,inf,0.0641721721238695,0.2
Powder 20g protein equivalent (0913206),,,5.463872838880083,,0.0,124.0,inf,0.0738302820276935,0.182
Powder 25g protein equivalent per 100g (0913207),,,3.4891445360673083,,0.0,133.0,inf,0.0775909465039856,0.178
Powder 28g protein equivalent per 100g (0913223),,,,,0.0,0.0,inf,0.0852621296659473,0.144
Powder 3.7 kcal/g energy and protein fortifier (0913081),,,1.8394475016415632,,0.0,5580.0,inf,0.0327702009040436,0.283
Powder 39g protein equivalent per 100g (0913201),,,6.4031242374328485,,0.0,4.0,inf,0.0887528700725273,0.149
Powder 39g protein equivalent per 100g (0913204),,,6.231260597967584,,0.0,38.0,inf,0.0787900392050156,0.171
Powder 39g protein equivalent per 100g (0913205),,,3.624514838415761,,0.0,373.0,inf,0.0983192351280685,0.144
Powder 3:1 formula (0913181),,,5.298543384625768,,0.0,1086.0,inf,0.0862737092697945,0.147
Powder 4.4 kcal/g amino acid based ONS with MCT (0913061),,,3.598358170543023,,0.0,70.0,inf,0.0547364778150814,0.24
Powder 4.4 kcal/g juice style (0913061),,,3.7811631444591747,,0.0,2407.0,inf,0.0786578601827883,0.167
Powder 4.6 kcal/g peptide based formula (0913091),,,3.143329663034598,,0.0,1152.0,inf,0.0769451299174343,0.169
Powder 4.7 kcal/g formula (0913093),,,1.3936152976960061,,0.0,343.0,inf,0.1661791496100579,0.059
Powder 4.8 kcal/g milk replacer (0913081),,,,,0.0,0.0,inf,0.0756745416936453,0.198
Powder 4:1 formula (0913181),,,5.48626207414772,,0.0,1970.0,inf,0.0850774036473644,0.147
Powder 5 kcal/g formula (0913092),,,4.005488878193321,,0.0,261.0,inf,0.0604793235420698,0.19
Powder 5 kcal/g formula (0913093),,,,,0.0,0.0,inf,0.0226442081440448,0.314
"Powder 5 kcal/g high energy, low protein formula (0913094)",,,3.8051437380613677,,0.0,985.0,inf,0.0766187703197299,0.17
Powder 5 kcal/g milkshake (0913062),,,0.7389281406346713,,0.0,4596.0,inf,0.0211932279652959,0.363
Powder 5g protein equivalent (0913203),,,3.525937748567484,,0.0,48.0,inf,-0.0687410988354157,0.702
Powder 5g protein equivalent (0913204),,,5.391853207973842,,0.0,205.0,inf,-0.0823730208507825,0.738
Powder 5g protein equivalent (0913207),,,3.301640526218935,,0.0,583.0,inf,-0.090711696231731,0.782
Powder 5g protein equivalent (0913209),,,3.110666545725302,,0.0,149.0,inf,-0.0383654284876176,0.567
Powder 5g protein equivalent (0913221),,,4.574607581468215,,0.0,238.0,inf,-0.0522159336801893,0.646
Powder 5g protein equivalent (0913222),,,6.017471315347696,,0.0,84.0,inf,-0.0733848151190041,0.703
Powder 5g protein equivalent (0913224),,,5.572842241105494,,0.0,55.0,inf,0.0786322983840798,0.161
Powder 5g protein equivalent (0913225),,,5.630361067413252,,0.0,112.0,inf,-0.0735413451427638,0.703
Powder 5g protein equivalent (0913226),,,4.53687706965727,,0.0,1550.0,inf,0.0569437072926807,0.219
Powder 5g protein equivalent (0913227),,,5.1162660919699094,,0.0,39.0,inf,-0.0640602627131498,0.694
Powder 6.7 kcal/g energy and protein fortifier (0913141),,,0.9197136042414342,,0.0,12665.0,inf,0.0268449622379697,0.326
Powder 77g protein equivalent per 100g (0913202),,,6.4031242374328485,,0.0,22.0,inf,0.0838625258523217,0.16
Powder 77g protein equivalent per 100g (0913203),,,6.403124237432847,,0.0,11.0,inf,0.1160483841809588,0.081
Powder 77g protein equivalent per 100g (0913204),,,5.99608061626442,,0.0,52.0,inf,0.0635260792896463,0.193
Powder 77g protein equivalent per 100g (0913206),,,6.403124237432847,,0.0,1.0,inf,0.0807404160760778,0.176
Powder 79g protein equivalent per 100g (0913205),,,6.314509931045982,,0.0,72.0,inf,0.1034886989600131,0.137
Powder OTC ONS (0913311),,,3.08879896422381,,0.0,4521.0,inf,0.1277263701402614,0.095
Powder OTC follow on formula (0913511),,,1.731996568002572,,0.0,66.0,inf,0.0602910067757796,0.214
Powder OTC infant formulae (0913501),,,1.3323283649118602,,0.0,165.0,inf,-0.0064132105555117,0.464
Powder OTC milkshake meal replacer (0913521),,,,,0.0,0.0,inf,-0.0332754414414832,0.537
Powder OTC or discontinued soup (0913311),,,3.672430387541544,,0.0,6069.0,inf,0.1084488283283527,0.104
Powder amino acid formula (0913107),,,0.3208978766343564,,0.0,190766.0,inf,-0.0386261902191042,0.656
Powder amino acid formula (0913131),,,2.397642934610338,,0.0,25435.0,inf,0.0792329801263224,0.17
Powder amino acid semi solid  (0913131),,,1.0514477675442986,,0.0,654.0,inf,0.0319582666128056,0.288
Powder carbohydrate supplement (0913191),,,5.65600406360718,,0.0,8.0,inf,-0.0578807925205038,0.648
Powder carbohydrate supplement (0913193),,,0.8811932946105967,,0.0,764.0,inf,-0.0105292707390145,0.505
Powder delisted probiotic (0913531),,,0.6474045620846526,,0.0,6357.0,inf,0.1073675429233369,0.103
Powder disc or non ACBS carbohydrate supplement (091344),,,3.215240877847848,,0.0,6.0,inf,0.0071535489341233,0.36
Powder disc or non ACBS infant formula (0913444),,,4.928992031023248,,0.0,33.0,inf,0.0602897679177728,0.203
Powder disc or non ACBS lactose free formula (0913352),,,0.797460275741233,,0.0,9571.0,inf,-0.0235749233636089,0.52
Powder disc or non ACBS pre-thickened formula (0913356),,,1.0483272778003878,,0.0,6039.0,inf,0.0778748877957041,0.166
Powder disc or non ACBS thickener - gum based (0913411),,,6.403124237432849,,0.0,1.0,inf,-0.0747314832003075,0.739
Powder disc or non ACBS thickener - starch based (0913411),,,1.4889322723910057,,0.0,259.0,inf,0.1200880034032309,0.118
Powder discontinued amino acid formula (0913355),,,4.514700813897174,,0.0,3.0,inf,6.514205019232933e-05,0.417
Powder discontinued amino acid formula (0913361),,,2.504822524323336,,0.0,9.0,inf,0.0866988343931637,0.149
Powder discontinued extensively hydrolysed formula (0913351),,,3.1950149270742414,,0.0,5.0,inf,-0.0524600750789447,0.642
Powder energy (carbohydrate and fat) fortifier (0913211),,,2.5406946734417883,,0.0,962.0,inf,0.01452004230307,0.355
Powder energy (carbohydrate) fortifier (0913211),,,0.9937800836211187,,0.0,6792.0,inf,0.0627004438681168,0.202
Powder essential fatty acid supplement (0913212),,,2.390270460667455,,0.0,1353.0,inf,0.043844011215676,0.261
Powder extensively hydrolysed formula (0913101),,,0.234114226716608,,0.0,484405.0,inf,0.1047222645776856,0.124
Powder extensively hydrolysed formula (0913132),,,0.7320585189639649,,0.0,4402.0,inf,-0.0284606101230966,0.543
Powder extensively hydrolysed formula rice based (0913101),,,0.8864694345894246,,0.0,1301.0,inf,0.052304221421993,0.232
Powder extensively hydrolysed formula with MCT (0913102),,,1.2708956004121592,,0.0,4197.0,inf,0.1099901396852199,0.115
Powder fibre fortifier (0913151),,,1.9706144200419304,,0.0,12481.0,inf,0.0631286013551451,0.194
Powder flavour additive (0913301),,,4.565758255456569,,0.0,478.0,inf,0.085562430739229,0.149
Powder flavour additive (0913302),,,4.34358314007646,,0.0,1017.0,inf,-0.0445134193723256,0.629
Powder infant formula (0913231),,,5.8828439957491945,,0.0,212.0,inf,0.0825824406871731,0.159
Powder infant formula (0913232),,,6.258044918880933,,0.0,71.0,inf,0.0809972479015157,0.168
Powder infant formula (0913233),,,6.074440803850311,,0.0,10.0,inf,0.0802509484933207,0.165
Powder infant formula (0913234),,,,,0.0,0.0,inf,0.1016806796314855,0.13
Powder infant formula (0913235),,,6.403124237432849,,0.0,13.0,inf,0.0842211470407222,0.169
Powder infant formula (0913236),,,5.628799301069287,,0.0,70.0,inf,0.0842511410592168,0.15
Powder infant formula (0913237),,,4.790214834120044,,0.0,954.0,inf,0.0713047895295818,0.184
Powder infant formula (0913238),,,5.958011575791324,,0.0,20.0,inf,0.0840249717817539,0.152
Powder infant formula (0913242),,,2.6007611424694366,,0.0,239.0,inf,0.0976730004919586,0.124
Powder infant formula (0913251),,,4.046444293685601,,0.0,1071.0,inf,0.080576809889674,0.164
Powder lactose free formula (0913105),,,0.7620577250704964,,0.0,7591.0,inf,0.1447082098268843,0.088
Powder low calcium infant formula (0913109),,,2.4299317089910324,,0.0,532.0,inf,0.0785768756936386,0.159
Powder micronutrient supplement (0913284),,,3.859995224947659,,0.0,2464.0,inf,0.0798464367251192,0.163
Powder micronutrient supplement (0913291),,,2.917469702317781,,0.0,18837.0,inf,0.074638047059484,0.169
Powder pre-thickened drink (0913171),,,,,0.0,0.0,inf,-0.1254239674368521,0.898
Powder pre-thickened formula (0913108),,,0.7572072479068546,,0.0,2188.0,inf,-0.0042207550359385,0.419
Powder preterm human milk fortifier (0913651),,,1.4896225062419124,,0.0,999.0,inf,-0.013840093524215,0.443
Powder preterm infant formula (0913111),,,0.44387048420628117,,0.0,65052.0,inf,0.2006411876567864,0.049
Powder single L-amino acid supplement (0913213),,,4.632081770253694,,0.0,2341.0,inf,-0.0796806486460618,0.734
Powder slow release carbohydrate supplement (0913192),,,2.040377199029529,,0.0,1278.0,inf,0.0110446178440908,0.377
Powder soya based formula,,,1.8703387906327436,,0.0,57.0,inf,-0.0098814102720276,0.467
Powder soya based formula (0913106),,,,,0.0,0.0,inf,0.150546285951526,0.098
Powder thickener - gum based (0913161),,,0.33587785568421286,,0.0,539388.0,inf,-0.0177817362512187,0.531
Powder thickener - starch based (0913161),,,0.7048746218546803,,0.0,18170.0,inf,0.1060120915388405,0.146
Powder: 5g protein equivalent (0913691),,,3.6755493464344493,,0.0,134.0,inf,-0.0205620288700082,0.485
Pramipexole,0.9698055478328598,0.3537867717388816,0.35886241642009026,1.0143466208650527,494646.0,597556.0,1.2080477755809205,0.2029386135792102,0.033
Prasterone,0.41333832593799263,0.8085647860357926,0.6955961864089193,0.860285036427653,2447.0,12636.0,5.163874131589702,-0.0202211054539282,0.503
Prasugrel,0.559272073364866,0.762289388045258,0.6351827569366886,0.83325672231315,95212.0,169111.0,1.7761521656934,0.1631516827433091,0.028
Pravastatin sodium,0.9474316682136965,0.22566946892702794,0.22718658089184504,1.0067227169542712,2389972.0,2058030.0,0.8611105067339702,-0.0194506272316543,0.554
Praziquantel,-0.09345539617149028,0.8230610861677657,1.1209063984643532,1.3618750993117383,77.0,42.0,0.5454545454545454,-0.0033495296884096,0.413
Prazosin hydrochloride,0.5703827095331954,0.3895908960842144,0.5513176298380421,1.415119386462431,27238.0,44243.0,1.624311623467215,0.0099323601116626,0.406
Prednisolone,0.9571982495874808,0.13853044078224552,0.14696060733235414,1.0608542534226097,6731975.0,6718794.0,0.9980420307562046,0.1880902938172272,0.02
Prednisolone acetate,0.8916932961657009,0.5646158421018193,0.5902418454510907,1.0453866176582594,109749.0,124928.0,1.1383064993758485,0.0511133404886604,0.242
Prednisolone sodium metasulphobenzoate,0.824366578183441,0.37065991190211317,0.47413013432369605,1.2791513705666344,17531.0,9345.0,0.5330557298499801,-0.0125703237425469,0.471
Prednisolone sodium phosphate,0.9520048919004516,0.4127033937865495,0.5049931239696583,1.223622416419578,67996.0,64494.0,0.9484969704100241,0.1060541676467668,0.133
Prednisone,,6.40312423743285,,,1.0,0.0,0.0,-0.0717893581402634,0.717
Pregabalin,0.9338425647665268,0.18038180985907498,0.1627070411745932,0.9020146837517022,8268002.0,9931952.0,1.201251765541421,0.073059399776617,0.171
Pressure Offloading Device,0.9391475241267689,0.9801542336116439,0.9732012578392463,0.9929062431870773,32515.0,25895.0,0.7964016607719514,0.0333598587071809,0.297
Pressure Plates/Shields,0.9951775930823156,3.0286369382820992,3.6298823607537396,1.1985201378454686,1440.0,1067.0,0.7409722222222223,0.6620444168853007,0.004
Pridinol mesilate,0.7112179498952748,1.5836614525964372,3.8045605232617956,2.402382477027625,924.0,20.0,0.021645021645021644,-0.0622168474522054,0.681
Prilocaine hydrochloride,0.839165244544867,5.768643836651609,4.092455243783743,0.7094310828798186,223.0,285.0,1.2780269058295963,0.0364686367171855,0.273
Primaquine,-0.05912869000413829,4.4866447575995245,3.7694679776436057,0.840152983197264,2.0,4.0,2.0,0.0721785911610521,0.199
Primidone,0.9401001628122723,0.24478683374451762,0.2442379434579218,0.9977576805165563,155968.0,196868.0,1.2622332786212556,0.0101139777358468,0.366
Pristinamycin,0.10273896481692643,4.08155039023673,6.403124237432849,1.5687970563218914,34.0,6.0,0.17647058823529413,-0.0061265207460796,0.421
Probenecid,0.2707921154055823,0.9668220862517967,1.5585946180432695,1.6120800716144925,720.0,524.0,0.7277777777777777,-0.034920416629715,0.566
Procarbazine hydrochloride,0.0035458332757708393,2.3209238570209236,2.0441302716015266,0.8807399111426766,8.0,12.0,1.5,-0.0308027114626671,0.538
Prochlorperazine maleate,0.9451799603569895,0.10650331616651794,0.11316833551529289,1.062580392692695,1516637.0,1526497.0,1.0065012260679385,0.0929327831156833,0.157
Prochlorperazine mesilate,0.544227030955045,0.32821652465740814,0.8355092436243357,2.54560383422632,9799.0,1246.0,0.12715583222777835,0.0602452340838002,0.22
Procyclidine hydrochloride,0.9803191474791854,0.40001669122579897,0.44983286578068593,1.1245352397727,897366.0,944000.0,1.0519676475373483,0.3132478311950554,0.024
Progesterone,0.8858916301270046,0.4427956071350035,0.33297882351966573,0.7519921565485272,672110.0,3176285.0,4.725841008168306,0.1721087964985209,0.046
Proguanil hydrochloride,,2.1377477405225034,,,9.0,0.0,0.0,0.0261367303783172,0.296
Proguanil hydrochloride with atovaquone,0.7396394202384622,1.3330845317609967,0.9025105874054155,0.6770092712824477,351.0,635.0,1.809116809116809,0.1528105931120746,0.089
Promazine hydrochloride,0.9894997274034348,3.356275071223953,3.0575042647438133,0.9109814302642407,121393.0,93315.0,0.7687016549553928,0.0512966356290657,0.252
Promethazine hydrochloride,0.9642367193078691,0.5475348315342925,0.47692993017159324,0.8710494797840506,1929422.0,2853780.0,1.4790854463150105,0.0537366678603056,0.223
Promethazine teoclate,0.7855003455039259,0.5427387817633228,0.5688356339483939,1.0480836326091976,30074.0,25780.0,0.8572188601449757,-0.0310622071836211,0.573
Propafenone hydrochloride,0.8807110057609674,0.5294881210090555,0.5440159443481248,1.027437486815348,17133.0,14254.0,0.8319617113173408,-0.0113271559943004,0.483
Propamidine isetionate,0.3221400546863609,0.670485431324147,0.7680111039110035,1.1454553194306583,679.0,332.0,0.4889543446244477,-0.0333130843586384,0.625
Propantheline bromide,0.7644624623733276,0.24842804953426453,0.24745124699382393,0.9960680666202072,65161.0,70829.0,1.0869845459707494,0.3566537575220239,0.001
Propiverine hydrochloride,0.9502755964218342,0.7214114692399769,0.663070796880474,0.9191298241751463,26420.0,18481.0,0.6995079485238456,0.0195431478067939,0.35
Propranolol hydrochloride,0.9663775611861215,0.20237587133895166,0.20977584184934467,1.0365654781937867,6487685.0,8236612.0,1.269576435970612,0.0639529168285164,0.238
Propylthiouracil,0.8531542954863569,0.3231844670536472,0.3261088011129309,1.0090484981717833,44710.0,56549.0,1.2647953477969134,0.157199138898154,0.063
Prosthetic Adhesives,0.5933243148964205,1.858446682440903,1.7870649147060425,0.9615906292016368,98.0,147.0,1.5,0.2144486246786351,0.045
Proxymetacaine hydrochloride,0.690468337930013,0.9855511167212897,1.08845815616143,1.1044157301373563,170.0,146.0,0.8588235294117647,-0.0659211651379481,0.706
Prucalopride,0.9305676270537887,0.3534889687548621,0.33617737900178574,0.951026506388431,151341.0,246839.0,1.6310120852908332,0.0012580023078371,0.436
Pseudoephedrine hydrochloride,0.9089387006941271,1.1467575780517705,0.6835187936608209,0.5960447148926217,20425.0,11307.0,0.5535862913096695,0.1246099495477845,0.109
Pseudoephedrine hydrochloride combinations,,6.403124237432849,,,2.0,0.0,0.0,0.0550756850718652,0.2
Pulsed Electromagnetic Stimulator,0.9917244548144497,4.152862382198693,5.700847512961781,1.3727513672012224,624.0,140.0,0.22435897435897437,-0.1428555477437482,0.972
Pyrazinamide,0.012765590759778811,1.7198908853868817,2.13199981883631,1.2396134178923368,85.0,42.0,0.49411764705882355,0.1463263896606806,0.079
Pyridostigmine bromide,0.6319093593655832,0.17008456095846763,0.1804269537109877,1.0608073577886092,72737.0,88770.0,1.220424268254121,0.1007762594068307,0.118
Pyridoxine hydrochloride,0.8235635224544405,0.3815668151352611,0.5079449006066334,1.3312082719420262,90047.0,92570.0,1.0280187013448532,0.0486550051402597,0.247
Pyrimethamine,0.2446976175091112,1.6899791611520452,2.08797082451533,1.2355009295451769,199.0,235.0,1.1809045226130652,-0.1190572705928918,0.876
Quetiapine,0.9525411117890714,0.21108937065979969,0.21032243010508994,0.9963667495321412,4200612.0,4661533.0,1.109727106431158,-0.0384628509829765,0.602
Quinagolide hydrochloride,0.8227779665542824,0.697586251063752,0.7327254402471083,1.0503725369153598,4435.0,3597.0,0.8110484780157835,-0.1527984850937754,0.973
Quinapril hydrochloride,0.3232769250121759,0.7838468466390633,2.8019239606805617,3.5745808925487186,5677.0,18.0,0.0031706887440549588,0.0310397148235655,0.314
Quinapril hydrochloride with diuretic,,1.5843164863985792,,,335.0,0.0,0.0,-0.1092266735598396,0.871
Quinidine sulfate,0.380667782844383,1.9643265564856114,2.9148666272845882,1.4839012473056383,66.0,32.0,0.48484848484848486,-0.0540222647729876,0.632
Quinine bisulfate,0.7627652683325741,0.38177741489901446,0.46199493350182474,1.2101159352866093,259139.0,159736.0,0.616410497840927,0.0995675676896077,0.135
Quinine sulfate,0.9248389768149518,0.1973377152866001,0.21750891280265613,1.102216636524654,2246806.0,1905116.0,0.8479218944581776,-0.0571179061879032,0.652
Rabeprazole sodium,0.966798253953563,0.5427379104558695,0.5096151481170416,0.9389709808349178,372683.0,276546.0,0.7420408228977442,0.1854236086602605,0.047
Rabies,0.11574182304697876,1.6971274268573648,0.72213396340367,0.42550367873134476,94.0,738.0,7.851063829787234,0.0475075275046339,0.24
Rabies immunoglobulin,-0.032722503969703005,6.40312423743285,4.772671493391925,0.7453660613815283,1.0,3.0,3.0,-0.0506325178071953,0.624
Racecadotril,,6.403124237432848,,,1.0,0.0,0.0,-0.1216967874927097,0.928
Raloxifene hydrochloride,0.8878688958969788,0.3315688037131046,0.3547752274519901,1.0699897682743555,41954.0,32583.0,0.7766363159651046,0.0352228598827037,0.328
Raltegravir,-0.048153579909572634,4.635868500847845,3.111436279176646,0.6711657758643502,95.0,15.0,0.15789473684210525,0.0291791837177386,0.302
Ramipril,0.9674965842569361,0.15972553512213192,0.14839076313278457,0.9290359429337308,30258314.0,36041410.0,1.1911241981294793,0.2388018360243824,0.025
Ramipril with calcium channel blocker,-0.0816824240601923,0.5839322986227246,4.671612971235016,8.000264726328007,5556.0,6.0,0.0010799136069114472,-0.0161512953241239,0.507
Ranibizumab,,6.40312423743285,,,1.0,0.0,0.0,-0.0394151562384353,0.559
Ranitidine hydrochloride,0.29373340615667787,0.6070189970804747,2.643883478736919,4.355520159093818,27633.0,119.0,0.004306445192342489,0.1524748703079512,0.088
Ranolazine,0.9705703713662132,0.6249333070811489,0.5131947943832564,0.8211993000984615,644146.0,1200417.0,1.8635790643736048,0.0078399381714152,0.402
Rasagiline mesilate,0.8663653472879195,0.3540261065744019,0.31123406895117683,0.8791274518218843,191444.0,189021.0,0.9873435573849272,0.0427429178229869,0.279
Ready to serve 0.9 kcal/ml juice style liquid (0913061),,,2.187835996676959,,0.0,3361.0,inf,0.1032967561976956,0.127
Ready to serve 1 - 1.3 kcal/ml m/sk lower energy (0913011),,,0.8303923217081324,,0.0,13467.0,inf,0.1506329816716859,0.073
Ready to serve 1 kcal/ml milkshake (0913061),,,2.2823866544467464,,0.0,917.0,inf,0.0428511016963328,0.266
Ready to serve 1 kcal/ml milkshake lower energy (0913021),,,0.9408639293864711,,0.0,18426.0,inf,-0.0374059608794136,0.582
Ready to serve 1 kcal/ml milkshake style (0913091),,,2.6033819539413208,,0.0,4337.0,inf,-0.0282967899778802,0.513
Ready to serve 1.3 - 1.5 kcal/ml milkshake (0913031),,,4.478367935236865,,0.0,2.0,inf,-0.0543386995629725,0.648
Ready to serve 1.3 - 1.5 kcal/ml milkshake (0913631),,,,,0.0,0.0,inf,-0.1368849213829431,0.945
Ready to serve 1.5 kcal/ml juice style (0913011),,,0.3487259145644733,,0.0,403427.0,inf,0.1183050640219685,0.048
Ready to serve 1.5 kcal/ml juice style (0913021),,,0.7428299445124503,,0.0,5500.0,inf,0.0455844094086969,0.241
Ready to serve 1.5 kcal/ml milkshake (0913011),,,0.526175013277067,,0.0,952412.0,inf,0.1389404865711634,0.08
Ready to serve 1.5 kcal/ml milkshake (0913021),,,0.9441187423626156,,0.0,28872.0,inf,0.0633970187953605,0.219
Ready to serve 1.5 kcal/ml milkshake (0913091),,,2.786364649508509,,0.0,1870.0,inf,0.0067050717554353,0.368
Ready to serve 1.5 kcal/ml milkshake (0913311),,,1.9152939095539498,,0.0,129.0,inf,0.1298067747416543,0.127
Ready to serve 1.5 kcal/ml milkshake lower volume (0913041),,,,,0.0,0.0,inf,0.0304377492460726,0.294
Ready to serve 1.5 kcal/ml milkshake lower volume (0913641),,,6.40312423743285,,0.0,1.0,inf,0.0559338838110234,0.197
Ready to serve 1.5 kcal/ml milkshake plant based (0913011),,,1.3728827075406795,,0.0,16214.0,inf,0.0778059488341852,0.161
Ready to serve 1.5 kcal/ml milkshake with fibre (0913021),,,1.397751058913182,,0.0,48828.0,inf,0.0699984349931425,0.189
Ready to serve 1.5 kcal/ml smoothie (0913021),,,1.2583428089064597,,0.0,5276.0,inf,0.1076765102001771,0.116
Ready to serve 1.5 kcal/ml yoghurt style drink (0913011),,,1.3061155915960982,,0.0,303.0,inf,0.0227066853044107,0.313
Ready to serve 1.5 kcal/ml yoghurt style drink (0913311),,,1.68668967089174,,0.0,508.0,inf,0.0360865354451835,0.262
Ready to serve 1.6 kcal/ml milkshake lower volume (0913031),,,,,0.0,0.0,inf,-0.0244150351779424,0.522
Ready to serve 1.6 kcal/ml milkshake lower volume (0913631),,,,,0.0,0.0,inf,0.0240368580176453,0.311
Ready to serve 1.8 kcal/ml milkshake (0913081),,,1.2683557659035891,,0.0,952.0,inf,-0.0671064714477626,0.74
Ready to serve 100% MCT liquid (0913181),,,3.7320206632397803,,0.0,3283.0,inf,0.0842012782202201,0.158
Ready to serve 10g GMP protein equivalent (0913205),,,6.004563666508463,,0.0,52.0,inf,0.0901744108507459,0.146
Ready to serve 10g protein equivalent (0913201),,,5.761321149585079,,0.0,119.0,inf,-0.0812632716549573,0.737
Ready to serve 10g protein equivalent (0913204),,,4.325510820542861,,0.0,156.0,inf,-0.003935562388901,0.43
Ready to serve 10g protein equivalent (0913205),,,4.840889691878356,,0.0,1721.0,inf,0.0588072253595472,0.21
Ready to serve 10g protein equivalent (0913206),,,6.126808792398651,,0.0,87.0,inf,-0.0429842744272934,0.588
Ready to serve 10g protein equivalent (0913222),,,6.227639016114435,,0.0,19.0,inf,0.0849783976835598,0.15
Ready to serve 10g protein equivalent (0913225),,,4.850603444314811,,0.0,79.0,inf,-0.0759981088419172,0.728
Ready to serve 10g protein equivalent (0913226),,,5.269208029265416,,0.0,711.0,inf,0.0716777331956,0.183
Ready to serve 10g protein equivalent (0913227),,,6.171184950702067,,0.0,16.0,inf,0.0818077390819867,0.169
Ready to serve 15g GMP protein equivalent (0913205),,,4.955872562422544,,0.0,620.0,inf,-0.1432447759454133,0.963
Ready to serve 15g protein equivalent (0913201),,,5.8834236503561685,,0.0,232.0,inf,-0.0736547033210936,0.7
Ready to serve 15g protein equivalent (0913204),,,5.337066017090581,,0.0,254.0,inf,-0.0552353562356546,0.66
Ready to serve 15g protein equivalent (0913205),,,5.4173515986506935,,0.0,1333.0,inf,-0.0732306496844495,0.704
Ready to serve 15g protein equivalent (0913206),,,5.809105778872629,,0.0,168.0,inf,-0.066492613447197,0.699
Ready to serve 15g protein equivalent (0913226),,,4.873187014474388,,0.0,23.0,inf,-0.1247396866859324,0.884
"Ready to serve 2 kcal/ml milkshake, lower volume (0913081)",,,3.1777127243545213,,0.0,2244.0,inf,0.0868564077016837,0.157
Ready to serve 2.4 kcal/ml milkshake higher volume (0913011),,,0.7858952269202799,,0.0,116941.0,inf,-0.0215196399562922,0.506
Ready to serve 2.4 kcal/ml milkshake lower volume (0913011),,,0.4969292698164062,,0.0,836049.0,inf,0.0760871330315345,0.184
Ready to serve 2.4 kcal/ml milkshake lower volume (0913021),,,1.428608300423092,,0.0,15060.0,inf,-0.0064058849686417,0.427
Ready to serve 2.4 kcal/ml milkshake lower volume (0913051),,,0.9511376765918625,,0.0,7450.0,inf,0.2155027510277375,0.044
Ready to serve 2.5:1 milkshake with fibre (0913181),,,5.977062505916518,,0.0,665.0,inf,0.085099733710066,0.148
Ready to serve 20% MCT liquid (0913181),,,2.605095342330807,,0.0,328.0,inf,-0.0700424946813368,0.725
Ready to serve 20g GMP protein equivalent,,,5.197003582018391,,0.0,1667.0,inf,-0.0712941795779886,0.704
Ready to serve 20g GMP protein equivalent (0913206),,,5.4757621877185,,0.0,257.0,inf,-0.0742280446788422,0.709
Ready to serve 20g protein equivalent (0913201),,,3.797682528148736,,0.0,552.0,inf,0.0193279920842683,0.343
Ready to serve 20g protein equivalent (0913204),,,4.4537479679093845,,0.0,358.0,inf,0.0548799552712055,0.22
Ready to serve 20g protein equivalent (0913205),,,4.189237568754721,,0.0,8343.0,inf,0.0515561449890166,0.242
Ready to serve 20g protein equivalent (0913206),,,4.282555979450975,,0.0,141.0,inf,-0.0028145151247096,0.419
Ready to serve 3.3 kcal/ml higher protein dessert (0913141),,,0.8347363989801762,,0.0,6191.0,inf,0.2927453789985625,0.031
Ready to serve 33.5% MCT liquid (0913181),,,3.565476372139113,,0.0,1600.0,inf,-0.079391170734564,0.733
Ready to serve 3:1 dessert (0913181),,,2.0002101240659047,,0.0,2873.0,inf,-0.032683759874932,0.551
Ready to serve 4.5 - 5 kcal/ml energy (fat) liquid (0913142),,,2.3255098330725295,,0.0,40553.0,inf,0.0711853598939997,0.178
Ready to serve 4:1 milkshake with fibre (0913181),,,4.995535842451875,,0.0,4695.0,inf,0.0775530456081291,0.171
Ready to serve 50% MCT liquid (0913181),,,4.866797109443168,,0.0,4006.0,inf,0.0829341181334268,0.164
Ready to serve disc or non ACBS m/sk higher protein (091334),,,,,0.0,0.0,inf,-0.0722949126616457,0.71
Ready to serve discontinued  pre-thickened drinks (0913421),,,3.380663325983647,,0.0,47.0,inf,0.0085339992998585,0.38
Ready to serve discontinued dessert (0913311),,,3.662445860070335,,0.0,24.0,inf,-0.000749344360915,0.399
Ready to serve discontinued juice (0913311),,,6.40312423743285,,0.0,1.0,inf,0.0559338838110234,0.197
"Ready to serve infant formula, high energy (0913104)",,,0.8883947842705171,,0.0,44283.0,inf,0.1252753773200778,0.1
Ready to serve non ACBS oil (0913481),,,5.471230085378048,,0.0,20.0,inf,0.0753562718984113,0.169
Ready to serve non ACBS preparation for surgery ONS(0913341),,,2.1861994158670583,,0.0,10.0,inf,0.3135347203988878,0.009
Ready to serve pre-thickened drink (0913171),,,5.205548601425135,,0.0,5.0,inf,0.0138498801475581,0.377
Ready to serve preterm infant formula (0913111),,,0.6773420541962807,,0.0,11784.0,inf,0.054159448037196,0.209
Reboxetine,0.7983776156003353,0.38561572449774756,0.4086943299804035,1.0598487147087041,23081.0,21260.0,0.9211039383042329,0.191062289320877,0.033
Relugolix,,,0.9952923334635848,,0.0,19262.0,inf,0.1301898462032024,0.088
Repaglinide,0.9952163880880563,2.0636950827451654,2.7213069548120585,1.3186574787938756,42587.0,37997.0,0.8922206307089018,0.2245477108134364,0.046
Respiratory Syncytial Virus (RSV),,,1.3586242252731524,,0.0,2073.0,inf,-0.1722208380377542,0.967
Ribavirin,-0.03233211673704186,4.830298095196559,6.4031242374328485,1.325616786218716,9.0,1.0,0.1111111111111111,-0.00501560169922,0.418
Ribociclib,,,4.482783412624857,,0.0,5.0,inf,-0.0845546778358878,0.739
Riboflavin,0.9316284438007761,0.8288462425915476,1.0908073898487172,1.3160551786277,11376.0,15531.0,1.3652426160337552,0.0730144528022513,0.169
Rifabutin,0.1564835603342858,1.0566959489769463,1.022643215825393,0.9677743316944465,205.0,207.0,1.0097560975609756,0.068799577695675,0.222
Rifampicin,0.588507312297195,0.4627259450155661,0.48489045246738255,1.0478998588485693,16287.0,11840.0,0.7269601522686805,0.1218663557087484,0.084
Rifampicin combined preparations,0.8162450329142913,1.541816104326079,3.545363494479641,2.2994723459768918,881.0,406.0,0.4608399545970488,0.1905057023412323,0.062
Rifaximin,0.8705128773295615,0.4682913637626615,0.3970529914735905,0.8478759639796051,93809.0,134080.0,1.4292871686085558,0.1566822129680652,0.083
Rilpivirine,-0.03491174433830101,4.473387533296952,6.4031242374328485,1.4313815178703402,2.0,1.0,0.5,-0.0066948785690406,0.443
Riluzole,0.7363965129599307,0.30439175390024814,0.292527999315869,0.9610247175478117,20441.0,21363.0,1.0451054253705787,0.1292456594699442,0.101
Rimegepant,,,0.4846808577207924,,0.0,62080.0,inf,-0.0417354142379461,0.64
Rimexolone,,6.4031242374328485,,,1.0,0.0,0.0,-0.0577017421019686,0.645
Riociguat,,,3.8912654454001117,,0.0,4.0,inf,-0.0126175387825797,0.43
Risankizumab (Crohn's),,,,,0.0,0.0,inf,-0.0332754414414832,0.537
Risedronate sodium,0.8364063775039857,0.36765521264090356,0.27727170710915455,0.7541623172359903,608846.0,744261.0,1.222412564096668,-0.0029127094665263,0.42
Risperidone,0.9521712704765178,0.2819198172597602,0.332699383902421,1.1801206000210784,1783115.0,1818212.0,1.0196829705319062,0.2344362803575515,0.035
Ritlecitinib,,,6.403124237432849,,0.0,1.0,inf,-0.0413894801522975,0.573
Ritonavir,0.6069285670809277,1.8745358419178435,4.234509229136286,2.2589641309839914,25.0,25.0,1.0,0.1436882829392897,0.088
Rituximab,-0.030572387960630037,6.4031242374328485,5.10832722945035,0.7977866803812618,1.0,3.0,3.0,0.128980784235015,0.127
Rivaroxaban,0.8943965374967756,0.4064338618318783,0.3832740033805788,0.943016907235747,4629890.0,4554217.0,0.9836555512117998,0.1200154785970816,0.104
Rivastigmine,0.8441967789058413,0.31202657960235725,0.27845556854210624,0.8924097712988635,380991.0,429987.0,1.1286014630266856,0.0303062614547953,0.362
Rizatriptan,0.9567092740390392,0.3121492948694453,0.28397221816695517,0.9097320507666851,338785.0,386887.0,1.1419838540667384,-0.0086996645215172,0.476
Roflumilast,0.5377749524442195,0.7902045832417138,0.9913239249202719,1.2545155342601173,7358.0,10970.0,1.490894264745855,-0.0296083967787588,0.53
Romiplostim,,4.562543218704615,,,3.0,0.0,0.0,0.0130776759371419,0.359
Romosozumab,,,3.837982753567829,,0.0,3.0,inf,0.0352502499163809,0.254
Ropinirole hydrochloride,0.9501875979185138,0.23837245832470777,0.24579793704631608,1.0311507410453158,651399.0,648365.0,0.9953423324260553,0.1763525805607057,0.049
Ropivacaine hydrochloride,,,6.403124237432849,,0.0,4.0,inf,0.0212687103989506,0.332
Rosiglitazone,,6.40312423743285,,,2.0,0.0,0.0,-0.1675989577180827,1.0
Rosuvastatin calcium,0.8719016479962944,0.27608521542210934,0.19175634841228018,0.6945549334074338,3159713.0,7057844.0,2.23369780736415,0.2624906434126823,0.011
Rotavirus,0.022461735792549006,2.487290040136949,2.7049253771489448,1.0874989782052167,23.0,18.0,0.782608695652174,-0.1031773090184714,0.83
Rotigotine,0.8733081768783618,0.3321366916685857,0.3043012201166862,0.9161927235077224,125808.0,131502.0,1.045259442960702,-0.0240918417460012,0.56
Roxadustat,,,1.975997909534446,,0.0,312.0,inf,0.0259669503204044,0.311
"RtS  2.4 kcal/ml m/sk high volume, higher protein (0913011)",,,2.3411366942590472,,0.0,12.0,inf,-0.1249739892487384,0.893
"RtS  2.4 kcal/ml m/sk lower volume, higher protein (0913011)",,,0.8331676159165796,,0.0,434638.0,inf,0.159806782055569,0.081
RtS 1 kcal/ml milkshake lower energy with fibre (0913021),,,1.3148434103550959,,0.0,18919.0,inf,-0.0082290341430533,0.431
RtS 1.3 kcal/g dessert style (fruit based) (0913051),,,1.465590727997345,,0.0,3173.0,inf,0.0542813873912594,0.233
RtS 1.3 kcal/ml dessert style (fruit based) (0913051),,,,,0.0,0.0,inf,0.0691059936468632,0.191
RtS 1.4 - 2 kcal/g dessert style (milk based) (0913011),,,0.7190332751210746,,0.0,186476.0,inf,0.0431495529892499,0.274
RtS 1.4 - 2 kcal/ml dessert style (milk based) (0913011),,,,,0.0,0.0,inf,0.014108610319038,0.362
RtS 1.4 - 2 kcal/ml dessert style (milk based) (0913311),,,2.6910553797703978,,0.0,43.0,inf,-0.1249170343814549,0.914
RtS 1.4 kcal/ml energy and higher protein liquid (0913141),,,,,0.0,0.0,inf,0.1046899181106579,0.162
RtS 1.4-1.5kcal/ml energy & higher protein liquid (0913141),,,1.3067799823615518,,0.0,34513.0,inf,0.1203424677496233,0.134
RtS 1.5 - 1.6 kcal/ml milkshake higher protein (0913011),,,0.9122232551106009,,0.0,77036.0,inf,-0.0513037193021475,0.607
RtS 1.5 - 1.6 kcal/ml milkshake with fibre (0913011),,,1.3912547131725215,,0.0,29893.0,inf,-0.0951621932061674,0.817
RtS 1.5 kcal/g dessert style (milk based) (0913021),,,1.407073479043643,,0.0,12468.0,inf,0.1369841030937726,0.089
"RtS 1.5 kcal/ml m/sk higher protein, higher energy (0913061)",,,1.423816942813785,,0.0,21907.0,inf,0.0151802409755381,0.343
"RtS 1.5kcal/ml m/sk, higher protein, pre-thickened (0913051)",,,0.945298113857487,,0.0,13951.0,inf,-0.0405181018648515,0.62
RtS 1.6 kcal/g dessert style (fruit based) (0913011),,,2.3988873291053223,,0.0,126.0,inf,-0.0652100732712257,0.664
RtS 1.6 kcal/ml dessert style (fruit based) (0913011),,,,,0.0,0.0,inf,-0.0622957140372733,0.66
RtS 2 - 2.4 kcal/ml m/sk lower volume with fibre (0913011),,,3.192460234699718,,0.0,39460.0,inf,0.0871058664931244,0.15
"RtS 2 kcal/ml m/sk high protein, high energy+fibre (0913011)",,,1.5487194641227486,,0.0,16197.0,inf,-0.0667551356458919,0.692
RtS 2-2.4 kcal/ml m/sk hi prot hi eng plant based (0913011),,,1.8367914863541,,0.0,318.0,inf,0.0682838018621243,0.181
"RtS 2-2.4 kcal/ml m/sk higher protein,higher energy(0913011)",,,1.2332101214695554,,0.0,258357.0,inf,0.0208843380002417,0.322
RtS 2.4 kcal/ml dessert style (milk based) (0913051),,,1.456443805907819,,0.0,230.0,inf,0.0899986943171121,0.127
RtS 2.4 kcal/ml milkshake lower volume with fibre (0913021),,,2.333416074236691,,0.0,23816.0,inf,0.0939713818661326,0.142
RtS 2.5 kcal/ml energy (carbohydrate) liquid (0913142),,,3.0878261237768947,,0.0,1034.0,inf,0.0789274901274212,0.162
RtS 3.3 - 4 kcal/ml energy with protein liquid (0913141),,,0.8444680018714549,,0.0,134309.0,inf,0.099315961489791,0.132
RtS 3.3 kcal/ml energy and higher protein liquid (0913141),,,1.6955628897202715,,0.0,11223.0,inf,0.0161871312760344,0.349
RtS OTC dietary supp for early alzheimers disease (0913551),,,1.9674033645531859,,0.0,116.0,inf,-0.1385732478278019,0.924
RtS disc condition specific complete infant formula(0913381),,,,,0.0,0.0,inf,-0.0838262042173644,0.765
RtS disc or non ACBS energy and protein fortifier (0913391),,,,,0.0,0.0,inf,-0.0969532893370575,0.811
"RtS extensively hydrolysed formula, high energy (0913103)",,,2.0559428462250118,,0.0,8554.0,inf,0.088620554809694,0.151
Rufinamide,0.7876612511764973,0.5003762225316326,0.48623882538460883,0.9717464649389289,12395.0,12745.0,1.028237192416297,0.0895112811286555,0.177
Rupatadine fumarate,0.7414787315610407,0.6918860098126766,0.7171665367417731,1.0365385722077847,2410.0,2414.0,1.0016597510373444,0.0026783035240464,0.388
Rutosides,0.786645849266712,0.6870145095495721,0.812286765083988,1.1823429546146678,8749.0,5380.0,0.6149274202766031,-0.1173478607159576,0.881
Ruxolitinib,0.4285813114862745,3.0398590090158235,2.958676538732025,0.9732940014510468,10.0,9.0,0.9,-0.0804748049764656,0.734
Ryeqo,,,0.571140262545002,,0.0,32802.0,inf,-0.0618570985302778,0.719
Sacrosidase,0.8275633790433724,4.490100376528914,5.777308865918685,1.2866769963803908,5.0,12.0,2.4,-0.0213231953419613,0.453
Sacubitril/valsartan,0.7393532083277959,0.3598724951215544,0.24982521523750834,0.694204804824344,540657.0,1821964.0,3.3699073534606967,0.1301787112031132,0.103
Safinamide,0.9382168280311701,1.3706357847618926,1.1520952365833839,0.8405553462063784,20105.0,43931.0,2.185078338721711,0.1274982097422095,0.129
Salbutamol,0.8923196591581611,0.11661022393175008,0.13942011301666235,1.1956079691456771,20970417.0,17329128.0,0.8263606775201466,0.3299304513154701,0.001
Salicylic acid,0.9727507830690861,0.6482221618732942,0.7119290934004259,1.0982794715673179,83325.0,87961.0,1.0556375637563757,0.3150220667160681,0.033
Salmeterol,0.9666792015167507,0.370508907958159,0.37258615446847887,1.0056064684699955,237755.0,102808.0,0.4324115160564447,-0.0156317452396981,0.466
Sapropterin,,,6.403124237432849,,0.0,4.0,inf,0.1046499832600969,0.153
Sarilumab,,6.4031242374328485,,,2.0,0.0,0.0,-0.0688245559978345,0.715
Saxagliptin,0.955757966694094,1.2612047692525887,1.1675481371137986,0.9257403441359545,157388.0,76091.0,0.4834612549876738,-0.0154520370671945,0.466
Saxagliptin/dapagliflozin,0.7676611212824401,1.4104238622030196,1.2500071589309854,0.886263478964777,9315.0,7238.0,0.7770263016639828,-0.0982949899790405,0.855
Saxagliptin/metformin,0.9194776268392427,1.144143669215111,1.7826680348599824,1.5580805827321518,8371.0,2572.0,0.3072512244654163,0.070112176541201,0.171
Secnidazole,,,6.4031242374328485,,0.0,1.0,inf,0.0426897358185086,0.252
Secobarbital sodium,0.14367965821827114,1.6902102181392882,6.403124237432849,3.7883596778168194,895.0,11.0,0.012290502793296089,-0.1034425383216644,0.853
Secukinumab,-0.04004778519714747,5.538521793125356,4.508453847508864,0.8140175331809555,39.0,3.0,0.07692307692307693,-0.0516623382588532,0.658
Selegiline hydrochloride,0.8376895793019079,0.6071218102458561,0.6647232450668776,1.0948762404000865,22835.0,8784.0,0.3846726516312678,0.0179752438450675,0.322
Selenium,0.8781968589662935,1.251018480373549,1.0164986311610948,0.8125368626509599,1074.0,1330.0,1.2383612662942272,-0.0205141815587217,0.468
Selenium sulfide,0.012919075535408253,0.5130655932539026,1.7934127267652444,3.4954843013176524,39386.0,72.0,0.0018280607322398823,0.330700951571458,0.018
Semaglutide,0.5014967227643995,0.4398107904882383,0.2878321663080601,0.6544454400232763,635372.0,1550517.0,2.4403294447976935,-0.0458389536068866,0.675
Senna,0.9384549158003713,0.2689903723555118,0.31286823614920223,1.1631205734594066,4161607.0,4660925.0,1.119982016562352,0.2619490720532823,0.005
Sennosides,,,0.3676222207820841,,0.0,245529.0,inf,0.0087461808881374,0.38
Sertraline hydrochloride,0.8651191815891439,0.11768602624449094,0.10576435083574548,0.8986993121513138,20297395.0,25459406.0,1.254318891660728,0.1087255668149562,0.157
Sevelamer,0.9447182680934634,0.8136977267114399,0.9820828037839127,1.2069381190887691,75541.0,92635.0,1.2262877113090904,0.2684708922150963,0.04
Shingles (H/Z),0.28643886579044925,0.6753870816307677,0.8290041680857789,1.2274504363987722,5518.0,3747.0,0.6790503805726713,-0.1655121386424354,0.982
Sildenafil (Erectile Dysfunction),0.8342787450223124,0.0743312699997986,0.0922945880388465,1.2416656951925695,3300783.0,3397986.0,1.0294484672273214,0.0468153914055903,0.275
Sildenafil(Vasodilator Antihypertensive),0.6455239433496796,0.5826489022338656,0.6350455662621264,1.0899283665126167,3282.0,3511.0,1.0697745277269957,0.0823924556042451,0.13
Silk Garments,0.9058489600875951,0.9977552811464013,1.0380991157685493,1.040434598928701,9157.0,5335.0,0.5826143933602709,0.1036706297265449,0.178
Silver nitrate,0.8407489624456471,0.39967215226177955,0.4018804879770169,1.0055253679865865,7168.0,5381.0,0.7506975446428571,0.222109499845125,0.009
Silver sulfadiazine,0.9227359197674042,0.7419731048626202,0.7563798091776288,1.0194167473464903,27727.0,18382.0,0.6629638980055541,0.2619837226693964,0.045
Simeticone,0.9244218304481081,0.5167386993623324,0.7456893833006921,1.4430685842204003,24471.0,14496.0,0.5923746475419884,0.291169002981389,0.031
Simple,0.9808320677934939,1.3120149549669613,1.391176416113141,1.06033579178842,51692.0,46922.0,0.9077226650158632,0.2073385961975373,0.052
Simvastatin,0.8733674128613752,0.1304410441041705,0.18510386695527495,1.4190615248943468,17831260.0,10622230.0,0.5957083234723738,0.0059035884271461,0.441
Simvastatin and ezetimibe,0.8248517075602166,0.7336099332504465,0.8002929065595099,1.090897042538134,12285.0,6653.0,0.5415547415547416,0.1088481013976468,0.122
Siponimod,,,6.403124237432851,,0.0,9.0,inf,-0.1757325666851042,0.988
Sirolimus,0.8593573710944661,0.9780182095230768,1.1474758932255393,1.1732663891657982,5705.0,3378.0,0.5921121822962314,0.2198726173256656,0.055
Sitagliptin,0.8951798346455858,0.7420587974573044,0.6308865507902326,0.850184045997422,2295240.0,2918841.0,1.2716931562712397,0.189624209487401,0.073
"Skin Adhesive, Sterile",0.575930653060889,1.2762017885337928,1.4125448090665573,1.1068350019234863,803.0,984.0,1.2254047322540473,0.1676048170320441,0.102
"Skin Closure Strips, Sterile",0.810044251877151,0.7795488160269106,0.789423152450816,1.01266673262905,38874.0,80883.0,2.0806451612903225,0.0827178108689142,0.179
Skin Fillers And Protectives,0.9459907516381862,0.6173168200494143,0.573706983573867,0.929355826604471,3330186.0,3989068.0,1.1978514113025518,0.6761972561389094,0.001
Skin Protectors,0.981132461082053,2.5195980157570097,2.8049931955048666,1.1132701240289358,237921.0,354108.0,1.4883427692385287,0.6567667950826616,0.003
"Skin protectives,fillers and cleansers",,4.189242341290046,,,29.0,0.0,0.0,-0.0421054578902609,0.578
Sodium aurothiomalate,,5.150956666109483,,,6.0,0.0,0.0,0.13837299695028,0.117
Sodium benzoate,0.6673880904520247,1.4011282892989603,2.322480228239403,1.6575785714821527,666.0,268.0,0.4024024024024024,-0.0473982047606276,0.621
Sodium bicarbonate,0.9254841477384834,0.5204060234105867,0.5757389181851381,1.1063263918659434,477694.0,636897.0,1.3332740206073344,0.1439558458072667,0.11
Sodium chloride,0.862749148101138,0.2540697979746419,0.302272951268791,1.189724058815366,323568.0,372798.0,1.1521473075211393,-0.015297571228797,0.536
Sodium citrate,0.7073017306519621,0.6585272656372078,0.8169075393344816,1.2405067822727447,1258.0,1450.0,1.152623211446741,0.0362467618189436,0.282
Sodium citrate (Rectal),0.9237730106420147,0.2448662390349664,0.2856682280774909,1.1666297044595768,83728.0,85912.0,1.0260844639785973,0.0255156841405067,0.356
Sodium clodronate,0.5799635775223372,1.123813949242101,1.4321529385182357,1.2743683591790955,8269.0,6949.0,0.8403676381666465,-0.034766769026765,0.525
Sodium cromoglicate,0.9764524063508422,0.3810887925657988,0.3995419220223647,1.0484221258051818,763365.0,645025.0,0.8449758634467129,0.281184824337218,0.035
Sodium dihydrogen phosphate dihydrate,0.2911495205238303,1.924201001263358,2.587555860880164,1.3447430175856225,99.0,48.0,0.48484848484848486,-0.0319871523979079,0.532
Sodium feredetate,0.8807005311629809,0.5449756654476778,0.5660261687238152,1.038626501348175,181038.0,184094.0,1.0168804339420454,0.2111546291334344,0.056
Sodium fluoride,0.94295604706616,0.25364039363023116,0.30580370320644107,1.205658526347566,1266570.0,1467397.0,1.1585597321900882,0.237565541755803,0.018
Sodium fusidate,0.8618348995128164,0.522882862165824,0.6727898951607811,1.286693337727746,31430.0,26581.0,0.8457206490614063,0.0538842712635402,0.211
Sodium hypochlorite,0.6974317734933558,2.1205384432689547,2.8832555130840585,1.3596808500388813,113.0,58.0,0.5132743362831859,-0.0654125473979148,0.672
Sodium lactate,-0.049723541922926356,4.4781550040466795,4.490956218511588,1.0028585911951107,7.0,2.0,0.2857142857142857,0.00237933949468,0.409
Sodium oxybate,0.8889102588326719,1.1742012385839837,1.3826454156332206,1.1775199771553708,1975.0,1806.0,0.9144303797468355,0.1022988935049522,0.164
Sodium phenylbutyrate,0.9631404195337621,3.5216712208799206,4.275938038854668,1.2141786585592413,39.0,39.0,1.0,-0.1242322612142437,0.883
Sodium picosulfate,0.9360105530736407,0.6007223123538484,0.5805771982019826,0.9664651807705794,201521.0,249076.0,1.2359803692915379,0.0782299554636718,0.182
Sodium polystyrene sulfonate,0.22590256095769098,1.8577800019790303,1.4397606694463265,0.7749898631229737,155.0,156.0,1.0064516129032257,0.1748473223581702,0.084
Sodium tetradecyl sulphate,,,6.403124237432849,,0.0,6.0,inf,-0.0024951082313793,0.412
Sodium valproate,0.9634650363470019,0.1994684057912457,0.24409112798053392,1.2237082209199,2372096.0,2098449.0,0.8846391545704727,0.2290012899272968,0.038
Sodium zirconium cyclosilicate,0.23521873641215166,0.8982669262950126,0.9811221336356439,1.0922389602858646,1064.0,27434.0,25.783834586466167,0.0429522222881472,0.283
Sofosbuvir/ledipasvir,,4.38261604542619,,,7.0,0.0,0.0,-0.106891031926516,0.832
Sofosbuvir/velpatasvir,-0.024390243902438977,6.403124237432849,6.403124237432848,0.9999999999999998,2.0,3.0,1.5,-0.1120316500564542,0.882
Sofosbuvir/velpatasvir/voxilaprevir,,,,,0.0,0.0,inf,-0.1397462835310202,0.96
Soft soap,,5.623975017366119,,,5.0,0.0,0.0,-0.0333564214271036,0.515
Solifenacin,0.8851541183671369,0.207058253447142,0.15649936896730046,0.7558228969957566,2581902.0,3471253.0,1.344455753936439,0.1287316013319157,0.081
Solifenacin/tamsulosin,0.9562318613856187,0.8303998424873981,0.9004602153307983,1.0843694438013618,46624.0,39634.0,0.8500772134522993,0.0167877461186144,0.333
Soluble insulin (Neutral insulin),0.8724000902642381,0.6076897257845723,0.8161888749833984,1.343101323507878,34047.0,22745.0,0.6680471113460804,0.0936748849244921,0.155
Somapacitan,,,6.4031242374328485,,0.0,1.0,inf,-0.0982701008776507,0.808
Somatrogon,,,2.4050511668844563,,0.0,332.0,inf,-0.0060235987254914,0.431
Somatropin,0.9036535450568184,0.9408173154196505,0.8023764248763535,0.8528504011625831,48332.0,37828.0,0.782669866754945,0.0725545616383126,0.193
Sorafenib,,6.403124237432849,,,1.0,0.0,0.0,-0.0134878345052884,0.431
Sotalol hydrochloride,0.9720260103313079,0.5096501197446749,0.6580056717942071,1.2910929406312228,433682.0,399492.0,0.9211634331145863,0.0103770317536381,0.378
Specialist food replacer 3:1 bread (0913181),,,1.2751692449583854,,0.0,182.0,inf,0.0397499233294627,0.298
Specialist food replacer 3:1 breakfast cereal (0913181),,,1.049183405049231,,0.0,583.0,inf,-0.033931464076764,0.548
Specialist food replacer 3:1 confectionery (0913181),,,2.1785511585469317,,0.0,93.0,inf,-0.017107232165528,0.524
Specialist food replacer 3:1 ready meal (0913181),,,1.062327573459782,,0.0,460.0,inf,-0.0360249769709117,0.574
Specialist food replacer 3:1 savoury biscuit (0913181),,,0.9031095021401341,,0.0,505.0,inf,-0.0756456899523626,0.823
Specialist food replacer 4.3:1 flour type mixes (0913181),,,2.770551424241976,,0.0,91.0,inf,-0.1460877718056514,0.962
Specialist food replacer 4.5:1 flour type mixes (0913181),,,,,0.0,0.0,inf,-0.148988000706944,0.97
Specialist food replacer 4.8:1 confectionary (0913181),,,1.0859072462423447,,0.0,512.0,inf,0.0535685739246034,0.244
Specialist food replacer OTC or disc bread (0913461),,,3.071529767097221,,0.0,60.0,inf,0.0139662449254303,0.341
Specialist food replacer OTC or disc pasta (0913461),,,4.0848096822720255,,0.0,15.0,inf,-0.0160418131308151,0.458
Specialist food replacer OTC pasta (0913461),,,,,0.0,0.0,inf,-0.1409789707800231,0.923
Specialist food replacer OTC pizza bases (0913461),,,4.034622718795737,,0.0,8.0,inf,0.1256484199780516,0.125
Specialist food replacer OTC/disc breakfast cereal (0913461),,,2.1831929142820408,,0.0,13.0,inf,-0.0704656061539067,0.716
Specialist food replacer OTC/disc flour additives (0913461),,,1.5623148521654957,,0.0,213.0,inf,0.0137616075195213,0.366
Specialist food replacer OTC/disc flour type mixes (0913461),,,6.40312423743285,,0.0,8.0,inf,-0.0668391149582487,0.661
Specialist food replacer OTC/disc rolls/baguettes (0913461),,,3.0594936999097015,,0.0,85.0,inf,0.0660739528622908,0.187
Specialist food replacer OTC/disc savoury biscuits (0913461),,,6.4031242374328485,,0.0,1.0,inf,-0.1468101650535815,0.97
Specialist food replacer OTC/disc sweet biscuits (0913461),,,,,0.0,0.0,inf,0.064953060161891,0.196
Specialist food replacer bread (0913261),,,4.054366458721672,,0.0,10336.0,inf,-0.1354048609469616,0.943
Specialist food replacer bread (0913271),,,0.9810214233894409,,0.0,151444.0,inf,0.0511870378197138,0.183
Specialist food replacer breakfast cereal (0913261),,,3.883264373940365,,0.0,6484.0,inf,0.0214305269116371,0.332
Specialist food replacer cake mix (0913261),,,2.841313313384367,,0.0,5270.0,inf,-0.0633986116326648,0.668
Specialist food replacer cakes (0913261),,,4.694983229335755,,0.0,3610.0,inf,-0.1397264788401977,0.95
Specialist food replacer confectionery (0913261),,,3.29325880937007,,0.0,4021.0,inf,-0.1501651531908474,0.972
Specialist food replacer desserts (0913261),,,4.706478543381963,,0.0,4176.0,inf,-0.1392072378432826,0.961
Specialist food replacer egg (0913261),,,3.9178786757281108,,0.0,1597.0,inf,0.0289058589751152,0.305
Specialist food replacer flour type mixes (0913261),,,2.6920422137978806,,0.0,10222.0,inf,-0.0326424334298471,0.535
Specialist food replacer flour type mixes (0913271),,,1.0688023872803307,,0.0,70917.0,inf,0.0611436782939341,0.185
Specialist food replacer meat/fish (0913261),,,4.270445545311773,,0.0,7794.0,inf,-0.1420726690294515,0.971
Specialist food replacer milk (0913261),,,3.2410682395065753,,0.0,14734.0,inf,0.0121835884281276,0.364
Specialist food replacer pasta (0913261),,,3.5838840959028007,,0.0,22267.0,inf,0.0174620610890806,0.337
Specialist food replacer pizza bases (0913261),,,3.8828781544360993,,0.0,2915.0,inf,-0.1418050641880892,0.969
Specialist food replacer ready meals (0913261),,,4.307900727518122,,0.0,4568.0,inf,-0.1279205328001019,0.945
Specialist food replacer rice/cous cous (0913261),,,3.635271094802642,,0.0,4889.0,inf,-0.0087390794662723,0.429
Specialist food replacer rolls/baguettes (0913261),,,3.987585467969115,,0.0,4075.0,inf,-0.137735503441017,0.953
Specialist food replacer rolls/baguettes (0913271),,,1.0776933255288024,,0.0,70273.0,inf,0.0459308076499665,0.246
Specialist food replacer sauces (0913261),,,4.190850892420698,,0.0,353.0,inf,-0.1400011623738415,0.956
Specialist food replacer savoury biscuits (0913261),,,4.996025157404478,,0.0,3623.0,inf,0.0780222041963041,0.168
Specialist food replacer savoury snacks (0913261),,,3.316621037309243,,0.0,2885.0,inf,-0.145134887072203,0.954
Specialist food replacer soup (0913261),,,4.582388303001412,,0.0,922.0,inf,-0.1395914501593074,0.953
Specialist food replacer spreads (0913261),,,5.255146133405233,,0.0,765.0,inf,-0.138920041107344,0.953
Specialist food replacer sweet biscuits (0913261),,,4.4991287809873395,,0.0,14326.0,inf,-0.1379982144752694,0.949
Spironolactone,0.8822193051290991,0.16691579781278593,0.1754138538673013,1.0509122333887584,2937450.0,4082537.0,1.3898234863572145,0.0046314604120977,0.407
Spironolactone with loop diuretics,,0.9378555417236287,,,2900.0,0.0,0.0,-0.0233619721430544,0.532
Squill,0.46871977792612685,2.0476038985059373,1.6343718366241577,0.7981874999440566,94.0,113.0,1.202127659574468,0.1622987735992394,0.089
Ster larvae,0.5357844016054731,1.2118384183756727,1.5573094844103146,1.2850801400550622,433.0,297.0,0.6859122401847575,0.0744355218464943,0.197
Sterculia,0.28033715444275664,0.7495761194032408,1.7517756882623172,2.337021741910557,41316.0,127.0,0.0030738696872882176,0.2258983387203141,0.04
Sterile water,0.32275877520226987,1.9034067445010432,1.4719958082402282,0.7733480048302002,929.0,749.0,0.806243272335845,0.1257990385963297,0.117
Stiripentol,0.7842433953487963,0.7289962776457315,0.7009618988360982,0.9615438656282727,2802.0,3116.0,1.1120628122769451,0.103727548283056,0.111
Stockinette,0.97440458763312,0.9944424494313655,0.9901572122455433,0.9956908142967222,529871.0,402460.0,0.7595433605537951,0.0757625032456135,0.21
Stoma Caps/Dressings,0.9858578733874906,2.28736293426642,2.615679749341983,1.143535077078119,16575.0,16637.0,1.003740573152338,0.6450052184774695,0.003
Strontium ranelate,0.14304561301259708,0.8194899341112922,1.7180109240530155,2.0964393246832707,1633.0,73.0,0.04470300061236987,-0.0565317965598681,0.676
Sucralfate,0.8890719494807602,0.5526100878325207,0.6403476485250837,1.1587693793949587,17299.0,25047.0,1.4478871611075785,0.0778573349003804,0.145
Sucrase,-0.02292848207091812,4.2521612066858365,4.704329347761988,1.1063384286478108,14.0,10.0,0.7142857142857143,0.5814489679465901,0.001
Sucroferric oxyhydroxide,0.7170049295482289,1.963825019462386,1.666124839365071,0.8484079909630579,812.0,490.0,0.603448275862069,0.1015499816552338,0.148
Sulfadiazine,0.10560701237293743,1.8082107471507565,1.684237514477243,0.9314387258958275,244.0,68.0,0.2786885245901639,-0.1283364913952122,0.916
Sulfapyridine,-0.0766103729019245,3.46652836184789,3.5240750706182635,1.0166006744395124,8.0,21.0,2.625,-0.0152193970858131,0.451
Sulfasalazine,0.9763754897160714,0.22019645282084357,0.2277813977041749,1.0344462628083415,859980.0,836883.0,0.973142398660434,0.1812697153674767,0.026
Sulfinpyrazone,,4.017700013128145,,,16.0,0.0,0.0,-0.0326061095977752,0.537
Sulfur,0.2524205727472313,1.850484794936447,2.2352179411589197,1.2079093798961402,82.0,80.0,0.975609756097561,-0.1199211667570501,0.904
Sulindac,0.3533779633680596,0.6577796972302586,2.6946992136243426,4.0966591473878395,1329.0,39.0,0.029345372460496615,0.0283490085425589,0.334
Sulpiride,0.9643922231312266,0.5402034110248448,0.5457304151073258,1.0102313387321924,97254.0,78574.0,0.80792563802003,0.0747183961045722,0.169
Sultiame,0.1143253796849279,2.6120089878420036,3.0867704584430222,1.1817610401843441,310.0,183.0,0.5903225806451613,0.0469088684843973,0.247
Sumatriptan succinate,0.8032003101277121,0.1016551954214325,0.10104566922267322,0.9940039837980502,2046928.0,2607844.0,1.2740282022621217,0.1396493336111382,0.072
Sumatriptan succinate/Naproxen sodium,,,1.449293637712408,,0.0,61.0,inf,-0.1536299281763277,0.976
Surgical Adhesive Tape,0.9535958346221438,0.8224527627472011,0.8001174219746323,0.9728430108278036,262177.0,187406.0,0.714807172253859,0.094517203341092,0.167
Surgical Sutures,0.7433399950027447,0.6177560842270413,0.421867197424186,0.6829025374182133,48557.0,84095.0,1.7318821179232655,0.1004795684410747,0.15
Suspensory Systems,0.8624386055822933,1.7264496396110476,2.358071818223331,1.365850334768283,14095.0,26435.0,1.875487761617595,0.4348121539767999,0.021
Swabs,0.95808010176398,1.0237692592513643,0.9259395449667539,0.904441637214084,287865.0,236561.0,0.8217775693467424,0.09737169239867,0.11
T/F fortifier non ACBS 0.9kcal/ml h/prot plant based liquid,,,,,0.0,0.0,inf,0.0839192129708766,0.156
Tablet 73g protein equivalent per 100g (0913206),,,4.116865081650232,,0.0,79.0,inf,-0.1233488876268357,0.891
Tablet OTC probiotic (0913531),,,3.12054542677834,,0.0,25.0,inf,-0.1182628484448383,0.86
Tablets 56g protein equivalent per 100g (0913205),,,5.623427077694127,,0.0,619.0,inf,0.0811953313120701,0.164
Tablets 62g protein equivalent per 100g (0913205),,,4.175604491337099,,0.0,315.0,inf,-0.1300901064153219,0.936
Tablets 71g protein equivalent per 100g (0913205),,,3.076639860887875,,0.0,979.0,inf,-0.141838491483488,0.959
Tablets OTC glucose for diabetic hypo treatment (0913541),,,0.6398722588980092,,0.0,65629.0,inf,-0.0287080261710392,0.543
Tablets/capsules micronutrient supplement (0913282),,,0.25460708111944874,,0.0,33002.0,inf,0.1060682669192458,0.086
Tablets/capsules micronutrient supplement (0913284),,,3.800036308666523,,0.0,2002.0,inf,0.0788863046677006,0.165
Tabs/Caps OTC cond specific vitamin & mineral supp (0913471),,,4.894808164636468,,0.0,3.0,inf,-0.1984528918670234,0.997
Tabs/Caps OTC cond specific vitamin & mineral supp (0913472),,,,,0.0,0.0,inf,0.0021780856029753,0.379
Tabs/Caps OTC cond specific vitamin & mineral supp (0913473),,,,,0.0,0.0,inf,0.0156019524388117,0.396
Tacalcitol,0.9691900855015486,1.386543403367792,1.6939998513555086,1.221743111135888,6240.0,3363.0,0.5389423076923077,-0.1135642978030773,0.866
Tacrolimus,0.9030452953612298,0.4278598523526753,0.39206733010026956,0.9163452189879625,335202.0,505612.0,1.5083800215989165,0.2111339140790823,0.018
Tadalafil,0.8608518832898236,0.17989841266436227,0.17230478110195863,0.9577893353813458,812925.0,1223366.0,1.5048940554171664,0.2348555683002226,0.002
Tadalafil (Vasodilator Antihypertensive),-0.032911710140223274,4.745233876429217,6.403124237432849,1.349380115749151,11.0,1.0,0.09090909090909091,0.0125715654847369,0.362
Tafamidis,,,6.403124237432849,,0.0,1.0,inf,0.0448398352830346,0.263
Tafluprost,0.8725344507623728,0.4681141069320704,0.6232852584096725,1.3314814682568827,74318.0,65941.0,0.8872816814230738,0.024098127904792,0.353
Tafluprost and timolol,0.860977736384042,0.9993726767121144,1.022124210629953,1.0227658154440344,32565.0,42096.0,1.2926761860893596,-0.077940726165445,0.753
Tamoxifen citrate,0.9486772278821453,0.2791987980815149,0.2753169171748798,0.9860963552375261,617541.0,497912.0,0.8062816881794084,0.0421112379710387,0.289
Tamsulosin and dutasteride hydrochloride,0.969465515949602,0.889474288076444,0.8608614989690124,0.9678317973987658,147369.0,139693.0,0.9479130617701145,0.0438357362849287,0.235
Tamsulosin hydrochloride,0.9763487458107892,0.14475868264249328,0.13367439909057616,0.9234292316731585,8082822.0,9993307.0,1.2363636116198031,0.1563899064224853,0.052
Tapentadol,,,0.8682143428635963,,0.0,157641.0,inf,-0.0514274329672791,0.682
Tapentadol hydrochloride,,0.9127239606569465,,,164563.0,0.0,0.0,-0.0488648118059286,0.653
Tapentadol phosphate,,,,,0.0,0.0,inf,-0.0298841824989068,0.548
Tapentadol phosphate (old),,,,,0.0,0.0,inf,0.1104338685638127,0.137
Tars,0.9508139357100365,0.3574523649677744,0.37409381088963717,1.0465557023895005,50845.0,43155.0,0.8487560232077884,0.170382724389807,0.067
Taurine,0.9947068715193276,2.9653866818129204,3.0776120363309643,1.0378450996648552,1338.0,1100.0,0.8221225710014948,-0.1335595471131299,0.9
Tazarotene,,1.3462159084089886,,,118.0,0.0,0.0,0.0216499791496179,0.325
Teicoplanin,0.9901200136429582,4.1501839408764045,5.042072374819878,1.2149033504657463,676.0,371.0,0.5488165680473372,0.0131120896959922,0.379
Telmisartan,0.9042773766620816,0.5862954602206373,0.4947342546194286,0.8438309490461482,312497.0,337705.0,1.0806663743971943,-0.035226929888213,0.553
Telmisartan with diuretic,0.8667325459032751,0.587540228816988,0.4756241509742733,0.809517591556143,31032.0,21635.0,0.6971835524619747,0.1146960082654001,0.094
Telotristat ethyl,,,,,0.0,0.0,inf,0.0860256645089496,0.166
Temazepam,0.9470373150822768,0.25817419386056933,0.2829626439231789,1.096014437740423,724385.0,308472.0,0.42583985035581906,0.0233427236176488,0.324
Temocillin sodium,,,,,0.0,0.0,inf,-0.1217637199733067,0.887
Temoporfin,,,,,0.0,0.0,inf,0.0209318437324042,0.342
Temozolomide,-0.04042757233423378,4.6073471640707,5.368727975483514,1.16525362302851,3.0,4.0,1.3333333333333333,-0.0472939068697233,0.599
Tenofovir alafenamide,0.2518701320276531,2.722119383238529,3.2495493462500744,1.1937571020063262,11.0,7.0,0.6363636363636364,-0.0240810717926209,0.496
Tenofovir disoproxil,0.6385925437128248,1.1204789696146829,1.4550081579768344,1.2985590960954774,2151.0,1350.0,0.6276150627615062,0.101964740273554,0.174
Tenoxicam,,1.2820672772859667,,,309.0,0.0,0.0,-0.077105979283373,0.738
Terazosin hydrochloride,0.9137158823341631,0.5663066306281292,0.5508512249361459,0.9727084147419558,36064.0,33287.0,0.9229980035492458,0.0835001191622332,0.169
Terbinafine hydrochloride,0.9078037406218339,0.19972022253038554,0.17851795178749286,0.8938401406013506,513720.0,753409.0,1.4665751771392976,0.1570036217389389,0.04
Terbutaline sulphate,0.9309709591206997,0.36221778711264213,0.35708248003740417,0.9858225982876954,430822.0,300800.0,0.6982001847630808,-0.0520372602369131,0.686
Teriflunomide,-0.042069393522066935,4.735071727050794,5.020040104501126,1.0601824837884393,2.0,3.0,1.5,-0.1143038252435848,0.858
Teriparatide,0.02917199553266142,3.0683126606763946,2.964344333748961,0.9661154717835977,308.0,55.0,0.17857142857142858,-0.1111235139921639,0.857
Testosterone,0.8403550234242257,0.2313465259699821,0.21757455197169118,0.9404703660859041,292151.0,519089.0,1.7767832388045908,0.0345786244497929,0.289
Testosterone enantate,0.6141133298262618,0.35800357648462205,0.33960971843996096,0.9486210215404057,6934.0,10529.0,1.5184597634842805,0.2087152182261871,0.032
Testosterone esters,0.8733978194672848,0.28095574832190906,0.29700916447265113,1.0571385929870658,50997.0,53841.0,1.0557679863521383,0.1689335447039034,0.023
Testosterone propionate,0.26655458656089376,2.055195382039946,1.3343847770540977,0.6492739272942576,34.0,202.0,5.9411764705882355,-0.0208316090301645,0.488
Testosterone undecanoate,0.9303629461570049,0.3346833846362536,0.2803411456018995,0.8376309027309041,128484.0,152108.0,1.1838672519535507,-0.0899403024302117,0.802
Tetanus immunoglobulin,-0.06618459113667001,2.313431543632818,2.1035265235459066,0.9092668116051992,30.0,46.0,1.5333333333333334,-0.0585650169736607,0.657
Tetrabenazine,0.8468745949636133,0.36610822492650724,0.3538934833437015,0.966636254661425,28370.0,30439.0,1.0729291505111034,0.0389232372045721,0.287
Tetracaine,0.8749697893508018,0.8153493650910982,0.9557407329219791,1.172185536460429,17309.0,19765.0,1.1418915015309954,-0.1391747487817246,0.945
Tetracaine hydrochloride,0.5535414060468336,1.1100610369003927,2.262401963483255,2.0380878963201225,131.0,113.0,0.8625954198473282,-0.0900277524571175,0.785
Tetracosactide,0.22930441004415533,1.5442752877259445,1.5550505355425843,1.0069775433838013,115.0,71.0,0.6173913043478261,0.1434877151997857,0.086
Tetracycline,0.6325407437103191,0.34709645284928364,0.44302257296461023,1.2763673305442267,21662.0,15443.0,0.7129073954390176,0.2223385188144983,0.039
Tezacaftor/ivacaftor,,4.685854111128457,,,2.0,0.0,0.0,-0.0199023519119568,0.473
Thalidomide (Antileprotic),,6.4031242374328485,,,1.0,0.0,0.0,-0.0287866620060516,0.47
Thalidomide (Immunomodulating),-0.06442883138985193,2.8511984659048255,5.443676356396061,1.9092590086213148,19.0,3.0,0.15789473684210525,-0.0596862156201518,0.662
Theophylline,0.9160741315879123,0.29413777421519877,0.3301750162490872,1.1225182387064732,528669.0,472834.0,0.8943857120428851,0.0439941528668945,0.314
Thiamine hydrochloride,0.9690623709623404,0.2763629561655125,0.2862412488784471,1.0357439102909962,3179406.0,3859821.0,1.2140069560163125,0.1080847798968057,0.127
Thioridazine,0.8810604159571442,3.4200318908928233,5.10884125010065,1.493799301610299,68.0,53.0,0.7794117647058824,-0.1249708730453974,0.902
Thyrotropin alfa,,,,,0.0,0.0,inf,0.5979889245472824,0.017
Tiagabine,0.8464223562506235,0.9610090975768036,1.2291637323329707,1.2790344393537192,1309.0,1326.0,1.0129870129870129,-0.0845653473228883,0.778
Tiaprofenic acid,0.09736994517631163,1.0721368243300375,2.1550169171499016,2.010020426727288,965.0,102.0,0.10569948186528498,-0.132208348102099,0.943
Tibolone,0.941020430396619,0.3340649091740847,0.37221075603237924,1.1141869313739154,187243.0,168725.0,0.9011017768354491,0.0824882422993297,0.181
Ticagrelor,0.7935305734696746,0.349774523509434,0.4020993631038486,1.149595914160407,561868.0,535007.0,0.9521933977375469,-0.0551277726486214,0.738
Tick-borne encephalitis vaccine,0.23678794490153082,3.160125374275203,2.8923821364062943,0.9152744887755229,5.0,8.0,1.6,-0.0942222431464231,0.774
Ticlopidine hydrochloride,,6.4031242374328485,,,11.0,0.0,0.0,0.1974765846810396,0.069
Tigecycline,,5.877262129993252,,,6.0,0.0,0.0,-0.166729772709641,0.987
Tildrakizumab,,6.403124237432849,,,1.0,0.0,0.0,0.0567321703366016,0.205
Timolol,0.9180180566826532,0.24584473858953032,0.24935969785275378,1.014297476054967,545309.0,599464.0,1.0993106660627276,0.0449286121216046,0.274
Timolol and bimatoprost,0.9175535026083284,0.2837059497720558,0.30809796020215646,1.085976379591963,991129.0,939246.0,0.9476526264492311,0.2375431384253527,0.008
Timolol and brimonidine,0.9353152699441564,0.6734363333129164,0.6287491232032667,0.9336430069197269,51575.0,35780.0,0.6937469704314105,0.0033236717789577,0.408
Timolol and travoprost,0.981876730312981,0.6600404913643549,0.652304525010725,0.9882795579137288,198087.0,141111.0,0.7123688076451257,-0.0012531842640305,0.415
Timolol with diuretic,0.6206514026899103,2.3193334419538356,2.2235847476093453,0.9587171501033372,167.0,119.0,0.7125748502994012,-0.1567398706091732,0.954
Timothy grass pollen allergen extract,0.9211003336044952,1.6978270793449748,1.6251972905993628,0.9572219163958483,1759.0,3997.0,2.2723138146674247,0.1936268598491002,0.074
Tinidazole,0.22152823547064449,0.7618600030832516,3.7446104264779403,4.915089926395245,214.0,4.0,0.018691588785046728,0.0289541484221591,0.317
Tinzaparin sodium,0.9764677429378216,1.8146618156687464,2.346328285616152,1.292983775465333,53107.0,32638.0,0.6145705839154914,-0.0357675559976991,0.538
Tioconazole,0.9215503769431349,0.5462722329996855,0.6461430515780933,1.1828224327456622,11441.0,8426.0,0.736474084433179,0.0384566363715631,0.27
Tioguanine,0.5054729698304191,2.6082090006376975,5.281556346719502,2.0249743580472965,55.0,12.0,0.21818181818181817,0.2081913865789799,0.043
Tiopronin,,3.2349062451676533,,,38.0,0.0,0.0,-0.144295149825727,0.95
Tiotropium bromide,0.757669852581951,0.23907490770607615,0.23448839888457526,0.9808155993219513,3047015.0,1932538.0,0.6342397395483776,-0.0166379175505631,0.547
Tiotropium bromide/olodaterol,0.8852003187445955,0.501628426261707,0.4975792481170465,0.9919279332416701,319700.0,347354.0,1.0864998436033781,0.0955223888774082,0.123
Tirbanibulin,0.058140357928889275,4.195635836240547,1.0111390033737049,0.24099779934183344,5.0,20056.0,4011.2,-0.0097686780841262,0.452
Tirzepatide,,,0.31622492859599777,,0.0,2647396.0,inf,0.0378030059987445,0.283
Titanium dioxide,0.3657028009713512,1.1711990100939418,3.3555205110088693,2.8650301802592226,176.0,5.0,0.028409090909090908,0.0797815185567007,0.185
Tivozanib,,,,,0.0,0.0,inf,0.1160483841809574,0.081
Tizanidine hydrochloride,0.9517204086098536,0.3704096755274844,0.37197752806662965,1.0042327526593697,102669.0,104930.0,1.0220222267675734,-0.0442557352470521,0.629
Tobramycin,0.8810271229609186,1.3371861797224682,1.5253368058630157,1.1407063795556114,959.0,645.0,0.6725755995828988,-0.0293461265408541,0.554
Tocilizumab,-0.03749023665221183,4.735071727050794,5.633201108117201,1.1896759822951617,2.0,3.0,1.5,0.095976706850158,0.152
Tocofersolan,0.2566946199296927,2.594868746313856,2.133839637544991,0.8223304706938336,61.0,49.0,0.8032786885245902,0.0959340022148678,0.178
Tocopheryl acetate,0.5486659469939849,0.49413810050503915,0.46698851305270256,0.9450566806635876,7702.0,4794.0,0.6224357309789665,-0.0755276128568516,0.807
Tofacitinib,-0.08669003021134712,2.578001413626024,4.474532785243615,1.7356595545655933,8.0,2.0,0.25,-0.0199280027559005,0.514
Tolbutamide,0.8977885004355214,1.4082531956583215,1.2085927381496475,0.8582211933732996,14312.0,1692.0,0.11822247065399664,0.2130284312491294,0.044
Tolcapone,0.5708504230470264,2.0692744941667103,2.5714687204336077,1.242690966173209,329.0,85.0,0.25835866261398177,0.0829732098996001,0.187
Tolfenamic acid,0.7421922342716198,0.4565589699792009,0.6136799201282053,1.3441416344446417,4765.0,1008.0,0.21154249737670514,-0.1185822398836816,0.964
Tolnaftate,-0.06510455313585072,1.530602003661651,1.5003792896583161,0.9802543614009173,91.0,97.0,1.065934065934066,0.2363527946654801,0.004
Tolterodine,0.898997397110328,0.26139540779319875,0.2699153653406431,1.0325941362909667,1124732.0,901242.0,0.8012948862484575,-0.0294163475827588,0.599
Tolvaptan,0.22584789057226656,1.8856394086989228,1.8068955385960614,0.9582402288902129,207.0,325.0,1.570048309178744,-0.1437550436180764,0.959
Topiramate,0.9255957107090249,0.14965228338508052,0.16132568910483674,1.0780035256108895,1081085.0,1153023.0,1.0665424087837683,0.0890497619032138,0.121
Topotecan,,,,,0.0,0.0,inf,-0.1216967874927097,0.928
Torasemide,0.7575500182928179,0.5870097246021638,0.6280813872815175,1.0699676018266806,15823.0,13302.0,0.8406749668204513,0.0515278692617563,0.243
Toremifene citrate,0.3568327130384382,2.2629915482260556,1.8169343524122104,0.8028904720552286,74.0,83.0,1.1216216216216217,0.0756940920210082,0.177
Tracheostomy & Laryngectomy Appliances,0.9729166163208013,3.186938088019839,3.245044187164145,1.01823257858781,190166.0,220570.0,1.1598813668058434,0.1025623904958839,0.157
Tramadol hydrochloride,0.9716909530483505,0.1842620082002668,0.20854779067103202,1.1318002702128915,5796294.0,5077367.0,0.8759678166773459,0.291007336431077,0.001
Trametinib,,6.403124237432847,,,1.0,0.0,0.0,-0.0784252028107617,0.761
Trandolapril,0.7804146207087809,0.7093441980393597,0.7445910517397519,1.0496893522183097,58845.0,2519.0,0.042807375308012575,-0.049762569717624,0.632
Tranexamic acid,0.9565213973686838,0.23064824227676745,0.2239927716598628,0.9711444988645594,486036.0,659022.0,1.355911907759919,0.2170683483575676,0.032
Tranylcypromine sulfate,0.794411290265019,0.8358651279554005,0.8514261312413988,1.0186166437210533,5163.0,3192.0,0.6182452062754212,0.0335526964115723,0.284
Travoprost,0.9610980168347528,0.5038137482314167,0.5038702753069894,1.0001121983585624,337824.0,260118.0,0.7699808184143222,-0.0079953018154765,0.482
Trazodone hydrochloride,0.9845376431303885,0.6432962962444735,0.6163591059657767,0.9581263090803498,1226973.0,1387900.0,1.1311577353372895,0.1315054803373852,0.088
Tretinoin,0.18563736316304075,1.5036259811411448,1.5431086273441794,1.026258289427182,88.0,120.0,1.3636363636363635,-0.0353526768712332,0.545
Triamcinolone acetonide,0.9336087334676418,0.6583752905129164,0.6468922661992187,0.9825585430085754,218248.0,170846.0,0.7828067152963601,0.1123398951976762,0.116
Triamcinolone hexacetonide,-0.0024234216031450476,2.3066529968743934,2.4608978724462247,1.0668695619934334,1954.0,40.0,0.02047082906857728,0.1122323446735631,0.157
Triamterene,,3.050408005248236,,,12.0,0.0,0.0,0.2769671434659685,0.028
Triamterene with loop diuretics,,0.8347275130655251,,,2800.0,0.0,0.0,0.0640065873511368,0.189
Triamterene with thiazides,0.3834751071411533,1.6650930554306334,2.003701821326433,1.2033572627015896,380.0,141.0,0.37105263157894736,-0.1371764086439836,0.948
Trichloroacetic acid,,,6.4031242374328485,,0.0,1.0,inf,-0.0735323488786536,0.707
Triclosan,0.5233590148640556,3.9893751761082257,6.4031242374328485,1.6050443878480538,21.0,3.0,0.14285714285714285,-0.1240441062354523,0.894
Trientine dihydrochloride,0.518679253194693,2.247425919969138,2.780528598417737,1.237205895736897,57.0,38.0,0.6666666666666666,-0.072018018075744,0.693
Trifarotene,,,0.7624633528786016,,0.0,8752.0,inf,0.1166868742891385,0.111
Trifluoperazine,0.8721057713168215,0.4153040636219339,0.5034935194791855,1.2123491282221925,32449.0,23011.0,0.7091435791549817,0.1051469486397273,0.14
Trifluridine (Antivirals),,,,,0.0,0.0,inf,0.0842211470407205,0.169
Trihexyphenidyl hydrochloride,0.9559565190476204,0.4033182982019174,0.44265732680710007,1.0975384176234126,121507.0,127624.0,1.0503427786053479,0.1194319031104035,0.102
Trimetazidine hydrochloride,0.851763011604309,3.502773543995172,1.8631639135017135,0.5319110385242426,759.0,843.0,1.1106719367588933,0.0356541392714419,0.271
Trimethoprim,0.9460163895435431,0.19651389716802226,0.23491716370887747,1.195422649971772,1495305.0,1575319.0,1.0535101534469555,0.1217517061029904,0.094
Trimipramine maleate,0.7596615342666968,0.47176456126181515,0.49919284693675176,1.0581397754879573,20993.0,12790.0,0.6092507026151575,0.0090959786914889,0.42
Tripotassium dicitratobismuthate,,,,,0.0,0.0,inf,-0.1216967874927097,0.928
Triptorelin,0.9519333421626869,1.1180267043410013,0.9572373798457904,0.8561847191387213,65879.0,86429.0,1.3119355181469057,0.08325370621908,0.208
Triptorelin acetate,0.9876358882203349,1.5437848434221795,1.7574274409317716,1.1383888424736706,18248.0,20495.0,1.1231367821131082,0.0594198579957474,0.231
Triptorelin embonate,0.8147858721227375,1.1461131184988969,1.0692345013109752,0.932922312861568,15504.0,27839.0,1.7956011351909185,-0.0972380103980107,0.841
Tropicamide,0.7864462226325332,0.8315202988369025,0.7753683876037385,0.9324707871693486,1508.0,1297.0,0.860079575596817,0.030500969701981,0.316
Trospium chloride,0.9247342031471656,0.5989618756696965,0.5510406176893129,0.919992807677779,285125.0,283517.0,0.9943603682595353,-0.0337507825759638,0.605
Trusses,0.6554286202083575,0.7044648960741376,0.654926780327397,0.9296797952278275,1625.0,453.0,0.27876923076923077,-0.0280797745076125,0.56
Tryptophan,0.5773002957847141,1.1784424467041332,1.1019565150744317,0.9350957428225559,961.0,802.0,0.8345473465140478,0.1171690308350341,0.095
Tube feed 0.6 kcal/ml peptide based (0914041),,,4.063331804966161,,0.0,946.0,inf,0.0562914801735367,0.211
Tube feed 0.75 kcal/ml with fibre (0914021),,,4.796381009058419,,0.0,3667.0,inf,0.0750197484181497,0.173
Tube feed 0.8 kcal/ml (0914011),,,,,0.0,0.0,inf,0.0784110898891699,0.165
"Tube feed 0.8 kcal/ml with fibre, higher protein (0914011)",,,5.141062779845988,,0.0,5810.0,inf,0.0744766942593303,0.17
Tube feed 1 kcal/ml (0914011),,,5.151853777742906,,0.0,5376.0,inf,0.0706311183687486,0.176
Tube feed 1 kcal/ml (0914021),,,5.2108166694567,,0.0,5100.0,inf,0.0821764922264676,0.16
Tube feed 1 kcal/ml MCT based (0914031),,,,,0.0,0.0,inf,0.087516382930686,0.146
Tube feed 1 kcal/ml peptide based (0914032),,,5.339386683714613,,0.0,5577.0,inf,0.0743510323994801,0.171
Tube feed 1 kcal/ml peptide based (0914041),,,4.7775868320228865,,0.0,9370.0,inf,0.0681768607216996,0.184
Tube feed 1 kcal/ml soya based (0914033),,,5.057727987531978,,0.0,3104.0,inf,0.0702905093219173,0.177
Tube feed 1 kcal/ml soya based with fibre (0914033),,,4.681902492775089,,0.0,842.0,inf,0.0682472693538661,0.184
Tube feed 1 kcal/ml with fibre (0914011),,,5.076399376022827,,0.0,8557.0,inf,0.0770126703320598,0.167
Tube feed 1 kcal/ml with fibre (0914021),,,5.361762007811944,,0.0,10580.0,inf,0.0824733443466209,0.161
"Tube feed 1 kcal/ml with fibre, higher protein (0914011)",,,4.24584456062477,,0.0,14326.0,inf,-0.0148863390678665,0.464
Tube feed 1.2 - 1.25 kcal/ml (0914011),,,,,0.0,0.0,inf,0.0638774469808476,0.188
Tube feed 1.2 kcal/ml higher protein (0914011),,,4.772676498309852,,0.0,1779.0,inf,-0.0408956742299615,0.57
Tube feed 1.2 kcal/ml peptide based,,,4.790973332473988,,0.0,946.0,inf,0.0735514225594261,0.176
Tube feed 1.2 kcal/ml with fibre (0914011),,,,,0.0,0.0,inf,0.0526283969400365,0.218
Tube feed 1.2 kcal/ml with fibre (0914021),,,4.807172273857889,,0.0,19896.0,inf,0.0728339807305233,0.175
"Tube feed 1.2 kcal/ml with fibre, higher protein (0914011)",,,4.415923928788359,,0.0,15004.0,inf,0.0486067284368096,0.226
Tube feed 1.22 - 1.25 kcal/ml with fibre (0914011),,,,,0.0,0.0,inf,0.0731914686763819,0.17
Tube feed 1.3 kcal/ml peptide based (0914032),,,4.30622177832457,,0.0,9675.0,inf,0.0418535090503442,0.248
Tube feed 1.3kcal/ml higher protein (0914011),,,6.119484797651692,,0.0,3884.0,inf,0.0844814212876095,0.146
"Tube feed 1.3kcal/ml with fibre, higher protein (0914011)",,,5.431152519944669,,0.0,7888.0,inf,0.0751870401259232,0.169
Tube feed 1.5 kcal/ml (0914011),,,5.216672966954104,,0.0,24916.0,inf,0.0713475441847068,0.177
Tube feed 1.5 kcal/ml (0914021),,,5.388340422538169,,0.0,7458.0,inf,0.0819704859189203,0.163
Tube feed 1.5 kcal/ml higher protein (0914011),,,5.086568583505322,,0.0,4573.0,inf,0.0739329670602038,0.176
Tube feed 1.5 kcal/ml peptide based (0914032),,,4.984717986420681,,0.0,19917.0,inf,0.0640261558381538,0.188
Tube feed 1.5 kcal/ml peptide based (0914041),,,5.042502540404543,,0.0,14816.0,inf,0.0718458395245842,0.177
Tube feed 1.5 kcal/ml with fibre (0914011),,,5.0470783407336235,,0.0,50661.0,inf,0.0795598857474287,0.165
Tube feed 1.5 kcal/ml with fibre (0914021),,,5.354759192608245,,0.0,16956.0,inf,0.0772454701376493,0.169
"Tube feed 1.5 kcal/ml with fibre, higher protein (0914011)",,,2.445360217905964,,0.0,2767.0,inf,-0.0243329734848075,0.508
Tube feed 1.54 kcal/ml with fibre (0914011),,,,,0.0,0.0,inf,-0.0003909706775985,0.396
"Tube feed 1.5kcal/ml peptide  based, higher protein(0914034)",,,5.008732953395751,,0.0,1681.0,inf,0.0722453877309419,0.175
Tube feed 1.6kcal/ml higher protein (0914011),,,6.4031242374328485,,0.0,1.0,inf,0.0842211470407205,0.169
Tube feed 1.8 kcal/ml (0914035),,,4.260428000270888,,0.0,307.0,inf,0.0432534526768336,0.245
Tube feed 2 kcal/ml (0914011),,,,,0.0,0.0,inf,-0.0600350353750414,0.688
Tube feed 2 kcal/ml higher protein (0914011),,,4.1185165854396235,,0.0,1511.0,inf,-0.0302611179308591,0.537
Tube feed 2 kcal/ml with fibre (0914011),,,4.19473666935126,,0.0,16111.0,inf,-0.0659805154321633,0.721
Tube feed 2kcal/ml w fibre higher prot plant based (0914011),,,5.95182106364284,,0.0,1995.0,inf,0.083933177795158,0.158
"Tube feed 2kcal/ml with fibre, higher protein (0914011)",,,4.1312935396786115,,0.0,1133.0,inf,-0.0190320090548277,0.486
"Tube feed 2kcal/ml, higher protein, plant based (0914011)",,,6.403124237432849,,0.0,20.0,inf,0.0842211470407235,0.169
Tube feed additive 0.5 kcal/ml high fibre liquid (0914052),,,3.125512755542895,,0.0,33148.0,inf,0.0704093561130719,0.177
Tube feed additive 1 kcal/ml higher protein liquid (0914051),,,4.300383903380173,,0.0,28054.0,inf,0.0658753458232189,0.185
Tube feed additive 2kcal/ml h/prot plant based liq (0914051),,,4.637273260628149,,0.0,2655.0,inf,0.0875234901423099,0.152
Tube feed non ACBS 1.3kcal/ml h/prot for use in IC (0914071),,,5.87053911379057,,0.0,231.0,inf,0.084120503691064,0.154
Tube feed non ACBS 1.5kcal/ml for use in diabetes (0914071),,,6.084894942637267,,0.0,384.0,inf,0.0833384270592958,0.162
Tube feed non ACBS 1kcal/ml for low sodium needs (0914071),,,5.010019664843965,,0.0,124.0,inf,0.0869233796823616,0.148
Tube feed non ACBS 1kcal/ml higher protein (0914061),,,5.858176072711635,,0.0,9790.0,inf,0.0809008755402945,0.165
Tubing & Accessories,0.7437567396714577,2.214323493304705,1.7910473892556213,0.8088463111515034,4594.0,4674.0,1.0174140182847191,0.4109442936784664,0.016
Tubing And Accessories,0.9476730872057346,2.7235401476758856,3.378706596981918,1.2405569273010768,302595.0,437560.0,1.446025215221666,0.5753387219037671,0.004
Turpentine oil,,,6.403124237432849,,0.0,1.0,inf,-0.103564435490643,0.872
Two Piece Ostomy Systems,0.990351969072669,2.0619955848237304,2.404552382749206,1.1661287737212875,259063.0,237046.0,0.9150129505178277,0.6587490398218621,0.003
Typhoid,0.7130682661270558,0.8050360936572402,0.4040597966369956,0.501915131284824,43938.0,562188.0,12.795029359552096,0.1290838386402797,0.088
Ulipristal acetate (Emergency Contraceptive),0.6775760199545796,0.3768311949289105,0.4448623252725003,1.1805347626711848,30891.0,79097.0,2.560519245087566,0.1209136626902474,0.127
Umeclidinium bromide,0.8902199454326098,0.6343917360970347,0.5263230833002702,0.829649967602613,499766.0,313058.0,0.6264091594866398,0.1292695597735309,0.11
Umeclidinium bromide/vilanterol,0.882520482205686,0.5795049184796922,0.3918022783695311,0.6760982795407648,861160.0,1354742.0,1.5731594593339218,0.1564231641556381,0.066
Undecenoates,0.4202111163286754,0.5878641990474349,0.7204989417163968,1.2256213984180035,2072.0,540.0,0.2606177606177606,-0.0383848173817935,0.575
Upadacitinib,0.3748893675551906,5.193925882578958,1.7034896942150315,0.32797728206494775,18.0,17.0,0.9444444444444444,-0.0480329175478334,0.591
Urea,0.907932931585713,0.35317739100439144,0.4337868646756744,1.228240753016607,405138.0,463989.0,1.1452616145609644,0.1490250262481194,0.087
Urea hydrogen peroxide,0.8848211802198483,0.5011070151384857,0.5382252091917276,1.0740723895932367,23844.0,17418.0,0.7304982385505787,0.2455589555826313,0.02
Urinal Systems,0.925428256175871,1.7832576351081628,1.7271058507003332,0.9685116814854272,14360.0,14622.0,1.0182451253481895,0.3730925710925409,0.031
Urine testing reagents,0.789850100982027,0.8654821194878055,0.8060338989281103,0.9313120176360468,75020.0,49183.0,0.6555985070647827,-0.050169198987042,0.605
Urofollitropin,,4.842325441466262,,,4.0,0.0,0.0,-0.068968088775234,0.711
Urostomy Bags,0.9589148831774276,2.1401162839184926,2.603023823196017,1.2163001808621137,145502.0,173660.0,1.1935231130843562,0.6357829387019046,0.003
Ursodeoxycholic acid,0.9359087719263796,0.21953101196212965,0.20029931226559872,0.9123964330841398,344650.0,426572.0,1.2376962135499783,0.1642613014054843,0.093
Ustekinumab,,,,,0.0,0.0,inf,-0.0838262042173644,0.765
Ustekinumab (Crohn's),,6.403124237432848,,,1.0,0.0,0.0,0.0448398352830346,0.263
Ustekinumab (Psoriasis),,6.046595007937727,,,404.0,0.0,0.0,-0.1661980052955602,0.97
Vacuum Pumps for Erectile Dysfunction,,0.6678234041980973,,,14702.0,0.0,0.0,0.1210527216435869,0.099
Vaginal Dilators,0.9260084375498021,0.8712070340011684,0.9022288198963255,1.0356078230368322,2850.0,2600.0,0.9122807017543859,0.0042113485732529,0.38
Vaginal Moisturisers,0.9235501372512122,0.2796986141675464,0.3357057418085199,1.200240990852475,275796.0,335720.0,1.2172765377307866,-0.0091917495035177,0.485
Vaginal PH Correction Products,0.8317554732218622,0.5136347212403967,0.5810190909024435,1.1311912276867064,8687.0,5933.0,0.6829745596868885,0.1471146987645319,0.074
Valaciclovir,0.9509343362898105,0.5246161175370629,0.4968181638600727,0.9470127722962565,46496.0,71304.0,1.5335512732278045,0.0507246756925817,0.24
Valganciclovir hydrochloride,0.3597920615724121,1.0309574932995256,0.8982418772748003,0.8712695558378689,497.0,421.0,0.8470824949698189,-0.0506712629159068,0.673
Valproic acid,0.9574205438723632,0.3513422190491736,0.34708715659224537,0.987889122837433,555974.0,495995.0,0.8921190559270757,-0.0130457867332429,0.517
Valsartan,0.891709111248668,0.32886711179311123,0.3100532533981626,0.9427919128417306,339754.0,371886.0,1.0945743096475686,0.0979636248974658,0.127
Valsartan with diuretic,0.8328880955418443,0.4909158182139664,0.5043268017804744,1.0273182958644507,51617.0,34646.0,0.6712129724703102,0.2251368511141196,0.03
Valsartan/amlodipine,0.9645138640130915,0.6517628255187669,0.7928038757285757,1.2163993475656547,22961.0,22958.0,0.9998693436697008,0.2916863406179423,0.004
Vancomycin hydrochloride,0.7293241897595145,0.5137532474691248,0.33818600147863165,0.6582654282860874,6125.0,9510.0,1.5526530612244898,0.1506440154168385,0.074
Vandetanib,,6.403124237432849,,,1.0,0.0,0.0,-0.0983608997589866,0.792
Vardenafil,0.8395227537029747,0.32208300241147736,0.3692214365272032,1.1463549264096342,70347.0,59567.0,0.84675963438384,-0.0164932072223991,0.479
Varenicline tartrate,0.8296072744264568,0.5389497896805986,0.8038019467553924,1.4914226930708236,130328.0,99964.0,0.7670185992265668,0.0090573703681273,0.428
Varicella vaccine live,0.6888783192495003,0.573476761797487,0.49974117976409993,0.871423592122072,868.0,1566.0,1.804147465437788,0.1316890726347481,0.081
Varicella-zoster immunoglobulin,,,6.4031242374328485,,0.0,20.0,inf,0.0373997749275407,0.25
Vedolizumab,,,6.403124237432849,,0.0,2.0,inf,-0.0087567730445674,0.435
Vehicles,,5.089932349552795,,,7.0,0.0,0.0,0.0193555103584352,0.323
Venlafaxine,0.9519242375060603,0.18587466340051606,0.17605733699102968,0.947183084397402,5225892.0,6349665.0,1.2150394612058573,0.0096271184820941,0.419
Venous Ulcer Compression System,0.79759342061816,0.960305426575053,1.0966284124939127,1.1419579460308353,92537.0,96295.0,1.0406107827139415,0.098875200899232,0.174
Verapamil hydrochloride,0.9201060032689692,0.20415896282853907,0.1835440596787503,0.8990252357076186,605365.0,564148.0,0.9319138040686198,-0.0475508654636918,0.69
Vericiguat,-0.0713654013158659,4.510678912882544,3.1064929630867786,0.6886974273904984,2.0,5.0,2.5,0.0019558311616527,0.406
Vibegron,,,0.5069862927806914,,0.0,54420.0,inf,0.2299750961790226,0.032
Vigabatrin,0.8853690312573619,0.42040257910412404,0.48061868504937566,1.1432343875567363,12750.0,10922.0,0.8566274509803922,-0.0231535549542301,0.559
Vildagliptin,0.9551603230454121,0.7858079844301561,0.7467049324616472,0.9502384135268551,40629.0,27645.0,0.680425311969283,0.2677264949277728,0.027
Vitamin A,0.7477694372678936,0.38695434472369794,0.48603750487947084,1.256059045483835,26514.0,19299.0,0.7278796107716679,0.0880719105764369,0.141
Vitamin B and C injection,0.2551112891096803,3.493449576531959,3.064571728313313,0.8772337087388551,543.0,273.0,0.5027624309392266,-0.0076452880018571,0.451
Vitamin B compound,0.9142970203914528,0.6075702130982841,0.73229920264705,1.2052914821362202,1339225.0,820570.0,0.61272004330863,0.1995469118179922,0.053
Vitamin E,0.8309678050387336,0.4654308394070351,0.5183499432749604,1.1136991780246985,24323.0,18779.0,0.7720675903465856,0.0664431652171477,0.186
Vitamins caps,0.9680917692881608,0.7918989459984201,0.909201403522404,1.1481280637090503,301148.0,210657.0,0.6995131961693254,0.0988805191206293,0.154
Voriconazole,0.5927929361991542,0.729200500406081,1.037382425014934,1.4226298863443332,567.0,424.0,0.7477954144620811,-0.03996106664364,0.607
Vortioxetine,0.9416816987761257,0.7414711257504708,0.5571690655900163,0.7514373065115443,248533.0,444412.0,1.7881408102746918,-0.0926945926352426,0.826
Warfarin sodium,0.9185363417524961,0.24621055390658012,0.20879810788710776,0.8480469442684094,4791523.0,2904799.0,0.6062370983088258,0.0246922577717586,0.334
Water for injection,0.813244906146649,0.34276119237243036,0.3686146649656292,1.0754270704167335,207127.0,229829.0,1.1096042524634644,0.1316373908044973,0.096
White Birch pollen allergen extract,,,2.5504064147430303,,0.0,71.0,inf,-0.0764644165823949,0.721
Wool alcohols,0.9566123791000021,2.0419445865711,2.3418941112557228,1.1468940570950104,11078.0,2442.0,0.22043690196786422,0.2768607575141376,0.041
Wool fat,0.35879287120080544,1.7226197165912522,3.0823615141152527,1.7893453119268132,87.0,10.0,0.11494252873563218,-0.0915829969976353,0.816
Wool fat hydrous,0.02802257036301936,1.6184433966621132,6.4031242374328485,3.9563473462455887,59.0,1.0,0.01694915254237288,-0.0162934876302482,0.505
Wound Management & Other Dressings,0.9788401789563975,1.0123682516479262,1.035132042953375,1.0224856827230546,3739615.0,3509134.0,0.9383677196716774,0.0173900088850011,0.36
Xipamide,0.30324768650455947,0.9624482203552139,1.912385033058366,1.987000435568945,2673.0,61.0,0.022820800598578377,-0.0979277242444586,0.834
Xylometazoline hydrochloride,0.8964225930536,0.47866924275496536,0.4583573085259134,0.9575658253867592,25481.0,27629.0,1.0842981044699973,0.3320861634815556,0.029
Xylometazoline hydrochloride/dexpanthenol,,,1.5582807691846685,,0.0,60.0,inf,0.0204049800250518,0.322
Xylometazoline hydrochloride/ipratropium bromide,0.29251292384314254,1.3493581055752069,1.3903455046490045,1.0303754792033695,58.0,179.0,3.086206896551724,-0.0603713546145477,0.67
Yellow fever,-0.08197775087912268,2.7391307654006942,2.7589266103254904,1.0072270536240355,7.0,62.0,8.857142857142858,-0.0822277799724545,0.744
Yohimbine hydrochloride,0.476687534202622,4.088956018935806,3.3336663466714613,0.8152854496926292,25.0,4.0,0.16,0.0090218181709541,0.347
Zafirlukast,0.6745046918203881,3.101027317321465,4.502154762992592,1.4518268632607083,46.0,20.0,0.43478260869565216,0.0722483793456445,0.224
Zanamivir,-0.0665764165864617,2.9564889945635477,2.8797024687306285,0.9740277991989431,10.0,107.0,10.7,-0.0277300659902412,0.5
Zanubrutinib,,,6.403124237432847,,0.0,1.0,inf,-0.0332754414414832,0.537
Zidovudine,-0.03167256400176313,4.930884720287003,6.4031242374328485,1.298575124072289,10.0,2.0,0.2,0.0967885981348048,0.126
Zinc acetate,0.13432363752865115,0.8048955848509683,1.0076676495061399,1.2519234400977812,524.0,442.0,0.8435114503816794,-0.1190102936663888,0.956
Zinc oxide,0.9358681407257415,0.41283269175697695,0.4864176007626308,1.1782438999500824,294846.0,249163.0,0.8450614897268405,0.2440361646118291,0.044
Zinc paste,0.3418004160115933,2.350219397149946,5.1494586435546115,2.1910544393426568,13.0,5.0,0.38461538461538464,-0.117445876288512,0.888
Zinc paste and ichthammol,,,,,0.0,0.0,inf,0.0034657377040712,0.397
Zinc sulfate,0.9770830340225402,1.473335630676683,1.6309027847613633,1.106945865425322,13007.0,10514.0,0.8083339740139924,-0.0729155224535722,0.724
Zinc sulfate monohydrate,0.8720707373000199,0.8782517319445837,1.0253482839871868,1.167487915699191,24576.0,26671.0,1.0852457682291667,-0.0587502911905221,0.671
Ziprasidone hydrochloride,0.5988113747703407,6.4031242374328485,4.510895862139376,0.7044835762780534,7.0,11.0,1.5714285714285714,-0.0451922982168466,0.6
Zoledronic acid,0.06316209544752698,1.5026170143459079,1.919166599552961,1.277216071181237,60.0,41.0,0.6833333333333333,0.154378094646332,0.082
Zolmitriptan,0.9188497817188456,0.2131375983580693,0.19649735538430502,0.9219272286919137,385249.0,441393.0,1.1457343172857035,0.1625276267467127,0.056
Zolpidem tartrate,0.9715612439068466,0.3990948975630443,0.3881649792202815,0.9726132345727717,606609.0,554023.0,0.9133115400529831,0.0105196912670921,0.368
Zonisamide,0.9426128254217804,0.38672211560804953,0.37838535369610377,0.9784425002463649,180567.0,209280.0,1.1590157670006147,0.097081190192769,0.151
Zopiclone,0.9624392495847012,0.2003031739441571,0.20615488296237908,1.0292142600788412,4934463.0,4139662.0,0.8389285723694757,0.0630010767622775,0.226
Zuclopenthixol acetate,0.111735875785079,1.5673957823136055,2.4935313236033343,1.5908753562694142,73.0,45.0,0.6164383561643836,0.0161877714407281,0.332
Zuclopenthixol decanoate,0.9633848762968866,0.645204089622946,0.7974396515833575,1.2359494684067753,29456.0,26968.0,0.9155350353068984,-0.0402790485710876,0.609
Zuclopenthixol hydrochloride,0.8734668671959654,0.47456083575512875,0.4766344780048109,1.0043696025745203,89077.0,106479.0,1.1953590713652233,0.1200274806086134,0.115
